slug,sort_order,label,category,media_type,file,thumb,video
special-week,1,Uniform,art,image,official-art_special-week-uniform.png,official-art_special-week-uniform.png,
special-week,2,Racing outfit,art,image,official-art_special-week-racing.png,official-art_special-week-racing.png,
special-week,3,Concept art,art,image,official-art_special-week-concept.png,official-art_special-week-concept.png,
special-week,4,STARTING FUTURE,art,image,official-art_special-week-starting-future.png,official-art_special-week-starting-future.png,
special-week,5,Portrait 1,portrait,image,portrait_1.png,portrait_1.png,
special-week,6,Portrait 2,portrait,image,portrait_2.png,portrait_2.png,
special-week,7,Portrait 5,portrait,image,portrait_5.png,portrait_5.png,
special-week,8,Portrait 101,portrait,image,portrait_101.png,portrait_101.png,
special-week,9,Portrait 102,portrait,image,portrait_102.png,portrait_102.png,
special-week,10,Portrait 104,portrait,image,portrait_104.png,portrait_104.png,
special-week,11,Portrait 106,portrait,image,portrait_106.png,portrait_106.png,
special-week,12,Portrait 108,portrait,image,portrait_108.png,portrait_108.png,
special-week,13,Portrait 110,portrait,image,portrait_110.png,portrait_110.png,
special-week,14,Portrait 112,portrait,image,portrait_112.png,portrait_112.png,
special-week,15,Portrait 901001,portrait,image,portrait_901001.png,portrait_901001.png,
special-week,16,Portrait: [Special Dreamer],portrait,image,portrait_trainee_256_100101.png,portrait_trainee_256_100101.png,
special-week,17,Portrait: [Hopp'n♪Happy Heart],portrait,image,portrait_trainee_256_100102.png,portrait_trainee_256_100102.png,
special-week,18,Portrait: [Ruler of Japan],portrait,image,portrait_trainee_256_100103.png,portrait_trainee_256_100103.png,
special-week,19,Comic 1 (EN),comic,image,manga_en_1001_01.png,manga_en_1001_01.png,
special-week,20,Comic 2 (EN),comic,image,manga_en_1001_02.png,manga_en_1001_02.png,
special-week,21,3D idle: Profile,idle3d,image,render_profile_idle_1001.png,render_profile_idle_1001.png,
special-week,22,3D idle: Original,idle3d,image,render_trainee_idle_100101.png,render_trainee_idle_100101.png,
special-week,23,3D idle: Summer,idle3d,image,render_trainee_idle_100102.png,render_trainee_idle_100102.png,
special-week,24,3D idle: Commander,idle3d,image,render_trainee_idle_100103.png,render_trainee_idle_100103.png,
special-week,25,Chibi collection,chibi,image,chibi_sheet_1001-e0a5aa1e60a5.png,chibi_sheet_1001-e0a5aa1e60a5.png,
special-week,26,[Tracen Academy],support,image,supports_full_small_10001.png,supports_full_small_10001.png,
special-week,27,[At the End of the Day],support,image,supports_full_small_20043.png,supports_full_small_20043.png,
special-week,28,[The Brightest Star in Japan!],support,image,supports_full_small_30001.png,supports_full_small_30001.png,
special-week,29,[The Setting Sun and Rising Stars],support,image,supports_full_small_30025.png,supports_full_small_30025.png,
special-week,30,[Passing the Dream On],support,image,supports_full_small_30081.png,supports_full_small_30081.png,
special-week,31,[Take Hold of Our Dreams!],support,image,supports_full_small_30105.png,supports_full_small_30105.png,
special-week,32,[Outrunning Misfortune],support,image,supports_full_small_30127.png,supports_full_small_30127.png,
silence-suzuka,1,Uniform,art,image,official-art_silence-suzuka-uniform.png,official-art_silence-suzuka-uniform.png,
silence-suzuka,2,Racing outfit,art,image,official-art_silence-suzuka-racing.png,official-art_silence-suzuka-racing.png,
silence-suzuka,3,Concept art,art,image,official-art_silence-suzuka-concept.png,official-art_silence-suzuka-concept.png,
silence-suzuka,4,STARTING FUTURE,art,image,official-art_silence-suzuka-starting-future.png,official-art_silence-suzuka-starting-future.png,
silence-suzuka,5,Portrait 1,portrait,image,portrait_1.png,portrait_1.png,
silence-suzuka,6,Portrait 2,portrait,image,portrait_2.png,portrait_2.png,
silence-suzuka,7,Portrait 5,portrait,image,portrait_5.png,portrait_5.png,
silence-suzuka,8,Portrait 101,portrait,image,portrait_101.png,portrait_101.png,
silence-suzuka,9,Portrait 102,portrait,image,portrait_102.png,portrait_102.png,
silence-suzuka,10,Portrait 104,portrait,image,portrait_104.png,portrait_104.png,
silence-suzuka,11,Portrait 106,portrait,image,portrait_106.png,portrait_106.png,
silence-suzuka,12,Portrait 108,portrait,image,portrait_108.png,portrait_108.png,
silence-suzuka,13,Portrait 110,portrait,image,portrait_110.png,portrait_110.png,
silence-suzuka,14,Portrait 112,portrait,image,portrait_112.png,portrait_112.png,
silence-suzuka,15,Portrait 901002,portrait,image,portrait_901002.png,portrait_901002.png,
silence-suzuka,16,Portrait: [Innocent Silence],portrait,image,portrait_trainee_256_100201.png,portrait_trainee_256_100201.png,
silence-suzuka,17,Portrait: [Emerald Tidings],portrait,image,portrait_trainee_256_100202.png,portrait_trainee_256_100202.png,
silence-suzuka,18,Comic 1 (EN),comic,image,manga_en_1002_01.png,manga_en_1002_01.png,
silence-suzuka,19,Comic 2 (EN),comic,image,manga_en_1002_02.png,manga_en_1002_02.png,
silence-suzuka,20,3D idle: Profile,idle3d,image,render_profile_idle_1002.png,render_profile_idle_1002.png,
silence-suzuka,21,3D idle: Original,idle3d,image,render_trainee_idle_100201.png,render_trainee_idle_100201.png,
silence-suzuka,22,3D idle: Summer,idle3d,image,render_trainee_idle_100202.png,render_trainee_idle_100202.png,
silence-suzuka,23,Chibi collection,chibi,image,chibi_sheet_1002-b646063ab44e.png,chibi_sheet_1002-b646063ab44e.png,
silence-suzuka,24,[Tracen Academy],support,image,supports_full_small_10002.png,supports_full_small_10002.png,
silence-suzuka,25,[Summer Evening Shower],support,image,supports_full_small_20063.png,supports_full_small_20063.png,
silence-suzuka,26,[Beyond This Shining Moment],support,image,supports_full_small_30002.png,supports_full_small_30002.png,
silence-suzuka,27,[Winning Dream],support,image,supports_full_small_30062.png,supports_full_small_30062.png,
silence-suzuka,28,[Searching for Unseen Sights],support,image,supports_full_small_30076.png,supports_full_small_30076.png,
silence-suzuka,29,[My Beloved Scenery],support,image,supports_full_small_30252.png,supports_full_small_30252.png,
silence-suzuka,30,[ギュッとしてマイフレンド],support,image,supports_full_small_30288.png,supports_full_small_30288.png,
tokai-teio,1,Uniform,art,image,official-art_tokai-teio-uniform.png,official-art_tokai-teio-uniform.png,
tokai-teio,2,Racing outfit,art,image,official-art_tokai-teio-racing.png,official-art_tokai-teio-racing.png,
tokai-teio,3,Concept art,art,image,official-art_tokai-teio-concept.png,official-art_tokai-teio-concept.png,
tokai-teio,4,STARTING FUTURE,art,image,official-art_tokai-teio-starting-future.png,official-art_tokai-teio-starting-future.png,
tokai-teio,5,Portrait 1,portrait,image,portrait_1.png,portrait_1.png,
tokai-teio,6,Portrait 2,portrait,image,portrait_2.png,portrait_2.png,
tokai-teio,7,Portrait 5,portrait,image,portrait_5.png,portrait_5.png,
tokai-teio,8,Portrait 101,portrait,image,portrait_101.png,portrait_101.png,
tokai-teio,9,Portrait 102,portrait,image,portrait_102.png,portrait_102.png,
tokai-teio,10,Portrait 104,portrait,image,portrait_104.png,portrait_104.png,
tokai-teio,11,Portrait 106,portrait,image,portrait_106.png,portrait_106.png,
tokai-teio,12,Portrait 108,portrait,image,portrait_108.png,portrait_108.png,
tokai-teio,13,Portrait 110,portrait,image,portrait_110.png,portrait_110.png,
tokai-teio,14,Portrait 112,portrait,image,portrait_112.png,portrait_112.png,
tokai-teio,15,Portrait 901003,portrait,image,portrait_901003.png,portrait_901003.png,
tokai-teio,16,Portrait: [Peak Joy],portrait,image,portrait_trainee_256_100301.png,portrait_trainee_256_100301.png,
tokai-teio,17,Portrait: [Beyond the Horizon],portrait,image,portrait_trainee_256_100302.png,portrait_trainee_256_100302.png,
tokai-teio,18,Portrait: Dream Butterfly of Purple Clouds,portrait,image,portrait_trainee_256_100303.png,portrait_trainee_256_100303.png,
tokai-teio,19,Comic 1 (EN),comic,image,manga_en_1003_01.png,manga_en_1003_01.png,
tokai-teio,20,Comic 2 (EN),comic,image,manga_en_1003_02.png,manga_en_1003_02.png,
tokai-teio,21,3D idle: Profile,idle3d,image,render_profile_idle_1003.png,render_profile_idle_1003.png,
tokai-teio,22,3D idle: Original,idle3d,image,render_trainee_idle_100301.png,render_trainee_idle_100301.png,
tokai-teio,23,3D idle: Anime Collab,idle3d,image,render_trainee_idle_100302.png,render_trainee_idle_100302.png,
tokai-teio,24,3D idle: Festival,idle3d,image,render_trainee_idle_100303.png,render_trainee_idle_100303.png,
tokai-teio,25,Chibi collection,chibi,image,chibi_sheet_1003-a8b39c057532.png,chibi_sheet_1003-a8b39c057532.png,
tokai-teio,26,[Tracen Academy],support,image,supports_full_small_10003.png,supports_full_small_10003.png,
tokai-teio,27,[Step! Smile! Wink!],support,image,supports_full_small_20047.png,supports_full_small_20047.png,
tokai-teio,28,[Dream Big!],support,image,supports_full_small_30003.png,supports_full_small_30003.png,
tokai-teio,29,[Regal Racers],support,image,supports_full_small_30058.png,supports_full_small_30058.png,
tokai-teio,30,[Teio-Oo-Oo!!!],support,image,supports_full_small_30111.png,supports_full_small_30111.png,
tokai-teio,31,[Soaring Waltz],support,image,supports_full_small_30140.png,supports_full_small_30140.png,
tokai-teio,32,[開催☆ハチャメチャGP！],support,image,supports_full_small_30213.png,supports_full_small_30213.png,
tokai-teio,33,[天才的ユートピア],support,image,supports_full_small_30275.png,supports_full_small_30275.png,
maruzensky,1,Uniform,art,image,official-art_maruzensky-uniform.png,official-art_maruzensky-uniform.png,
maruzensky,2,Racing outfit,art,image,official-art_maruzensky-racing.png,official-art_maruzensky-racing.png,
maruzensky,3,Concept art,art,image,official-art_maruzensky-concept.png,official-art_maruzensky-concept.png,
maruzensky,4,STARTING FUTURE,art,image,official-art_maruzensky-starting-future.png,official-art_maruzensky-starting-future.png,
maruzensky,5,Portrait 1,portrait,image,portrait_1.png,portrait_1.png,
maruzensky,6,Portrait 2,portrait,image,portrait_2.png,portrait_2.png,
maruzensky,7,Portrait 5,portrait,image,portrait_5.png,portrait_5.png,
maruzensky,8,Portrait 101,portrait,image,portrait_101.png,portrait_101.png,
maruzensky,9,Portrait 102,portrait,image,portrait_102.png,portrait_102.png,
maruzensky,10,Portrait 104,portrait,image,portrait_104.png,portrait_104.png,
maruzensky,11,Portrait 106,portrait,image,portrait_106.png,portrait_106.png,
maruzensky,12,Portrait 108,portrait,image,portrait_108.png,portrait_108.png,
maruzensky,13,Portrait 110,portrait,image,portrait_110.png,portrait_110.png,
maruzensky,14,Portrait 112,portrait,image,portrait_112.png,portrait_112.png,
maruzensky,15,Portrait 901004,portrait,image,portrait_901004.png,portrait_901004.png,
maruzensky,16,Portrait: [Formula R],portrait,image,portrait_trainee_256_100401.png,portrait_trainee_256_100401.png,
maruzensky,17,Portrait: [Hot☆Summer Night],portrait,image,portrait_trainee_256_100402.png,portrait_trainee_256_100402.png,
maruzensky,18,Portrait: Auspicious Maiden of Divine Speed,portrait,image,portrait_trainee_256_100403.png,portrait_trainee_256_100403.png,
maruzensky,19,Comic 1 (EN),comic,image,manga_en_1004_01.png,manga_en_1004_01.png,
maruzensky,20,3D idle: Profile,idle3d,image,render_profile_idle_1004.png,render_profile_idle_1004.png,
maruzensky,21,3D idle: Original,idle3d,image,render_trainee_idle_100401.png,render_trainee_idle_100401.png,
maruzensky,22,3D idle: Summer,idle3d,image,render_trainee_idle_100402.png,render_trainee_idle_100402.png,
maruzensky,23,3D idle: New Year,idle3d,image,render_trainee_idle_100403.png,render_trainee_idle_100403.png,
maruzensky,24,Chibi collection,chibi,image,chibi_sheet_1004-a23b27c550d7.png,chibi_sheet_1004-a23b27c550d7.png,
maruzensky,25,[Tracen Academy],support,image,supports_full_small_10004.png,supports_full_small_10004.png,
maruzensky,26,[One Bomb Drive ♪],support,image,supports_full_small_20062.png,supports_full_small_20062.png,
maruzensky,27,[Sentimental Flare ♪],support,image,supports_full_small_30107.png,supports_full_small_30107.png,
maruzensky,28,[ふりさけみれば天花のわらう],support,image,supports_full_small_30235.png,supports_full_small_30235.png,
fuji-kiseki,1,Uniform,art,image,official-art_fuji-kiseki-uniform.png,official-art_fuji-kiseki-uniform.png,
fuji-kiseki,2,Racing outfit,art,image,official-art_fuji-kiseki-racing.png,official-art_fuji-kiseki-racing.png,
fuji-kiseki,3,Concept art,art,image,official-art_fuji-kiseki-concept.png,official-art_fuji-kiseki-concept.png,
fuji-kiseki,4,STARTING FUTURE,art,image,official-art_fuji-kiseki-starting-future.png,official-art_fuji-kiseki-starting-future.png,
fuji-kiseki,5,Portrait 1,portrait,image,portrait_1.png,portrait_1.png,
fuji-kiseki,6,Portrait 2,portrait,image,portrait_2.png,portrait_2.png,
fuji-kiseki,7,Portrait 5,portrait,image,portrait_5.png,portrait_5.png,
fuji-kiseki,8,Portrait 101,portrait,image,portrait_101.png,portrait_101.png,
fuji-kiseki,9,Portrait 102,portrait,image,portrait_102.png,portrait_102.png,
fuji-kiseki,10,Portrait 104,portrait,image,portrait_104.png,portrait_104.png,
fuji-kiseki,11,Portrait 106,portrait,image,portrait_106.png,portrait_106.png,
fuji-kiseki,12,Portrait 108,portrait,image,portrait_108.png,portrait_108.png,
fuji-kiseki,13,Portrait 110,portrait,image,portrait_110.png,portrait_110.png,
fuji-kiseki,14,Portrait 112,portrait,image,portrait_112.png,portrait_112.png,
fuji-kiseki,15,Portrait 901005,portrait,image,portrait_901005.png,portrait_901005.png,
fuji-kiseki,16,Portrait: [Shooting Star Revue],portrait,image,portrait_trainee_256_100501.png,portrait_trainee_256_100501.png,
fuji-kiseki,17,Portrait: [Succès Étoilé],portrait,image,portrait_trainee_256_100502.png,portrait_trainee_256_100502.png,
fuji-kiseki,18,Portrait: Blanche Étoile,portrait,image,portrait_trainee_256_100503.png,portrait_trainee_256_100503.png,
fuji-kiseki,19,Comic 1 (EN),comic,image,manga_en_1005_01.png,manga_en_1005_01.png,
fuji-kiseki,20,3D idle: Profile,idle3d,image,render_profile_idle_1005.png,render_profile_idle_1005.png,
fuji-kiseki,21,3D idle: Original,idle3d,image,render_trainee_idle_100501.png,render_trainee_idle_100501.png,
fuji-kiseki,22,3D idle: Ballroom,idle3d,image,render_trainee_idle_100502.png,render_trainee_idle_100502.png,
fuji-kiseki,23,3D idle: Cheerleader,idle3d,image,render_trainee_idle_100503.png,render_trainee_idle_100503.png,
fuji-kiseki,24,Chibi collection,chibi,image,chibi_sheet_1005-eb70e1a6d698.png,chibi_sheet_1005-eb70e1a6d698.png,
fuji-kiseki,25,[Tracen Academy],support,image,supports_full_small_10049.png,supports_full_small_10049.png,
fuji-kiseki,26,"[Well, Look Who's Home]",support,image,supports_full_small_20001.png,supports_full_small_20001.png,
fuji-kiseki,27,[悩み事かい？ポニーちゃん],support,image,supports_full_small_30219.png,supports_full_small_30219.png,
fuji-kiseki,28,[壇上より魔法を込めて],support,image,supports_full_small_30271.png,supports_full_small_30271.png,
oguri-cap,1,Uniform,art,image,official-art_oguri-cap-uniform.png,official-art_oguri-cap-uniform.png,
oguri-cap,2,Racing outfit,art,image,official-art_oguri-cap-racing.png,official-art_oguri-cap-racing.png,
oguri-cap,3,Concept art,art,image,official-art_oguri-cap-concept.png,official-art_oguri-cap-concept.png,
oguri-cap,4,STARTING FUTURE,art,image,official-art_oguri-cap-starting-future.png,official-art_oguri-cap-starting-future.png,
oguri-cap,5,Portrait 1,portrait,image,portrait_1.png,portrait_1.png,
oguri-cap,6,Portrait 2,portrait,image,portrait_2.png,portrait_2.png,
oguri-cap,7,Portrait 5,portrait,image,portrait_5.png,portrait_5.png,
oguri-cap,8,Portrait 101,portrait,image,portrait_101.png,portrait_101.png,
oguri-cap,9,Portrait 102,portrait,image,portrait_102.png,portrait_102.png,
oguri-cap,10,Portrait 104,portrait,image,portrait_104.png,portrait_104.png,
oguri-cap,11,Portrait 106,portrait,image,portrait_106.png,portrait_106.png,
oguri-cap,12,Portrait 108,portrait,image,portrait_108.png,portrait_108.png,
oguri-cap,13,Portrait 110,portrait,image,portrait_110.png,portrait_110.png,
oguri-cap,14,Portrait 112,portrait,image,portrait_112.png,portrait_112.png,
oguri-cap,15,Portrait 901006,portrait,image,portrait_901006.png,portrait_901006.png,
oguri-cap,16,Portrait: [Starlight Beat],portrait,image,portrait_trainee_256_100601.png,portrait_trainee_256_100601.png,
oguri-cap,17,Portrait: [Ashen Miracle],portrait,image,portrait_trainee_256_100602.png,portrait_trainee_256_100602.png,
oguri-cap,18,Portrait: Cinderella Gray,portrait,image,portrait_trainee_256_100603.png,portrait_trainee_256_100603.png,
oguri-cap,19,Comic 1 (EN),comic,image,manga_en_1006_01.png,manga_en_1006_01.png,
oguri-cap,20,Comic 2 (JA),comic,image,manga_ja_1006_02.png,manga_ja_1006_02.png,
oguri-cap,21,3D idle: Profile,idle3d,image,render_profile_idle_1006.png,render_profile_idle_1006.png,
oguri-cap,22,3D idle: Original,idle3d,image,render_trainee_idle_100601.png,render_trainee_idle_100601.png,
oguri-cap,23,3D idle: Christmas,idle3d,image,render_trainee_idle_100602.png,render_trainee_idle_100602.png,
oguri-cap,24,3D idle: Anime Collab,idle3d,image,render_trainee_idle_100603.png,render_trainee_idle_100603.png,
oguri-cap,25,Chibi collection,chibi,image,chibi_sheet_1006-9b536b4f06f4.png,chibi_sheet_1006-9b536b4f06f4.png,
oguri-cap,26,[Tracen Academy],support,image,supports_full_small_10005.png,supports_full_small_10005.png,
oguri-cap,27,[I Love You... Dear Food],support,image,supports_full_small_20048.png,supports_full_small_20048.png,
oguri-cap,28,[Get Lots of Hugs for Me],support,image,supports_full_small_30024.png,supports_full_small_30024.png,
oguri-cap,29,[Run Forth! Dash On! Ever Forward!],support,image,supports_full_small_30146.png,supports_full_small_30146.png,
gold-ship,1,Uniform,art,image,official-art_gold-ship-uniform.png,official-art_gold-ship-uniform.png,
gold-ship,2,Racing outfit,art,image,official-art_gold-ship-racing.png,official-art_gold-ship-racing.png,
gold-ship,3,Concept art,art,image,official-art_gold-ship-concept.png,official-art_gold-ship-concept.png,
gold-ship,4,STARTING FUTURE,art,image,official-art_gold-ship-starting-future.png,official-art_gold-ship-starting-future.png,
gold-ship,5,Portrait 1,portrait,image,portrait_1.png,portrait_1.png,
gold-ship,6,Portrait 2,portrait,image,portrait_2.png,portrait_2.png,
gold-ship,7,Portrait 5,portrait,image,portrait_5.png,portrait_5.png,
gold-ship,8,Portrait 101,portrait,image,portrait_101.png,portrait_101.png,
gold-ship,9,Portrait 102,portrait,image,portrait_102.png,portrait_102.png,
gold-ship,10,Portrait 104,portrait,image,portrait_104.png,portrait_104.png,
gold-ship,11,Portrait 106,portrait,image,portrait_106.png,portrait_106.png,
gold-ship,12,Portrait 108,portrait,image,portrait_108.png,portrait_108.png,
gold-ship,13,Portrait 110,portrait,image,portrait_110.png,portrait_110.png,
gold-ship,14,Portrait 112,portrait,image,portrait_112.png,portrait_112.png,
gold-ship,15,Portrait 901007,portrait,image,portrait_901007.png,portrait_901007.png,
gold-ship,16,Portrait 911007,portrait,image,portrait_911007.png,portrait_911007.png,
gold-ship,17,Portrait: [Red Strife],portrait,image,portrait_trainee_256_100701.png,portrait_trainee_256_100701.png,
gold-ship,18,Portrait: [RUN! RUIN! LAUNCHER!],portrait,image,portrait_trainee_256_100702.png,portrait_trainee_256_100702.png,
gold-ship,19,Portrait: La Mode 564,portrait,image,portrait_trainee_256_100703.png,portrait_trainee_256_100703.png,
gold-ship,20,Comic 1 (EN),comic,image,manga_en_1007_01.png,manga_en_1007_01.png,
gold-ship,21,Comic 2 (JA),comic,image,manga_ja_1007_02.png,manga_ja_1007_02.png,
gold-ship,22,3D idle: Profile,idle3d,image,render_profile_idle_1007.png,render_profile_idle_1007.png,
gold-ship,23,3D idle: Original,idle3d,image,render_trainee_idle_100701.png,render_trainee_idle_100701.png,
gold-ship,24,3D idle: Summer,idle3d,image,render_trainee_idle_100702.png,render_trainee_idle_100702.png,
gold-ship,25,3D idle: Project L'Arc,idle3d,image,render_trainee_idle_100703.png,render_trainee_idle_100703.png,
gold-ship,26,Chibi collection,chibi,image,chibi_sheet_1007-0a1ad4b1fdf6.png,chibi_sheet_1007-0a1ad4b1fdf6.png,
gold-ship,27,[Tracen Academy],support,image,supports_full_small_10006.png,supports_full_small_10006.png,
gold-ship,28,[Golshi's House Specialty],support,image,supports_full_small_20061.png,supports_full_small_20061.png,
gold-ship,29,[Breakaway Battleship],support,image,supports_full_small_30004.png,supports_full_small_30004.png,
gold-ship,30,[That Time I Became the Strongest],support,image,supports_full_small_30057.png,supports_full_small_30057.png,
gold-ship,31,[波をかきわけ夢がゆく],support,image,supports_full_small_30168.png,supports_full_small_30168.png,
gold-ship,32,[激録！爆走トナカイ事件],support,image,supports_full_small_30278.png,supports_full_small_30278.png,
vodka,1,Uniform,art,image,official-art_vodka-uniform.png,official-art_vodka-uniform.png,
vodka,2,Racing outfit,art,image,official-art_vodka-racing.png,official-art_vodka-racing.png,
vodka,3,Concept art,art,image,official-art_vodka-concept.png,official-art_vodka-concept.png,
vodka,4,STARTING FUTURE,art,image,official-art_vodka-starting-future.png,official-art_vodka-starting-future.png,
vodka,5,Portrait 1,portrait,image,portrait_1.png,portrait_1.png,
vodka,6,Portrait 2,portrait,image,portrait_2.png,portrait_2.png,
vodka,7,Portrait 5,portrait,image,portrait_5.png,portrait_5.png,
vodka,8,Portrait 101,portrait,image,portrait_101.png,portrait_101.png,
vodka,9,Portrait 102,portrait,image,portrait_102.png,portrait_102.png,
vodka,10,Portrait 104,portrait,image,portrait_104.png,portrait_104.png,
vodka,11,Portrait 106,portrait,image,portrait_106.png,portrait_106.png,
vodka,12,Portrait 108,portrait,image,portrait_108.png,portrait_108.png,
vodka,13,Portrait 110,portrait,image,portrait_110.png,portrait_110.png,
vodka,14,Portrait 112,portrait,image,portrait_112.png,portrait_112.png,
vodka,15,Portrait 901008,portrait,image,portrait_901008.png,portrait_901008.png,
vodka,16,Portrait: [Wild Top Gear],portrait,image,portrait_trainee_256_100801.png,portrait_trainee_256_100801.png,
vodka,17,Portrait: [Fiery Aqua Vitae],portrait,image,portrait_trainee_256_100802.png,portrait_trainee_256_100802.png,
vodka,18,Comic 1 (EN),comic,image,manga_en_1008_01.png,manga_en_1008_01.png,
vodka,19,3D idle: Profile,idle3d,image,render_profile_idle_1008.png,render_profile_idle_1008.png,
vodka,20,3D idle: Original,idle3d,image,render_trainee_idle_100801.png,render_trainee_idle_100801.png,
vodka,21,3D idle: Christmas,idle3d,image,render_trainee_idle_100802.png,render_trainee_idle_100802.png,
vodka,22,Chibi collection,chibi,image,chibi_sheet_1008-7e7e180439bc.png,chibi_sheet_1008-7e7e180439bc.png,
vodka,23,[Tracen Academy],support,image,supports_full_small_10007.png,supports_full_small_10007.png,
vodka,24,[An Annoying Supervisor],support,image,supports_full_small_20039.png,supports_full_small_20039.png,
vodka,25,[Wild Rider],support,image,supports_full_small_30005.png,supports_full_small_30005.png,
vodka,26,[Heart Ignition!],support,image,supports_full_small_30150.png,supports_full_small_30150.png,
vodka,27,[明日のライド・オン],support,image,supports_full_small_30202.png,supports_full_small_30202.png,
vodka,28,[Ballroom Tempest],support,image,supports_full_small_30245.png,supports_full_small_30245.png,
daiwa-scarlet,1,Uniform,art,image,official-art_daiwa-scarlet-uniform.png,official-art_daiwa-scarlet-uniform.png,
daiwa-scarlet,2,Racing outfit,art,image,official-art_daiwa-scarlet-racing.png,official-art_daiwa-scarlet-racing.png,
daiwa-scarlet,3,Concept art,art,image,official-art_daiwa-scarlet-concept.png,official-art_daiwa-scarlet-concept.png,
daiwa-scarlet,4,STARTING FUTURE,art,image,official-art_daiwa-scarlet-starting-future.png,official-art_daiwa-scarlet-starting-future.png,
daiwa-scarlet,5,Portrait 1,portrait,image,portrait_1.png,portrait_1.png,
daiwa-scarlet,6,Portrait 2,portrait,image,portrait_2.png,portrait_2.png,
daiwa-scarlet,7,Portrait 5,portrait,image,portrait_5.png,portrait_5.png,
daiwa-scarlet,8,Portrait 101,portrait,image,portrait_101.png,portrait_101.png,
daiwa-scarlet,9,Portrait 102,portrait,image,portrait_102.png,portrait_102.png,
daiwa-scarlet,10,Portrait 104,portrait,image,portrait_104.png,portrait_104.png,
daiwa-scarlet,11,Portrait 106,portrait,image,portrait_106.png,portrait_106.png,
daiwa-scarlet,12,Portrait 108,portrait,image,portrait_108.png,portrait_108.png,
daiwa-scarlet,13,Portrait 110,portrait,image,portrait_110.png,portrait_110.png,
daiwa-scarlet,14,Portrait 112,portrait,image,portrait_112.png,portrait_112.png,
daiwa-scarlet,15,Portrait 901009,portrait,image,portrait_901009.png,portrait_901009.png,
daiwa-scarlet,16,Portrait: [Peak Blue],portrait,image,portrait_trainee_256_100901.png,portrait_trainee_256_100901.png,
daiwa-scarlet,17,Portrait: [Nuit Étoilée de Scarlet],portrait,image,portrait_trainee_256_100902.png,portrait_trainee_256_100902.png,
daiwa-scarlet,18,Comic 1 (EN),comic,image,manga_en_1009_01.png,manga_en_1009_01.png,
daiwa-scarlet,19,3D idle: Profile,idle3d,image,render_profile_idle_1009.png,render_profile_idle_1009.png,
daiwa-scarlet,20,3D idle: Original,idle3d,image,render_trainee_idle_100901.png,render_trainee_idle_100901.png,
daiwa-scarlet,21,3D idle: Christmas,idle3d,image,render_trainee_idle_100902.png,render_trainee_idle_100902.png,
daiwa-scarlet,22,Chibi collection,chibi,image,chibi_sheet_1009-fcd7e3f95f65.png,chibi_sheet_1009-fcd7e3f95f65.png,
daiwa-scarlet,23,[Tracen Academy],support,image,supports_full_small_10023.png,supports_full_small_10023.png,
daiwa-scarlet,24,[Nothing Hard Work Can't Solve!],support,image,supports_full_small_20002.png,supports_full_small_20002.png,
daiwa-scarlet,25,[Mini☆Vacation],support,image,supports_full_small_30047.png,supports_full_small_30047.png,
daiwa-scarlet,26,[Number 1 Outfit],support,image,supports_full_small_30093.png,supports_full_small_30093.png,
daiwa-scarlet,27,[Something Blue],support,image,supports_full_small_30148.png,supports_full_small_30148.png,
daiwa-scarlet,28,[緋色の君へ風が吹く],support,image,supports_full_small_30227.png,supports_full_small_30227.png,
taiki-shuttle,1,Uniform,art,image,official-art_taiki-shuttle-uniform.png,official-art_taiki-shuttle-uniform.png,
taiki-shuttle,2,Racing outfit,art,image,official-art_taiki-shuttle-racing.png,official-art_taiki-shuttle-racing.png,
taiki-shuttle,3,Concept art,art,image,official-art_taiki-shuttle-concept.png,official-art_taiki-shuttle-concept.png,
taiki-shuttle,4,STARTING FUTURE,art,image,official-art_taiki-shuttle-starting-future.png,official-art_taiki-shuttle-starting-future.png,
taiki-shuttle,5,Portrait 1,portrait,image,portrait_1.png,portrait_1.png,
taiki-shuttle,6,Portrait 2,portrait,image,portrait_2.png,portrait_2.png,
taiki-shuttle,7,Portrait 5,portrait,image,portrait_5.png,portrait_5.png,
taiki-shuttle,8,Portrait 101,portrait,image,portrait_101.png,portrait_101.png,
taiki-shuttle,9,Portrait 102,portrait,image,portrait_102.png,portrait_102.png,
taiki-shuttle,10,Portrait 104,portrait,image,portrait_104.png,portrait_104.png,
taiki-shuttle,11,Portrait 106,portrait,image,portrait_106.png,portrait_106.png,
taiki-shuttle,12,Portrait 108,portrait,image,portrait_108.png,portrait_108.png,
taiki-shuttle,13,Portrait 110,portrait,image,portrait_110.png,portrait_110.png,
taiki-shuttle,14,Portrait 112,portrait,image,portrait_112.png,portrait_112.png,
taiki-shuttle,15,Portrait 901010,portrait,image,portrait_901010.png,portrait_901010.png,
taiki-shuttle,16,Portrait: [Wild Frontier],portrait,image,portrait_trainee_256_101001.png,portrait_trainee_256_101001.png,
taiki-shuttle,17,Portrait: [Bubblegum☆Memories],portrait,image,portrait_trainee_256_101002.png,portrait_trainee_256_101002.png,
taiki-shuttle,18,Portrait: Baa Baa Patisserie,portrait,image,portrait_trainee_256_101003.png,portrait_trainee_256_101003.png,
taiki-shuttle,19,Comic 1 (EN),comic,image,manga_en_1010_01.png,manga_en_1010_01.png,
taiki-shuttle,20,Comic 2 (JA),comic,image,manga_ja_1010_02.png,manga_ja_1010_02.png,
taiki-shuttle,21,3D idle: Profile,idle3d,image,render_profile_idle_1010.png,render_profile_idle_1010.png,
taiki-shuttle,22,3D idle: Original,idle3d,image,render_trainee_idle_101001.png,render_trainee_idle_101001.png,
taiki-shuttle,23,3D idle: Camping,idle3d,image,render_trainee_idle_101002.png,render_trainee_idle_101002.png,
taiki-shuttle,24,3D idle: Valentine,idle3d,image,render_trainee_idle_101003.png,render_trainee_idle_101003.png,
taiki-shuttle,25,Chibi collection,chibi,image,chibi_sheet_1010-5cc42d4afdc5.png,chibi_sheet_1010-5cc42d4afdc5.png,
taiki-shuttle,26,[Tracen Academy],support,image,supports_full_small_10008.png,supports_full_small_10008.png,
taiki-shuttle,27,[あまえんぼNight],support,image,supports_full_small_20067.png,supports_full_small_20067.png,
taiki-shuttle,28,[Sushi-Go-Round!],support,image,supports_full_small_20096.png,supports_full_small_20096.png,
taiki-shuttle,29,"[Hands Up, Crook!]",support,image,supports_full_small_30053.png,supports_full_small_30053.png,
taiki-shuttle,30,[月下のSunshine],support,image,supports_full_small_30218.png,supports_full_small_30218.png,
grass-wonder,1,Uniform,art,image,official-art_grass-wonder-uniform.png,official-art_grass-wonder-uniform.png,
grass-wonder,2,Racing outfit,art,image,official-art_grass-wonder-racing.png,official-art_grass-wonder-racing.png,
grass-wonder,3,Concept art,art,image,official-art_grass-wonder-concept.png,official-art_grass-wonder-concept.png,
grass-wonder,4,STARTING FUTURE,art,image,official-art_grass-wonder-starting-future.png,official-art_grass-wonder-starting-future.png,
grass-wonder,5,Portrait 1,portrait,image,portrait_1.png,portrait_1.png,
grass-wonder,6,Portrait 2,portrait,image,portrait_2.png,portrait_2.png,
grass-wonder,7,Portrait 5,portrait,image,portrait_5.png,portrait_5.png,
grass-wonder,8,Portrait 101,portrait,image,portrait_101.png,portrait_101.png,
grass-wonder,9,Portrait 102,portrait,image,portrait_102.png,portrait_102.png,
grass-wonder,10,Portrait 104,portrait,image,portrait_104.png,portrait_104.png,
grass-wonder,11,Portrait 106,portrait,image,portrait_106.png,portrait_106.png,
grass-wonder,12,Portrait 108,portrait,image,portrait_108.png,portrait_108.png,
grass-wonder,13,Portrait 110,portrait,image,portrait_110.png,portrait_110.png,
grass-wonder,14,Portrait 112,portrait,image,portrait_112.png,portrait_112.png,
grass-wonder,15,Portrait 901011,portrait,image,portrait_901011.png,portrait_901011.png,
grass-wonder,16,Portrait: [Stone-Piercing Blue],portrait,image,portrait_trainee_256_101101.png,portrait_trainee_256_101101.png,
grass-wonder,17,Portrait: [Saintly Jade Cleric],portrait,image,portrait_trainee_256_101102.png,portrait_trainee_256_101102.png,
grass-wonder,18,Portrait: Honor of the Azure Flame,portrait,image,portrait_trainee_256_101103.png,portrait_trainee_256_101103.png,
grass-wonder,19,Comic 1 (EN),comic,image,manga_en_1011_01.png,manga_en_1011_01.png,
grass-wonder,20,3D idle: Profile,idle3d,image,render_profile_idle_1011.png,render_profile_idle_1011.png,
grass-wonder,21,3D idle: Original,idle3d,image,render_trainee_idle_101101.png,render_trainee_idle_101101.png,
grass-wonder,22,3D idle: Fantasy,idle3d,image,render_trainee_idle_101102.png,render_trainee_idle_101102.png,
grass-wonder,23,3D idle: New Year,idle3d,image,render_trainee_idle_101103.png,render_trainee_idle_101103.png,
grass-wonder,24,Chibi collection,chibi,image,chibi_sheet_1011-9ac69dadfe5a.png,chibi_sheet_1011-9ac69dadfe5a.png,
grass-wonder,25,[Tracen Academy],support,image,supports_full_small_10009.png,supports_full_small_10009.png,
grass-wonder,26,[The Splendid Aftertaste of Good Tea],support,image,supports_full_small_20065.png,supports_full_small_20065.png,
grass-wonder,27,[Fairest Fleur],support,image,supports_full_small_30006.png,supports_full_small_30006.png,
grass-wonder,28,[From Icy Blues to Verdant Hues],support,image,supports_full_small_30129.png,supports_full_small_30129.png,
hishi-amazon,1,Uniform,art,image,official-art_hishi-amazon-uniform.png,official-art_hishi-amazon-uniform.png,
hishi-amazon,2,Racing outfit,art,image,official-art_hishi-amazon-racing.png,official-art_hishi-amazon-racing.png,
hishi-amazon,3,Concept art,art,image,official-art_hishi-amazon-concept.png,official-art_hishi-amazon-concept.png,
hishi-amazon,4,STARTING FUTURE,art,image,official-art_hishi-amazon-starting-future.png,official-art_hishi-amazon-starting-future.png,
hishi-amazon,5,Portrait 1,portrait,image,portrait_1.png,portrait_1.png,
hishi-amazon,6,Portrait 2,portrait,image,portrait_2.png,portrait_2.png,
hishi-amazon,7,Portrait 5,portrait,image,portrait_5.png,portrait_5.png,
hishi-amazon,8,Portrait 101,portrait,image,portrait_101.png,portrait_101.png,
hishi-amazon,9,Portrait 102,portrait,image,portrait_102.png,portrait_102.png,
hishi-amazon,10,Portrait 104,portrait,image,portrait_104.png,portrait_104.png,
hishi-amazon,11,Portrait 106,portrait,image,portrait_106.png,portrait_106.png,
hishi-amazon,12,Portrait 108,portrait,image,portrait_108.png,portrait_108.png,
hishi-amazon,13,Portrait 110,portrait,image,portrait_110.png,portrait_110.png,
hishi-amazon,14,Portrait 112,portrait,image,portrait_112.png,portrait_112.png,
hishi-amazon,15,Portrait 901012,portrait,image,portrait_901012.png,portrait_901012.png,
hishi-amazon,16,Portrait: [Azure Amazon],portrait,image,portrait_trainee_256_101201.png,portrait_trainee_256_101201.png,
hishi-amazon,17,Portrait: [Hungry Veil],portrait,image,portrait_trainee_256_101202.png,portrait_trainee_256_101202.png,
hishi-amazon,18,Comic 1 (EN),comic,image,manga_en_1012_01.png,manga_en_1012_01.png,
hishi-amazon,19,3D idle: Profile,idle3d,image,render_profile_idle_1012.png,render_profile_idle_1012.png,
hishi-amazon,20,3D idle: Original,idle3d,image,render_trainee_idle_101201.png,render_trainee_idle_101201.png,
hishi-amazon,21,3D idle: Wedding,idle3d,image,render_trainee_idle_101202.png,render_trainee_idle_101202.png,
hishi-amazon,22,Chibi collection,chibi,image,chibi_sheet_1012-e64cf1334a17.png,chibi_sheet_1012-e64cf1334a17.png,
hishi-amazon,23,[Tracen Academy],support,image,supports_full_small_10024.png,supports_full_small_10024.png,
hishi-amazon,24,[Reach the Top!],support,image,supports_full_small_20003.png,supports_full_small_20003.png,
hishi-amazon,25,[そびえ立つ背中],support,image,supports_full_small_20098.png,supports_full_small_20098.png,
hishi-amazon,26,[炎々、闘志を抱き],support,image,supports_full_small_30164.png,supports_full_small_30164.png,
hishi-amazon,27,[牙を立て、リフレイン],support,image,supports_full_small_30223.png,supports_full_small_30223.png,
mejiro-mcqueen,1,Uniform,art,image,official-art_mejiro-mcqueen-uniform.png,official-art_mejiro-mcqueen-uniform.png,
mejiro-mcqueen,2,Racing outfit,art,image,official-art_mejiro-mcqueen-racing.png,official-art_mejiro-mcqueen-racing.png,
mejiro-mcqueen,3,Concept art,art,image,official-art_mejiro-mcqueen-concept.png,official-art_mejiro-mcqueen-concept.png,
mejiro-mcqueen,4,STARTING FUTURE,art,image,official-art_mejiro-mcqueen-starting-future.png,official-art_mejiro-mcqueen-starting-future.png,
mejiro-mcqueen,5,Portrait 1,portrait,image,portrait_1.png,portrait_1.png,
mejiro-mcqueen,6,Portrait 2,portrait,image,portrait_2.png,portrait_2.png,
mejiro-mcqueen,7,Portrait 5,portrait,image,portrait_5.png,portrait_5.png,
mejiro-mcqueen,8,Portrait 101,portrait,image,portrait_101.png,portrait_101.png,
mejiro-mcqueen,9,Portrait 102,portrait,image,portrait_102.png,portrait_102.png,
mejiro-mcqueen,10,Portrait 104,portrait,image,portrait_104.png,portrait_104.png,
mejiro-mcqueen,11,Portrait 106,portrait,image,portrait_106.png,portrait_106.png,
mejiro-mcqueen,12,Portrait 108,portrait,image,portrait_108.png,portrait_108.png,
mejiro-mcqueen,13,Portrait 110,portrait,image,portrait_110.png,portrait_110.png,
mejiro-mcqueen,14,Portrait 112,portrait,image,portrait_112.png,portrait_112.png,
mejiro-mcqueen,15,Portrait 901013,portrait,image,portrait_901013.png,portrait_901013.png,
mejiro-mcqueen,16,Portrait: [Frontline Elegance],portrait,image,portrait_trainee_256_101301.png,portrait_trainee_256_101301.png,
mejiro-mcqueen,17,Portrait: [End of the Skies],portrait,image,portrait_trainee_256_101302.png,portrait_trainee_256_101302.png,
mejiro-mcqueen,18,Portrait: [Fair Lady of the Waves],portrait,image,portrait_trainee_256_101303.png,portrait_trainee_256_101303.png,
mejiro-mcqueen,19,Comic 1 (EN),comic,image,manga_en_1013_01.png,manga_en_1013_01.png,
mejiro-mcqueen,20,Comic 2 (EN),comic,image,manga_en_1013_02.png,manga_en_1013_02.png,
mejiro-mcqueen,21,3D idle: Profile,idle3d,image,render_profile_idle_1013.png,render_profile_idle_1013.png,
mejiro-mcqueen,22,3D idle: Original,idle3d,image,render_trainee_idle_101301.png,render_trainee_idle_101301.png,
mejiro-mcqueen,23,3D idle: Anime Collab,idle3d,image,render_trainee_idle_101302.png,render_trainee_idle_101302.png,
mejiro-mcqueen,24,3D idle: Summer,idle3d,image,render_trainee_idle_101303.png,render_trainee_idle_101303.png,
mejiro-mcqueen,25,Chibi collection,chibi,image,chibi_sheet_1013-b0823b983fac.png,chibi_sheet_1013-b0823b983fac.png,
mejiro-mcqueen,26,[Tracen Academy],support,image,supports_full_small_10010.png,supports_full_small_10010.png,
mejiro-mcqueen,27,[メロンなささやき],support,image,supports_full_small_20085.png,supports_full_small_20085.png,
mejiro-mcqueen,28,[Your Team Ace],support,image,supports_full_small_30022.png,supports_full_small_30022.png,
mejiro-mcqueen,29,[Heart Aflutter in the Evening Breeze],support,image,supports_full_small_30139.png,supports_full_small_30139.png,
mejiro-mcqueen,30,[かっとばせー！ですわ！？],support,image,supports_full_small_30172.png,supports_full_small_30172.png,
mejiro-mcqueen,31,[グレイッシュPARTY☆],support,image,supports_full_small_30260.png,supports_full_small_30260.png,
el-condor-pasa,1,Uniform,art,image,official-art_el-condor-pasa-uniform.png,official-art_el-condor-pasa-uniform.png,
el-condor-pasa,2,Racing outfit,art,image,official-art_el-condor-pasa-racing.png,official-art_el-condor-pasa-racing.png,
el-condor-pasa,3,Concept art,art,image,official-art_el-condor-pasa-concept.png,official-art_el-condor-pasa-concept.png,
el-condor-pasa,4,STARTING FUTURE,art,image,official-art_el-condor-pasa-starting-future.png,official-art_el-condor-pasa-starting-future.png,
el-condor-pasa,5,Portrait 1,portrait,image,portrait_1.png,portrait_1.png,
el-condor-pasa,6,Portrait 2,portrait,image,portrait_2.png,portrait_2.png,
el-condor-pasa,7,Portrait 5,portrait,image,portrait_5.png,portrait_5.png,
el-condor-pasa,8,Portrait 101,portrait,image,portrait_101.png,portrait_101.png,
el-condor-pasa,9,Portrait 102,portrait,image,portrait_102.png,portrait_102.png,
el-condor-pasa,10,Portrait 104,portrait,image,portrait_104.png,portrait_104.png,
el-condor-pasa,11,Portrait 106,portrait,image,portrait_106.png,portrait_106.png,
el-condor-pasa,12,Portrait 108,portrait,image,portrait_108.png,portrait_108.png,
el-condor-pasa,13,Portrait 110,portrait,image,portrait_110.png,portrait_110.png,
el-condor-pasa,14,Portrait 112,portrait,image,portrait_112.png,portrait_112.png,
el-condor-pasa,15,Portrait 901014,portrait,image,portrait_901014.png,portrait_901014.png,
el-condor-pasa,16,Portrait: [El☆Número 1],portrait,image,portrait_trainee_256_101401.png,portrait_trainee_256_101401.png,
el-condor-pasa,17,Portrait: [Kukulkan Warrior],portrait,image,portrait_trainee_256_101402.png,portrait_trainee_256_101402.png,
el-condor-pasa,18,Comic 1 (EN),comic,image,manga_en_1014_01.png,manga_en_1014_01.png,
el-condor-pasa,19,Comic 2 (JA),comic,image,manga_ja_1014_02.png,manga_ja_1014_02.png,
el-condor-pasa,20,3D idle: Profile,idle3d,image,render_profile_idle_1014.png,render_profile_idle_1014.png,
el-condor-pasa,21,3D idle: Original,idle3d,image,render_trainee_idle_101401.png,render_trainee_idle_101401.png,
el-condor-pasa,22,3D idle: Fantasy,idle3d,image,render_trainee_idle_101402.png,render_trainee_idle_101402.png,
el-condor-pasa,23,Chibi collection,chibi,image,chibi_sheet_1014-26419a85a217.png,chibi_sheet_1014-26419a85a217.png,
el-condor-pasa,24,[Tracen Academy],support,image,supports_full_small_10011.png,supports_full_small_10011.png,
el-condor-pasa,25,[Mud-Caked Compañero],support,image,supports_full_small_20033.png,supports_full_small_20033.png,
el-condor-pasa,26,[Champion's Passion],support,image,supports_full_small_30007.png,supports_full_small_30007.png,
el-condor-pasa,27,[Twinkle in Your Eyes ∞],support,image,supports_full_small_30102.png,supports_full_small_30102.png,
el-condor-pasa,28,[大望は飛んでいく],support,image,supports_full_small_30161.png,supports_full_small_30161.png,
tm-opera-o,1,Uniform,art,image,official-art_tm-opera-o-uniform.png,official-art_tm-opera-o-uniform.png,
tm-opera-o,2,Racing outfit,art,image,official-art_tm-opera-o-racing.png,official-art_tm-opera-o-racing.png,
tm-opera-o,3,Concept art,art,image,official-art_tm-opera-o-concept.png,official-art_tm-opera-o-concept.png,
tm-opera-o,4,STARTING FUTURE,art,image,official-art_tm-opera-o-starting-future.png,official-art_tm-opera-o-starting-future.png,
tm-opera-o,5,Portrait 1,portrait,image,portrait_1.png,portrait_1.png,
tm-opera-o,6,Portrait 2,portrait,image,portrait_2.png,portrait_2.png,
tm-opera-o,7,Portrait 5,portrait,image,portrait_5.png,portrait_5.png,
tm-opera-o,8,Portrait 101,portrait,image,portrait_101.png,portrait_101.png,
tm-opera-o,9,Portrait 102,portrait,image,portrait_102.png,portrait_102.png,
tm-opera-o,10,Portrait 104,portrait,image,portrait_104.png,portrait_104.png,
tm-opera-o,11,Portrait 106,portrait,image,portrait_106.png,portrait_106.png,
tm-opera-o,12,Portrait 108,portrait,image,portrait_108.png,portrait_108.png,
tm-opera-o,13,Portrait 110,portrait,image,portrait_110.png,portrait_110.png,
tm-opera-o,14,Portrait 112,portrait,image,portrait_112.png,portrait_112.png,
tm-opera-o,15,Portrait 901015,portrait,image,portrait_901015.png,portrait_901015.png,
tm-opera-o,16,Portrait: [O Sole Suo!],portrait,image,portrait_trainee_256_101501.png,portrait_trainee_256_101501.png,
tm-opera-o,17,"Portrait: [New Year, Same Radiance!]",portrait,image,portrait_trainee_256_101502.png,portrait_trainee_256_101502.png,
tm-opera-o,18,Comic 1 (EN),comic,image,manga_en_1015_01.png,manga_en_1015_01.png,
tm-opera-o,19,Comic 2 (JA),comic,image,manga_ja_1015_02.png,manga_ja_1015_02.png,
tm-opera-o,20,3D idle: Profile,idle3d,image,render_profile_idle_1015.png,render_profile_idle_1015.png,
tm-opera-o,21,3D idle: Original,idle3d,image,render_trainee_idle_101501.png,render_trainee_idle_101501.png,
tm-opera-o,22,3D idle: New Year,idle3d,image,render_trainee_idle_101502.png,render_trainee_idle_101502.png,
tm-opera-o,23,Chibi collection,chibi,image,chibi_sheet_1015-06d6b691be1a.png,chibi_sheet_1015-06d6b691be1a.png,
tm-opera-o,24,[Tracen Academy],support,image,supports_full_small_10012.png,supports_full_small_10012.png,
tm-opera-o,25,[Mighty Fotografia],support,image,supports_full_small_20054.png,supports_full_small_20054.png,
tm-opera-o,26,[All'alba Vincerò!],support,image,supports_full_small_30152.png,supports_full_small_30152.png,
tm-opera-o,27,[王を統べて覇す者],support,image,supports_full_small_30231.png,supports_full_small_30231.png,
narita-brian,1,Uniform,art,image,official-art_narita-brian-uniform.png,official-art_narita-brian-uniform.png,
narita-brian,2,Racing outfit,art,image,official-art_narita-brian-racing.png,official-art_narita-brian-racing.png,
narita-brian,3,Concept art,art,image,official-art_narita-brian-concept.png,official-art_narita-brian-concept.png,
narita-brian,4,STARTING FUTURE,art,image,official-art_narita-brian-starting-future.png,official-art_narita-brian-starting-future.png,
narita-brian,5,Portrait 1,portrait,image,portrait_1.png,portrait_1.png,
narita-brian,6,Portrait 2,portrait,image,portrait_2.png,portrait_2.png,
narita-brian,7,Portrait 5,portrait,image,portrait_5.png,portrait_5.png,
narita-brian,8,Portrait 101,portrait,image,portrait_101.png,portrait_101.png,
narita-brian,9,Portrait 102,portrait,image,portrait_102.png,portrait_102.png,
narita-brian,10,Portrait 104,portrait,image,portrait_104.png,portrait_104.png,
narita-brian,11,Portrait 106,portrait,image,portrait_106.png,portrait_106.png,
narita-brian,12,Portrait 108,portrait,image,portrait_108.png,portrait_108.png,
narita-brian,13,Portrait 110,portrait,image,portrait_110.png,portrait_110.png,
narita-brian,14,Portrait 112,portrait,image,portrait_112.png,portrait_112.png,
narita-brian,15,Portrait 901016,portrait,image,portrait_901016.png,portrait_901016.png,
narita-brian,16,Portrait: [Maverick],portrait,image,portrait_trainee_256_101601.png,portrait_trainee_256_101601.png,
narita-brian,17,Portrait: [Ravenous Wolf],portrait,image,portrait_trainee_256_101602.png,portrait_trainee_256_101602.png,
narita-brian,18,Comic 1 (EN),comic,image,manga_en_1016_01.png,manga_en_1016_01.png,
narita-brian,19,Comic 2 (JA),comic,image,manga_ja_1016_02.png,manga_ja_1016_02.png,
narita-brian,20,3D idle: Profile,idle3d,image,render_profile_idle_1016.png,render_profile_idle_1016.png,
narita-brian,21,3D idle: Original,idle3d,image,render_trainee_idle_101601.png,render_trainee_idle_101601.png,
narita-brian,22,3D idle: BLAZE,idle3d,image,render_trainee_idle_101602.png,render_trainee_idle_101602.png,
narita-brian,23,Chibi collection,chibi,image,chibi_sheet_1016-5dc53a2633b3.png,chibi_sheet_1016-5dc53a2633b3.png,
narita-brian,24,[Tracen Academy],support,image,supports_full_small_10072.png,supports_full_small_10072.png,
narita-brian,25,[Two Pieces],support,image,supports_full_small_30044.png,supports_full_small_30044.png,
narita-brian,26,[The Whistling Arrow's Taunt],support,image,supports_full_small_30069.png,supports_full_small_30069.png,
narita-brian,27,[Glad Tidings],support,image,supports_full_small_30123.png,supports_full_small_30123.png,
narita-brian,28,[咆哮のアポヤンド],support,image,supports_full_small_30224.png,supports_full_small_30224.png,
narita-brian,29,[晩餐],support,image,supports_full_small_30319.png,supports_full_small_30319.png,
symboli-rudolf,1,Uniform,art,image,official-art_symboli-rudolf-uniform.png,official-art_symboli-rudolf-uniform.png,
symboli-rudolf,2,Racing outfit,art,image,official-art_symboli-rudolf-racing.png,official-art_symboli-rudolf-racing.png,
symboli-rudolf,3,Concept art,art,image,official-art_symboli-rudolf-concept.png,official-art_symboli-rudolf-concept.png,
symboli-rudolf,4,STARTING FUTURE,art,image,official-art_symboli-rudolf-starting-future.png,official-art_symboli-rudolf-starting-future.png,
symboli-rudolf,5,Portrait 1,portrait,image,portrait_1.png,portrait_1.png,
symboli-rudolf,6,Portrait 2,portrait,image,portrait_2.png,portrait_2.png,
symboli-rudolf,7,Portrait 5,portrait,image,portrait_5.png,portrait_5.png,
symboli-rudolf,8,Portrait 101,portrait,image,portrait_101.png,portrait_101.png,
symboli-rudolf,9,Portrait 102,portrait,image,portrait_102.png,portrait_102.png,
symboli-rudolf,10,Portrait 104,portrait,image,portrait_104.png,portrait_104.png,
symboli-rudolf,11,Portrait 106,portrait,image,portrait_106.png,portrait_106.png,
symboli-rudolf,12,Portrait 108,portrait,image,portrait_108.png,portrait_108.png,
symboli-rudolf,13,Portrait 110,portrait,image,portrait_110.png,portrait_110.png,
symboli-rudolf,14,Portrait 112,portrait,image,portrait_112.png,portrait_112.png,
symboli-rudolf,15,Portrait 901017,portrait,image,portrait_901017.png,portrait_901017.png,
symboli-rudolf,16,Portrait: [Emperor's Path],portrait,image,portrait_trainee_256_101701.png,portrait_trainee_256_101701.png,
symboli-rudolf,17,Portrait: [Archer by Moonlight],portrait,image,portrait_trainee_256_101702.png,portrait_trainee_256_101702.png,
symboli-rudolf,18,Portrait: Adamant Sovereign,portrait,image,portrait_trainee_256_101703.png,portrait_trainee_256_101703.png,
symboli-rudolf,19,Comic 1 (EN),comic,image,manga_en_1017_01.png,manga_en_1017_01.png,
symboli-rudolf,20,Comic 2 (JA),comic,image,manga_ja_1017_02.png,manga_ja_1017_02.png,
symboli-rudolf,21,3D idle: Profile,idle3d,image,render_profile_idle_1017.png,render_profile_idle_1017.png,
symboli-rudolf,22,3D idle: Original,idle3d,image,render_trainee_idle_101701.png,render_trainee_idle_101701.png,
symboli-rudolf,23,3D idle: Festival,idle3d,image,render_trainee_idle_101702.png,render_trainee_idle_101702.png,
symboli-rudolf,24,3D idle: Halloween,idle3d,image,render_trainee_idle_101703.png,render_trainee_idle_101703.png,
symboli-rudolf,25,Chibi collection,chibi,image,chibi_sheet_1017-a56efc070105.png,chibi_sheet_1017-a56efc070105.png,
symboli-rudolf,26,[Tracen Academy],support,image,supports_full_small_10013.png,supports_full_small_10013.png,
symboli-rudolf,27,[Your Laugh After School],support,image,supports_full_small_20058.png,supports_full_small_20058.png,
symboli-rudolf,28,[The Unequivocal Emperor],support,image,supports_full_small_30037.png,supports_full_small_30037.png,
symboli-rudolf,29,[Esteemed and Adored],support,image,supports_full_small_30067.png,supports_full_small_30067.png,
symboli-rudolf,30,[Enchaînement],support,image,supports_full_small_30090.png,supports_full_small_30090.png,
symboli-rudolf,31,[雲煙飛動],support,image,supports_full_small_30233.png,supports_full_small_30233.png,
air-groove,1,Uniform,art,image,official-art_air-groove-uniform.png,official-art_air-groove-uniform.png,
air-groove,2,Racing outfit,art,image,official-art_air-groove-racing.png,official-art_air-groove-racing.png,
air-groove,3,Concept art,art,image,official-art_air-groove-concept.png,official-art_air-groove-concept.png,
air-groove,4,STARTING FUTURE,art,image,official-art_air-groove-starting-future.png,official-art_air-groove-starting-future.png,
air-groove,5,Portrait 1,portrait,image,portrait_1.png,portrait_1.png,
air-groove,6,Portrait 2,portrait,image,portrait_2.png,portrait_2.png,
air-groove,7,Portrait 5,portrait,image,portrait_5.png,portrait_5.png,
air-groove,8,Portrait 101,portrait,image,portrait_101.png,portrait_101.png,
air-groove,9,Portrait 102,portrait,image,portrait_102.png,portrait_102.png,
air-groove,10,Portrait 104,portrait,image,portrait_104.png,portrait_104.png,
air-groove,11,Portrait 106,portrait,image,portrait_106.png,portrait_106.png,
air-groove,12,Portrait 108,portrait,image,portrait_108.png,portrait_108.png,
air-groove,13,Portrait 110,portrait,image,portrait_110.png,portrait_110.png,
air-groove,14,Portrait 112,portrait,image,portrait_112.png,portrait_112.png,
air-groove,15,Portrait 901018,portrait,image,portrait_901018.png,portrait_901018.png,
air-groove,16,Portrait: [Empress Road],portrait,image,portrait_trainee_256_101801.png,portrait_trainee_256_101801.png,
air-groove,17,Portrait: [Quercus Civilis],portrait,image,portrait_trainee_256_101802.png,portrait_trainee_256_101802.png,
air-groove,18,Portrait: Eternal Hekateia,portrait,image,portrait_trainee_256_101803.png,portrait_trainee_256_101803.png,
air-groove,19,Comic 1 (EN),comic,image,manga_en_1018_01.png,manga_en_1018_01.png,
air-groove,20,3D idle: Profile,idle3d,image,render_profile_idle_1018.png,render_profile_idle_1018.png,
air-groove,21,3D idle: Original,idle3d,image,render_trainee_idle_101801.png,render_trainee_idle_101801.png,
air-groove,22,3D idle: Wedding,idle3d,image,render_trainee_idle_101802.png,render_trainee_idle_101802.png,
air-groove,23,3D idle: Halloween,idle3d,image,render_trainee_idle_101803.png,render_trainee_idle_101803.png,
air-groove,24,Chibi collection,chibi,image,chibi_sheet_1018-590ba96d844f.png,chibi_sheet_1018-590ba96d844f.png,
air-groove,25,[Tracen Academy],support,image,supports_full_small_10025.png,supports_full_small_10025.png,
air-groove,26,[Nothing Escapes the Vice Prez],support,image,supports_full_small_20004.png,supports_full_small_20004.png,
air-groove,27,[Tailwind to My Goals],support,image,supports_full_small_30106.png,supports_full_small_30106.png,
air-groove,28,[Are You Merry?],support,image,supports_full_small_30124.png,supports_full_small_30124.png,
air-groove,29,[Seaside Bloom],support,image,supports_full_small_30159.png,supports_full_small_30159.png,
air-groove,30,[心覚えし、京の華],support,image,supports_full_small_30282.png,supports_full_small_30282.png,
agnes-digital,1,Uniform,art,image,official-art_agnes-digital-uniform.png,official-art_agnes-digital-uniform.png,
agnes-digital,2,Racing outfit,art,image,official-art_agnes-digital-racing.png,official-art_agnes-digital-racing.png,
agnes-digital,3,Concept art,art,image,official-art_agnes-digital-concept.png,official-art_agnes-digital-concept.png,
agnes-digital,4,STARTING FUTURE,art,image,official-art_agnes-digital-starting-future.png,official-art_agnes-digital-starting-future.png,
agnes-digital,5,Portrait 1,portrait,image,portrait_1.png,portrait_1.png,
agnes-digital,6,Portrait 2,portrait,image,portrait_2.png,portrait_2.png,
agnes-digital,7,Portrait 5,portrait,image,portrait_5.png,portrait_5.png,
agnes-digital,8,Portrait 101,portrait,image,portrait_101.png,portrait_101.png,
agnes-digital,9,Portrait 102,portrait,image,portrait_102.png,portrait_102.png,
agnes-digital,10,Portrait 104,portrait,image,portrait_104.png,portrait_104.png,
agnes-digital,11,Portrait 106,portrait,image,portrait_106.png,portrait_106.png,
agnes-digital,12,Portrait 108,portrait,image,portrait_108.png,portrait_108.png,
agnes-digital,13,Portrait 110,portrait,image,portrait_110.png,portrait_110.png,
agnes-digital,14,Portrait 112,portrait,image,portrait_112.png,portrait_112.png,
agnes-digital,15,Portrait 901019,portrait,image,portrait_901019.png,portrait_901019.png,
agnes-digital,16,Portrait: [Full-Color Fangirling],portrait,image,portrait_trainee_256_101901.png,portrait_trainee_256_101901.png,
agnes-digital,17,Portrait: [Fanatic♡Jiangshi],portrait,image,portrait_trainee_256_101902.png,portrait_trainee_256_101902.png,
agnes-digital,18,Comic 1 (EN),comic,image,manga_en_1019_01.png,manga_en_1019_01.png,
agnes-digital,19,3D idle: Profile,idle3d,image,render_profile_idle_1019.png,render_profile_idle_1019.png,
agnes-digital,20,3D idle: Original,idle3d,image,render_trainee_idle_101901.png,render_trainee_idle_101901.png,
agnes-digital,21,3D idle: Halloween,idle3d,image,render_trainee_idle_101902.png,render_trainee_idle_101902.png,
agnes-digital,22,Chibi collection,chibi,image,chibi_sheet_1019-bf728ca88118.png,chibi_sheet_1019-bf728ca88118.png,
agnes-digital,23,[Tracen Academy],support,image,supports_full_small_10026.png,supports_full_small_10026.png,
agnes-digital,24,[Digital's Recharge Station],support,image,supports_full_small_20005.png,supports_full_small_20005.png,
agnes-digital,25,[A Fan's Joy],support,image,supports_full_small_30085.png,supports_full_small_30085.png,
agnes-digital,26,[【告知】新刊あります！],support,image,supports_full_small_30229.png,supports_full_small_30229.png,
agnes-digital,27,[全てに挑む勇ましき者],support,image,supports_full_small_30297.png,supports_full_small_30297.png,
seiun-sky,1,Uniform,art,image,official-art_seiun-sky-uniform.png,official-art_seiun-sky-uniform.png,
seiun-sky,2,Racing outfit,art,image,official-art_seiun-sky-racing.png,official-art_seiun-sky-racing.png,
seiun-sky,3,Concept art,art,image,official-art_seiun-sky-concept.png,official-art_seiun-sky-concept.png,
seiun-sky,4,STARTING FUTURE,art,image,official-art_seiun-sky-starting-future.png,official-art_seiun-sky-starting-future.png,
seiun-sky,5,Portrait 1,portrait,image,portrait_1.png,portrait_1.png,
seiun-sky,6,Portrait 2,portrait,image,portrait_2.png,portrait_2.png,
seiun-sky,7,Portrait 5,portrait,image,portrait_5.png,portrait_5.png,
seiun-sky,8,Portrait 101,portrait,image,portrait_101.png,portrait_101.png,
seiun-sky,9,Portrait 102,portrait,image,portrait_102.png,portrait_102.png,
seiun-sky,10,Portrait 104,portrait,image,portrait_104.png,portrait_104.png,
seiun-sky,11,Portrait 106,portrait,image,portrait_106.png,portrait_106.png,
seiun-sky,12,Portrait 108,portrait,image,portrait_108.png,portrait_108.png,
seiun-sky,13,Portrait 110,portrait,image,portrait_110.png,portrait_110.png,
seiun-sky,14,Portrait 112,portrait,image,portrait_112.png,portrait_112.png,
seiun-sky,15,Portrait 901020,portrait,image,portrait_901020.png,portrait_901020.png,
seiun-sky,16,Portrait: [Reeling in the Big One],portrait,image,portrait_trainee_256_102001.png,portrait_trainee_256_102001.png,
seiun-sky,17,Portrait: [Soirée des Chatons],portrait,image,portrait_trainee_256_102002.png,portrait_trainee_256_102002.png,
seiun-sky,18,Portrait: Shoreline Whimsy in Orange,portrait,image,portrait_trainee_256_102003.png,portrait_trainee_256_102003.png,
seiun-sky,19,Comic 1 (EN),comic,image,manga_en_1020_01.png,manga_en_1020_01.png,
seiun-sky,20,Comic 2 (JA),comic,image,manga_ja_1020_02.png,manga_ja_1020_02.png,
seiun-sky,21,3D idle: Profile,idle3d,image,render_profile_idle_1020.png,render_profile_idle_1020.png,
seiun-sky,22,3D idle: Original,idle3d,image,render_trainee_idle_102001.png,render_trainee_idle_102001.png,
seiun-sky,23,3D idle: Ballroom,idle3d,image,render_trainee_idle_102002.png,render_trainee_idle_102002.png,
seiun-sky,24,3D idle: Summer,idle3d,image,render_trainee_idle_102003.png,render_trainee_idle_102003.png,
seiun-sky,25,Chibi collection,chibi,image,chibi_sheet_1020-14a86d7fe9df.png,chibi_sheet_1020-14a86d7fe9df.png,
seiun-sky,26,[Tracen Academy],support,image,supports_full_small_10014.png,supports_full_small_10014.png,
seiun-sky,27,[Bobbing with the Waves],support,image,supports_full_small_20050.png,supports_full_small_20050.png,
seiun-sky,28,[Foolproof Plan],support,image,supports_full_small_30008.png,supports_full_small_30008.png,
seiun-sky,29,[Paint the Sky Red],support,image,supports_full_small_30055.png,supports_full_small_30055.png,
seiun-sky,30,[幸福の匂いにまどろむ],support,image,supports_full_small_30204.png,supports_full_small_30204.png,
tamamo-cross,1,Uniform,art,image,official-art_tamamo-cross-uniform.png,official-art_tamamo-cross-uniform.png,
tamamo-cross,2,Racing outfit,art,image,official-art_tamamo-cross-racing.png,official-art_tamamo-cross-racing.png,
tamamo-cross,3,Concept art,art,image,official-art_tamamo-cross-concept.png,official-art_tamamo-cross-concept.png,
tamamo-cross,4,STARTING FUTURE,art,image,official-art_tamamo-cross-starting-future.png,official-art_tamamo-cross-starting-future.png,
tamamo-cross,5,Portrait 1,portrait,image,portrait_1.png,portrait_1.png,
tamamo-cross,6,Portrait 2,portrait,image,portrait_2.png,portrait_2.png,
tamamo-cross,7,Portrait 5,portrait,image,portrait_5.png,portrait_5.png,
tamamo-cross,8,Portrait 101,portrait,image,portrait_101.png,portrait_101.png,
tamamo-cross,9,Portrait 102,portrait,image,portrait_102.png,portrait_102.png,
tamamo-cross,10,Portrait 104,portrait,image,portrait_104.png,portrait_104.png,
tamamo-cross,11,Portrait 106,portrait,image,portrait_106.png,portrait_106.png,
tamamo-cross,12,Portrait 108,portrait,image,portrait_108.png,portrait_108.png,
tamamo-cross,13,Portrait 110,portrait,image,portrait_110.png,portrait_110.png,
tamamo-cross,14,Portrait 112,portrait,image,portrait_112.png,portrait_112.png,
tamamo-cross,15,Portrait 901021,portrait,image,portrait_901021.png,portrait_901021.png,
tamamo-cross,16,Portrait: [Fast as Lightning],portrait,image,portrait_trainee_256_102101.png,portrait_trainee_256_102101.png,
tamamo-cross,17,Portrait: [Raging Thunder],portrait,image,portrait_trainee_256_102102.png,portrait_trainee_256_102102.png,
tamamo-cross,18,Comic 1 (EN),comic,image,manga_en_1021_01.png,manga_en_1021_01.png,
tamamo-cross,19,Comic 2 (JA),comic,image,manga_ja_1021_02.png,manga_ja_1021_02.png,
tamamo-cross,20,3D idle: Profile,idle3d,image,render_profile_idle_1021.png,render_profile_idle_1021.png,
tamamo-cross,21,3D idle: Original,idle3d,image,render_trainee_idle_102101.png,render_trainee_idle_102101.png,
tamamo-cross,22,3D idle: Festival,idle3d,image,render_trainee_idle_102102.png,render_trainee_idle_102102.png,
tamamo-cross,23,Chibi collection,chibi,image,chibi_sheet_1021-449de45603f2.png,chibi_sheet_1021-449de45603f2.png,
tamamo-cross,24,[Tracen Academy],support,image,supports_full_small_10027.png,supports_full_small_10027.png,
tamamo-cross,25,[Now Dat's What I Call Grilled Squid!],support,image,supports_full_small_20022.png,supports_full_small_20022.png,
tamamo-cross,26,"[Split the Sky, White Lightning!]",support,image,supports_full_small_30009.png,supports_full_small_30009.png,
tamamo-cross,27,[Beware! Halloween Night!],support,image,supports_full_small_30064.png,supports_full_small_30064.png,
tamamo-cross,28,[白き稲妻の如く],support,image,supports_full_small_30256.png,supports_full_small_30256.png,
fine-motion,1,Uniform,art,image,official-art_fine-motion-uniform.png,official-art_fine-motion-uniform.png,
fine-motion,2,Racing outfit,art,image,official-art_fine-motion-racing.png,official-art_fine-motion-racing.png,
fine-motion,3,Concept art,art,image,official-art_fine-motion-concept.png,official-art_fine-motion-concept.png,
fine-motion,4,STARTING FUTURE,art,image,official-art_fine-motion-starting-future.png,official-art_fine-motion-starting-future.png,
fine-motion,5,Portrait 1,portrait,image,portrait_1.png,portrait_1.png,
fine-motion,6,Portrait 2,portrait,image,portrait_2.png,portrait_2.png,
fine-motion,7,Portrait 5,portrait,image,portrait_5.png,portrait_5.png,
fine-motion,8,Portrait 101,portrait,image,portrait_101.png,portrait_101.png,
fine-motion,9,Portrait 102,portrait,image,portrait_102.png,portrait_102.png,
fine-motion,10,Portrait 104,portrait,image,portrait_104.png,portrait_104.png,
fine-motion,11,Portrait 106,portrait,image,portrait_106.png,portrait_106.png,
fine-motion,12,Portrait 108,portrait,image,portrait_108.png,portrait_108.png,
fine-motion,13,Portrait 110,portrait,image,portrait_110.png,portrait_110.png,
fine-motion,14,Portrait 112,portrait,image,portrait_112.png,portrait_112.png,
fine-motion,15,Portrait 901022,portrait,image,portrait_901022.png,portrait_901022.png,
fine-motion,16,Portrait: [Noble Seamair],portrait,image,portrait_trainee_256_102201.png,portrait_trainee_256_102201.png,
fine-motion,17,Portrait: [Titania],portrait,image,portrait_trainee_256_102202.png,portrait_trainee_256_102202.png,
fine-motion,18,Portrait: Radiant Noodle Splendor Saga,portrait,image,portrait_trainee_256_102203.png,portrait_trainee_256_102203.png,
fine-motion,19,Comic 1 (EN),comic,image,manga_en_1022_01.png,manga_en_1022_01.png,
fine-motion,20,Comic 2 (JA),comic,image,manga_ja_1022_02.png,manga_ja_1022_02.png,
fine-motion,21,3D idle: Profile,idle3d,image,render_profile_idle_1022.png,render_profile_idle_1022.png,
fine-motion,22,3D idle: Original,idle3d,image,render_trainee_idle_102201.png,render_trainee_idle_102201.png,
fine-motion,23,3D idle: Wedding,idle3d,image,render_trainee_idle_102202.png,render_trainee_idle_102202.png,
fine-motion,24,3D idle: Tracen-ken,idle3d,image,render_trainee_idle_102203.png,render_trainee_idle_102203.png,
fine-motion,25,Chibi collection,chibi,image,chibi_sheet_1022-c0535e81c173.png,chibi_sheet_1022-c0535e81c173.png,
fine-motion,26,[Tracen Academy],support,image,supports_full_small_10028.png,supports_full_small_10028.png,
fine-motion,27,"[Grma, Ramen ♪]",support,image,supports_full_small_20037.png,supports_full_small_20037.png,
fine-motion,28,[Wave of Gratitude],support,image,supports_full_small_30010.png,supports_full_small_30010.png,
fine-motion,29,[Hello my clover],support,image,supports_full_small_30167.png,supports_full_small_30167.png,
fine-motion,30,[歴史も美食も余すところなく],support,image,supports_full_small_30214.png,supports_full_small_30214.png,
fine-motion,31,[ゆかし、きらめきの旅路],support,image,supports_full_small_30283.png,supports_full_small_30283.png,
biwa-hayahide,1,Uniform,art,image,official-art_biwa-hayahide-uniform.png,official-art_biwa-hayahide-uniform.png,
biwa-hayahide,2,Racing outfit,art,image,official-art_biwa-hayahide-racing.png,official-art_biwa-hayahide-racing.png,
biwa-hayahide,3,Concept art,art,image,official-art_biwa-hayahide-concept.png,official-art_biwa-hayahide-concept.png,
biwa-hayahide,4,STARTING FUTURE,art,image,official-art_biwa-hayahide-starting-future.png,official-art_biwa-hayahide-starting-future.png,
biwa-hayahide,5,Portrait 1,portrait,image,portrait_1.png,portrait_1.png,
biwa-hayahide,6,Portrait 2,portrait,image,portrait_2.png,portrait_2.png,
biwa-hayahide,7,Portrait 5,portrait,image,portrait_5.png,portrait_5.png,
biwa-hayahide,8,Portrait 101,portrait,image,portrait_101.png,portrait_101.png,
biwa-hayahide,9,Portrait 102,portrait,image,portrait_102.png,portrait_102.png,
biwa-hayahide,10,Portrait 104,portrait,image,portrait_104.png,portrait_104.png,
biwa-hayahide,11,Portrait 106,portrait,image,portrait_106.png,portrait_106.png,
biwa-hayahide,12,Portrait 108,portrait,image,portrait_108.png,portrait_108.png,
biwa-hayahide,13,Portrait 110,portrait,image,portrait_110.png,portrait_110.png,
biwa-hayahide,14,Portrait 112,portrait,image,portrait_112.png,portrait_112.png,
biwa-hayahide,15,Portrait 901023,portrait,image,portrait_901023.png,portrait_901023.png,
biwa-hayahide,16,Portrait: [pf. Winning Equation...],portrait,image,portrait_trainee_256_102301.png,portrait_trainee_256_102301.png,
biwa-hayahide,17,Portrait: [Rouge Caroler],portrait,image,portrait_trainee_256_102302.png,portrait_trainee_256_102302.png,
biwa-hayahide,18,Portrait: Engineered Victory,portrait,image,portrait_trainee_256_102303.png,portrait_trainee_256_102303.png,
biwa-hayahide,19,Comic 1 (EN),comic,image,manga_en_1023_01.png,manga_en_1023_01.png,
biwa-hayahide,20,3D idle: Profile,idle3d,image,render_profile_idle_1023.png,render_profile_idle_1023.png,
biwa-hayahide,21,3D idle: Original,idle3d,image,render_trainee_idle_102301.png,render_trainee_idle_102301.png,
biwa-hayahide,22,3D idle: Christmas,idle3d,image,render_trainee_idle_102302.png,render_trainee_idle_102302.png,
biwa-hayahide,23,3D idle: Mecha,idle3d,image,render_trainee_idle_102303.png,render_trainee_idle_102303.png,
biwa-hayahide,24,Chibi collection,chibi,image,chibi_sheet_1023-07d61dfd3e21.png,chibi_sheet_1023-07d61dfd3e21.png,
biwa-hayahide,25,[Tracen Academy],support,image,supports_full_small_10029.png,supports_full_small_10029.png,
biwa-hayahide,26,[Trial Initiation],support,image,supports_full_small_20006.png,supports_full_small_20006.png,
biwa-hayahide,27,[Our Resounding Steps],support,image,supports_full_small_30061.png,supports_full_small_30061.png,
biwa-hayahide,28,[Uchronia Architect],support,image,supports_full_small_30113.png,supports_full_small_30113.png,
mayano-top-gun,1,Uniform,art,image,official-art_mayano-top-gun-uniform.png,official-art_mayano-top-gun-uniform.png,
mayano-top-gun,2,Racing outfit,art,image,official-art_mayano-top-gun-racing.png,official-art_mayano-top-gun-racing.png,
mayano-top-gun,3,Concept art,art,image,official-art_mayano-top-gun-concept.png,official-art_mayano-top-gun-concept.png,
mayano-top-gun,4,STARTING FUTURE,art,image,official-art_mayano-top-gun-starting-future.png,official-art_mayano-top-gun-starting-future.png,
mayano-top-gun,5,Portrait 1,portrait,image,portrait_1.png,portrait_1.png,
mayano-top-gun,6,Portrait 2,portrait,image,portrait_2.png,portrait_2.png,
mayano-top-gun,7,Portrait 5,portrait,image,portrait_5.png,portrait_5.png,
mayano-top-gun,8,Portrait 101,portrait,image,portrait_101.png,portrait_101.png,
mayano-top-gun,9,Portrait 102,portrait,image,portrait_102.png,portrait_102.png,
mayano-top-gun,10,Portrait 104,portrait,image,portrait_104.png,portrait_104.png,
mayano-top-gun,11,Portrait 106,portrait,image,portrait_106.png,portrait_106.png,
mayano-top-gun,12,Portrait 108,portrait,image,portrait_108.png,portrait_108.png,
mayano-top-gun,13,Portrait 110,portrait,image,portrait_110.png,portrait_110.png,
mayano-top-gun,14,Portrait 112,portrait,image,portrait_112.png,portrait_112.png,
mayano-top-gun,15,Portrait 901024,portrait,image,portrait_901024.png,portrait_901024.png,
mayano-top-gun,16,Portrait: [Scramble☆Zone],portrait,image,portrait_trainee_256_102401.png,portrait_trainee_256_102401.png,
mayano-top-gun,17,Portrait: [Sunlight Bouquet],portrait,image,portrait_trainee_256_102402.png,portrait_trainee_256_102402.png,
mayano-top-gun,18,Portrait: Rocking☆MewMeow,portrait,image,portrait_trainee_256_102403.png,portrait_trainee_256_102403.png,
mayano-top-gun,19,Comic 1 (EN),comic,image,manga_en_1024_01.png,manga_en_1024_01.png,
mayano-top-gun,20,Comic 2 (EN),comic,image,manga_en_1024_02.png,manga_en_1024_02.png,
mayano-top-gun,21,3D idle: Profile,idle3d,image,render_profile_idle_1024.png,render_profile_idle_1024.png,
mayano-top-gun,22,3D idle: Original,idle3d,image,render_trainee_idle_102401.png,render_trainee_idle_102401.png,
mayano-top-gun,23,3D idle: Wedding,idle3d,image,render_trainee_idle_102402.png,render_trainee_idle_102402.png,
mayano-top-gun,24,3D idle: Halloween,idle3d,image,render_trainee_idle_102403.png,render_trainee_idle_102403.png,
mayano-top-gun,25,Chibi collection,chibi,image,chibi_sheet_1024-67476d15bf9e.png,chibi_sheet_1024-67476d15bf9e.png,
mayano-top-gun,26,[Tracen Academy],support,image,supports_full_small_10030.png,supports_full_small_10030.png,
mayano-top-gun,27,[Cute + Cute = ?],support,image,supports_full_small_20007.png,supports_full_small_20007.png,
mayano-top-gun,28,[Party Formation],support,image,supports_full_small_30072.png,supports_full_small_30072.png,
mayano-top-gun,29,[Chill Chill Night],support,image,supports_full_small_30151.png,supports_full_small_30151.png,
manhattan-cafe,1,Uniform,art,image,official-art_manhattan-cafe-uniform.png,official-art_manhattan-cafe-uniform.png,
manhattan-cafe,2,Racing outfit,art,image,official-art_manhattan-cafe-racing.png,official-art_manhattan-cafe-racing.png,
manhattan-cafe,3,Concept art,art,image,official-art_manhattan-cafe-concept.png,official-art_manhattan-cafe-concept.png,
manhattan-cafe,4,STARTING FUTURE,art,image,official-art_manhattan-cafe-starting-future.png,official-art_manhattan-cafe-starting-future.png,
manhattan-cafe,5,Portrait 1,portrait,image,portrait_1.png,portrait_1.png,
manhattan-cafe,6,Portrait 2,portrait,image,portrait_2.png,portrait_2.png,
manhattan-cafe,7,Portrait 5,portrait,image,portrait_5.png,portrait_5.png,
manhattan-cafe,8,Portrait 101,portrait,image,portrait_101.png,portrait_101.png,
manhattan-cafe,9,Portrait 102,portrait,image,portrait_102.png,portrait_102.png,
manhattan-cafe,10,Portrait 104,portrait,image,portrait_104.png,portrait_104.png,
manhattan-cafe,11,Portrait 106,portrait,image,portrait_106.png,portrait_106.png,
manhattan-cafe,12,Portrait 108,portrait,image,portrait_108.png,portrait_108.png,
manhattan-cafe,13,Portrait 110,portrait,image,portrait_110.png,portrait_110.png,
manhattan-cafe,14,Portrait 112,portrait,image,portrait_112.png,portrait_112.png,
manhattan-cafe,15,Portrait 901025,portrait,image,portrait_901025.png,portrait_901025.png,
manhattan-cafe,16,Portrait: [Creeping Shadow],portrait,image,portrait_trainee_256_102501.png,portrait_trainee_256_102501.png,
manhattan-cafe,17,Portrait: Willow-Green Evening,portrait,image,portrait_trainee_256_102502.png,portrait_trainee_256_102502.png,
manhattan-cafe,18,Portrait: Ethereal Rose,portrait,image,portrait_trainee_256_102503.png,portrait_trainee_256_102503.png,
manhattan-cafe,19,Comic 1 (EN),comic,image,manga_en_1025_01.png,manga_en_1025_01.png,
manhattan-cafe,20,Comic 2 (JA),comic,image,manga_ja_1025_02.png,manga_ja_1025_02.png,
manhattan-cafe,21,3D idle: Profile,idle3d,image,render_profile_idle_1025.png,render_profile_idle_1025.png,
manhattan-cafe,22,3D idle: Original,idle3d,image,render_trainee_idle_102501.png,render_trainee_idle_102501.png,
manhattan-cafe,23,3D idle: Valentine,idle3d,image,render_trainee_idle_102502.png,render_trainee_idle_102502.png,
manhattan-cafe,24,3D idle: Wedding,idle3d,image,render_trainee_idle_102503.png,render_trainee_idle_102503.png,
manhattan-cafe,25,Chibi collection,chibi,image,chibi_sheet_1025-6f960a7ab92e.png,chibi_sheet_1025-6f960a7ab92e.png,
manhattan-cafe,26,[Tracen Academy],support,image,supports_full_small_10031.png,supports_full_small_10031.png,
manhattan-cafe,27,[My Solo Drawn to Raindrop Drums],support,image,supports_full_small_20008.png,supports_full_small_20008.png,
manhattan-cafe,28,[My Solo Spun in Spiraling Runs],support,image,supports_full_small_30075.png,supports_full_small_30075.png,
manhattan-cafe,29,[It's on the House],support,image,supports_full_small_30110.png,supports_full_small_30110.png,
manhattan-cafe,30,[The Bubbles We Gaze upon Together],support,image,supports_full_small_30157.png,supports_full_small_30157.png,
mihono-bourbon,1,Uniform,art,image,official-art_mihono-bourbon-uniform.png,official-art_mihono-bourbon-uniform.png,
mihono-bourbon,2,Racing outfit,art,image,official-art_mihono-bourbon-racing.png,official-art_mihono-bourbon-racing.png,
mihono-bourbon,3,Concept art,art,image,official-art_mihono-bourbon-concept.png,official-art_mihono-bourbon-concept.png,
mihono-bourbon,4,STARTING FUTURE,art,image,official-art_mihono-bourbon-starting-future.png,official-art_mihono-bourbon-starting-future.png,
mihono-bourbon,5,Portrait 1,portrait,image,portrait_1.png,portrait_1.png,
mihono-bourbon,6,Portrait 2,portrait,image,portrait_2.png,portrait_2.png,
mihono-bourbon,7,Portrait 5,portrait,image,portrait_5.png,portrait_5.png,
mihono-bourbon,8,Portrait 101,portrait,image,portrait_101.png,portrait_101.png,
mihono-bourbon,9,Portrait 102,portrait,image,portrait_102.png,portrait_102.png,
mihono-bourbon,10,Portrait 104,portrait,image,portrait_104.png,portrait_104.png,
mihono-bourbon,11,Portrait 106,portrait,image,portrait_106.png,portrait_106.png,
mihono-bourbon,12,Portrait 108,portrait,image,portrait_108.png,portrait_108.png,
mihono-bourbon,13,Portrait 110,portrait,image,portrait_110.png,portrait_110.png,
mihono-bourbon,14,Portrait 112,portrait,image,portrait_112.png,portrait_112.png,
mihono-bourbon,15,Portrait 901026,portrait,image,portrait_901026.png,portrait_901026.png,
mihono-bourbon,16,Portrait: [MB-19890425],portrait,image,portrait_trainee_256_102601.png,portrait_trainee_256_102601.png,
mihono-bourbon,17,Portrait: [CODE: ICING],portrait,image,portrait_trainee_256_102602.png,portrait_trainee_256_102602.png,
mihono-bourbon,18,Comic 1 (EN),comic,image,manga_en_1026_01.png,manga_en_1026_01.png,
mihono-bourbon,19,Comic 2 (JA),comic,image,manga_ja_1026_02.png,manga_ja_1026_02.png,
mihono-bourbon,20,3D idle: Profile,idle3d,image,render_profile_idle_1026.png,render_profile_idle_1026.png,
mihono-bourbon,21,3D idle: Original,idle3d,image,render_trainee_idle_102601.png,render_trainee_idle_102601.png,
mihono-bourbon,22,3D idle: Valentine,idle3d,image,render_trainee_idle_102602.png,render_trainee_idle_102602.png,
mihono-bourbon,23,Chibi collection,chibi,image,chibi_sheet_1026-cf6b805a2a69.png,chibi_sheet_1026-cf6b805a2a69.png,
mihono-bourbon,24,[Tracen Academy],support,image,supports_full_small_10032.png,supports_full_small_10032.png,
mihono-bourbon,25,[Pal-Assisted Training],support,image,supports_full_small_20009.png,supports_full_small_20009.png,
mihono-bourbon,26,[Fugue of Fortune],support,image,supports_full_small_30059.png,supports_full_small_30059.png,
mihono-bourbon,27,[The Ghost Finds Halloween Magic],support,image,supports_full_small_30066.png,supports_full_small_30066.png,
mihono-bourbon,28,[U & Me],support,image,supports_full_small_30121.png,supports_full_small_30121.png,
mihono-bourbon,29,[Mission: Nourishing the Soul],support,image,supports_full_small_30141.png,supports_full_small_30141.png,
mihono-bourbon,30,[無機の闘志],support,image,supports_full_small_30277.png,supports_full_small_30277.png,
mejiro-ryan,1,Uniform,art,image,official-art_mejiro-ryan-uniform.png,official-art_mejiro-ryan-uniform.png,
mejiro-ryan,2,Racing outfit,art,image,official-art_mejiro-ryan-racing.png,official-art_mejiro-ryan-racing.png,
mejiro-ryan,3,Concept art,art,image,official-art_mejiro-ryan-concept.png,official-art_mejiro-ryan-concept.png,
mejiro-ryan,4,STARTING FUTURE,art,image,official-art_mejiro-ryan-starting-future.png,official-art_mejiro-ryan-starting-future.png,
mejiro-ryan,5,Portrait 1,portrait,image,portrait_1.png,portrait_1.png,
mejiro-ryan,6,Portrait 2,portrait,image,portrait_2.png,portrait_2.png,
mejiro-ryan,7,Portrait 5,portrait,image,portrait_5.png,portrait_5.png,
mejiro-ryan,8,Portrait 101,portrait,image,portrait_101.png,portrait_101.png,
mejiro-ryan,9,Portrait 102,portrait,image,portrait_102.png,portrait_102.png,
mejiro-ryan,10,Portrait 104,portrait,image,portrait_104.png,portrait_104.png,
mejiro-ryan,11,Portrait 106,portrait,image,portrait_106.png,portrait_106.png,
mejiro-ryan,12,Portrait 108,portrait,image,portrait_108.png,portrait_108.png,
mejiro-ryan,13,Portrait 110,portrait,image,portrait_110.png,portrait_110.png,
mejiro-ryan,14,Portrait 112,portrait,image,portrait_112.png,portrait_112.png,
mejiro-ryan,15,Portrait 901027,portrait,image,portrait_901027.png,portrait_901027.png,
mejiro-ryan,16,Portrait: [Down the Line],portrait,image,portrait_trainee_256_102701.png,portrait_trainee_256_102701.png,
mejiro-ryan,17,Portrait: [Marguerite Latte],portrait,image,portrait_trainee_256_102702.png,portrait_trainee_256_102702.png,
mejiro-ryan,18,Comic 1 (EN),comic,image,manga_en_1027_01.png,manga_en_1027_01.png,
mejiro-ryan,19,Comic 2 (JA),comic,image,manga_ja_1027_02.png,manga_ja_1027_02.png,
mejiro-ryan,20,3D idle: Profile,idle3d,image,render_profile_idle_1027.png,render_profile_idle_1027.png,
mejiro-ryan,21,3D idle: Original,idle3d,image,render_trainee_idle_102701.png,render_trainee_idle_102701.png,
mejiro-ryan,22,3D idle: Valentine,idle3d,image,render_trainee_idle_102702.png,render_trainee_idle_102702.png,
mejiro-ryan,23,Chibi collection,chibi,image,chibi_sheet_1027-f4cd082c6c47.png,chibi_sheet_1027-f4cd082c6c47.png,
mejiro-ryan,24,[Tracen Academy],support,image,supports_full_small_10033.png,supports_full_small_10033.png,
mejiro-ryan,25,[On and Off the Court],support,image,supports_full_small_20010.png,supports_full_small_20010.png,
mejiro-ryan,26,[Hot Hearts and Cool Drinks],support,image,supports_full_small_20040.png,supports_full_small_20040.png,
mejiro-ryan,27,[Winning Pitch],support,image,supports_full_small_30048.png,supports_full_small_30048.png,
mejiro-ryan,28,[選んで選んで、想いを込めて],support,image,supports_full_small_30176.png,supports_full_small_30176.png,
mejiro-ryan,29,[瞳に闘志を胸に勝利の渇望を],support,image,supports_full_small_30258.png,supports_full_small_30258.png,
hishi-akebono,1,Uniform,art,image,official-art_hishi-akebono-uniform.png,official-art_hishi-akebono-uniform.png,
hishi-akebono,2,Racing outfit,art,image,official-art_hishi-akebono-racing.png,official-art_hishi-akebono-racing.png,
hishi-akebono,3,Concept art,art,image,official-art_hishi-akebono-concept.png,official-art_hishi-akebono-concept.png,
hishi-akebono,4,STARTING FUTURE,art,image,official-art_hishi-akebono-starting-future.png,official-art_hishi-akebono-starting-future.png,
hishi-akebono,5,Portrait 1,portrait,image,portrait_1.png,portrait_1.png,
hishi-akebono,6,Portrait 2,portrait,image,portrait_2.png,portrait_2.png,
hishi-akebono,7,Portrait 5,portrait,image,portrait_5.png,portrait_5.png,
hishi-akebono,8,Portrait 101,portrait,image,portrait_101.png,portrait_101.png,
hishi-akebono,9,Portrait 102,portrait,image,portrait_102.png,portrait_102.png,
hishi-akebono,10,Portrait 104,portrait,image,portrait_104.png,portrait_104.png,
hishi-akebono,11,Portrait 106,portrait,image,portrait_106.png,portrait_106.png,
hishi-akebono,12,Portrait 108,portrait,image,portrait_108.png,portrait_108.png,
hishi-akebono,13,Portrait 110,portrait,image,portrait_110.png,portrait_110.png,
hishi-akebono,14,Portrait 112,portrait,image,portrait_112.png,portrait_112.png,
hishi-akebono,15,Portrait 901028,portrait,image,portrait_901028.png,portrait_901028.png,
hishi-akebono,16,Portrait: [Buono ☆ Alla Moda],portrait,image,portrait_trainee_256_102801.png,portrait_trainee_256_102801.png,
hishi-akebono,17,Portrait: Magic Night Garland,portrait,image,portrait_trainee_256_102802.png,portrait_trainee_256_102802.png,
hishi-akebono,18,Comic 1 (EN),comic,image,manga_en_1028_01.png,manga_en_1028_01.png,
hishi-akebono,19,3D idle: Profile,idle3d,image,render_profile_idle_1028.png,render_profile_idle_1028.png,
hishi-akebono,20,3D idle: Original,idle3d,image,render_trainee_idle_102801.png,render_trainee_idle_102801.png,
hishi-akebono,21,3D idle: Halloween,idle3d,image,render_trainee_idle_102802.png,render_trainee_idle_102802.png,
hishi-akebono,22,Chibi collection,chibi,image,chibi_sheet_1028-5712e1fa78fb.png,chibi_sheet_1028-5712e1fa78fb.png,
hishi-akebono,23,[Tracen Academy],support,image,supports_full_small_10064.png,supports_full_small_10064.png,
hishi-akebono,24,[Try a Sweet Swim Ring],support,image,supports_full_small_20060.png,supports_full_small_20060.png,
hishi-akebono,25,[Who Wants the First Bite?],support,image,supports_full_small_30040.png,supports_full_small_30040.png,
hishi-akebono,26,[Fondente Smile],support,image,supports_full_small_30133.png,supports_full_small_30133.png,
yukino-bijin,1,Uniform,art,image,official-art_yukino-bijin-uniform.png,official-art_yukino-bijin-uniform.png,
yukino-bijin,2,Racing outfit,art,image,official-art_yukino-bijin-racing.png,official-art_yukino-bijin-racing.png,
yukino-bijin,3,Concept art,art,image,official-art_yukino-bijin-concept.png,official-art_yukino-bijin-concept.png,
yukino-bijin,4,STARTING FUTURE,art,image,official-art_yukino-bijin-starting-future.png,official-art_yukino-bijin-starting-future.png,
yukino-bijin,5,Portrait 1,portrait,image,portrait_1.png,portrait_1.png,
yukino-bijin,6,Portrait 2,portrait,image,portrait_2.png,portrait_2.png,
yukino-bijin,7,Portrait 5,portrait,image,portrait_5.png,portrait_5.png,
yukino-bijin,8,Portrait 101,portrait,image,portrait_101.png,portrait_101.png,
yukino-bijin,9,Portrait 102,portrait,image,portrait_102.png,portrait_102.png,
yukino-bijin,10,Portrait 104,portrait,image,portrait_104.png,portrait_104.png,
yukino-bijin,11,Portrait 106,portrait,image,portrait_106.png,portrait_106.png,
yukino-bijin,12,Portrait 108,portrait,image,portrait_108.png,portrait_108.png,
yukino-bijin,13,Portrait 110,portrait,image,portrait_110.png,portrait_110.png,
yukino-bijin,14,Portrait 112,portrait,image,portrait_112.png,portrait_112.png,
yukino-bijin,15,Portrait 901029,portrait,image,portrait_901029.png,portrait_901029.png,
yukino-bijin,16,Portrait: [Darl'n Snowflake],portrait,image,portrait_trainee_256_102901.png,portrait_trainee_256_102901.png,
yukino-bijin,17,Portrait: Snowy Girl of Tea and Cake,portrait,image,portrait_trainee_256_102902.png,portrait_trainee_256_102902.png,
yukino-bijin,18,Comic 1 (EN),comic,image,manga_en_1029_01.png,manga_en_1029_01.png,
yukino-bijin,19,3D idle: Profile,idle3d,image,render_profile_idle_1029.png,render_profile_idle_1029.png,
yukino-bijin,20,3D idle: Original,idle3d,image,render_trainee_idle_102901.png,render_trainee_idle_102901.png,
yukino-bijin,21,3D idle: Valentine,idle3d,image,render_trainee_idle_102902.png,render_trainee_idle_102902.png,
yukino-bijin,22,Chibi collection,chibi,image,chibi_sheet_1029-eea3eec7b6b7.png,chibi_sheet_1029-eea3eec7b6b7.png,
yukino-bijin,23,[Tracen Academy],support,image,supports_full_small_10034.png,supports_full_small_10034.png,
yukino-bijin,24,[City Girl 101],support,image,supports_full_small_20011.png,supports_full_small_20011.png,
yukino-bijin,25,[Hometown Cheers],support,image,supports_full_small_30031.png,supports_full_small_30031.png,
yukino-bijin,26,[Dancing Light into the Night],support,image,supports_full_small_30070.png,supports_full_small_30070.png,
rice-shower,1,Uniform,art,image,official-art_rice-shower-uniform.png,official-art_rice-shower-uniform.png,
rice-shower,2,Racing outfit,art,image,official-art_rice-shower-racing.png,official-art_rice-shower-racing.png,
rice-shower,3,Concept art,art,image,official-art_rice-shower-concept.png,official-art_rice-shower-concept.png,
rice-shower,4,STARTING FUTURE,art,image,official-art_rice-shower-starting-future.png,official-art_rice-shower-starting-future.png,
rice-shower,5,Portrait 1,portrait,image,portrait_1.png,portrait_1.png,
rice-shower,6,Portrait 2,portrait,image,portrait_2.png,portrait_2.png,
rice-shower,7,Portrait 5,portrait,image,portrait_5.png,portrait_5.png,
rice-shower,8,Portrait 101,portrait,image,portrait_101.png,portrait_101.png,
rice-shower,9,Portrait 102,portrait,image,portrait_102.png,portrait_102.png,
rice-shower,10,Portrait 104,portrait,image,portrait_104.png,portrait_104.png,
rice-shower,11,Portrait 106,portrait,image,portrait_106.png,portrait_106.png,
rice-shower,12,Portrait 108,portrait,image,portrait_108.png,portrait_108.png,
rice-shower,13,Portrait 110,portrait,image,portrait_110.png,portrait_110.png,
rice-shower,14,Portrait 112,portrait,image,portrait_112.png,portrait_112.png,
rice-shower,15,Portrait 901030,portrait,image,portrait_901030.png,portrait_901030.png,
rice-shower,16,Portrait: [Rosy Dreams],portrait,image,portrait_trainee_256_103001.png,portrait_trainee_256_103001.png,
rice-shower,17,Portrait: [Vampire Makeover!],portrait,image,portrait_trainee_256_103002.png,portrait_trainee_256_103002.png,
rice-shower,18,Portrait: Yummy Dreamy Fairy,portrait,image,portrait_trainee_256_103003.png,portrait_trainee_256_103003.png,
rice-shower,19,Comic 1 (EN),comic,image,manga_en_1030_01.png,manga_en_1030_01.png,
rice-shower,20,Comic 2 (EN),comic,image,manga_en_1030_02.png,manga_en_1030_02.png,
rice-shower,21,Comic 51 (JA),comic,image,manga_ja_1030_51.png,manga_ja_1030_51.png,
rice-shower,22,3D idle: Profile,idle3d,image,render_profile_idle_1030.png,render_profile_idle_1030.png,
rice-shower,23,3D idle: Original,idle3d,image,render_trainee_idle_103001.png,render_trainee_idle_103001.png,
rice-shower,24,3D idle: Halloween,idle3d,image,render_trainee_idle_103002.png,render_trainee_idle_103002.png,
rice-shower,25,3D idle: Great Food Festival,idle3d,image,render_trainee_idle_103003.png,render_trainee_idle_103003.png,
rice-shower,26,Chibi collection,chibi,image,chibi_sheet_1030-776b60ad8c3d.png,chibi_sheet_1030-776b60ad8c3d.png,
rice-shower,27,[Tracen Academy],support,image,supports_full_small_10015.png,supports_full_small_10015.png,
rice-shower,28,[『しあわせの青いバラ』],support,image,supports_full_small_20086.png,supports_full_small_20086.png,
rice-shower,29,[Showered in Joy],support,image,supports_full_small_30023.png,supports_full_small_30023.png,
rice-shower,30,[Happiness Just around the Bend],support,image,supports_full_small_30034.png,supports_full_small_30034.png,
rice-shower,31,[Day I Dreamed Of],support,image,supports_full_small_30100.png,supports_full_small_30100.png,
rice-shower,32,[めぐるぐるぐるトレセン日和],support,image,supports_full_small_30318.png,supports_full_small_30318.png,
ines-fujin,1,Uniform,art,image,official-art_ines-fujin-uniform.png,official-art_ines-fujin-uniform.png,
ines-fujin,2,Racing outfit,art,image,official-art_ines-fujin-racing.png,official-art_ines-fujin-racing.png,
ines-fujin,3,Concept art,art,image,official-art_ines-fujin-concept.png,official-art_ines-fujin-concept.png,
ines-fujin,4,STARTING FUTURE,art,image,official-art_ines-fujin-starting-future.png,official-art_ines-fujin-starting-future.png,
ines-fujin,5,Portrait 1,portrait,image,portrait_1.png,portrait_1.png,
ines-fujin,6,Portrait 2,portrait,image,portrait_2.png,portrait_2.png,
ines-fujin,7,Portrait 5,portrait,image,portrait_5.png,portrait_5.png,
ines-fujin,8,Portrait 101,portrait,image,portrait_101.png,portrait_101.png,
ines-fujin,9,Portrait 102,portrait,image,portrait_102.png,portrait_102.png,
ines-fujin,10,Portrait 104,portrait,image,portrait_104.png,portrait_104.png,
ines-fujin,11,Portrait 106,portrait,image,portrait_106.png,portrait_106.png,
ines-fujin,12,Portrait 108,portrait,image,portrait_108.png,portrait_108.png,
ines-fujin,13,Portrait 110,portrait,image,portrait_110.png,portrait_110.png,
ines-fujin,14,Portrait 112,portrait,image,portrait_112.png,portrait_112.png,
ines-fujin,15,Portrait 901031,portrait,image,portrait_901031.png,portrait_901031.png,
ines-fujin,16,Portrait: [Always Electrifying],portrait,image,portrait_trainee_256_103101.png,portrait_trainee_256_103101.png,
ines-fujin,17,Portrait: [Melt Your Heart],portrait,image,portrait_trainee_256_103102.png,portrait_trainee_256_103102.png,
ines-fujin,18,Portrait: Hello Hello Island,portrait,image,portrait_trainee_256_103103.png,portrait_trainee_256_103103.png,
ines-fujin,19,Comic 1 (EN),comic,image,manga_en_1031_01.png,manga_en_1031_01.png,
ines-fujin,20,3D idle: Profile,idle3d,image,render_profile_idle_1031.png,render_profile_idle_1031.png,
ines-fujin,21,3D idle: Original,idle3d,image,render_trainee_idle_103101.png,render_trainee_idle_103101.png,
ines-fujin,22,3D idle: Valentine,idle3d,image,render_trainee_idle_103102.png,render_trainee_idle_103102.png,
ines-fujin,23,3D idle: Deserted Island,idle3d,image,render_trainee_idle_103103.png,render_trainee_idle_103103.png,
ines-fujin,24,Chibi collection,chibi,image,chibi_sheet_1031-db5bd7d48f76.png,chibi_sheet_1031-db5bd7d48f76.png,
ines-fujin,25,[Tracen Academy],support,image,supports_full_small_10035.png,supports_full_small_10035.png,
ines-fujin,26,[You Earned It!],support,image,supports_full_small_20030.png,supports_full_small_20030.png,
ines-fujin,27,[Watch My Star Fly!],support,image,supports_full_small_30011.png,supports_full_small_30011.png,
agnes-tachyon,1,Uniform,art,image,official-art_agnes-tachyon-uniform.png,official-art_agnes-tachyon-uniform.png,
agnes-tachyon,2,Racing outfit,art,image,official-art_agnes-tachyon-racing.png,official-art_agnes-tachyon-racing.png,
agnes-tachyon,3,Concept art,art,image,official-art_agnes-tachyon-concept.png,official-art_agnes-tachyon-concept.png,
agnes-tachyon,4,STARTING FUTURE,art,image,official-art_agnes-tachyon-starting-future.png,official-art_agnes-tachyon-starting-future.png,
agnes-tachyon,5,Portrait 1,portrait,image,portrait_1.png,portrait_1.png,
agnes-tachyon,6,Portrait 2,portrait,image,portrait_2.png,portrait_2.png,
agnes-tachyon,7,Portrait 5,portrait,image,portrait_5.png,portrait_5.png,
agnes-tachyon,8,Portrait 101,portrait,image,portrait_101.png,portrait_101.png,
agnes-tachyon,9,Portrait 102,portrait,image,portrait_102.png,portrait_102.png,
agnes-tachyon,10,Portrait 104,portrait,image,portrait_104.png,portrait_104.png,
agnes-tachyon,11,Portrait 106,portrait,image,portrait_106.png,portrait_106.png,
agnes-tachyon,12,Portrait 108,portrait,image,portrait_108.png,portrait_108.png,
agnes-tachyon,13,Portrait 110,portrait,image,portrait_110.png,portrait_110.png,
agnes-tachyon,14,Portrait 112,portrait,image,portrait_112.png,portrait_112.png,
agnes-tachyon,15,Portrait 901032,portrait,image,portrait_901032.png,portrait_901032.png,
agnes-tachyon,16,Portrait: [tach-nology],portrait,image,portrait_trainee_256_103201.png,portrait_trainee_256_103201.png,
agnes-tachyon,17,Portrait: [Lunatic Lab],portrait,image,portrait_trainee_256_103202.png,portrait_trainee_256_103202.png,
agnes-tachyon,18,Portrait: Σ Experiment,portrait,image,portrait_trainee_256_103203.png,portrait_trainee_256_103203.png,
agnes-tachyon,19,Comic 1 (EN),comic,image,manga_en_1032_01.png,manga_en_1032_01.png,
agnes-tachyon,20,Comic 2 (JA),comic,image,manga_ja_1032_02.png,manga_ja_1032_02.png,
agnes-tachyon,21,3D idle: Profile,idle3d,image,render_profile_idle_1032.png,render_profile_idle_1032.png,
agnes-tachyon,22,3D idle: Original,idle3d,image,render_trainee_idle_103201.png,render_trainee_idle_103201.png,
agnes-tachyon,23,3D idle: Summer,idle3d,image,render_trainee_idle_103202.png,render_trainee_idle_103202.png,
agnes-tachyon,24,3D idle: Alt Version,idle3d,image,render_trainee_idle_103203.png,render_trainee_idle_103203.png,
agnes-tachyon,25,Chibi collection,chibi,image,chibi_sheet_1032-1a98e36b070e.png,chibi_sheet_1032-1a98e36b070e.png,
agnes-tachyon,26,[Tracen Academy],support,image,supports_full_small_10036.png,supports_full_small_10036.png,
agnes-tachyon,27,[Experimental Studies on Subject A],support,image,supports_full_small_20012.png,supports_full_small_20012.png,
agnes-tachyon,28,"[Ah, Wonderful Saccharinity]",support,image,supports_full_small_20059.png,supports_full_small_20059.png,
agnes-tachyon,29,[Q≠0],support,image,supports_full_small_30101.png,supports_full_small_30101.png,
agnes-tachyon,30,[無辺際ラボラトリィ],support,image,supports_full_small_30299.png,supports_full_small_30299.png,
admire-vega,1,Uniform,art,image,official-art_admire-vega-uniform.png,official-art_admire-vega-uniform.png,
admire-vega,2,Racing outfit,art,image,official-art_admire-vega-racing.png,official-art_admire-vega-racing.png,
admire-vega,3,Concept art,art,image,official-art_admire-vega-concept.png,official-art_admire-vega-concept.png,
admire-vega,4,STARTING FUTURE,art,image,official-art_admire-vega-starting-future.png,official-art_admire-vega-starting-future.png,
admire-vega,5,Portrait 1,portrait,image,portrait_1.png,portrait_1.png,
admire-vega,6,Portrait 2,portrait,image,portrait_2.png,portrait_2.png,
admire-vega,7,Portrait 5,portrait,image,portrait_5.png,portrait_5.png,
admire-vega,8,Portrait 101,portrait,image,portrait_101.png,portrait_101.png,
admire-vega,9,Portrait 102,portrait,image,portrait_102.png,portrait_102.png,
admire-vega,10,Portrait 104,portrait,image,portrait_104.png,portrait_104.png,
admire-vega,11,Portrait 106,portrait,image,portrait_106.png,portrait_106.png,
admire-vega,12,Portrait 108,portrait,image,portrait_108.png,portrait_108.png,
admire-vega,13,Portrait 110,portrait,image,portrait_110.png,portrait_110.png,
admire-vega,14,Portrait 112,portrait,image,portrait_112.png,portrait_112.png,
admire-vega,15,Portrait 901033,portrait,image,portrait_901033.png,portrait_901033.png,
admire-vega,16,Portrait: [Starry Nocturne],portrait,image,portrait_trainee_256_103301.png,portrait_trainee_256_103301.png,
admire-vega,17,Portrait: Glacialis Vega,portrait,image,portrait_trainee_256_103302.png,portrait_trainee_256_103302.png,
admire-vega,18,Comic 1 (EN),comic,image,manga_en_1033_01.png,manga_en_1033_01.png,
admire-vega,19,Comic 2 (EN),comic,image,manga_en_1033_02.png,manga_en_1033_02.png,
admire-vega,20,3D idle: Profile,idle3d,image,render_profile_idle_1033.png,render_profile_idle_1033.png,
admire-vega,21,3D idle: Original,idle3d,image,render_trainee_idle_103301.png,render_trainee_idle_103301.png,
admire-vega,22,3D idle: Christmas,idle3d,image,render_trainee_idle_103302.png,render_trainee_idle_103302.png,
admire-vega,23,Chibi collection,chibi,image,chibi_sheet_1033-d061a673eda1.png,chibi_sheet_1033-d061a673eda1.png,
admire-vega,24,[Tracen Academy],support,image,supports_full_small_10075.png,supports_full_small_10075.png,
admire-vega,25,[Aim for the Brightest],support,image,supports_full_small_20041.png,supports_full_small_20041.png,
admire-vega,26,[Lucky Star in the Sky],support,image,supports_full_small_30077.png,supports_full_small_30077.png,
admire-vega,27,[Precious☆Moments],support,image,supports_full_small_30162.png,supports_full_small_30162.png,
inari-one,1,Uniform,art,image,official-art_inari-one-uniform.png,official-art_inari-one-uniform.png,
inari-one,2,Racing outfit,art,image,official-art_inari-one-racing.png,official-art_inari-one-racing.png,
inari-one,3,Concept art,art,image,official-art_inari-one-concept.png,official-art_inari-one-concept.png,
inari-one,4,STARTING FUTURE,art,image,official-art_inari-one-starting-future.png,official-art_inari-one-starting-future.png,
inari-one,5,Portrait 1,portrait,image,portrait_1.png,portrait_1.png,
inari-one,6,Portrait 2,portrait,image,portrait_2.png,portrait_2.png,
inari-one,7,Portrait 5,portrait,image,portrait_5.png,portrait_5.png,
inari-one,8,Portrait 101,portrait,image,portrait_101.png,portrait_101.png,
inari-one,9,Portrait 102,portrait,image,portrait_102.png,portrait_102.png,
inari-one,10,Portrait 104,portrait,image,portrait_104.png,portrait_104.png,
inari-one,11,Portrait 106,portrait,image,portrait_106.png,portrait_106.png,
inari-one,12,Portrait 108,portrait,image,portrait_108.png,portrait_108.png,
inari-one,13,Portrait 110,portrait,image,portrait_110.png,portrait_110.png,
inari-one,14,Portrait 112,portrait,image,portrait_112.png,portrait_112.png,
inari-one,15,Portrait 901034,portrait,image,portrait_901034.png,portrait_901034.png,
inari-one,16,Portrait: [Edomurasaki],portrait,image,portrait_trainee_256_103401.png,portrait_trainee_256_103401.png,
inari-one,17,Portrait: [Golden Dream],portrait,image,portrait_trainee_256_103402.png,portrait_trainee_256_103402.png,
inari-one,18,Comic 1 (EN),comic,image,manga_en_1034_01.png,manga_en_1034_01.png,
inari-one,19,Comic 2 (JA),comic,image,manga_ja_1034_02.png,manga_ja_1034_02.png,
inari-one,20,3D idle: Profile,idle3d,image,render_profile_idle_1034.png,render_profile_idle_1034.png,
inari-one,21,3D idle: Original,idle3d,image,render_trainee_idle_103401.png,render_trainee_idle_103401.png,
inari-one,22,3D idle: Festival,idle3d,image,render_trainee_idle_103402.png,render_trainee_idle_103402.png,
inari-one,23,Chibi collection,chibi,image,chibi_sheet_1034-390513cc31b1.png,chibi_sheet_1034-390513cc31b1.png,
inari-one,24,[Tracen Academy],support,image,supports_full_small_10068.png,supports_full_small_10068.png,
inari-one,25,[Laughing through the Mud],support,image,supports_full_small_20032.png,supports_full_small_20032.png,
inari-one,26,[故郷に錦を飾るんでい！],support,image,supports_full_small_30281.png,supports_full_small_30281.png,
winning-ticket,1,Uniform,art,image,official-art_winning-ticket-uniform.png,official-art_winning-ticket-uniform.png,
winning-ticket,2,Racing outfit,art,image,official-art_winning-ticket-racing.png,official-art_winning-ticket-racing.png,
winning-ticket,3,Concept art,art,image,official-art_winning-ticket-concept.png,official-art_winning-ticket-concept.png,
winning-ticket,4,STARTING FUTURE,art,image,official-art_winning-ticket-starting-future.png,official-art_winning-ticket-starting-future.png,
winning-ticket,5,Portrait 1,portrait,image,portrait_1.png,portrait_1.png,
winning-ticket,6,Portrait 2,portrait,image,portrait_2.png,portrait_2.png,
winning-ticket,7,Portrait 5,portrait,image,portrait_5.png,portrait_5.png,
winning-ticket,8,Portrait 101,portrait,image,portrait_101.png,portrait_101.png,
winning-ticket,9,Portrait 102,portrait,image,portrait_102.png,portrait_102.png,
winning-ticket,10,Portrait 104,portrait,image,portrait_104.png,portrait_104.png,
winning-ticket,11,Portrait 106,portrait,image,portrait_106.png,portrait_106.png,
winning-ticket,12,Portrait 108,portrait,image,portrait_108.png,portrait_108.png,
winning-ticket,13,Portrait 110,portrait,image,portrait_110.png,portrait_110.png,
winning-ticket,14,Portrait 112,portrait,image,portrait_112.png,portrait_112.png,
winning-ticket,15,Portrait 901035,portrait,image,portrait_901035.png,portrait_901035.png,
winning-ticket,16,Portrait: [Get to Winning!],portrait,image,portrait_trainee_256_103501.png,portrait_trainee_256_103501.png,
winning-ticket,17,Portrait: [Dream Deliverer],portrait,image,portrait_trainee_256_103502.png,portrait_trainee_256_103502.png,
winning-ticket,18,Portrait: Glorious Coat,portrait,image,portrait_trainee_256_103503.png,portrait_trainee_256_103503.png,
winning-ticket,19,Comic 1 (EN),comic,image,manga_en_1035_01.png,manga_en_1035_01.png,
winning-ticket,20,3D idle: Profile,idle3d,image,render_profile_idle_1035.png,render_profile_idle_1035.png,
winning-ticket,21,3D idle: Original,idle3d,image,render_trainee_idle_103501.png,render_trainee_idle_103501.png,
winning-ticket,22,3D idle: Steampunk,idle3d,image,render_trainee_idle_103502.png,render_trainee_idle_103502.png,
winning-ticket,23,3D idle: U.A.F.,idle3d,image,render_trainee_idle_103503.png,render_trainee_idle_103503.png,
winning-ticket,24,Chibi collection,chibi,image,chibi_sheet_1035-ebf881b6c5c9.png,chibi_sheet_1035-ebf881b6c5c9.png,
winning-ticket,25,[Tracen Academy],support,image,supports_full_small_10016.png,supports_full_small_10016.png,
winning-ticket,26,[BNWinner!],support,image,supports_full_small_30012.png,supports_full_small_30012.png,
winning-ticket,27,[Dreams Do Come True!],support,image,supports_full_small_30033.png,supports_full_small_30033.png,
winning-ticket,28,[Full-Blown Tantrum],support,image,supports_full_small_30046.png,supports_full_small_30046.png,
winning-ticket,29,[小さな笑顔、2つ],support,image,supports_full_small_30183.png,supports_full_small_30183.png,
air-shakur,1,Uniform,art,image,official-art_air-shakur-uniform.png,official-art_air-shakur-uniform.png,
air-shakur,2,Racing outfit,art,image,official-art_air-shakur-racing.png,official-art_air-shakur-racing.png,
air-shakur,3,Concept art,art,image,official-art_air-shakur-concept.png,official-art_air-shakur-concept.png,
air-shakur,4,STARTING FUTURE,art,image,official-art_air-shakur-starting-future.png,official-art_air-shakur-starting-future.png,
air-shakur,5,Portrait 1,portrait,image,portrait_1.png,portrait_1.png,
air-shakur,6,Portrait 2,portrait,image,portrait_2.png,portrait_2.png,
air-shakur,7,Portrait 5,portrait,image,portrait_5.png,portrait_5.png,
air-shakur,8,Portrait 101,portrait,image,portrait_101.png,portrait_101.png,
air-shakur,9,Portrait 102,portrait,image,portrait_102.png,portrait_102.png,
air-shakur,10,Portrait 104,portrait,image,portrait_104.png,portrait_104.png,
air-shakur,11,Portrait 106,portrait,image,portrait_106.png,portrait_106.png,
air-shakur,12,Portrait 108,portrait,image,portrait_108.png,portrait_108.png,
air-shakur,13,Portrait 110,portrait,image,portrait_110.png,portrait_110.png,
air-shakur,14,Portrait 112,portrait,image,portrait_112.png,portrait_112.png,
air-shakur,15,Portrait 901036,portrait,image,portrait_901036.png,portrait_901036.png,
air-shakur,16,Portrait: [unsigned],portrait,image,portrait_trainee_256_103601.png,portrait_trainee_256_103601.png,
air-shakur,17,Portrait: Belphegor's Prime,portrait,image,portrait_trainee_256_103602.png,portrait_trainee_256_103602.png,
air-shakur,18,Comic 1 (EN),comic,image,manga_en_1036_01.png,manga_en_1036_01.png,
air-shakur,19,Comic 2 (JA),comic,image,manga_ja_1036_02.png,manga_ja_1036_02.png,
air-shakur,20,3D idle: Profile,idle3d,image,render_profile_idle_1036.png,render_profile_idle_1036.png,
air-shakur,21,3D idle: Original,idle3d,image,render_trainee_idle_103601.png,render_trainee_idle_103601.png,
air-shakur,22,3D idle: Halloween,idle3d,image,render_trainee_idle_103602.png,render_trainee_idle_103602.png,
air-shakur,23,Chibi collection,chibi,image,chibi_sheet_1036-09d3bfeea29d.png,chibi_sheet_1036-09d3bfeea29d.png,
air-shakur,24,[Tracen Academy],support,image,supports_full_small_10037.png,supports_full_small_10037.png,
air-shakur,25,[道端フィードバック],support,image,supports_full_small_20076.png,supports_full_small_20076.png,
air-shakur,26,[7 More Centimeters],support,image,supports_full_small_30013.png,supports_full_small_30013.png,
air-shakur,27,[Mag!c Number],support,image,supports_full_small_30092.png,supports_full_small_30092.png,
air-shakur,28,[Cocoon],support,image,supports_full_small_30226.png,supports_full_small_30226.png,
eishin-flash,1,Uniform,art,image,official-art_eishin-flash-uniform.png,official-art_eishin-flash-uniform.png,
eishin-flash,2,Racing outfit,art,image,official-art_eishin-flash-racing.png,official-art_eishin-flash-racing.png,
eishin-flash,3,Concept art,art,image,official-art_eishin-flash-concept.png,official-art_eishin-flash-concept.png,
eishin-flash,4,STARTING FUTURE,art,image,official-art_eishin-flash-starting-future.png,official-art_eishin-flash-starting-future.png,
eishin-flash,5,Portrait 1,portrait,image,portrait_1.png,portrait_1.png,
eishin-flash,6,Portrait 2,portrait,image,portrait_2.png,portrait_2.png,
eishin-flash,7,Portrait 5,portrait,image,portrait_5.png,portrait_5.png,
eishin-flash,8,Portrait 101,portrait,image,portrait_101.png,portrait_101.png,
eishin-flash,9,Portrait 102,portrait,image,portrait_102.png,portrait_102.png,
eishin-flash,10,Portrait 104,portrait,image,portrait_104.png,portrait_104.png,
eishin-flash,11,Portrait 106,portrait,image,portrait_106.png,portrait_106.png,
eishin-flash,12,Portrait 108,portrait,image,portrait_108.png,portrait_108.png,
eishin-flash,13,Portrait 110,portrait,image,portrait_110.png,portrait_110.png,
eishin-flash,14,Portrait 112,portrait,image,portrait_112.png,portrait_112.png,
eishin-flash,15,Portrait 901037,portrait,image,portrait_901037.png,portrait_901037.png,
eishin-flash,16,Portrait: [Meisterschaft],portrait,image,portrait_trainee_256_103701.png,portrait_trainee_256_103701.png,
eishin-flash,17,Portrait: [Precise Chocolatier],portrait,image,portrait_trainee_256_103702.png,portrait_trainee_256_103702.png,
eishin-flash,18,Portrait: Reines Plätschern,portrait,image,portrait_trainee_256_103703.png,portrait_trainee_256_103703.png,
eishin-flash,19,Comic 1 (EN),comic,image,manga_en_1037_01.png,manga_en_1037_01.png,
eishin-flash,20,Comic 2 (JA),comic,image,manga_ja_1037_02.png,manga_ja_1037_02.png,
eishin-flash,21,3D idle: Profile,idle3d,image,render_profile_idle_1037.png,render_profile_idle_1037.png,
eishin-flash,22,3D idle: Original,idle3d,image,render_trainee_idle_103701.png,render_trainee_idle_103701.png,
eishin-flash,23,3D idle: Valentine,idle3d,image,render_trainee_idle_103702.png,render_trainee_idle_103702.png,
eishin-flash,24,3D idle: Summer Trip,idle3d,image,render_trainee_idle_103703.png,render_trainee_idle_103703.png,
eishin-flash,25,Chibi collection,chibi,image,chibi_sheet_1037-41b3e38de100.png,chibi_sheet_1037-41b3e38de100.png,
eishin-flash,26,[Tracen Academy],support,image,supports_full_small_10038.png,supports_full_small_10038.png,
eishin-flash,27,[5:00 a.m.—Right on Schedule],support,image,supports_full_small_20013.png,supports_full_small_20013.png,
eishin-flash,28,[Danke Schön],support,image,supports_full_small_30122.png,supports_full_small_30122.png,
eishin-flash,29,[Zirkus der Träume],support,image,supports_full_small_30272.png,supports_full_small_30272.png,
curren-chan,1,Uniform,art,image,official-art_curren-chan-uniform.png,official-art_curren-chan-uniform.png,
curren-chan,2,Racing outfit,art,image,official-art_curren-chan-racing.png,official-art_curren-chan-racing.png,
curren-chan,3,Concept art,art,image,official-art_curren-chan-concept.png,official-art_curren-chan-concept.png,
curren-chan,4,STARTING FUTURE,art,image,official-art_curren-chan-starting-future.png,official-art_curren-chan-starting-future.png,
curren-chan,5,Portrait 1,portrait,image,portrait_1.png,portrait_1.png,
curren-chan,6,Portrait 2,portrait,image,portrait_2.png,portrait_2.png,
curren-chan,7,Portrait 5,portrait,image,portrait_5.png,portrait_5.png,
curren-chan,8,Portrait 101,portrait,image,portrait_101.png,portrait_101.png,
curren-chan,9,Portrait 102,portrait,image,portrait_102.png,portrait_102.png,
curren-chan,10,Portrait 104,portrait,image,portrait_104.png,portrait_104.png,
curren-chan,11,Portrait 106,portrait,image,portrait_106.png,portrait_106.png,
curren-chan,12,Portrait 108,portrait,image,portrait_108.png,portrait_108.png,
curren-chan,13,Portrait 110,portrait,image,portrait_110.png,portrait_110.png,
curren-chan,14,Portrait 112,portrait,image,portrait_112.png,portrait_112.png,
curren-chan,15,Portrait 901038,portrait,image,portrait_901038.png,portrait_901038.png,
curren-chan,16,Portrait: [Fille Éclair],portrait,image,portrait_trainee_256_103801.png,portrait_trainee_256_103801.png,
curren-chan,17,Portrait: [Ma Chérie of the New Moon],portrait,image,portrait_trainee_256_103802.png,portrait_trainee_256_103802.png,
curren-chan,18,Comic 1 (EN),comic,image,manga_en_1038_01.png,manga_en_1038_01.png,
curren-chan,19,3D idle: Profile,idle3d,image,render_profile_idle_1038.png,render_profile_idle_1038.png,
curren-chan,20,3D idle: Original,idle3d,image,render_trainee_idle_103801.png,render_trainee_idle_103801.png,
curren-chan,21,3D idle: Wedding,idle3d,image,render_trainee_idle_103802.png,render_trainee_idle_103802.png,
curren-chan,22,Chibi collection,chibi,image,chibi_sheet_1038-dd8d2cb6efa7.png,chibi_sheet_1038-dd8d2cb6efa7.png,
curren-chan,23,[Tracen Academy],support,image,supports_full_small_10073.png,supports_full_small_10073.png,
curren-chan,24,[Cozy Cute Memory ♪],support,image,supports_full_small_20044.png,supports_full_small_20044.png,
curren-chan,25,[Cutie Pie with Shining Eyes],support,image,supports_full_small_30068.png,supports_full_small_30068.png,
curren-chan,26,[Cutest in Ur ♡],support,image,supports_full_small_30237.png,supports_full_small_30237.png,
kawakami-princess,1,Uniform,art,image,official-art_kawakami-princess-uniform.png,official-art_kawakami-princess-uniform.png,
kawakami-princess,2,Racing outfit,art,image,official-art_kawakami-princess-racing.png,official-art_kawakami-princess-racing.png,
kawakami-princess,3,Concept art,art,image,official-art_kawakami-princess-concept.png,official-art_kawakami-princess-concept.png,
kawakami-princess,4,STARTING FUTURE,art,image,official-art_kawakami-princess-starting-future.png,official-art_kawakami-princess-starting-future.png,
kawakami-princess,5,Portrait 1,portrait,image,portrait_1.png,portrait_1.png,
kawakami-princess,6,Portrait 2,portrait,image,portrait_2.png,portrait_2.png,
kawakami-princess,7,Portrait 5,portrait,image,portrait_5.png,portrait_5.png,
kawakami-princess,8,Portrait 101,portrait,image,portrait_101.png,portrait_101.png,
kawakami-princess,9,Portrait 102,portrait,image,portrait_102.png,portrait_102.png,
kawakami-princess,10,Portrait 104,portrait,image,portrait_104.png,portrait_104.png,
kawakami-princess,11,Portrait 106,portrait,image,portrait_106.png,portrait_106.png,
kawakami-princess,12,Portrait 108,portrait,image,portrait_108.png,portrait_108.png,
kawakami-princess,13,Portrait 110,portrait,image,portrait_110.png,portrait_110.png,
kawakami-princess,14,Portrait 112,portrait,image,portrait_112.png,portrait_112.png,
kawakami-princess,15,Portrait 901039,portrait,image,portrait_901039.png,portrait_901039.png,
kawakami-princess,16,Portrait: [Princess of Pink],portrait,image,portrait_trainee_256_103901.png,portrait_trainee_256_103901.png,
kawakami-princess,17,Portrait: Suikan Beauty,portrait,image,portrait_trainee_256_103902.png,portrait_trainee_256_103902.png,
kawakami-princess,18,Comic 1 (EN),comic,image,manga_en_1039_01.png,manga_en_1039_01.png,
kawakami-princess,19,Comic 2 (JA),comic,image,manga_ja_1039_02.png,manga_ja_1039_02.png,
kawakami-princess,20,3D idle: Profile,idle3d,image,render_profile_idle_1039.png,render_profile_idle_1039.png,
kawakami-princess,21,3D idle: Original,idle3d,image,render_trainee_idle_103901.png,render_trainee_idle_103901.png,
kawakami-princess,22,3D idle: Festival,idle3d,image,render_trainee_idle_103902.png,render_trainee_idle_103902.png,
kawakami-princess,23,Chibi collection,chibi,image,chibi_sheet_1039-68665122e866.png,chibi_sheet_1039-68665122e866.png,
kawakami-princess,24,[Tracen Academy],support,image,supports_full_small_10063.png,supports_full_small_10063.png,
kawakami-princess,25,[私たちのプリンセス流儀],support,image,supports_full_small_20089.png,supports_full_small_20089.png,
kawakami-princess,26,[Princess Bride],support,image,supports_full_small_30039.png,supports_full_small_30039.png,
kawakami-princess,27,[Go Go☆Princess!],support,image,supports_full_small_30096.png,supports_full_small_30096.png,
gold-city,1,Uniform,art,image,official-art_gold-city-uniform.png,official-art_gold-city-uniform.png,
gold-city,2,Racing outfit,art,image,official-art_gold-city-racing.png,official-art_gold-city-racing.png,
gold-city,3,Concept art,art,image,official-art_gold-city-concept.png,official-art_gold-city-concept.png,
gold-city,4,STARTING FUTURE,art,image,official-art_gold-city-starting-future.png,official-art_gold-city-starting-future.png,
gold-city,5,Portrait 1,portrait,image,portrait_1.png,portrait_1.png,
gold-city,6,Portrait 2,portrait,image,portrait_2.png,portrait_2.png,
gold-city,7,Portrait 5,portrait,image,portrait_5.png,portrait_5.png,
gold-city,8,Portrait 101,portrait,image,portrait_101.png,portrait_101.png,
gold-city,9,Portrait 102,portrait,image,portrait_102.png,portrait_102.png,
gold-city,10,Portrait 104,portrait,image,portrait_104.png,portrait_104.png,
gold-city,11,Portrait 106,portrait,image,portrait_106.png,portrait_106.png,
gold-city,12,Portrait 108,portrait,image,portrait_108.png,portrait_108.png,
gold-city,13,Portrait 110,portrait,image,portrait_110.png,portrait_110.png,
gold-city,14,Portrait 112,portrait,image,portrait_112.png,portrait_112.png,
gold-city,15,Portrait 901040,portrait,image,portrait_901040.png,portrait_901040.png,
gold-city,16,Portrait: [Authentic / 1928],portrait,image,portrait_trainee_256_104001.png,portrait_trainee_256_104001.png,
gold-city,17,Portrait: [Autumn Cosmos],portrait,image,portrait_trainee_256_104002.png,portrait_trainee_256_104002.png,
gold-city,18,Portrait: Boho Flare,portrait,image,portrait_trainee_256_104003.png,portrait_trainee_256_104003.png,
gold-city,19,Comic 1 (EN),comic,image,manga_en_1040_01.png,manga_en_1040_01.png,
gold-city,20,Comic 2 (JA),comic,image,manga_ja_1040_02.png,manga_ja_1040_02.png,
gold-city,21,3D idle: Profile,idle3d,image,render_profile_idle_1040.png,render_profile_idle_1040.png,
gold-city,22,3D idle: Original,idle3d,image,render_trainee_idle_104001.png,render_trainee_idle_104001.png,
gold-city,23,3D idle: Festival,idle3d,image,render_trainee_idle_104002.png,render_trainee_idle_104002.png,
gold-city,24,3D idle: Deserted Island,idle3d,image,render_trainee_idle_104003.png,render_trainee_idle_104003.png,
gold-city,25,Chibi collection,chibi,image,chibi_sheet_1040-b695a7de5285.png,chibi_sheet_1040-b695a7de5285.png,
gold-city,26,[Tracen Academy],support,image,supports_full_small_10017.png,supports_full_small_10017.png,
gold-city,27,[Going for Gold],support,image,supports_full_small_20049.png,supports_full_small_20049.png,
gold-city,28,[Run(my)way],support,image,supports_full_small_30014.png,supports_full_small_30014.png,
gold-city,29,[Gentle Moon],support,image,supports_full_small_30153.png,supports_full_small_30153.png,
sakura-bakushin-o,1,Uniform,art,image,official-art_sakura-bakushin-o-uniform.png,official-art_sakura-bakushin-o-uniform.png,
sakura-bakushin-o,2,Racing outfit,art,image,official-art_sakura-bakushin-o-racing.png,official-art_sakura-bakushin-o-racing.png,
sakura-bakushin-o,3,Concept art,art,image,official-art_sakura-bakushin-o-concept.png,official-art_sakura-bakushin-o-concept.png,
sakura-bakushin-o,4,STARTING FUTURE,art,image,official-art_sakura-bakushin-o-starting-future.png,official-art_sakura-bakushin-o-starting-future.png,
sakura-bakushin-o,5,Portrait 1,portrait,image,portrait_1.png,portrait_1.png,
sakura-bakushin-o,6,Portrait 2,portrait,image,portrait_2.png,portrait_2.png,
sakura-bakushin-o,7,Portrait 5,portrait,image,portrait_5.png,portrait_5.png,
sakura-bakushin-o,8,Portrait 101,portrait,image,portrait_101.png,portrait_101.png,
sakura-bakushin-o,9,Portrait 102,portrait,image,portrait_102.png,portrait_102.png,
sakura-bakushin-o,10,Portrait 104,portrait,image,portrait_104.png,portrait_104.png,
sakura-bakushin-o,11,Portrait 106,portrait,image,portrait_106.png,portrait_106.png,
sakura-bakushin-o,12,Portrait 108,portrait,image,portrait_108.png,portrait_108.png,
sakura-bakushin-o,13,Portrait 110,portrait,image,portrait_110.png,portrait_110.png,
sakura-bakushin-o,14,Portrait 112,portrait,image,portrait_112.png,portrait_112.png,
sakura-bakushin-o,15,Portrait 901041,portrait,image,portrait_901041.png,portrait_901041.png,
sakura-bakushin-o,16,Portrait: [Blossom in Learning],portrait,image,portrait_trainee_256_104101.png,portrait_trainee_256_104101.png,
sakura-bakushin-o,17,Portrait: [Red Hot☆Leader],portrait,image,portrait_trainee_256_104102.png,portrait_trainee_256_104102.png,
sakura-bakushin-o,18,Portrait: Spring-Thunder Speedster,portrait,image,portrait_trainee_256_104103.png,portrait_trainee_256_104103.png,
sakura-bakushin-o,19,Comic 1 (EN),comic,image,manga_en_1041_01.png,manga_en_1041_01.png,
sakura-bakushin-o,20,Comic 2 (EN),comic,image,manga_en_1041_02.png,manga_en_1041_02.png,
sakura-bakushin-o,21,3D idle: Profile,idle3d,image,render_profile_idle_1041.png,render_profile_idle_1041.png,
sakura-bakushin-o,22,3D idle: Original,idle3d,image,render_trainee_idle_104101.png,render_trainee_idle_104101.png,
sakura-bakushin-o,23,3D idle: Sports Festival,idle3d,image,render_trainee_idle_104102.png,render_trainee_idle_104102.png,
sakura-bakushin-o,24,3D idle: Ballroom,idle3d,image,render_trainee_idle_104103.png,render_trainee_idle_104103.png,
sakura-bakushin-o,25,Chibi collection,chibi,image,chibi_sheet_1041-df582a9ec8b9.png,chibi_sheet_1041-df582a9ec8b9.png,
sakura-bakushin-o,26,[Tracen Academy],support,image,supports_full_small_10018.png,supports_full_small_10018.png,
sakura-bakushin-o,27,[The Perfect Morning Greeting!],support,image,supports_full_small_20042.png,supports_full_small_20042.png,
sakura-bakushin-o,28,[Eat Fast! Yum Fast!],support,image,supports_full_small_30015.png,supports_full_small_30015.png,
sakura-bakushin-o,29,[Super! Sonic! Flower Power!],support,image,supports_full_small_30083.png,supports_full_small_30083.png,
sakura-bakushin-o,30,[感謝感謝！サクラ吹雪！！],support,image,supports_full_small_30184.png,supports_full_small_30184.png,
seeking-the-pearl,1,Uniform,art,image,official-art_seeking-the-pearl-uniform.png,official-art_seeking-the-pearl-uniform.png,
seeking-the-pearl,2,Racing outfit,art,image,official-art_seeking-the-pearl-racing.png,official-art_seeking-the-pearl-racing.png,
seeking-the-pearl,3,Concept art,art,image,official-art_seeking-the-pearl-concept.png,official-art_seeking-the-pearl-concept.png,
seeking-the-pearl,4,STARTING FUTURE,art,image,official-art_seeking-the-pearl-starting-future.png,official-art_seeking-the-pearl-starting-future.png,
seeking-the-pearl,5,Portrait 1,portrait,image,portrait_1.png,portrait_1.png,
seeking-the-pearl,6,Portrait 2,portrait,image,portrait_2.png,portrait_2.png,
seeking-the-pearl,7,Portrait 5,portrait,image,portrait_5.png,portrait_5.png,
seeking-the-pearl,8,Portrait 101,portrait,image,portrait_101.png,portrait_101.png,
seeking-the-pearl,9,Portrait 102,portrait,image,portrait_102.png,portrait_102.png,
seeking-the-pearl,10,Portrait 104,portrait,image,portrait_104.png,portrait_104.png,
seeking-the-pearl,11,Portrait 106,portrait,image,portrait_106.png,portrait_106.png,
seeking-the-pearl,12,Portrait 108,portrait,image,portrait_108.png,portrait_108.png,
seeking-the-pearl,13,Portrait 110,portrait,image,portrait_110.png,portrait_110.png,
seeking-the-pearl,14,Portrait 112,portrait,image,portrait_112.png,portrait_112.png,
seeking-the-pearl,15,Portrait 901042,portrait,image,portrait_901042.png,portrait_901042.png,
seeking-the-pearl,16,Portrait: [Rocket☆Star],portrait,image,portrait_trainee_256_104201.png,portrait_trainee_256_104201.png,
seeking-the-pearl,17,Portrait: Be♪Witched,portrait,image,portrait_trainee_256_104202.png,portrait_trainee_256_104202.png,
seeking-the-pearl,18,Comic 1 (EN),comic,image,manga_en_1042_01.png,manga_en_1042_01.png,
seeking-the-pearl,19,Comic 2 (JA),comic,image,manga_ja_1042_02.png,manga_ja_1042_02.png,
seeking-the-pearl,20,3D idle: Profile,idle3d,image,render_profile_idle_1042.png,render_profile_idle_1042.png,
seeking-the-pearl,21,3D idle: Original,idle3d,image,render_trainee_idle_104201.png,render_trainee_idle_104201.png,
seeking-the-pearl,22,3D idle: Halloween,idle3d,image,render_trainee_idle_104202.png,render_trainee_idle_104202.png,
seeking-the-pearl,23,Chibi collection,chibi,image,chibi_sheet_1042-2f8bca9ee790.png,chibi_sheet_1042-2f8bca9ee790.png,
seeking-the-pearl,24,[Tracen Academy],support,image,supports_full_small_10061.png,supports_full_small_10061.png,
seeking-the-pearl,25,[The World's My Oyster],support,image,supports_full_small_20029.png,supports_full_small_20029.png,
seeking-the-pearl,26,[Cheer that Changed the World],support,image,supports_full_small_30095.png,supports_full_small_30095.png,
seeking-the-pearl,27,[飛び立つヴィーナス],support,image,supports_full_small_30236.png,supports_full_small_30236.png,
shinko-windy,1,Uniform,art,image,official-art_shinko-windy-uniform.png,official-art_shinko-windy-uniform.png,
shinko-windy,2,Racing outfit,art,image,official-art_shinko-windy-racing.png,official-art_shinko-windy-racing.png,
shinko-windy,3,Concept art,art,image,official-art_shinko-windy-concept.png,official-art_shinko-windy-concept.png,
shinko-windy,4,STARTING FUTURE,art,image,official-art_shinko-windy-starting-future.png,official-art_shinko-windy-starting-future.png,
shinko-windy,5,Portrait 1,portrait,image,portrait_1.png,portrait_1.png,
shinko-windy,6,Portrait 2,portrait,image,portrait_2.png,portrait_2.png,
shinko-windy,7,Portrait 5,portrait,image,portrait_5.png,portrait_5.png,
shinko-windy,8,Portrait 101,portrait,image,portrait_101.png,portrait_101.png,
shinko-windy,9,Portrait 102,portrait,image,portrait_102.png,portrait_102.png,
shinko-windy,10,Portrait 104,portrait,image,portrait_104.png,portrait_104.png,
shinko-windy,11,Portrait 106,portrait,image,portrait_106.png,portrait_106.png,
shinko-windy,12,Portrait 108,portrait,image,portrait_108.png,portrait_108.png,
shinko-windy,13,Portrait 110,portrait,image,portrait_110.png,portrait_110.png,
shinko-windy,14,Portrait 112,portrait,image,portrait_112.png,portrait_112.png,
shinko-windy,15,Portrait 901043,portrait,image,portrait_901043.png,portrait_901043.png,
shinko-windy,16,Portrait: [Wicked Punk],portrait,image,portrait_trainee_256_104301.png,portrait_trainee_256_104301.png,
shinko-windy,17,Portrait: Chomp-Chomp ☆ Scamp,portrait,image,portrait_trainee_256_104302.png,portrait_trainee_256_104302.png,
shinko-windy,18,Comic 1 (EN),comic,image,manga_en_1043_01.png,manga_en_1043_01.png,
shinko-windy,19,3D idle: Profile,idle3d,image,render_profile_idle_1043.png,render_profile_idle_1043.png,
shinko-windy,20,3D idle: Original,idle3d,image,render_trainee_idle_104301.png,render_trainee_idle_104301.png,
shinko-windy,21,3D idle: 5.5th Anni,idle3d,image,render_trainee_idle_104302.png,render_trainee_idle_104302.png,
shinko-windy,22,Chibi collection,chibi,image,chibi_sheet_1043-25d1f2fc706f.png,chibi_sheet_1043-25d1f2fc706f.png,
shinko-windy,23,[Tracen Academy],support,image,supports_full_small_10066.png,supports_full_small_10066.png,
shinko-windy,24,[///WARNING GATE///],support,image,supports_full_small_20031.png,supports_full_small_20031.png,
shinko-windy,25,"[Onwards, Demon Queen Lackeys!]",support,image,supports_full_small_30117.png,supports_full_small_30117.png,
sweep-tosho,1,Uniform,art,image,official-art_sweep-tosho-uniform.png,official-art_sweep-tosho-uniform.png,
sweep-tosho,2,Racing outfit,art,image,official-art_sweep-tosho-racing.png,official-art_sweep-tosho-racing.png,
sweep-tosho,3,Concept art,art,image,official-art_sweep-tosho-concept.png,official-art_sweep-tosho-concept.png,
sweep-tosho,4,STARTING FUTURE,art,image,official-art_sweep-tosho-starting-future.png,official-art_sweep-tosho-starting-future.png,
sweep-tosho,5,Portrait 1,portrait,image,portrait_1.png,portrait_1.png,
sweep-tosho,6,Portrait 2,portrait,image,portrait_2.png,portrait_2.png,
sweep-tosho,7,Portrait 5,portrait,image,portrait_5.png,portrait_5.png,
sweep-tosho,8,Portrait 101,portrait,image,portrait_101.png,portrait_101.png,
sweep-tosho,9,Portrait 102,portrait,image,portrait_102.png,portrait_102.png,
sweep-tosho,10,Portrait 104,portrait,image,portrait_104.png,portrait_104.png,
sweep-tosho,11,Portrait 106,portrait,image,portrait_106.png,portrait_106.png,
sweep-tosho,12,Portrait 108,portrait,image,portrait_108.png,portrait_108.png,
sweep-tosho,13,Portrait 110,portrait,image,portrait_110.png,portrait_110.png,
sweep-tosho,14,Portrait 112,portrait,image,portrait_112.png,portrait_112.png,
sweep-tosho,15,Portrait 901044,portrait,image,portrait_901044.png,portrait_901044.png,
sweep-tosho,16,Portrait: [Platanus Witch],portrait,image,portrait_trainee_256_104401.png,portrait_trainee_256_104401.png,
sweep-tosho,17,Portrait: Realize・Rune,portrait,image,portrait_trainee_256_104402.png,portrait_trainee_256_104402.png,
sweep-tosho,18,Comic 1 (EN),comic,image,manga_en_1044_01.png,manga_en_1044_01.png,
sweep-tosho,19,Comic 2 (JA),comic,image,manga_ja_1044_02.png,manga_ja_1044_02.png,
sweep-tosho,20,3D idle: Profile,idle3d,image,render_profile_idle_1044.png,render_profile_idle_1044.png,
sweep-tosho,21,3D idle: Original,idle3d,image,render_trainee_idle_104401.png,render_trainee_idle_104401.png,
sweep-tosho,22,3D idle: Wedding,idle3d,image,render_trainee_idle_104402.png,render_trainee_idle_104402.png,
sweep-tosho,23,Chibi collection,chibi,image,chibi_sheet_1044-a09a7f1072dd.png,chibi_sheet_1044-a09a7f1072dd.png,
sweep-tosho,24,[Tracen Academy],support,image,supports_full_small_10050.png,supports_full_small_10050.png,
sweep-tosho,25,[Lamplit Training of a Witch-to-Be],support,image,supports_full_small_20023.png,supports_full_small_20023.png,
sweep-tosho,26,[Reckless Witch Training],support,image,supports_full_small_20046.png,supports_full_small_20046.png,
sweep-tosho,27,[It's All Mine!],support,image,supports_full_small_30045.png,supports_full_small_30045.png,
sweep-tosho,28,[Capricious Excellence],support,image,supports_full_small_30128.png,supports_full_small_30128.png,
super-creek,1,Uniform,art,image,official-art_super-creek-uniform.png,official-art_super-creek-uniform.png,
super-creek,2,Racing outfit,art,image,official-art_super-creek-racing.png,official-art_super-creek-racing.png,
super-creek,3,Concept art,art,image,official-art_super-creek-concept.png,official-art_super-creek-concept.png,
super-creek,4,STARTING FUTURE,art,image,official-art_super-creek-starting-future.png,official-art_super-creek-starting-future.png,
super-creek,5,Portrait 1,portrait,image,portrait_1.png,portrait_1.png,
super-creek,6,Portrait 2,portrait,image,portrait_2.png,portrait_2.png,
super-creek,7,Portrait 5,portrait,image,portrait_5.png,portrait_5.png,
super-creek,8,Portrait 101,portrait,image,portrait_101.png,portrait_101.png,
super-creek,9,Portrait 102,portrait,image,portrait_102.png,portrait_102.png,
super-creek,10,Portrait 104,portrait,image,portrait_104.png,portrait_104.png,
super-creek,11,Portrait 106,portrait,image,portrait_106.png,portrait_106.png,
super-creek,12,Portrait 108,portrait,image,portrait_108.png,portrait_108.png,
super-creek,13,Portrait 110,portrait,image,portrait_110.png,portrait_110.png,
super-creek,14,Portrait 112,portrait,image,portrait_112.png,portrait_112.png,
super-creek,15,Portrait 901045,portrait,image,portrait_901045.png,portrait_901045.png,
super-creek,16,Portrait: [Murmuring Stream],portrait,image,portrait_trainee_256_104501.png,portrait_trainee_256_104501.png,
super-creek,17,Portrait: [Chiffon-Wrapped Mummy],portrait,image,portrait_trainee_256_104502.png,portrait_trainee_256_104502.png,
super-creek,18,Portrait: Flowery Shadow Amongst the Gentle Rain,portrait,image,portrait_trainee_256_104503.png,portrait_trainee_256_104503.png,
super-creek,19,Comic 1 (EN),comic,image,manga_en_1045_01.png,manga_en_1045_01.png,
super-creek,20,Comic 2 (JA),comic,image,manga_ja_1045_02.png,manga_ja_1045_02.png,
super-creek,21,3D idle: Profile,idle3d,image,render_profile_idle_1045.png,render_profile_idle_1045.png,
super-creek,22,3D idle: Original,idle3d,image,render_trainee_idle_104501.png,render_trainee_idle_104501.png,
super-creek,23,3D idle: Halloween,idle3d,image,render_trainee_idle_104502.png,render_trainee_idle_104502.png,
super-creek,24,3D idle: Warfare,idle3d,image,render_trainee_idle_104503.png,render_trainee_idle_104503.png,
super-creek,25,Chibi collection,chibi,image,chibi_sheet_1045-dc41dad5df7b.png,chibi_sheet_1045-dc41dad5df7b.png,
super-creek,26,[Tracen Academy],support,image,supports_full_small_10019.png,supports_full_small_10019.png,
super-creek,27,[温もりの一皿、召し上がれ♪],support,image,supports_full_small_20097.png,supports_full_small_20097.png,
super-creek,28,[Piece of Mind],support,image,supports_full_small_30016.png,supports_full_small_30016.png,
smart-falcon,1,Uniform,art,image,official-art_smart-falcon-uniform.png,official-art_smart-falcon-uniform.png,
smart-falcon,2,Racing outfit,art,image,official-art_smart-falcon-racing.png,official-art_smart-falcon-racing.png,
smart-falcon,3,Concept art,art,image,official-art_smart-falcon-concept.png,official-art_smart-falcon-concept.png,
smart-falcon,4,STARTING FUTURE,art,image,official-art_smart-falcon-starting-future.png,official-art_smart-falcon-starting-future.png,
smart-falcon,5,Portrait 1,portrait,image,portrait_1.png,portrait_1.png,
smart-falcon,6,Portrait 2,portrait,image,portrait_2.png,portrait_2.png,
smart-falcon,7,Portrait 5,portrait,image,portrait_5.png,portrait_5.png,
smart-falcon,8,Portrait 101,portrait,image,portrait_101.png,portrait_101.png,
smart-falcon,9,Portrait 102,portrait,image,portrait_102.png,portrait_102.png,
smart-falcon,10,Portrait 104,portrait,image,portrait_104.png,portrait_104.png,
smart-falcon,11,Portrait 106,portrait,image,portrait_106.png,portrait_106.png,
smart-falcon,12,Portrait 108,portrait,image,portrait_108.png,portrait_108.png,
smart-falcon,13,Portrait 110,portrait,image,portrait_110.png,portrait_110.png,
smart-falcon,14,Portrait 112,portrait,image,portrait_112.png,portrait_112.png,
smart-falcon,15,Portrait 901046,portrait,image,portrait_901046.png,portrait_901046.png,
smart-falcon,16,Portrait: [LOVE☆4EVER],portrait,image,portrait_trainee_256_104601.png,portrait_trainee_256_104601.png,
smart-falcon,17,Portrait: [Twilight Triumph],portrait,image,portrait_trainee_256_104602.png,portrait_trainee_256_104602.png,
smart-falcon,18,Portrait: Luminous ☆ Twirler,portrait,image,portrait_trainee_256_104603.png,portrait_trainee_256_104603.png,
smart-falcon,19,Comic 1 (EN),comic,image,manga_en_1046_01.png,manga_en_1046_01.png,
smart-falcon,20,Comic 2 (JA),comic,image,manga_ja_1046_02.png,manga_ja_1046_02.png,
smart-falcon,21,3D idle: Profile,idle3d,image,render_profile_idle_1046.png,render_profile_idle_1046.png,
smart-falcon,22,3D idle: Original,idle3d,image,render_trainee_idle_104601.png,render_trainee_idle_104601.png,
smart-falcon,23,3D idle: Grand Concert,idle3d,image,render_trainee_idle_104602.png,render_trainee_idle_104602.png,
smart-falcon,24,3D idle: Parade,idle3d,image,render_trainee_idle_104603.png,render_trainee_idle_104603.png,
smart-falcon,25,Chibi collection,chibi,image,chibi_sheet_1046-1ae038fa1dff.png,chibi_sheet_1046-1ae038fa1dff.png,
smart-falcon,26,[Tracen Academy],support,image,supports_full_small_10039.png,supports_full_small_10039.png,
smart-falcon,27,[Almost... an Umadol?! ♡],support,image,supports_full_small_20045.png,supports_full_small_20045.png,
smart-falcon,28,[My Umadol Way! ☆],support,image,supports_full_small_30017.png,supports_full_small_30017.png,
smart-falcon,29,[波間のオフショット],support,image,supports_full_small_30210.png,supports_full_small_30210.png,
zenno-rob-roy,1,Uniform,art,image,official-art_zenno-rob-roy-uniform.png,official-art_zenno-rob-roy-uniform.png,
zenno-rob-roy,2,Racing outfit,art,image,official-art_zenno-rob-roy-racing.png,official-art_zenno-rob-roy-racing.png,
zenno-rob-roy,3,Concept art,art,image,official-art_zenno-rob-roy-concept.png,official-art_zenno-rob-roy-concept.png,
zenno-rob-roy,4,STARTING FUTURE,art,image,official-art_zenno-rob-roy-starting-future.png,official-art_zenno-rob-roy-starting-future.png,
zenno-rob-roy,5,Portrait 1,portrait,image,portrait_1.png,portrait_1.png,
zenno-rob-roy,6,Portrait 2,portrait,image,portrait_2.png,portrait_2.png,
zenno-rob-roy,7,Portrait 5,portrait,image,portrait_5.png,portrait_5.png,
zenno-rob-roy,8,Portrait 101,portrait,image,portrait_101.png,portrait_101.png,
zenno-rob-roy,9,Portrait 102,portrait,image,portrait_102.png,portrait_102.png,
zenno-rob-roy,10,Portrait 104,portrait,image,portrait_104.png,portrait_104.png,
zenno-rob-roy,11,Portrait 106,portrait,image,portrait_106.png,portrait_106.png,
zenno-rob-roy,12,Portrait 108,portrait,image,portrait_108.png,portrait_108.png,
zenno-rob-roy,13,Portrait 110,portrait,image,portrait_110.png,portrait_110.png,
zenno-rob-roy,14,Portrait 112,portrait,image,portrait_112.png,portrait_112.png,
zenno-rob-roy,15,Portrait 901047,portrait,image,portrait_901047.png,portrait_901047.png,
zenno-rob-roy,16,Portrait: [Heroic Author],portrait,image,portrait_trainee_256_104701.png,portrait_trainee_256_104701.png,
zenno-rob-roy,17,Portrait: Inlaid Stories,portrait,image,portrait_trainee_256_104702.png,portrait_trainee_256_104702.png,
zenno-rob-roy,18,Comic 1 (EN),comic,image,manga_en_1047_01.png,manga_en_1047_01.png,
zenno-rob-roy,19,3D idle: Profile,idle3d,image,render_profile_idle_1047.png,render_profile_idle_1047.png,
zenno-rob-roy,20,3D idle: Original,idle3d,image,render_trainee_idle_104701.png,render_trainee_idle_104701.png,
zenno-rob-roy,21,3D idle: Autumn,idle3d,image,render_trainee_idle_104702.png,render_trainee_idle_104702.png,
zenno-rob-roy,22,Chibi collection,chibi,image,chibi_sheet_1047-93f13a6d135d.png,chibi_sheet_1047-93f13a6d135d.png,
zenno-rob-roy,23,[Tracen Academy],support,image,supports_full_small_10059.png,supports_full_small_10059.png,
zenno-rob-roy,24,[The Perfect Book for You],support,image,supports_full_small_20028.png,supports_full_small_20028.png,
zenno-rob-roy,25,[清く、やわらかな夜],support,image,supports_full_small_20101.png,supports_full_small_20101.png,
zenno-rob-roy,26,[Magical Heroine],support,image,supports_full_small_30065.png,supports_full_small_30065.png,
zenno-rob-roy,27,"[""Rhodonite and the Dreamstone""]",support,image,supports_full_small_30104.png,supports_full_small_30104.png,
tosen-jordan,1,Uniform,art,image,official-art_tosen-jordan-uniform.png,official-art_tosen-jordan-uniform.png,
tosen-jordan,2,Racing outfit,art,image,official-art_tosen-jordan-racing.png,official-art_tosen-jordan-racing.png,
tosen-jordan,3,Concept art,art,image,official-art_tosen-jordan-concept.png,official-art_tosen-jordan-concept.png,
tosen-jordan,4,STARTING FUTURE,art,image,official-art_tosen-jordan-starting-future.png,official-art_tosen-jordan-starting-future.png,
tosen-jordan,5,Portrait 1,portrait,image,portrait_1.png,portrait_1.png,
tosen-jordan,6,Portrait 2,portrait,image,portrait_2.png,portrait_2.png,
tosen-jordan,7,Portrait 5,portrait,image,portrait_5.png,portrait_5.png,
tosen-jordan,8,Portrait 101,portrait,image,portrait_101.png,portrait_101.png,
tosen-jordan,9,Portrait 102,portrait,image,portrait_102.png,portrait_102.png,
tosen-jordan,10,Portrait 104,portrait,image,portrait_104.png,portrait_104.png,
tosen-jordan,11,Portrait 106,portrait,image,portrait_106.png,portrait_106.png,
tosen-jordan,12,Portrait 108,portrait,image,portrait_108.png,portrait_108.png,
tosen-jordan,13,Portrait 110,portrait,image,portrait_110.png,portrait_110.png,
tosen-jordan,14,Portrait 112,portrait,image,portrait_112.png,portrait_112.png,
tosen-jordan,15,Portrait 901048,portrait,image,portrait_901048.png,portrait_901048.png,
tosen-jordan,16,Portrait: [Jokester ☆ Vibes],portrait,image,portrait_trainee_256_104801.png,portrait_trainee_256_104801.png,
tosen-jordan,17,Portrait: [Aurore☆Vacances],portrait,image,portrait_trainee_256_104802.png,portrait_trainee_256_104802.png,
tosen-jordan,18,Portrait: Highkey ☆ Hallowed,portrait,image,portrait_trainee_256_104803.png,portrait_trainee_256_104803.png,
tosen-jordan,19,Comic 1 (EN),comic,image,manga_en_1048_01.png,manga_en_1048_01.png,
tosen-jordan,20,3D idle: Profile,idle3d,image,render_profile_idle_1048.png,render_profile_idle_1048.png,
tosen-jordan,21,3D idle: Original,idle3d,image,render_trainee_idle_104801.png,render_trainee_idle_104801.png,
tosen-jordan,22,3D idle: Summer Trip,idle3d,image,render_trainee_idle_104802.png,render_trainee_idle_104802.png,
tosen-jordan,23,3D idle: Halloween,idle3d,image,render_trainee_idle_104803.png,render_trainee_idle_104803.png,
tosen-jordan,24,Chibi collection,chibi,image,chibi_sheet_1048-0321de3cfc3c.png,chibi_sheet_1048-0321de3cfc3c.png,
tosen-jordan,25,[Tracen Academy],support,image,supports_full_small_10070.png,supports_full_small_10070.png,
tosen-jordan,26,[Turf as Nails],support,image,supports_full_small_20035.png,supports_full_small_20035.png,
tosen-jordan,27,[Time flies],support,image,supports_full_small_20073.png,supports_full_small_20073.png,
tosen-jordan,28,[My Way],support,image,supports_full_small_30084.png,supports_full_small_30084.png,
tosen-jordan,29,[All-Out Brilliance],support,image,supports_full_small_30273.png,supports_full_small_30273.png,
nakayama-festa,1,Uniform,art,image,official-art_nakayama-festa-uniform.png,official-art_nakayama-festa-uniform.png,
nakayama-festa,2,Racing outfit,art,image,official-art_nakayama-festa-racing.png,official-art_nakayama-festa-racing.png,
nakayama-festa,3,Concept art,art,image,official-art_nakayama-festa-concept.png,official-art_nakayama-festa-concept.png,
nakayama-festa,4,STARTING FUTURE,art,image,official-art_nakayama-festa-starting-future.png,official-art_nakayama-festa-starting-future.png,
nakayama-festa,5,Portrait 1,portrait,image,portrait_1.png,portrait_1.png,
nakayama-festa,6,Portrait 2,portrait,image,portrait_2.png,portrait_2.png,
nakayama-festa,7,Portrait 5,portrait,image,portrait_5.png,portrait_5.png,
nakayama-festa,8,Portrait 101,portrait,image,portrait_101.png,portrait_101.png,
nakayama-festa,9,Portrait 102,portrait,image,portrait_102.png,portrait_102.png,
nakayama-festa,10,Portrait 104,portrait,image,portrait_104.png,portrait_104.png,
nakayama-festa,11,Portrait 106,portrait,image,portrait_106.png,portrait_106.png,
nakayama-festa,12,Portrait 108,portrait,image,portrait_108.png,portrait_108.png,
nakayama-festa,13,Portrait 110,portrait,image,portrait_110.png,portrait_110.png,
nakayama-festa,14,Portrait 112,portrait,image,portrait_112.png,portrait_112.png,
nakayama-festa,15,Portrait 901049,portrait,image,portrait_901049.png,portrait_901049.png,
nakayama-festa,16,Portrait: [Desperate Measures],portrait,image,portrait_trainee_256_104901.png,portrait_trainee_256_104901.png,
nakayama-festa,17,Portrait: Festive Play,portrait,image,portrait_trainee_256_104902.png,portrait_trainee_256_104902.png,
nakayama-festa,18,Comic 1 (EN),comic,image,manga_en_1049_01.png,manga_en_1049_01.png,
nakayama-festa,19,Comic 2 (JA),comic,image,manga_ja_1049_02.png,manga_ja_1049_02.png,
nakayama-festa,20,3D idle: Profile,idle3d,image,render_profile_idle_1049.png,render_profile_idle_1049.png,
nakayama-festa,21,3D idle: Original,idle3d,image,render_trainee_idle_104901.png,render_trainee_idle_104901.png,
nakayama-festa,22,3D idle: Christmas,idle3d,image,render_trainee_idle_104902.png,render_trainee_idle_104902.png,
nakayama-festa,23,Chibi collection,chibi,image,chibi_sheet_1049-58c3ba319193.png,chibi_sheet_1049-58c3ba319193.png,
nakayama-festa,24,[Tracen Academy],support,image,supports_full_small_10067.png,supports_full_small_10067.png,
nakayama-festa,25,"[43, 8, 1]",support,image,supports_full_small_30043.png,supports_full_small_30043.png,
nakayama-festa,26,[Trusting the Dice],support,image,supports_full_small_30108.png,supports_full_small_30108.png,
nakayama-festa,27,[鉄火場に咲く菫],support,image,supports_full_small_30163.png,supports_full_small_30163.png,
narita-taishin,1,Uniform,art,image,official-art_narita-taishin-uniform.png,official-art_narita-taishin-uniform.png,
narita-taishin,2,Racing outfit,art,image,official-art_narita-taishin-racing.png,official-art_narita-taishin-racing.png,
narita-taishin,3,Concept art,art,image,official-art_narita-taishin-concept.png,official-art_narita-taishin-concept.png,
narita-taishin,4,STARTING FUTURE,art,image,official-art_narita-taishin-starting-future.png,official-art_narita-taishin-starting-future.png,
narita-taishin,5,Portrait 1,portrait,image,portrait_1.png,portrait_1.png,
narita-taishin,6,Portrait 2,portrait,image,portrait_2.png,portrait_2.png,
narita-taishin,7,Portrait 5,portrait,image,portrait_5.png,portrait_5.png,
narita-taishin,8,Portrait 101,portrait,image,portrait_101.png,portrait_101.png,
narita-taishin,9,Portrait 102,portrait,image,portrait_102.png,portrait_102.png,
narita-taishin,10,Portrait 104,portrait,image,portrait_104.png,portrait_104.png,
narita-taishin,11,Portrait 106,portrait,image,portrait_106.png,portrait_106.png,
narita-taishin,12,Portrait 108,portrait,image,portrait_108.png,portrait_108.png,
narita-taishin,13,Portrait 110,portrait,image,portrait_110.png,portrait_110.png,
narita-taishin,14,Portrait 112,portrait,image,portrait_112.png,portrait_112.png,
narita-taishin,15,Portrait 901050,portrait,image,portrait_901050.png,portrait_901050.png,
narita-taishin,16,Portrait: [Nevertheless],portrait,image,portrait_trainee_256_105001.png,portrait_trainee_256_105001.png,
narita-taishin,17,Portrait: [Difference Engineer],portrait,image,portrait_trainee_256_105002.png,portrait_trainee_256_105002.png,
narita-taishin,18,Portrait: Stray Light Override,portrait,image,portrait_trainee_256_105003.png,portrait_trainee_256_105003.png,
narita-taishin,19,Comic 1 (EN),comic,image,manga_en_1050_01.png,manga_en_1050_01.png,
narita-taishin,20,3D idle: Profile,idle3d,image,render_profile_idle_1050.png,render_profile_idle_1050.png,
narita-taishin,21,3D idle: Original,idle3d,image,render_trainee_idle_105001.png,render_trainee_idle_105001.png,
narita-taishin,22,3D idle: Steampunk,idle3d,image,render_trainee_idle_105002.png,render_trainee_idle_105002.png,
narita-taishin,23,3D idle: Mecha,idle3d,image,render_trainee_idle_105003.png,render_trainee_idle_105003.png,
narita-taishin,24,Chibi collection,chibi,image,chibi_sheet_1050-5af1776aa17d.png,chibi_sheet_1050-5af1776aa17d.png,
narita-taishin,25,[Tracen Academy],support,image,supports_full_small_10040.png,supports_full_small_10040.png,
narita-taishin,26,[Poolside High Tides],support,image,supports_full_small_20014.png,supports_full_small_20014.png,
narita-taishin,27,[Strict Shopper],support,image,supports_full_small_30073.png,supports_full_small_30073.png,
narita-taishin,28,[Take Them Down!],support,image,supports_full_small_30201.png,supports_full_small_30201.png,
nishino-flower,1,Uniform,art,image,official-art_nishino-flower-uniform.png,official-art_nishino-flower-uniform.png,
nishino-flower,2,Racing outfit,art,image,official-art_nishino-flower-racing.png,official-art_nishino-flower-racing.png,
nishino-flower,3,Concept art,art,image,official-art_nishino-flower-concept.png,official-art_nishino-flower-concept.png,
nishino-flower,4,STARTING FUTURE,art,image,official-art_nishino-flower-starting-future.png,official-art_nishino-flower-starting-future.png,
nishino-flower,5,Portrait 1,portrait,image,portrait_1.png,portrait_1.png,
nishino-flower,6,Portrait 2,portrait,image,portrait_2.png,portrait_2.png,
nishino-flower,7,Portrait 5,portrait,image,portrait_5.png,portrait_5.png,
nishino-flower,8,Portrait 101,portrait,image,portrait_101.png,portrait_101.png,
nishino-flower,9,Portrait 102,portrait,image,portrait_102.png,portrait_102.png,
nishino-flower,10,Portrait 104,portrait,image,portrait_104.png,portrait_104.png,
nishino-flower,11,Portrait 106,portrait,image,portrait_106.png,portrait_106.png,
nishino-flower,12,Portrait 108,portrait,image,portrait_108.png,portrait_108.png,
nishino-flower,13,Portrait 110,portrait,image,portrait_110.png,portrait_110.png,
nishino-flower,14,Portrait 112,portrait,image,portrait_112.png,portrait_112.png,
nishino-flower,15,Portrait 901051,portrait,image,portrait_901051.png,portrait_901051.png,
nishino-flower,16,Portrait: [Layered Petals],portrait,image,portrait_trainee_256_105101.png,portrait_trainee_256_105101.png,
nishino-flower,17,Portrait: [Sweet Juneberry],portrait,image,portrait_trainee_256_105102.png,portrait_trainee_256_105102.png,
nishino-flower,18,Comic 1 (EN),comic,image,manga_en_1051_01.png,manga_en_1051_01.png,
nishino-flower,19,3D idle: Profile,idle3d,image,render_profile_idle_1051.png,render_profile_idle_1051.png,
nishino-flower,20,3D idle: Original,idle3d,image,render_trainee_idle_105101.png,render_trainee_idle_105101.png,
nishino-flower,21,3D idle: Wedding,idle3d,image,render_trainee_idle_105102.png,render_trainee_idle_105102.png,
nishino-flower,22,Chibi collection,chibi,image,chibi_sheet_1051-3b243d858653.png,chibi_sheet_1051-3b243d858653.png,
nishino-flower,23,[Tracen Academy],support,image,supports_full_small_10041.png,supports_full_small_10041.png,
nishino-flower,24,[Lifting Your Spirits],support,image,supports_full_small_20027.png,supports_full_small_20027.png,
nishino-flower,25,[Even the Littlest Bud],support,image,supports_full_small_30018.png,supports_full_small_30018.png,
nishino-flower,26,"[Little Cupcakes, Big Emotions]",support,image,supports_full_small_30082.png,supports_full_small_30082.png,
nishino-flower,27,[朝焼け苺の畑にて],support,image,supports_full_small_30208.png,supports_full_small_30208.png,
haru-urara,1,Uniform,art,image,official-art_haru-urara-uniform.png,official-art_haru-urara-uniform.png,
haru-urara,2,Racing outfit,art,image,official-art_haru-urara-racing.png,official-art_haru-urara-racing.png,
haru-urara,3,Concept art,art,image,official-art_haru-urara-concept.png,official-art_haru-urara-concept.png,
haru-urara,4,STARTING FUTURE,art,image,official-art_haru-urara-starting-future.png,official-art_haru-urara-starting-future.png,
haru-urara,5,Portrait 1,portrait,image,portrait_1.png,portrait_1.png,
haru-urara,6,Portrait 2,portrait,image,portrait_2.png,portrait_2.png,
haru-urara,7,Portrait 5,portrait,image,portrait_5.png,portrait_5.png,
haru-urara,8,Portrait 101,portrait,image,portrait_101.png,portrait_101.png,
haru-urara,9,Portrait 102,portrait,image,portrait_102.png,portrait_102.png,
haru-urara,10,Portrait 104,portrait,image,portrait_104.png,portrait_104.png,
haru-urara,11,Portrait 106,portrait,image,portrait_106.png,portrait_106.png,
haru-urara,12,Portrait 108,portrait,image,portrait_108.png,portrait_108.png,
haru-urara,13,Portrait 110,portrait,image,portrait_110.png,portrait_110.png,
haru-urara,14,Portrait 112,portrait,image,portrait_112.png,portrait_112.png,
haru-urara,15,Portrait 901052,portrait,image,portrait_901052.png,portrait_901052.png,
haru-urara,16,Portrait: [Bestest Prize ♪],portrait,image,portrait_trainee_256_105201.png,portrait_trainee_256_105201.png,
haru-urara,17,Portrait: [New Year ♪ New Urara!],portrait,image,portrait_trainee_256_105202.png,portrait_trainee_256_105202.png,
haru-urara,18,Comic 1 (EN),comic,image,manga_en_1052_01.png,manga_en_1052_01.png,
haru-urara,19,3D idle: Profile,idle3d,image,render_profile_idle_1052.png,render_profile_idle_1052.png,
haru-urara,20,3D idle: Original,idle3d,image,render_trainee_idle_105201.png,render_trainee_idle_105201.png,
haru-urara,21,3D idle: New Year,idle3d,image,render_trainee_idle_105202.png,render_trainee_idle_105202.png,
haru-urara,22,Chibi collection,chibi,image,chibi_sheet_1052-3f6a7aa24409.png,chibi_sheet_1052-3f6a7aa24409.png,
haru-urara,23,[Tracen Academy],support,image,supports_full_small_10020.png,supports_full_small_10020.png,
haru-urara,24,[Urara's Day Off!],support,image,supports_full_small_30019.png,supports_full_small_30019.png,
haru-urara,25,[Sunny Passion ♪],support,image,supports_full_small_30098.png,supports_full_small_30098.png,
haru-urara,26,[ああ、楽しや、楽しや！],support,image,supports_full_small_30171.png,supports_full_small_30171.png,
haru-urara,27,[わたしときみの交換こ♪],support,image,supports_full_small_30314.png,supports_full_small_30314.png,
bamboo-memory,1,Uniform,art,image,official-art_bamboo-memory-uniform.png,official-art_bamboo-memory-uniform.png,
bamboo-memory,2,Racing outfit,art,image,official-art_bamboo-memory-racing.png,official-art_bamboo-memory-racing.png,
bamboo-memory,3,Concept art,art,image,official-art_bamboo-memory-concept.png,official-art_bamboo-memory-concept.png,
bamboo-memory,4,STARTING FUTURE,art,image,official-art_bamboo-memory-starting-future.png,official-art_bamboo-memory-starting-future.png,
bamboo-memory,5,Portrait 1,portrait,image,portrait_1.png,portrait_1.png,
bamboo-memory,6,Portrait 2,portrait,image,portrait_2.png,portrait_2.png,
bamboo-memory,7,Portrait 5,portrait,image,portrait_5.png,portrait_5.png,
bamboo-memory,8,Portrait 101,portrait,image,portrait_101.png,portrait_101.png,
bamboo-memory,9,Portrait 102,portrait,image,portrait_102.png,portrait_102.png,
bamboo-memory,10,Portrait 104,portrait,image,portrait_104.png,portrait_104.png,
bamboo-memory,11,Portrait 106,portrait,image,portrait_106.png,portrait_106.png,
bamboo-memory,12,Portrait 108,portrait,image,portrait_108.png,portrait_108.png,
bamboo-memory,13,Portrait 110,portrait,image,portrait_110.png,portrait_110.png,
bamboo-memory,14,Portrait 112,portrait,image,portrait_112.png,portrait_112.png,
bamboo-memory,15,Portrait 901053,portrait,image,portrait_901053.png,portrait_901053.png,
bamboo-memory,16,Portrait: [Iron Ambition],portrait,image,portrait_trainee_256_105301.png,portrait_trainee_256_105301.png,
bamboo-memory,17,Portrait: [Ultra☆Marine],portrait,image,portrait_trainee_256_105302.png,portrait_trainee_256_105302.png,
bamboo-memory,18,Comic 1 (EN),comic,image,manga_en_1053_01.png,manga_en_1053_01.png,
bamboo-memory,19,Comic 2 (JA),comic,image,manga_ja_1053_02.png,manga_ja_1053_02.png,
bamboo-memory,20,3D idle: Profile,idle3d,image,render_profile_idle_1053.png,render_profile_idle_1053.png,
bamboo-memory,21,3D idle: Original,idle3d,image,render_trainee_idle_105301.png,render_trainee_idle_105301.png,
bamboo-memory,22,3D idle: Summer Trip,idle3d,image,render_trainee_idle_105302.png,render_trainee_idle_105302.png,
bamboo-memory,23,Chibi collection,chibi,image,chibi_sheet_1053-eb1a840cac2a.png,chibi_sheet_1053-eb1a840cac2a.png,
bamboo-memory,24,[Tracen Academy],support,image,supports_full_small_10065.png,supports_full_small_10065.png,
bamboo-memory,25,[Head-on Fight!],support,image,supports_full_small_30042.png,supports_full_small_30042.png,
bamboo-memory,26,[Make These Feelings Reach You!],support,image,supports_full_small_30094.png,supports_full_small_30094.png,
bamboo-memory,27,[Burning!!],support,image,supports_full_small_30197.png,supports_full_small_30197.png,
biko-pegasus,1,Uniform,art,image,official-art_biko-pegasus-uniform.png,official-art_biko-pegasus-uniform.png,
biko-pegasus,2,Racing outfit,art,image,official-art_biko-pegasus-racing.png,official-art_biko-pegasus-racing.png,
biko-pegasus,3,Concept art,art,image,official-art_biko-pegasus-concept.png,official-art_biko-pegasus-concept.png,
biko-pegasus,4,STARTING FUTURE,art,image,official-art_biko-pegasus-starting-future.png,official-art_biko-pegasus-starting-future.png,
biko-pegasus,5,Portrait 1,portrait,image,portrait_1.png,portrait_1.png,
biko-pegasus,6,Portrait 2,portrait,image,portrait_2.png,portrait_2.png,
biko-pegasus,7,Portrait 5,portrait,image,portrait_5.png,portrait_5.png,
biko-pegasus,8,Portrait 101,portrait,image,portrait_101.png,portrait_101.png,
biko-pegasus,9,Portrait 102,portrait,image,portrait_102.png,portrait_102.png,
biko-pegasus,10,Portrait 104,portrait,image,portrait_104.png,portrait_104.png,
biko-pegasus,11,Portrait 106,portrait,image,portrait_106.png,portrait_106.png,
biko-pegasus,12,Portrait 108,portrait,image,portrait_108.png,portrait_108.png,
biko-pegasus,13,Portrait 110,portrait,image,portrait_110.png,portrait_110.png,
biko-pegasus,14,Portrait 112,portrait,image,portrait_112.png,portrait_112.png,
biko-pegasus,15,Portrait 901054,portrait,image,portrait_901054.png,portrait_901054.png,
biko-pegasus,16,Portrait: Gale Pegasus Type Zero,portrait,image,portrait_trainee_256_105401.png,portrait_trainee_256_105401.png,
biko-pegasus,17,Comic 1 (EN),comic,image,manga_en_1054_01.png,manga_en_1054_01.png,
biko-pegasus,18,3D idle: Profile,idle3d,image,render_profile_idle_1054.png,render_profile_idle_1054.png,
biko-pegasus,19,3D idle: Original,idle3d,image,render_trainee_idle_105401.png,render_trainee_idle_105401.png,
biko-pegasus,20,Chibi collection,chibi,image,chibi_sheet_1054-52a4f30e3d62.png,chibi_sheet_1054-52a4f30e3d62.png,
biko-pegasus,21,[Tracen Academy],support,image,supports_full_small_10042.png,supports_full_small_10042.png,
biko-pegasus,22,[ニャンともイカすヒーローさ],support,image,supports_full_small_20090.png,supports_full_small_20090.png,
biko-pegasus,23,[Double Carrot Punch!],support,image,supports_full_small_30020.png,supports_full_small_30020.png,
biko-pegasus,24,[Transform! Garçon Form!],support,image,supports_full_small_30132.png,supports_full_small_30132.png,
biko-pegasus,25,[ちょいワルヒーロー、見参！],support,image,supports_full_small_30315.png,supports_full_small_30315.png,
marvelous-sunday,1,Uniform,art,image,official-art_marvelous-sunday-uniform.png,official-art_marvelous-sunday-uniform.png,
marvelous-sunday,2,Racing outfit,art,image,official-art_marvelous-sunday-racing.png,official-art_marvelous-sunday-racing.png,
marvelous-sunday,3,Concept art,art,image,official-art_marvelous-sunday-concept.png,official-art_marvelous-sunday-concept.png,
marvelous-sunday,4,STARTING FUTURE,art,image,official-art_marvelous-sunday-starting-future.png,official-art_marvelous-sunday-starting-future.png,
marvelous-sunday,5,Portrait 1,portrait,image,portrait_1.png,portrait_1.png,
marvelous-sunday,6,Portrait 2,portrait,image,portrait_2.png,portrait_2.png,
marvelous-sunday,7,Portrait 5,portrait,image,portrait_5.png,portrait_5.png,
marvelous-sunday,8,Portrait 101,portrait,image,portrait_101.png,portrait_101.png,
marvelous-sunday,9,Portrait 102,portrait,image,portrait_102.png,portrait_102.png,
marvelous-sunday,10,Portrait 104,portrait,image,portrait_104.png,portrait_104.png,
marvelous-sunday,11,Portrait 106,portrait,image,portrait_106.png,portrait_106.png,
marvelous-sunday,12,Portrait 108,portrait,image,portrait_108.png,portrait_108.png,
marvelous-sunday,13,Portrait 110,portrait,image,portrait_110.png,portrait_110.png,
marvelous-sunday,14,Portrait 112,portrait,image,portrait_112.png,portrait_112.png,
marvelous-sunday,15,Portrait 901055,portrait,image,portrait_901055.png,portrait_901055.png,
marvelous-sunday,16,Portrait: [★Super∞Marvel∞Tastic☆],portrait,image,portrait_trainee_256_105501.png,portrait_trainee_256_105501.png,
marvelous-sunday,17,Portrait: Trick ☆ Ribonetta,portrait,image,portrait_trainee_256_105502.png,portrait_trainee_256_105502.png,
marvelous-sunday,18,Comic 1 (EN),comic,image,manga_en_1055_01.png,manga_en_1055_01.png,
marvelous-sunday,19,Comic 2 (JA),comic,image,manga_ja_1055_02.png,manga_ja_1055_02.png,
marvelous-sunday,20,3D idle: Profile,idle3d,image,render_profile_idle_1055.png,render_profile_idle_1055.png,
marvelous-sunday,21,3D idle: Original,idle3d,image,render_trainee_idle_105501.png,render_trainee_idle_105501.png,
marvelous-sunday,22,3D idle: Halloween,idle3d,image,render_trainee_idle_105502.png,render_trainee_idle_105502.png,
marvelous-sunday,23,Chibi collection,chibi,image,chibi_sheet_1055-39e6ad8693c7.png,chibi_sheet_1055-39e6ad8693c7.png,
marvelous-sunday,24,[Tracen Academy],support,image,supports_full_small_10043.png,supports_full_small_10043.png,
marvelous-sunday,25,[A Marvelous ☆ Plan],support,image,supports_full_small_20015.png,supports_full_small_20015.png,
marvelous-sunday,26,[みんなにグッドマーベラス☆],support,image,supports_full_small_20079.png,supports_full_small_20079.png,
marvelous-sunday,27,[Dazzling Day in the Snow],support,image,supports_full_small_30074.png,supports_full_small_30074.png,
marvelous-sunday,28,[A MORE MARVELOUS WORLD! ☆],support,image,supports_full_small_30089.png,supports_full_small_30089.png,
marvelous-sunday,29,[Marvelous☆Chocolate Show],support,image,supports_full_small_30131.png,supports_full_small_30131.png,
matikanefukukitaru,1,Uniform,art,image,official-art_matikanefukukitaru-uniform.png,official-art_matikanefukukitaru-uniform.png,
matikanefukukitaru,2,Racing outfit,art,image,official-art_matikanefukukitaru-racing.png,official-art_matikanefukukitaru-racing.png,
matikanefukukitaru,3,Concept art,art,image,official-art_matikanefukukitaru-concept.png,official-art_matikanefukukitaru-concept.png,
matikanefukukitaru,4,STARTING FUTURE,art,image,official-art_matikanefukukitaru-starting-future.png,official-art_matikanefukukitaru-starting-future.png,
matikanefukukitaru,5,Portrait 1,portrait,image,portrait_1.png,portrait_1.png,
matikanefukukitaru,6,Portrait 2,portrait,image,portrait_2.png,portrait_2.png,
matikanefukukitaru,7,Portrait 5,portrait,image,portrait_5.png,portrait_5.png,
matikanefukukitaru,8,Portrait 101,portrait,image,portrait_101.png,portrait_101.png,
matikanefukukitaru,9,Portrait 102,portrait,image,portrait_102.png,portrait_102.png,
matikanefukukitaru,10,Portrait 104,portrait,image,portrait_104.png,portrait_104.png,
matikanefukukitaru,11,Portrait 106,portrait,image,portrait_106.png,portrait_106.png,
matikanefukukitaru,12,Portrait 108,portrait,image,portrait_108.png,portrait_108.png,
matikanefukukitaru,13,Portrait 110,portrait,image,portrait_110.png,portrait_110.png,
matikanefukukitaru,14,Portrait 112,portrait,image,portrait_112.png,portrait_112.png,
matikanefukukitaru,15,Portrait 901056,portrait,image,portrait_901056.png,portrait_901056.png,
matikanefukukitaru,16,Portrait: [Rising☆Fortune],portrait,image,portrait_trainee_256_105601.png,portrait_trainee_256_105601.png,
matikanefukukitaru,17,Portrait: [Lucky Tidings],portrait,image,portrait_trainee_256_105602.png,portrait_trainee_256_105602.png,
matikanefukukitaru,18,Comic 1 (EN),comic,image,manga_en_1056_01.png,manga_en_1056_01.png,
matikanefukukitaru,19,3D idle: Profile,idle3d,image,render_profile_idle_1056.png,render_profile_idle_1056.png,
matikanefukukitaru,20,3D idle: Original,idle3d,image,render_trainee_idle_105601.png,render_trainee_idle_105601.png,
matikanefukukitaru,21,3D idle: Full Armor,idle3d,image,render_trainee_idle_105602.png,render_trainee_idle_105602.png,
matikanefukukitaru,22,Chibi collection,chibi,image,chibi_sheet_1056-f3840297b533.png,chibi_sheet_1056-f3840297b533.png,
matikanefukukitaru,23,[Tracen Academy],support,image,supports_full_small_10044.png,supports_full_small_10044.png,
matikanefukukitaru,24,[Fate's Forecast],support,image,supports_full_small_20016.png,supports_full_small_20016.png,
matikanefukukitaru,25,[お守りパワーで福徳円満！],support,image,supports_full_small_20078.png,supports_full_small_20078.png,
matikanefukukitaru,26,[Touching Sleeves Is Good Luck! ♪],support,image,supports_full_small_30078.png,supports_full_small_30078.png,
matikanefukukitaru,27,[メークパワートリオ],support,image,supports_full_small_30225.png,supports_full_small_30225.png,
matikanefukukitaru,28,[吉兆招福チョコ来たる],support,image,supports_full_small_30286.png,supports_full_small_30286.png,
mr-cb,1,Uniform,art,image,official-art_mr-cb-uniform.png,official-art_mr-cb-uniform.png,
mr-cb,2,Racing outfit,art,image,official-art_mr-cb-racing.png,official-art_mr-cb-racing.png,
mr-cb,3,Concept art,art,image,official-art_mr-cb-concept.png,official-art_mr-cb-concept.png,
mr-cb,4,STARTING FUTURE,art,image,official-art_mr-cb-starting-future.png,official-art_mr-cb-starting-future.png,
mr-cb,5,Portrait 1,portrait,image,portrait_1.png,portrait_1.png,
mr-cb,6,Portrait 2,portrait,image,portrait_2.png,portrait_2.png,
mr-cb,7,Portrait 5,portrait,image,portrait_5.png,portrait_5.png,
mr-cb,8,Portrait 101,portrait,image,portrait_101.png,portrait_101.png,
mr-cb,9,Portrait 102,portrait,image,portrait_102.png,portrait_102.png,
mr-cb,10,Portrait 104,portrait,image,portrait_104.png,portrait_104.png,
mr-cb,11,Portrait 106,portrait,image,portrait_106.png,portrait_106.png,
mr-cb,12,Portrait 108,portrait,image,portrait_108.png,portrait_108.png,
mr-cb,13,Portrait 110,portrait,image,portrait_110.png,portrait_110.png,
mr-cb,14,Portrait 112,portrait,image,portrait_112.png,portrait_112.png,
mr-cb,15,Portrait 901057,portrait,image,portrait_901057.png,portrait_901057.png,
mr-cb,16,Portrait: [Clear Bliss],portrait,image,portrait_trainee_256_105701.png,portrait_trainee_256_105701.png,
mr-cb,17,Portrait: Dazzling Kabuki Flower,portrait,image,portrait_trainee_256_105702.png,portrait_trainee_256_105702.png,
mr-cb,18,Comic 1 (EN),comic,image,manga_en_1057_01.png,manga_en_1057_01.png,
mr-cb,19,Comic 2 (JA),comic,image,manga_ja_1057_02.png,manga_ja_1057_02.png,
mr-cb,20,3D idle: Profile,idle3d,image,render_profile_idle_1057.png,render_profile_idle_1057.png,
mr-cb,21,3D idle: Original,idle3d,image,render_trainee_idle_105701.png,render_trainee_idle_105701.png,
mr-cb,22,3D idle: New Year,idle3d,image,render_trainee_idle_105702.png,render_trainee_idle_105702.png,
mr-cb,23,Chibi collection,chibi,image,chibi_sheet_1057-33c0630dd349.png,chibi_sheet_1057-33c0630dd349.png,
mr-cb,24,[Tracen Academy],support,image,supports_full_small_10078.png,supports_full_small_10078.png,
mr-cb,25,[Dear Mr. C.B.],support,image,supports_full_small_30097.png,supports_full_small_30097.png,
mr-cb,26,[時に交わる海と空],support,image,supports_full_small_30312.png,supports_full_small_30312.png,
meisho-doto,1,Uniform,art,image,official-art_meisho-doto-uniform.png,official-art_meisho-doto-uniform.png,
meisho-doto,2,Racing outfit,art,image,official-art_meisho-doto-racing.png,official-art_meisho-doto-racing.png,
meisho-doto,3,Concept art,art,image,official-art_meisho-doto-concept.png,official-art_meisho-doto-concept.png,
meisho-doto,4,STARTING FUTURE,art,image,official-art_meisho-doto-starting-future.png,official-art_meisho-doto-starting-future.png,
meisho-doto,5,Portrait 1,portrait,image,portrait_1.png,portrait_1.png,
meisho-doto,6,Portrait 2,portrait,image,portrait_2.png,portrait_2.png,
meisho-doto,7,Portrait 5,portrait,image,portrait_5.png,portrait_5.png,
meisho-doto,8,Portrait 101,portrait,image,portrait_101.png,portrait_101.png,
meisho-doto,9,Portrait 102,portrait,image,portrait_102.png,portrait_102.png,
meisho-doto,10,Portrait 104,portrait,image,portrait_104.png,portrait_104.png,
meisho-doto,11,Portrait 106,portrait,image,portrait_106.png,portrait_106.png,
meisho-doto,12,Portrait 108,portrait,image,portrait_108.png,portrait_108.png,
meisho-doto,13,Portrait 110,portrait,image,portrait_110.png,portrait_110.png,
meisho-doto,14,Portrait 112,portrait,image,portrait_112.png,portrait_112.png,
meisho-doto,15,Portrait 901058,portrait,image,portrait_901058.png,portrait_901058.png,
meisho-doto,16,Portrait: [Turbulent Blue],portrait,image,portrait_trainee_256_105801.png,portrait_trainee_256_105801.png,
meisho-doto,17,Portrait: [Dot-o'-Lantern],portrait,image,portrait_trainee_256_105802.png,portrait_trainee_256_105802.png,
meisho-doto,18,Comic 1 (EN),comic,image,manga_en_1058_01.png,manga_en_1058_01.png,
meisho-doto,19,Comic 2 (JA),comic,image,manga_ja_1058_02.png,manga_ja_1058_02.png,
meisho-doto,20,3D idle: Profile,idle3d,image,render_profile_idle_1058.png,render_profile_idle_1058.png,
meisho-doto,21,3D idle: Original,idle3d,image,render_trainee_idle_105801.png,render_trainee_idle_105801.png,
meisho-doto,22,3D idle: Halloween,idle3d,image,render_trainee_idle_105802.png,render_trainee_idle_105802.png,
meisho-doto,23,Chibi collection,chibi,image,chibi_sheet_1058-dab927c4b2f1.png,chibi_sheet_1058-dab927c4b2f1.png,
meisho-doto,24,[Tracen Academy],support,image,supports_full_small_10045.png,supports_full_small_10045.png,
meisho-doto,25,[Fighting for Fortune],support,image,supports_full_small_20017.png,supports_full_small_20017.png,
meisho-doto,26,[Leaping into the Unknown],support,image,supports_full_small_30079.png,supports_full_small_30079.png,
meisho-doto,27,[不屈の遠吠え],support,image,supports_full_small_30230.png,supports_full_small_30230.png,
meisho-doto,28,[その執念は怒濤が如く],support,image,supports_full_small_30304.png,supports_full_small_30304.png,
mejiro-dober,1,Uniform,art,image,official-art_mejiro-dober-uniform.png,official-art_mejiro-dober-uniform.png,
mejiro-dober,2,Racing outfit,art,image,official-art_mejiro-dober-racing.png,official-art_mejiro-dober-racing.png,
mejiro-dober,3,Concept art,art,image,official-art_mejiro-dober-concept.png,official-art_mejiro-dober-concept.png,
mejiro-dober,4,STARTING FUTURE,art,image,official-art_mejiro-dober-starting-future.png,official-art_mejiro-dober-starting-future.png,
mejiro-dober,5,Portrait 1,portrait,image,portrait_1.png,portrait_1.png,
mejiro-dober,6,Portrait 2,portrait,image,portrait_2.png,portrait_2.png,
mejiro-dober,7,Portrait 5,portrait,image,portrait_5.png,portrait_5.png,
mejiro-dober,8,Portrait 101,portrait,image,portrait_101.png,portrait_101.png,
mejiro-dober,9,Portrait 102,portrait,image,portrait_102.png,portrait_102.png,
mejiro-dober,10,Portrait 104,portrait,image,portrait_104.png,portrait_104.png,
mejiro-dober,11,Portrait 106,portrait,image,portrait_106.png,portrait_106.png,
mejiro-dober,12,Portrait 108,portrait,image,portrait_108.png,portrait_108.png,
mejiro-dober,13,Portrait 110,portrait,image,portrait_110.png,portrait_110.png,
mejiro-dober,14,Portrait 112,portrait,image,portrait_112.png,portrait_112.png,
mejiro-dober,15,Portrait 901059,portrait,image,portrait_901059.png,portrait_901059.png,
mejiro-dober,16,Portrait: [Off the Line],portrait,image,portrait_trainee_256_105901.png,portrait_trainee_256_105901.png,
mejiro-dober,17,Portrait: [Sapphire Sojourn],portrait,image,portrait_trainee_256_105902.png,portrait_trainee_256_105902.png,
mejiro-dober,18,Comic 1 (EN),comic,image,manga_en_1059_01.png,manga_en_1059_01.png,
mejiro-dober,19,Comic 2 (JA),comic,image,manga_ja_1059_02.png,manga_ja_1059_02.png,
mejiro-dober,20,3D idle: Profile,idle3d,image,render_profile_idle_1059.png,render_profile_idle_1059.png,
mejiro-dober,21,3D idle: Original,idle3d,image,render_trainee_idle_105901.png,render_trainee_idle_105901.png,
mejiro-dober,22,3D idle: Camping,idle3d,image,render_trainee_idle_105902.png,render_trainee_idle_105902.png,
mejiro-dober,23,Chibi collection,chibi,image,chibi_sheet_1059-6e7fd46dc30d.png,chibi_sheet_1059-6e7fd46dc30d.png,
mejiro-dober,24,[Tracen Academy],support,image,supports_full_small_10046.png,supports_full_small_10046.png,
mejiro-dober,25,[Ignore the Stares],support,image,supports_full_small_20018.png,supports_full_small_20018.png,
mejiro-dober,26,[Gentle and Sleek],support,image,supports_full_small_20057.png,supports_full_small_20057.png,
mejiro-dober,27,[ぬくもりフォー・ユー],support,image,supports_full_small_20093.png,supports_full_small_20093.png,
mejiro-dober,28,"[My Thoughts, My Desires]",support,image,supports_full_small_30041.png,supports_full_small_30041.png,
mejiro-dober,29,[聖夜、変わるために],support,image,supports_full_small_30174.png,supports_full_small_30174.png,
nice-nature,1,Uniform,art,image,official-art_nice-nature-uniform.png,official-art_nice-nature-uniform.png,
nice-nature,2,Racing outfit,art,image,official-art_nice-nature-racing.png,official-art_nice-nature-racing.png,
nice-nature,3,Concept art,art,image,official-art_nice-nature-concept.png,official-art_nice-nature-concept.png,
nice-nature,4,STARTING FUTURE,art,image,official-art_nice-nature-starting-future.png,official-art_nice-nature-starting-future.png,
nice-nature,5,Portrait 1,portrait,image,portrait_1.png,portrait_1.png,
nice-nature,6,Portrait 2,portrait,image,portrait_2.png,portrait_2.png,
nice-nature,7,Portrait 5,portrait,image,portrait_5.png,portrait_5.png,
nice-nature,8,Portrait 101,portrait,image,portrait_101.png,portrait_101.png,
nice-nature,9,Portrait 102,portrait,image,portrait_102.png,portrait_102.png,
nice-nature,10,Portrait 104,portrait,image,portrait_104.png,portrait_104.png,
nice-nature,11,Portrait 106,portrait,image,portrait_106.png,portrait_106.png,
nice-nature,12,Portrait 108,portrait,image,portrait_108.png,portrait_108.png,
nice-nature,13,Portrait 110,portrait,image,portrait_110.png,portrait_110.png,
nice-nature,14,Portrait 112,portrait,image,portrait_112.png,portrait_112.png,
nice-nature,15,Portrait 901060,portrait,image,portrait_901060.png,portrait_901060.png,
nice-nature,16,Portrait: [Poinsettia Ribbon],portrait,image,portrait_trainee_256_106001.png,portrait_trainee_256_106001.png,
nice-nature,17,Portrait: [Run & Win],portrait,image,portrait_trainee_256_106002.png,portrait_trainee_256_106002.png,
nice-nature,18,Portrait: Converging Wishes,portrait,image,portrait_trainee_256_106003.png,portrait_trainee_256_106003.png,
nice-nature,19,Comic 1 (EN),comic,image,manga_en_1060_01.png,manga_en_1060_01.png,
nice-nature,20,3D idle: Profile,idle3d,image,render_profile_idle_1060.png,render_profile_idle_1060.png,
nice-nature,21,3D idle: Original,idle3d,image,render_trainee_idle_106001.png,render_trainee_idle_106001.png,
nice-nature,22,3D idle: Cheerleader,idle3d,image,render_trainee_idle_106002.png,render_trainee_idle_106002.png,
nice-nature,23,3D idle: New Year,idle3d,image,render_trainee_idle_106003.png,render_trainee_idle_106003.png,
nice-nature,24,Chibi collection,chibi,image,chibi_sheet_1060-771a00edf742.png,chibi_sheet_1060-771a00edf742.png,
nice-nature,25,[Tracen Academy],support,image,supports_full_small_10047.png,supports_full_small_10047.png,
nice-nature,26,[It's Just Water],support,image,supports_full_small_20019.png,supports_full_small_20019.png,
nice-nature,27,[Messing Around],support,image,supports_full_small_20026.png,supports_full_small_20026.png,
nice-nature,28,[とびっきりの金メダル],support,image,supports_full_small_20068.png,supports_full_small_20068.png,
nice-nature,29,[Daring to Dream],support,image,supports_full_small_30054.png,supports_full_small_30054.png,
nice-nature,30,[Don't Close Your Eyes Now],support,image,supports_full_small_30138.png,supports_full_small_30138.png,
nice-nature,31,[これきり、特別ですよ？],support,image,supports_full_small_30239.png,supports_full_small_30239.png,
nice-nature,32,[両手いっぱい、小倉愛],support,image,supports_full_small_30306.png,supports_full_small_30306.png,
king-halo,1,Uniform,art,image,official-art_king-halo-uniform.png,official-art_king-halo-uniform.png,
king-halo,2,Racing outfit,art,image,official-art_king-halo-racing.png,official-art_king-halo-racing.png,
king-halo,3,Concept art,art,image,official-art_king-halo-concept.png,official-art_king-halo-concept.png,
king-halo,4,STARTING FUTURE,art,image,official-art_king-halo-starting-future.png,official-art_king-halo-starting-future.png,
king-halo,5,Portrait 1,portrait,image,portrait_1.png,portrait_1.png,
king-halo,6,Portrait 2,portrait,image,portrait_2.png,portrait_2.png,
king-halo,7,Portrait 5,portrait,image,portrait_5.png,portrait_5.png,
king-halo,8,Portrait 101,portrait,image,portrait_101.png,portrait_101.png,
king-halo,9,Portrait 102,portrait,image,portrait_102.png,portrait_102.png,
king-halo,10,Portrait 104,portrait,image,portrait_104.png,portrait_104.png,
king-halo,11,Portrait 106,portrait,image,portrait_106.png,portrait_106.png,
king-halo,12,Portrait 108,portrait,image,portrait_108.png,portrait_108.png,
king-halo,13,Portrait 110,portrait,image,portrait_110.png,portrait_110.png,
king-halo,14,Portrait 112,portrait,image,portrait_112.png,portrait_112.png,
king-halo,15,Portrait 901061,portrait,image,portrait_901061.png,portrait_901061.png,
king-halo,16,Portrait: [King of Emeralds],portrait,image,portrait_trainee_256_106101.png,portrait_trainee_256_106101.png,
king-halo,17,Portrait: [Cheerleader in Noble White],portrait,image,portrait_trainee_256_106102.png,portrait_trainee_256_106102.png,
king-halo,18,Portrait: Evergreen Identity,portrait,image,portrait_trainee_256_106103.png,portrait_trainee_256_106103.png,
king-halo,19,Comic 1 (EN),comic,image,manga_en_1061_01.png,manga_en_1061_01.png,
king-halo,20,Comic 2 (JA),comic,image,manga_ja_1061_02.png,manga_ja_1061_02.png,
king-halo,21,3D idle: Profile,idle3d,image,render_profile_idle_1061.png,render_profile_idle_1061.png,
king-halo,22,3D idle: Original,idle3d,image,render_trainee_idle_106101.png,render_trainee_idle_106101.png,
king-halo,23,3D idle: Cheerleader,idle3d,image,render_trainee_idle_106102.png,render_trainee_idle_106102.png,
king-halo,24,3D idle: Wedding,idle3d,image,render_trainee_idle_106103.png,render_trainee_idle_106103.png,
king-halo,25,Chibi collection,chibi,image,chibi_sheet_1061-6167bdcce7f5.png,chibi_sheet_1061-6167bdcce7f5.png,
king-halo,26,[Tracen Academy],support,image,supports_full_small_10048.png,supports_full_small_10048.png,
king-halo,27,[First-Rate Plan],support,image,supports_full_small_20020.png,supports_full_small_20020.png,
king-halo,28,"[Tonight, We Waltz]",support,image,supports_full_small_30056.png,supports_full_small_30056.png,
king-halo,29,[我が舞、巡りて],support,image,supports_full_small_30170.png,supports_full_small_30170.png,
king-halo,30,[私のためのショッピング],support,image,supports_full_small_30285.png,supports_full_small_30285.png,
matikanetannhauser,1,Uniform,art,image,official-art_matikanetannhauser-uniform.png,official-art_matikanetannhauser-uniform.png,
matikanetannhauser,2,Racing outfit,art,image,official-art_matikanetannhauser-racing.png,official-art_matikanetannhauser-racing.png,
matikanetannhauser,3,Concept art,art,image,official-art_matikanetannhauser-concept.png,official-art_matikanetannhauser-concept.png,
matikanetannhauser,4,STARTING FUTURE,art,image,official-art_matikanetannhauser-starting-future.png,official-art_matikanetannhauser-starting-future.png,
matikanetannhauser,5,Portrait 1,portrait,image,portrait_1.png,portrait_1.png,
matikanetannhauser,6,Portrait 2,portrait,image,portrait_2.png,portrait_2.png,
matikanetannhauser,7,Portrait 5,portrait,image,portrait_5.png,portrait_5.png,
matikanetannhauser,8,Portrait 101,portrait,image,portrait_101.png,portrait_101.png,
matikanetannhauser,9,Portrait 102,portrait,image,portrait_102.png,portrait_102.png,
matikanetannhauser,10,Portrait 104,portrait,image,portrait_104.png,portrait_104.png,
matikanetannhauser,11,Portrait 106,portrait,image,portrait_106.png,portrait_106.png,
matikanetannhauser,12,Portrait 108,portrait,image,portrait_108.png,portrait_108.png,
matikanetannhauser,13,Portrait 110,portrait,image,portrait_110.png,portrait_110.png,
matikanetannhauser,14,Portrait 112,portrait,image,portrait_112.png,portrait_112.png,
matikanetannhauser,15,Portrait 901062,portrait,image,portrait_901062.png,portrait_901062.png,
matikanetannhauser,16,Portrait: [Clippety-Tippety-Clop],portrait,image,portrait_trainee_256_106201.png,portrait_trainee_256_106201.png,
matikanetannhauser,17,Portrait: [Blue Turbulence],portrait,image,portrait_trainee_256_106202.png,portrait_trainee_256_106202.png,
matikanetannhauser,18,Comic 1 (EN),comic,image,manga_en_1062_01.png,manga_en_1062_01.png,
matikanetannhauser,19,Comic 2 (EN),comic,image,manga_en_1062_02.png,manga_en_1062_02.png,
matikanetannhauser,20,3D idle: Profile,idle3d,image,render_profile_idle_1062.png,render_profile_idle_1062.png,
matikanetannhauser,21,3D idle: Original,idle3d,image,render_trainee_idle_106201.png,render_trainee_idle_106201.png,
matikanetannhauser,22,3D idle: Sports Festival,idle3d,image,render_trainee_idle_106202.png,render_trainee_idle_106202.png,
matikanetannhauser,23,Chibi collection,chibi,image,chibi_sheet_1062-f41ac32a01a2.png,chibi_sheet_1062-f41ac32a01a2.png,
matikanetannhauser,24,[Tracen Academy],support,image,supports_full_small_10057.png,supports_full_small_10057.png,
matikanetannhauser,25,[あくもー退散！？],support,image,supports_full_small_20069.png,supports_full_small_20069.png,
matikanetannhauser,26,[Just Keep Going],support,image,supports_full_small_30030.png,supports_full_small_30030.png,
matikanetannhauser,27,[Machitan☆Adventure],support,image,supports_full_small_30103.png,supports_full_small_30103.png,
matikanetannhauser,28,[行き先はあたたかな場所],support,image,supports_full_small_30317.png,supports_full_small_30317.png,
ikuno-dictus,1,Uniform,art,image,official-art_ikuno-dictus-uniform.png,official-art_ikuno-dictus-uniform.png,
ikuno-dictus,2,Racing outfit,art,image,official-art_ikuno-dictus-racing.png,official-art_ikuno-dictus-racing.png,
ikuno-dictus,3,Concept art,art,image,official-art_ikuno-dictus-concept.png,official-art_ikuno-dictus-concept.png,
ikuno-dictus,4,STARTING FUTURE,art,image,official-art_ikuno-dictus-starting-future.png,official-art_ikuno-dictus-starting-future.png,
ikuno-dictus,5,Portrait 1,portrait,image,portrait_1.png,portrait_1.png,
ikuno-dictus,6,Portrait 2,portrait,image,portrait_2.png,portrait_2.png,
ikuno-dictus,7,Portrait 5,portrait,image,portrait_5.png,portrait_5.png,
ikuno-dictus,8,Portrait 101,portrait,image,portrait_101.png,portrait_101.png,
ikuno-dictus,9,Portrait 102,portrait,image,portrait_102.png,portrait_102.png,
ikuno-dictus,10,Portrait 104,portrait,image,portrait_104.png,portrait_104.png,
ikuno-dictus,11,Portrait 106,portrait,image,portrait_106.png,portrait_106.png,
ikuno-dictus,12,Portrait 108,portrait,image,portrait_108.png,portrait_108.png,
ikuno-dictus,13,Portrait 110,portrait,image,portrait_110.png,portrait_110.png,
ikuno-dictus,14,Portrait 112,portrait,image,portrait_112.png,portrait_112.png,
ikuno-dictus,15,Portrait 901063,portrait,image,portrait_901063.png,portrait_901063.png,
ikuno-dictus,16,Portrait: Mantle of Steel,portrait,image,portrait_trainee_256_106301.png,portrait_trainee_256_106301.png,
ikuno-dictus,17,Portrait: Strolling an Orderly Path,portrait,image,portrait_trainee_256_106302.png,portrait_trainee_256_106302.png,
ikuno-dictus,18,Comic 1 (EN),comic,image,manga_en_1063_01.png,manga_en_1063_01.png,
ikuno-dictus,19,3D idle: Profile,idle3d,image,render_profile_idle_1063.png,render_profile_idle_1063.png,
ikuno-dictus,20,3D idle: Original,idle3d,image,render_trainee_idle_106301.png,render_trainee_idle_106301.png,
ikuno-dictus,21,3D idle: New Year,idle3d,image,render_trainee_idle_106302.png,render_trainee_idle_106302.png,
ikuno-dictus,22,Chibi collection,chibi,image,chibi_sheet_1063-63bb9f57adc3.png,chibi_sheet_1063-63bb9f57adc3.png,
ikuno-dictus,23,[Tracen Academy],support,image,supports_full_small_10053.png,supports_full_small_10053.png,
ikuno-dictus,24,[Never Skip Warm-Ups],support,image,supports_full_small_20025.png,supports_full_small_20025.png,
ikuno-dictus,25,"[Warm Heart, Soft Steps]",support,image,supports_full_small_30063.png,supports_full_small_30063.png,
ikuno-dictus,26,[Beloved Orchid Bouquet],support,image,supports_full_small_30099.png,supports_full_small_30099.png,
ikuno-dictus,27,[The View at Journey's End],support,image,supports_full_small_30143.png,supports_full_small_30143.png,
ikuno-dictus,28,[鉄の乙女も微笑んで],support,image,supports_full_small_30238.png,supports_full_small_30238.png,
mejiro-palmer,1,Uniform,art,image,official-art_mejiro-palmer-uniform.png,official-art_mejiro-palmer-uniform.png,
mejiro-palmer,2,Racing outfit,art,image,official-art_mejiro-palmer-racing.png,official-art_mejiro-palmer-racing.png,
mejiro-palmer,3,Concept art,art,image,official-art_mejiro-palmer-concept.png,official-art_mejiro-palmer-concept.png,
mejiro-palmer,4,STARTING FUTURE,art,image,official-art_mejiro-palmer-starting-future.png,official-art_mejiro-palmer-starting-future.png,
mejiro-palmer,5,Portrait 1,portrait,image,portrait_1.png,portrait_1.png,
mejiro-palmer,6,Portrait 2,portrait,image,portrait_2.png,portrait_2.png,
mejiro-palmer,7,Portrait 5,portrait,image,portrait_5.png,portrait_5.png,
mejiro-palmer,8,Portrait 101,portrait,image,portrait_101.png,portrait_101.png,
mejiro-palmer,9,Portrait 102,portrait,image,portrait_102.png,portrait_102.png,
mejiro-palmer,10,Portrait 104,portrait,image,portrait_104.png,portrait_104.png,
mejiro-palmer,11,Portrait 106,portrait,image,portrait_106.png,portrait_106.png,
mejiro-palmer,12,Portrait 108,portrait,image,portrait_108.png,portrait_108.png,
mejiro-palmer,13,Portrait 110,portrait,image,portrait_110.png,portrait_110.png,
mejiro-palmer,14,Portrait 112,portrait,image,portrait_112.png,portrait_112.png,
mejiro-palmer,15,Portrait 901064,portrait,image,portrait_901064.png,portrait_901064.png,
mejiro-palmer,16,Portrait: [Line Breakthrough],portrait,image,portrait_trainee_256_106401.png,portrait_trainee_256_106401.png,
mejiro-palmer,17,Portrait: Warm-Hearted Reindeer,portrait,image,portrait_trainee_256_106402.png,portrait_trainee_256_106402.png,
mejiro-palmer,18,Comic 1 (EN),comic,image,manga_en_1064_01.png,manga_en_1064_01.png,
mejiro-palmer,19,3D idle: Profile,idle3d,image,render_profile_idle_1064.png,render_profile_idle_1064.png,
mejiro-palmer,20,3D idle: Original,idle3d,image,render_trainee_idle_106401.png,render_trainee_idle_106401.png,
mejiro-palmer,21,3D idle: Christmas,idle3d,image,render_trainee_idle_106402.png,render_trainee_idle_106402.png,
mejiro-palmer,22,Chibi collection,chibi,image,chibi_sheet_1064-3e8a52d02898.png,chibi_sheet_1064-3e8a52d02898.png,
mejiro-palmer,23,[Tracen Academy],support,image,supports_full_small_10054.png,supports_full_small_10054.png,
mejiro-palmer,24,[救いはあるよっ♪],support,image,supports_full_small_20036.png,supports_full_small_20036.png,
mejiro-palmer,25,[Go Ahead and Laugh],support,image,supports_full_small_30027.png,supports_full_small_30027.png,
mejiro-palmer,26,[Moonlit Devil ♪],support,image,supports_full_small_30115.png,supports_full_small_30115.png,
mejiro-palmer,27,[As the Seagulls Soar],support,image,supports_full_small_30154.png,supports_full_small_30154.png,
daitaku-helios,1,Uniform,art,image,official-art_daitaku-helios-uniform.png,official-art_daitaku-helios-uniform.png,
daitaku-helios,2,Racing outfit,art,image,official-art_daitaku-helios-racing.png,official-art_daitaku-helios-racing.png,
daitaku-helios,3,Concept art,art,image,official-art_daitaku-helios-concept.png,official-art_daitaku-helios-concept.png,
daitaku-helios,4,STARTING FUTURE,art,image,official-art_daitaku-helios-starting-future.png,official-art_daitaku-helios-starting-future.png,
daitaku-helios,5,Portrait 1,portrait,image,portrait_1.png,portrait_1.png,
daitaku-helios,6,Portrait 2,portrait,image,portrait_2.png,portrait_2.png,
daitaku-helios,7,Portrait 5,portrait,image,portrait_5.png,portrait_5.png,
daitaku-helios,8,Portrait 101,portrait,image,portrait_101.png,portrait_101.png,
daitaku-helios,9,Portrait 102,portrait,image,portrait_102.png,portrait_102.png,
daitaku-helios,10,Portrait 104,portrait,image,portrait_104.png,portrait_104.png,
daitaku-helios,11,Portrait 106,portrait,image,portrait_106.png,portrait_106.png,
daitaku-helios,12,Portrait 108,portrait,image,portrait_108.png,portrait_108.png,
daitaku-helios,13,Portrait 110,portrait,image,portrait_110.png,portrait_110.png,
daitaku-helios,14,Portrait 112,portrait,image,portrait_112.png,portrait_112.png,
daitaku-helios,15,Portrait 901065,portrait,image,portrait_901065.png,portrait_901065.png,
daitaku-helios,16,Portrait: [Fun☆Fun☆Party Night],portrait,image,portrait_trainee_256_106501.png,portrait_trainee_256_106501.png,
daitaku-helios,17,Portrait: Joyful Jamboree!,portrait,image,portrait_trainee_256_106502.png,portrait_trainee_256_106502.png,
daitaku-helios,18,Comic 1 (EN),comic,image,manga_en_1065_01.png,manga_en_1065_01.png,
daitaku-helios,19,3D idle: Profile,idle3d,image,render_profile_idle_1065.png,render_profile_idle_1065.png,
daitaku-helios,20,3D idle: Original,idle3d,image,render_trainee_idle_106501.png,render_trainee_idle_106501.png,
daitaku-helios,21,3D idle: Ballroom,idle3d,image,render_trainee_idle_106502.png,render_trainee_idle_106502.png,
daitaku-helios,22,Chibi collection,chibi,image,chibi_sheet_1065-4ff9554896cb.png,chibi_sheet_1065-4ff9554896cb.png,
daitaku-helios,23,[Tracen Academy],support,image,supports_full_small_10052.png,supports_full_small_10052.png,
daitaku-helios,24,[Let's Get This Party Lit!],support,image,supports_full_small_20024.png,supports_full_small_20024.png,
daitaku-helios,25,[Make! Some! NOISE!],support,image,supports_full_small_30071.png,supports_full_small_30071.png,
daitaku-helios,26,[Sunlit Angel ♪],support,image,supports_full_small_30116.png,supports_full_small_30116.png,
daitaku-helios,27,[#Summer #NewMe],support,image,supports_full_small_30155.png,supports_full_small_30155.png,
twin-turbo,1,Uniform,art,image,official-art_twin-turbo-uniform.png,official-art_twin-turbo-uniform.png,
twin-turbo,2,Racing outfit,art,image,official-art_twin-turbo-racing.png,official-art_twin-turbo-racing.png,
twin-turbo,3,Concept art,art,image,official-art_twin-turbo-concept.png,official-art_twin-turbo-concept.png,
twin-turbo,4,STARTING FUTURE,art,image,official-art_twin-turbo-starting-future.png,official-art_twin-turbo-starting-future.png,
twin-turbo,5,Portrait 1,portrait,image,portrait_1.png,portrait_1.png,
twin-turbo,6,Portrait 2,portrait,image,portrait_2.png,portrait_2.png,
twin-turbo,7,Portrait 5,portrait,image,portrait_5.png,portrait_5.png,
twin-turbo,8,Portrait 101,portrait,image,portrait_101.png,portrait_101.png,
twin-turbo,9,Portrait 102,portrait,image,portrait_102.png,portrait_102.png,
twin-turbo,10,Portrait 104,portrait,image,portrait_104.png,portrait_104.png,
twin-turbo,11,Portrait 106,portrait,image,portrait_106.png,portrait_106.png,
twin-turbo,12,Portrait 108,portrait,image,portrait_108.png,portrait_108.png,
twin-turbo,13,Portrait 110,portrait,image,portrait_110.png,portrait_110.png,
twin-turbo,14,Portrait 112,portrait,image,portrait_112.png,portrait_112.png,
twin-turbo,15,Portrait 901066,portrait,image,portrait_901066.png,portrait_901066.png,
twin-turbo,16,Portrait: [Turbo Engine! Full Throttle!],portrait,image,portrait_trainee_256_106601.png,portrait_trainee_256_106601.png,
twin-turbo,17,Comic 1 (EN),comic,image,manga_en_1066_01.png,manga_en_1066_01.png,
twin-turbo,18,3D idle: Profile,idle3d,image,render_profile_idle_1066.png,render_profile_idle_1066.png,
twin-turbo,19,3D idle: Original,idle3d,image,render_trainee_idle_106601.png,render_trainee_idle_106601.png,
twin-turbo,20,Chibi collection,chibi,image,chibi_sheet_1066-fd94461f007a.png,chibi_sheet_1066-fd94461f007a.png,
twin-turbo,21,[Tracen Academy],support,image,supports_full_small_10051.png,supports_full_small_10051.png,
twin-turbo,22,[Turbo Booooost!],support,image,supports_full_small_30026.png,supports_full_small_30026.png,
twin-turbo,23,[Constellation of Stars],support,image,supports_full_small_30060.png,supports_full_small_30060.png,
twin-turbo,24,[TT Ignition!],support,image,supports_full_small_30112.png,supports_full_small_30112.png,
twin-turbo,25,[ウタエミンナノ],support,image,supports_full_small_30181.png,supports_full_small_30181.png,
satono-diamond,1,Uniform,art,image,official-art_satono-diamond-uniform.png,official-art_satono-diamond-uniform.png,
satono-diamond,2,Racing outfit,art,image,official-art_satono-diamond-racing.png,official-art_satono-diamond-racing.png,
satono-diamond,3,Concept art,art,image,official-art_satono-diamond-concept.png,official-art_satono-diamond-concept.png,
satono-diamond,4,STARTING FUTURE,art,image,official-art_satono-diamond-starting-future.png,official-art_satono-diamond-starting-future.png,
satono-diamond,5,Portrait 1,portrait,image,portrait_1.png,portrait_1.png,
satono-diamond,6,Portrait 2,portrait,image,portrait_2.png,portrait_2.png,
satono-diamond,7,Portrait 5,portrait,image,portrait_5.png,portrait_5.png,
satono-diamond,8,Portrait 101,portrait,image,portrait_101.png,portrait_101.png,
satono-diamond,9,Portrait 102,portrait,image,portrait_102.png,portrait_102.png,
satono-diamond,10,Portrait 104,portrait,image,portrait_104.png,portrait_104.png,
satono-diamond,11,Portrait 106,portrait,image,portrait_106.png,portrait_106.png,
satono-diamond,12,Portrait 108,portrait,image,portrait_108.png,portrait_108.png,
satono-diamond,13,Portrait 110,portrait,image,portrait_110.png,portrait_110.png,
satono-diamond,14,Portrait 112,portrait,image,portrait_112.png,portrait_112.png,
satono-diamond,15,Portrait 901067,portrait,image,portrait_901067.png,portrait_901067.png,
satono-diamond,16,Portrait: [Natural Brilliance],portrait,image,portrait_trainee_256_106701.png,portrait_trainee_256_106701.png,
satono-diamond,17,Portrait: [Jade's Prosperity],portrait,image,portrait_trainee_256_106702.png,portrait_trainee_256_106702.png,
satono-diamond,18,Portrait: Chevalier Bleu,portrait,image,portrait_trainee_256_106703.png,portrait_trainee_256_106703.png,
satono-diamond,19,Comic 1 (EN),comic,image,manga_en_1067_01.png,manga_en_1067_01.png,
satono-diamond,20,Comic 2 (EN),comic,image,manga_en_1067_02.png,manga_en_1067_02.png,
satono-diamond,21,3D idle: Profile,idle3d,image,render_profile_idle_1067.png,render_profile_idle_1067.png,
satono-diamond,22,3D idle: Original,idle3d,image,render_trainee_idle_106701.png,render_trainee_idle_106701.png,
satono-diamond,23,3D idle: New Year,idle3d,image,render_trainee_idle_106702.png,render_trainee_idle_106702.png,
satono-diamond,24,3D idle: Project L'Arc,idle3d,image,render_trainee_idle_106703.png,render_trainee_idle_106703.png,
satono-diamond,25,Chibi collection,chibi,image,chibi_sheet_1067-7d642d555daf.png,chibi_sheet_1067-7d642d555daf.png,
satono-diamond,26,[Tracen Academy],support,image,supports_full_small_10056.png,supports_full_small_10056.png,
satono-diamond,27,[私たちのアイディアノート],support,image,supports_full_small_20094.png,supports_full_small_20094.png,
satono-diamond,28,[The Will to Overtake],support,image,supports_full_small_30029.png,supports_full_small_30029.png,
satono-diamond,29,[Special Dreamers!],support,image,supports_full_small_30088.png,supports_full_small_30088.png,
satono-diamond,30,[百花の願いをこの胸に],support,image,supports_full_small_30179.png,supports_full_small_30179.png,
satono-diamond,31,[今日もたのしく、おいしく。],support,image,supports_full_small_30221.png,supports_full_small_30221.png,
satono-diamond,32,[永久の誓い、永久の輝き],support,image,supports_full_small_30302.png,supports_full_small_30302.png,
kitasan-black,1,Uniform,art,image,official-art_kitasan-black-uniform.png,official-art_kitasan-black-uniform.png,
kitasan-black,2,Racing outfit,art,image,official-art_kitasan-black-racing.png,official-art_kitasan-black-racing.png,
kitasan-black,3,Concept art,art,image,official-art_kitasan-black-concept.png,official-art_kitasan-black-concept.png,
kitasan-black,4,STARTING FUTURE,art,image,official-art_kitasan-black-starting-future.png,official-art_kitasan-black-starting-future.png,
kitasan-black,5,Portrait 1,portrait,image,portrait_1.png,portrait_1.png,
kitasan-black,6,Portrait 2,portrait,image,portrait_2.png,portrait_2.png,
kitasan-black,7,Portrait 5,portrait,image,portrait_5.png,portrait_5.png,
kitasan-black,8,Portrait 101,portrait,image,portrait_101.png,portrait_101.png,
kitasan-black,9,Portrait 102,portrait,image,portrait_102.png,portrait_102.png,
kitasan-black,10,Portrait 104,portrait,image,portrait_104.png,portrait_104.png,
kitasan-black,11,Portrait 106,portrait,image,portrait_106.png,portrait_106.png,
kitasan-black,12,Portrait 108,portrait,image,portrait_108.png,portrait_108.png,
kitasan-black,13,Portrait 110,portrait,image,portrait_110.png,portrait_110.png,
kitasan-black,14,Portrait 112,portrait,image,portrait_112.png,portrait_112.png,
kitasan-black,15,Portrait 901068,portrait,image,portrait_901068.png,portrait_901068.png,
kitasan-black,16,Portrait: [Gilded Shrine to Glory],portrait,image,portrait_trainee_256_106801.png,portrait_trainee_256_106801.png,
kitasan-black,17,Portrait: [Crane's Ambition],portrait,image,portrait_trainee_256_106802.png,portrait_trainee_256_106802.png,
kitasan-black,18,Portrait: Final Bloom,portrait,image,portrait_trainee_256_106803.png,portrait_trainee_256_106803.png,
kitasan-black,19,Comic 1 (EN),comic,image,manga_en_1068_01.png,manga_en_1068_01.png,
kitasan-black,20,Comic 2 (EN),comic,image,manga_en_1068_02.png,manga_en_1068_02.png,
kitasan-black,21,3D idle: Profile,idle3d,image,render_profile_idle_1068.png,render_profile_idle_1068.png,
kitasan-black,22,3D idle: Original,idle3d,image,render_trainee_idle_106801.png,render_trainee_idle_106801.png,
kitasan-black,23,3D idle: New Year,idle3d,image,render_trainee_idle_106802.png,render_trainee_idle_106802.png,
kitasan-black,24,3D idle: Anime Collab,idle3d,image,render_trainee_idle_106803.png,render_trainee_idle_106803.png,
kitasan-black,25,Chibi collection,chibi,image,chibi_sheet_1068-704df984bc84.png,chibi_sheet_1068-704df984bc84.png,
kitasan-black,26,[Tracen Academy],support,image,supports_full_small_10055.png,supports_full_small_10055.png,
kitasan-black,27,[お助け大将と小さな魔女],support,image,supports_full_small_20066.png,supports_full_small_20066.png,
kitasan-black,28,[Fire at My Heels],support,image,supports_full_small_30028.png,supports_full_small_30028.png,
kitasan-black,29,[この先も！],support,image,supports_full_small_30180.png,supports_full_small_30180.png,
kitasan-black,30,[2人のバウンス・シャッセ],support,image,supports_full_small_30189.png,supports_full_small_30189.png,
sakura-chiyono-o,1,Uniform,art,image,official-art_sakura-chiyono-o-uniform.png,official-art_sakura-chiyono-o-uniform.png,
sakura-chiyono-o,2,Racing outfit,art,image,official-art_sakura-chiyono-o-racing.png,official-art_sakura-chiyono-o-racing.png,
sakura-chiyono-o,3,Concept art,art,image,official-art_sakura-chiyono-o-concept.png,official-art_sakura-chiyono-o-concept.png,
sakura-chiyono-o,4,STARTING FUTURE,art,image,official-art_sakura-chiyono-o-starting-future.png,official-art_sakura-chiyono-o-starting-future.png,
sakura-chiyono-o,5,Portrait 1,portrait,image,portrait_1.png,portrait_1.png,
sakura-chiyono-o,6,Portrait 2,portrait,image,portrait_2.png,portrait_2.png,
sakura-chiyono-o,7,Portrait 5,portrait,image,portrait_5.png,portrait_5.png,
sakura-chiyono-o,8,Portrait 101,portrait,image,portrait_101.png,portrait_101.png,
sakura-chiyono-o,9,Portrait 102,portrait,image,portrait_102.png,portrait_102.png,
sakura-chiyono-o,10,Portrait 104,portrait,image,portrait_104.png,portrait_104.png,
sakura-chiyono-o,11,Portrait 106,portrait,image,portrait_106.png,portrait_106.png,
sakura-chiyono-o,12,Portrait 108,portrait,image,portrait_108.png,portrait_108.png,
sakura-chiyono-o,13,Portrait 110,portrait,image,portrait_110.png,portrait_110.png,
sakura-chiyono-o,14,Portrait 112,portrait,image,portrait_112.png,portrait_112.png,
sakura-chiyono-o,15,Portrait 901069,portrait,image,portrait_901069.png,portrait_901069.png,
sakura-chiyono-o,16,Portrait: [Strength in Full Bloom],portrait,image,portrait_trainee_256_106901.png,portrait_trainee_256_106901.png,
sakura-chiyono-o,17,Portrait: [Fleur Enneigée],portrait,image,portrait_trainee_256_106902.png,portrait_trainee_256_106902.png,
sakura-chiyono-o,18,Comic 1 (EN),comic,image,manga_en_1069_01.png,manga_en_1069_01.png,
sakura-chiyono-o,19,Comic 2 (EN),comic,image,manga_en_1069_02.png,manga_en_1069_02.png,
sakura-chiyono-o,20,3D idle: Profile,idle3d,image,render_profile_idle_1069.png,render_profile_idle_1069.png,
sakura-chiyono-o,21,3D idle: Original,idle3d,image,render_trainee_idle_106901.png,render_trainee_idle_106901.png,
sakura-chiyono-o,22,3D idle: Ballroom,idle3d,image,render_trainee_idle_106902.png,render_trainee_idle_106902.png,
sakura-chiyono-o,23,Chibi collection,chibi,image,chibi_sheet_1069-5167ef0ff9d4.png,chibi_sheet_1069-5167ef0ff9d4.png,
sakura-chiyono-o,24,[Tracen Academy],support,image,supports_full_small_10062.png,supports_full_small_10062.png,
sakura-chiyono-o,25,[Peak Sakura Season],support,image,supports_full_small_30038.png,supports_full_small_30038.png,
sakura-chiyono-o,26,[A Good Heart Blossoms to Its Fullest],support,image,supports_full_small_30109.png,supports_full_small_30109.png,
sakura-chiyono-o,27,[賑やかな未来を乗せて走れ！],support,image,supports_full_small_30300.png,supports_full_small_30300.png,
sirius-symboli,1,Uniform,art,image,official-art_sirius-symboli-uniform.png,official-art_sirius-symboli-uniform.png,
sirius-symboli,2,Racing outfit,art,image,official-art_sirius-symboli-racing.png,official-art_sirius-symboli-racing.png,
sirius-symboli,3,Concept art,art,image,official-art_sirius-symboli-concept.png,official-art_sirius-symboli-concept.png,
sirius-symboli,4,STARTING FUTURE,art,image,official-art_sirius-symboli-starting-future.png,official-art_sirius-symboli-starting-future.png,
sirius-symboli,5,Portrait 1,portrait,image,portrait_1.png,portrait_1.png,
sirius-symboli,6,Portrait 2,portrait,image,portrait_2.png,portrait_2.png,
sirius-symboli,7,Portrait 5,portrait,image,portrait_5.png,portrait_5.png,
sirius-symboli,8,Portrait 101,portrait,image,portrait_101.png,portrait_101.png,
sirius-symboli,9,Portrait 102,portrait,image,portrait_102.png,portrait_102.png,
sirius-symboli,10,Portrait 104,portrait,image,portrait_104.png,portrait_104.png,
sirius-symboli,11,Portrait 106,portrait,image,portrait_106.png,portrait_106.png,
sirius-symboli,12,Portrait 108,portrait,image,portrait_108.png,portrait_108.png,
sirius-symboli,13,Portrait 110,portrait,image,portrait_110.png,portrait_110.png,
sirius-symboli,14,Portrait 112,portrait,image,portrait_112.png,portrait_112.png,
sirius-symboli,15,Portrait 901070,portrait,image,portrait_901070.png,portrait_901070.png,
sirius-symboli,16,Portrait: [Féroce],portrait,image,portrait_trainee_256_107001.png,portrait_trainee_256_107001.png,
sirius-symboli,17,Portrait: Louve Stellaire,portrait,image,portrait_trainee_256_107002.png,portrait_trainee_256_107002.png,
sirius-symboli,18,Comic 1 (EN),comic,image,manga_en_1070_01.png,manga_en_1070_01.png,
sirius-symboli,19,3D idle: Profile,idle3d,image,render_profile_idle_1070.png,render_profile_idle_1070.png,
sirius-symboli,20,3D idle: Original,idle3d,image,render_trainee_idle_107001.png,render_trainee_idle_107001.png,
sirius-symboli,21,3D idle: The Twinkle Legends,idle3d,image,render_trainee_idle_107002.png,render_trainee_idle_107002.png,
sirius-symboli,22,Chibi collection,chibi,image,chibi_sheet_1070-aebe0d9cd87c.png,chibi_sheet_1070-aebe0d9cd87c.png,
sirius-symboli,23,[Tracen Academy],support,image,supports_full_small_10071.png,supports_full_small_10071.png,
sirius-symboli,24,[The Brightest Star Shines On],support,image,supports_full_small_20038.png,supports_full_small_20038.png,
sirius-symboli,25,[Escorte Étoile],support,image,supports_full_small_30091.png,supports_full_small_30091.png,
mejiro-ardan,1,Uniform,art,image,official-art_mejiro-ardan-uniform.png,official-art_mejiro-ardan-uniform.png,
mejiro-ardan,2,Racing outfit,art,image,official-art_mejiro-ardan-racing.png,official-art_mejiro-ardan-racing.png,
mejiro-ardan,3,Concept art,art,image,official-art_mejiro-ardan-concept.png,official-art_mejiro-ardan-concept.png,
mejiro-ardan,4,STARTING FUTURE,art,image,official-art_mejiro-ardan-starting-future.png,official-art_mejiro-ardan-starting-future.png,
mejiro-ardan,5,Portrait 1,portrait,image,portrait_1.png,portrait_1.png,
mejiro-ardan,6,Portrait 2,portrait,image,portrait_2.png,portrait_2.png,
mejiro-ardan,7,Portrait 5,portrait,image,portrait_5.png,portrait_5.png,
mejiro-ardan,8,Portrait 101,portrait,image,portrait_101.png,portrait_101.png,
mejiro-ardan,9,Portrait 102,portrait,image,portrait_102.png,portrait_102.png,
mejiro-ardan,10,Portrait 104,portrait,image,portrait_104.png,portrait_104.png,
mejiro-ardan,11,Portrait 106,portrait,image,portrait_106.png,portrait_106.png,
mejiro-ardan,12,Portrait 108,portrait,image,portrait_108.png,portrait_108.png,
mejiro-ardan,13,Portrait 110,portrait,image,portrait_110.png,portrait_110.png,
mejiro-ardan,14,Portrait 112,portrait,image,portrait_112.png,portrait_112.png,
mejiro-ardan,15,Portrait 901071,portrait,image,portrait_901071.png,portrait_901071.png,
mejiro-ardan,16,Portrait: [Crystalline],portrait,image,portrait_trainee_256_107101.png,portrait_trainee_256_107101.png,
mejiro-ardan,17,Portrait: [Neige Émeraude],portrait,image,portrait_trainee_256_107102.png,portrait_trainee_256_107102.png,
mejiro-ardan,18,Comic 1 (EN),comic,image,manga_en_1071_01.png,manga_en_1071_01.png,
mejiro-ardan,19,Comic 2 (EN),comic,image,manga_en_1071_02.png,manga_en_1071_02.png,
mejiro-ardan,20,3D idle: Profile,idle3d,image,render_profile_idle_1071.png,render_profile_idle_1071.png,
mejiro-ardan,21,3D idle: Original,idle3d,image,render_trainee_idle_107101.png,render_trainee_idle_107101.png,
mejiro-ardan,22,3D idle: Ballroom,idle3d,image,render_trainee_idle_107102.png,render_trainee_idle_107102.png,
mejiro-ardan,23,Chibi collection,chibi,image,chibi_sheet_1071-2a1d715ae7d5.png,chibi_sheet_1071-2a1d715ae7d5.png,
mejiro-ardan,24,[Tracen Academy],support,image,supports_full_small_10069.png,supports_full_small_10069.png,
mejiro-ardan,25,[My Heart Will Go On],support,image,supports_full_small_20034.png,supports_full_small_20034.png,
mejiro-ardan,26,[夕映えに身をゆだねて],support,image,supports_full_small_20099.png,supports_full_small_20099.png,
mejiro-ardan,27,[Hopeful Petals Dancing in the Night],support,image,supports_full_small_30119.png,supports_full_small_30119.png,
mejiro-ardan,28,[深窓の少女へ],support,image,supports_full_small_30234.png,supports_full_small_30234.png,
yaeno-muteki,1,Uniform,art,image,official-art_yaeno-muteki-uniform.png,official-art_yaeno-muteki-uniform.png,
yaeno-muteki,2,Racing outfit,art,image,official-art_yaeno-muteki-racing.png,official-art_yaeno-muteki-racing.png,
yaeno-muteki,3,Concept art,art,image,official-art_yaeno-muteki-concept.png,official-art_yaeno-muteki-concept.png,
yaeno-muteki,4,STARTING FUTURE,art,image,official-art_yaeno-muteki-starting-future.png,official-art_yaeno-muteki-starting-future.png,
yaeno-muteki,5,Portrait 1,portrait,image,portrait_1.png,portrait_1.png,
yaeno-muteki,6,Portrait 2,portrait,image,portrait_2.png,portrait_2.png,
yaeno-muteki,7,Portrait 5,portrait,image,portrait_5.png,portrait_5.png,
yaeno-muteki,8,Portrait 101,portrait,image,portrait_101.png,portrait_101.png,
yaeno-muteki,9,Portrait 102,portrait,image,portrait_102.png,portrait_102.png,
yaeno-muteki,10,Portrait 104,portrait,image,portrait_104.png,portrait_104.png,
yaeno-muteki,11,Portrait 106,portrait,image,portrait_106.png,portrait_106.png,
yaeno-muteki,12,Portrait 108,portrait,image,portrait_108.png,portrait_108.png,
yaeno-muteki,13,Portrait 110,portrait,image,portrait_110.png,portrait_110.png,
yaeno-muteki,14,Portrait 112,portrait,image,portrait_112.png,portrait_112.png,
yaeno-muteki,15,Portrait 901072,portrait,image,portrait_901072.png,portrait_901072.png,
yaeno-muteki,16,"Portrait: [Blazed Head, Covered Fists]",portrait,image,portrait_trainee_256_107201.png,portrait_trainee_256_107201.png,
yaeno-muteki,17,"Portrait: Black General, Zen",portrait,image,portrait_trainee_256_107202.png,portrait_trainee_256_107202.png,
yaeno-muteki,18,Comic 1 (EN),comic,image,manga_en_1072_01.png,manga_en_1072_01.png,
yaeno-muteki,19,Comic 2 (JA),comic,image,manga_ja_1072_02.png,manga_ja_1072_02.png,
yaeno-muteki,20,3D idle: Profile,idle3d,image,render_profile_idle_1072.png,render_profile_idle_1072.png,
yaeno-muteki,21,3D idle: Original,idle3d,image,render_trainee_idle_107201.png,render_trainee_idle_107201.png,
yaeno-muteki,22,3D idle: Warfare,idle3d,image,render_trainee_idle_107202.png,render_trainee_idle_107202.png,
yaeno-muteki,23,Chibi collection,chibi,image,chibi_sheet_1072-b327620777b1.png,chibi_sheet_1072-b327620777b1.png,
yaeno-muteki,24,[Tracen Academy],support,image,supports_full_small_10058.png,supports_full_small_10058.png,
yaeno-muteki,25,[護るべきは無垢の瞳],support,image,supports_full_small_20074.png,supports_full_small_20074.png,
yaeno-muteki,26,[Fiery Discipline],support,image,supports_full_small_30032.png,supports_full_small_30032.png,
yaeno-muteki,27,"[Pious Flame, Heavens Scorcher]",support,image,supports_full_small_30120.png,supports_full_small_30120.png,
tsurumaru-tsuyoshi,1,Uniform,art,image,official-art_tsurumaru-tsuyoshi-uniform.png,official-art_tsurumaru-tsuyoshi-uniform.png,
tsurumaru-tsuyoshi,2,Racing outfit,art,image,official-art_tsurumaru-tsuyoshi-racing.png,official-art_tsurumaru-tsuyoshi-racing.png,
tsurumaru-tsuyoshi,3,Concept art,art,image,official-art_tsurumaru-tsuyoshi-concept.png,official-art_tsurumaru-tsuyoshi-concept.png,
tsurumaru-tsuyoshi,4,STARTING FUTURE,art,image,official-art_tsurumaru-tsuyoshi-starting-future.png,official-art_tsurumaru-tsuyoshi-starting-future.png,
tsurumaru-tsuyoshi,5,Portrait 1,portrait,image,portrait_1.png,portrait_1.png,
tsurumaru-tsuyoshi,6,Portrait 2,portrait,image,portrait_2.png,portrait_2.png,
tsurumaru-tsuyoshi,7,Portrait 5,portrait,image,portrait_5.png,portrait_5.png,
tsurumaru-tsuyoshi,8,Portrait 101,portrait,image,portrait_101.png,portrait_101.png,
tsurumaru-tsuyoshi,9,Portrait 102,portrait,image,portrait_102.png,portrait_102.png,
tsurumaru-tsuyoshi,10,Portrait 104,portrait,image,portrait_104.png,portrait_104.png,
tsurumaru-tsuyoshi,11,Portrait 106,portrait,image,portrait_106.png,portrait_106.png,
tsurumaru-tsuyoshi,12,Portrait 108,portrait,image,portrait_108.png,portrait_108.png,
tsurumaru-tsuyoshi,13,Portrait 110,portrait,image,portrait_110.png,portrait_110.png,
tsurumaru-tsuyoshi,14,Portrait 112,portrait,image,portrait_112.png,portrait_112.png,
tsurumaru-tsuyoshi,15,Portrait 901073,portrait,image,portrait_901073.png,portrait_901073.png,
tsurumaru-tsuyoshi,16,"Portrait: Dream Bold, Stand Tall, Tsuyoshi!",portrait,image,portrait_trainee_256_107301.png,portrait_trainee_256_107301.png,
tsurumaru-tsuyoshi,17,Comic 1 (JA),comic,image,manga_ja_1073_01.png,manga_ja_1073_01.png,
tsurumaru-tsuyoshi,18,3D idle: Profile,idle3d,image,render_profile_idle_1073.png,render_profile_idle_1073.png,
tsurumaru-tsuyoshi,19,3D idle: Original,idle3d,image,render_trainee_idle_107301.png,render_trainee_idle_107301.png,
tsurumaru-tsuyoshi,20,Chibi collection,chibi,image,chibi_sheet_1073-0c09b43497f9.png,chibi_sheet_1073-0c09b43497f9.png,
tsurumaru-tsuyoshi,21,[Tracen Academy],support,image,supports_full_small_10081.png,supports_full_small_10081.png,
tsurumaru-tsuyoshi,22,"[Go, Go! Tsuyoshi!]",support,image,supports_full_small_20052.png,supports_full_small_20052.png,
tsurumaru-tsuyoshi,23,[天より遣われし微笑み],support,image,supports_full_small_30169.png,supports_full_small_30169.png,
mejiro-bright,1,Uniform,art,image,official-art_mejiro-bright-uniform.png,official-art_mejiro-bright-uniform.png,
mejiro-bright,2,Racing outfit,art,image,official-art_mejiro-bright-racing.png,official-art_mejiro-bright-racing.png,
mejiro-bright,3,Concept art,art,image,official-art_mejiro-bright-concept.png,official-art_mejiro-bright-concept.png,
mejiro-bright,4,STARTING FUTURE,art,image,official-art_mejiro-bright-starting-future.png,official-art_mejiro-bright-starting-future.png,
mejiro-bright,5,Portrait 1,portrait,image,portrait_1.png,portrait_1.png,
mejiro-bright,6,Portrait 2,portrait,image,portrait_2.png,portrait_2.png,
mejiro-bright,7,Portrait 5,portrait,image,portrait_5.png,portrait_5.png,
mejiro-bright,8,Portrait 101,portrait,image,portrait_101.png,portrait_101.png,
mejiro-bright,9,Portrait 102,portrait,image,portrait_102.png,portrait_102.png,
mejiro-bright,10,Portrait 104,portrait,image,portrait_104.png,portrait_104.png,
mejiro-bright,11,Portrait 106,portrait,image,portrait_106.png,portrait_106.png,
mejiro-bright,12,Portrait 108,portrait,image,portrait_108.png,portrait_108.png,
mejiro-bright,13,Portrait 110,portrait,image,portrait_110.png,portrait_110.png,
mejiro-bright,14,Portrait 112,portrait,image,portrait_112.png,portrait_112.png,
mejiro-bright,15,Portrait 901074,portrait,image,portrait_901074.png,portrait_901074.png,
mejiro-bright,16,Portrait: [Brunissage Line],portrait,image,portrait_trainee_256_107401.png,portrait_trainee_256_107401.png,
mejiro-bright,17,Portrait: Starry Snow Lolita,portrait,image,portrait_trainee_256_107402.png,portrait_trainee_256_107402.png,
mejiro-bright,18,Portrait: Seaside Elegance in Chiffon,portrait,image,portrait_trainee_256_107403.png,portrait_trainee_256_107403.png,
mejiro-bright,19,Comic 1 (EN),comic,image,manga_en_1074_01.png,manga_en_1074_01.png,
mejiro-bright,20,3D idle: Profile,idle3d,image,render_profile_idle_1074.png,render_profile_idle_1074.png,
mejiro-bright,21,3D idle: Original,idle3d,image,render_trainee_idle_107401.png,render_trainee_idle_107401.png,
mejiro-bright,22,3D idle: Christmas,idle3d,image,render_trainee_idle_107402.png,render_trainee_idle_107402.png,
mejiro-bright,23,3D idle: Summer,idle3d,image,render_trainee_idle_107403.png,render_trainee_idle_107403.png,
mejiro-bright,24,Chibi collection,chibi,image,chibi_sheet_1074-bd0f40ec1d6c.png,chibi_sheet_1074-bd0f40ec1d6c.png,
mejiro-bright,25,[Tracen Academy],support,image,supports_full_small_10076.png,supports_full_small_10076.png,
mejiro-bright,26,[Little by Little],support,image,supports_full_small_30087.png,supports_full_small_30087.png,
mejiro-bright,27,[春、来たれり],support,image,supports_full_small_30244.png,supports_full_small_30244.png,
daring-tact,1,Uniform,art,image,official-art_daring-tact-uniform.png,official-art_daring-tact-uniform.png,
daring-tact,2,Racing outfit,art,image,official-art_daring-tact-racing.png,official-art_daring-tact-racing.png,
daring-tact,3,STARTING FUTURE,art,image,official-art_daring-tact-starting-future.png,official-art_daring-tact-starting-future.png,
daring-tact,4,Portrait 1,portrait,image,portrait_1.png,portrait_1.png,
daring-tact,5,Portrait 2,portrait,image,portrait_2.png,portrait_2.png,
daring-tact,6,Portrait 101,portrait,image,portrait_101.png,portrait_101.png,
daring-tact,7,Portrait 107501,portrait,image,portrait_107501.png,portrait_107501.png,
daring-tact,8,Comic 1 (JA),comic,image,manga_ja_1075_01.png,manga_ja_1075_01.png,
daring-tact,9,Comic 2 (JA),comic,image,manga_ja_1075_02.png,manga_ja_1075_02.png,
daring-tact,10,3D idle: Profile,idle3d,image,render_profile_idle_1075.png,render_profile_idle_1075.png,
daring-tact,11,[トレセン学園],support,image,supports_full_small_10120.png,supports_full_small_10120.png,
daring-tact,12,[無垢の白妙],support,image,supports_full_small_30248.png,supports_full_small_30248.png,
daring-tact,13,[白に至る純真],support,image,supports_full_small_30293.png,supports_full_small_30293.png,
sakura-laurel,1,Uniform,art,image,official-art_sakura-laurel-uniform.png,official-art_sakura-laurel-uniform.png,
sakura-laurel,2,Racing outfit,art,image,official-art_sakura-laurel-racing.png,official-art_sakura-laurel-racing.png,
sakura-laurel,3,STARTING FUTURE,art,image,official-art_sakura-laurel-starting-future.png,official-art_sakura-laurel-starting-future.png,
sakura-laurel,4,Portrait 1,portrait,image,portrait_1.png,portrait_1.png,
sakura-laurel,5,Portrait 2,portrait,image,portrait_2.png,portrait_2.png,
sakura-laurel,6,Portrait 5,portrait,image,portrait_5.png,portrait_5.png,
sakura-laurel,7,Portrait 101,portrait,image,portrait_101.png,portrait_101.png,
sakura-laurel,8,Portrait 102,portrait,image,portrait_102.png,portrait_102.png,
sakura-laurel,9,Portrait 104,portrait,image,portrait_104.png,portrait_104.png,
sakura-laurel,10,Portrait 106,portrait,image,portrait_106.png,portrait_106.png,
sakura-laurel,11,Portrait 108,portrait,image,portrait_108.png,portrait_108.png,
sakura-laurel,12,Portrait 110,portrait,image,portrait_110.png,portrait_110.png,
sakura-laurel,13,Portrait 112,portrait,image,portrait_112.png,portrait_112.png,
sakura-laurel,14,Portrait 901076,portrait,image,portrait_901076.png,portrait_901076.png,
sakura-laurel,15,Portrait: [Saisir le rêve],portrait,image,portrait_trainee_256_107601.png,portrait_trainee_256_107601.png,
sakura-laurel,16,Portrait: Nouvelle Pousse,portrait,image,portrait_trainee_256_107602.png,portrait_trainee_256_107602.png,
sakura-laurel,17,Comic 1 (JA),comic,image,manga_ja_1076_01.png,manga_ja_1076_01.png,
sakura-laurel,18,Comic 2 (JA),comic,image,manga_ja_1076_02.png,manga_ja_1076_02.png,
sakura-laurel,19,3D idle: Profile,idle3d,image,render_profile_idle_1076.png,render_profile_idle_1076.png,
sakura-laurel,20,3D idle: Original,idle3d,image,render_trainee_idle_107601.png,render_trainee_idle_107601.png,
sakura-laurel,21,3D idle: New Year,idle3d,image,render_trainee_idle_107602.png,render_trainee_idle_107602.png,
sakura-laurel,22,Chibi collection,chibi,image,chibi_sheet_1076-d243627b2840.png,chibi_sheet_1076-d243627b2840.png,
sakura-laurel,23,[Tracen Academy],support,image,supports_full_small_10085.png,supports_full_small_10085.png,
sakura-laurel,24,[君の花衣],support,image,supports_full_small_20080.png,supports_full_small_20080.png,
sakura-laurel,25,[Don't Stop Anymore!],support,image,supports_full_small_30125.png,supports_full_small_30125.png,
sakura-laurel,26,[Among Cherry Blossoms in Bloom],support,image,supports_full_small_30142.png,supports_full_small_30142.png,
narita-top-road,1,Uniform,art,image,official-art_narita-top-road-uniform.png,official-art_narita-top-road-uniform.png,
narita-top-road,2,Racing outfit,art,image,official-art_narita-top-road-racing.png,official-art_narita-top-road-racing.png,
narita-top-road,3,Concept art,art,image,official-art_narita-top-road-concept.png,official-art_narita-top-road-concept.png,
narita-top-road,4,STARTING FUTURE,art,image,official-art_narita-top-road-starting-future.png,official-art_narita-top-road-starting-future.png,
narita-top-road,5,Portrait 1,portrait,image,portrait_1.png,portrait_1.png,
narita-top-road,6,Portrait 2,portrait,image,portrait_2.png,portrait_2.png,
narita-top-road,7,Portrait 5,portrait,image,portrait_5.png,portrait_5.png,
narita-top-road,8,Portrait 101,portrait,image,portrait_101.png,portrait_101.png,
narita-top-road,9,Portrait 102,portrait,image,portrait_102.png,portrait_102.png,
narita-top-road,10,Portrait 104,portrait,image,portrait_104.png,portrait_104.png,
narita-top-road,11,Portrait 106,portrait,image,portrait_106.png,portrait_106.png,
narita-top-road,12,Portrait 108,portrait,image,portrait_108.png,portrait_108.png,
narita-top-road,13,Portrait 110,portrait,image,portrait_110.png,portrait_110.png,
narita-top-road,14,Portrait 112,portrait,image,portrait_112.png,portrait_112.png,
narita-top-road,15,Portrait 901077,portrait,image,portrait_901077.png,portrait_901077.png,
narita-top-road,16,Portrait: The Proud Road,portrait,image,portrait_trainee_256_107701.png,portrait_trainee_256_107701.png,
narita-top-road,17,Portrait: Celestial Road,portrait,image,portrait_trainee_256_107702.png,portrait_trainee_256_107702.png,
narita-top-road,18,Portrait: Bountiful Dragon Broth Saga,portrait,image,portrait_trainee_256_107703.png,portrait_trainee_256_107703.png,
narita-top-road,19,Comic 1 (EN),comic,image,manga_en_1077_01.png,manga_en_1077_01.png,
narita-top-road,20,Comic 2 (JA),comic,image,manga_ja_1077_02.png,manga_ja_1077_02.png,
narita-top-road,21,3D idle: Profile,idle3d,image,render_profile_idle_1077.png,render_profile_idle_1077.png,
narita-top-road,22,3D idle: Original,idle3d,image,render_trainee_idle_107701.png,render_trainee_idle_107701.png,
narita-top-road,23,3D idle: Christmas,idle3d,image,render_trainee_idle_107702.png,render_trainee_idle_107702.png,
narita-top-road,24,3D idle: Tracen-ken,idle3d,image,render_trainee_idle_107703.png,render_trainee_idle_107703.png,
narita-top-road,25,Chibi collection,chibi,image,chibi_sheet_1077-e9fa56948222.png,chibi_sheet_1077-e9fa56948222.png,
narita-top-road,26,[Tracen Academy],support,image,supports_full_small_10077.png,supports_full_small_10077.png,
narita-top-road,27,"[Stop, Prez!]",support,image,supports_full_small_20053.png,supports_full_small_20053.png,
narita-top-road,28,[Peachy Silhouette],support,image,supports_full_small_30086.png,supports_full_small_30086.png,
yamanin-zephyr,1,Uniform,art,image,official-art_yamanin-zephyr-uniform.png,official-art_yamanin-zephyr-uniform.png,
yamanin-zephyr,2,Racing outfit,art,image,official-art_yamanin-zephyr-racing.png,official-art_yamanin-zephyr-racing.png,
yamanin-zephyr,3,Concept art,art,image,official-art_yamanin-zephyr-concept.png,official-art_yamanin-zephyr-concept.png,
yamanin-zephyr,4,STARTING FUTURE,art,image,official-art_yamanin-zephyr-starting-future.png,official-art_yamanin-zephyr-starting-future.png,
yamanin-zephyr,5,Portrait 1,portrait,image,portrait_1.png,portrait_1.png,
yamanin-zephyr,6,Portrait 2,portrait,image,portrait_2.png,portrait_2.png,
yamanin-zephyr,7,Portrait 5,portrait,image,portrait_5.png,portrait_5.png,
yamanin-zephyr,8,Portrait 101,portrait,image,portrait_101.png,portrait_101.png,
yamanin-zephyr,9,Portrait 102,portrait,image,portrait_102.png,portrait_102.png,
yamanin-zephyr,10,Portrait 104,portrait,image,portrait_104.png,portrait_104.png,
yamanin-zephyr,11,Portrait 106,portrait,image,portrait_106.png,portrait_106.png,
yamanin-zephyr,12,Portrait 108,portrait,image,portrait_108.png,portrait_108.png,
yamanin-zephyr,13,Portrait 110,portrait,image,portrait_110.png,portrait_110.png,
yamanin-zephyr,14,Portrait 112,portrait,image,portrait_112.png,portrait_112.png,
yamanin-zephyr,15,Portrait 901078,portrait,image,portrait_901078.png,portrait_901078.png,
yamanin-zephyr,16,Portrait: [Fluttertail Spirit],portrait,image,portrait_trainee_256_107801.png,portrait_trainee_256_107801.png,
yamanin-zephyr,17,Portrait: Sugary Wind,portrait,image,portrait_trainee_256_107802.png,portrait_trainee_256_107802.png,
yamanin-zephyr,18,Comic 1 (JA),comic,image,manga_ja_1078_01.png,manga_ja_1078_01.png,
yamanin-zephyr,19,3D idle: Profile,idle3d,image,render_profile_idle_1078.png,render_profile_idle_1078.png,
yamanin-zephyr,20,3D idle: Original,idle3d,image,render_trainee_idle_107801.png,render_trainee_idle_107801.png,
yamanin-zephyr,21,3D idle: Valentine,idle3d,image,render_trainee_idle_107802.png,render_trainee_idle_107802.png,
yamanin-zephyr,22,Chibi collection,chibi,image,chibi_sheet_1078-9bf09f221c45.png,chibi_sheet_1078-9bf09f221c45.png,
yamanin-zephyr,23,[Tracen Academy],support,image,supports_full_small_10086.png,supports_full_small_10086.png,
yamanin-zephyr,24,[To Winds Untraveled],support,image,supports_full_small_30126.png,supports_full_small_30126.png,
yamanin-zephyr,25,[浚いの風],support,image,supports_full_small_30196.png,supports_full_small_30196.png,
furioso,1,Uniform,art,image,official-art_furioso-uniform.png,official-art_furioso-uniform.png,
furioso,2,Racing outfit,art,image,official-art_furioso-racing.png,official-art_furioso-racing.png,
furioso,3,Concept art,art,image,official-art_furioso-concept.png,official-art_furioso-concept.png,
furioso,4,STARTING FUTURE,art,image,official-art_furioso-starting-future.png,official-art_furioso-starting-future.png,
furioso,5,Portrait 1,portrait,image,portrait_1.png,portrait_1.png,
furioso,6,Portrait 2,portrait,image,portrait_2.png,portrait_2.png,
furioso,7,Portrait 5,portrait,image,portrait_5.png,portrait_5.png,
furioso,8,Portrait 101,portrait,image,portrait_101.png,portrait_101.png,
furioso,9,Portrait 102,portrait,image,portrait_102.png,portrait_102.png,
furioso,10,Portrait 104,portrait,image,portrait_104.png,portrait_104.png,
furioso,11,Portrait 106,portrait,image,portrait_106.png,portrait_106.png,
furioso,12,Portrait 108,portrait,image,portrait_108.png,portrait_108.png,
furioso,13,Portrait 110,portrait,image,portrait_110.png,portrait_110.png,
furioso,14,Portrait 112,portrait,image,portrait_112.png,portrait_112.png,
furioso,15,Portrait 901079,portrait,image,portrait_901079.png,portrait_901079.png,
furioso,16,Portrait: Triumphant Return of the Auspicious Star,portrait,image,portrait_trainee_256_107901.png,portrait_trainee_256_107901.png,
furioso,17,Comic 1 (JA),comic,image,manga_ja_1079_01.png,manga_ja_1079_01.png,
furioso,18,3D idle: Profile,idle3d,image,render_profile_idle_1079.png,render_profile_idle_1079.png,
furioso,19,3D idle: Original,idle3d,image,render_trainee_idle_107901.png,render_trainee_idle_107901.png,
furioso,20,Chibi collection,chibi,image,chibi_sheet_1079-9349e0f7906d.png,chibi_sheet_1079-9349e0f7906d.png,
transcend,1,Uniform,art,image,official-art_transcend-uniform.png,official-art_transcend-uniform.png,
transcend,2,Racing outfit,art,image,official-art_transcend-racing.png,official-art_transcend-racing.png,
transcend,3,Concept art,art,image,official-art_transcend-concept.png,official-art_transcend-concept.png,
transcend,4,STARTING FUTURE,art,image,official-art_transcend-starting-future.png,official-art_transcend-starting-future.png,
transcend,5,Portrait 1,portrait,image,portrait_1.png,portrait_1.png,
transcend,6,Portrait 2,portrait,image,portrait_2.png,portrait_2.png,
transcend,7,Portrait 5,portrait,image,portrait_5.png,portrait_5.png,
transcend,8,Portrait 101,portrait,image,portrait_101.png,portrait_101.png,
transcend,9,Portrait 102,portrait,image,portrait_102.png,portrait_102.png,
transcend,10,Portrait 104,portrait,image,portrait_104.png,portrait_104.png,
transcend,11,Portrait 106,portrait,image,portrait_106.png,portrait_106.png,
transcend,12,Portrait 108,portrait,image,portrait_108.png,portrait_108.png,
transcend,13,Portrait 110,portrait,image,portrait_110.png,portrait_110.png,
transcend,14,Portrait 112,portrait,image,portrait_112.png,portrait_112.png,
transcend,15,Portrait 901080,portrait,image,portrait_901080.png,portrait_901080.png,
transcend,16,Portrait: ZOKU-ZOKU GIZMO,portrait,image,portrait_trainee_256_108001.png,portrait_trainee_256_108001.png,
transcend,17,Portrait: Twilit Neo-Kagura,portrait,image,portrait_trainee_256_108002.png,portrait_trainee_256_108002.png,
transcend,18,Comic 1 (JA),comic,image,manga_ja_1080_01.png,manga_ja_1080_01.png,
transcend,19,3D idle: Profile,idle3d,image,render_profile_idle_1080.png,render_profile_idle_1080.png,
transcend,20,3D idle: Original,idle3d,image,render_trainee_idle_108001.png,render_trainee_idle_108001.png,
transcend,21,3D idle: Onsen,idle3d,image,render_trainee_idle_108002.png,render_trainee_idle_108002.png,
transcend,22,Chibi collection,chibi,image,chibi_sheet_1080-02c368e8689d.png,chibi_sheet_1080-02c368e8689d.png,
transcend,23,[トレセン学園],support,image,supports_full_small_10125.png,supports_full_small_10125.png,
transcend,24,[繋がれパレード・ノーツ♪],support,image,supports_full_small_30249.png,supports_full_small_30249.png,
espoir-city,1,Uniform,art,image,official-art_espoir-city-uniform.png,official-art_espoir-city-uniform.png,
espoir-city,2,Racing outfit,art,image,official-art_espoir-city-racing.png,official-art_espoir-city-racing.png,
espoir-city,3,Concept art,art,image,official-art_espoir-city-concept.png,official-art_espoir-city-concept.png,
espoir-city,4,STARTING FUTURE,art,image,official-art_espoir-city-starting-future.png,official-art_espoir-city-starting-future.png,
espoir-city,5,Portrait 1,portrait,image,portrait_1.png,portrait_1.png,
espoir-city,6,Portrait 2,portrait,image,portrait_2.png,portrait_2.png,
espoir-city,7,Portrait 5,portrait,image,portrait_5.png,portrait_5.png,
espoir-city,8,Portrait 101,portrait,image,portrait_101.png,portrait_101.png,
espoir-city,9,Portrait 102,portrait,image,portrait_102.png,portrait_102.png,
espoir-city,10,Portrait 104,portrait,image,portrait_104.png,portrait_104.png,
espoir-city,11,Portrait 106,portrait,image,portrait_106.png,portrait_106.png,
espoir-city,12,Portrait 108,portrait,image,portrait_108.png,portrait_108.png,
espoir-city,13,Portrait 110,portrait,image,portrait_110.png,portrait_110.png,
espoir-city,14,Portrait 112,portrait,image,portrait_112.png,portrait_112.png,
espoir-city,15,Portrait 901081,portrait,image,portrait_901081.png,portrait_901081.png,
espoir-city,16,Portrait: Red Devil Gear,portrait,image,portrait_trainee_256_108101.png,portrait_trainee_256_108101.png,
espoir-city,17,Comic 1 (JA),comic,image,manga_ja_1081_01.png,manga_ja_1081_01.png,
espoir-city,18,3D idle: Profile,idle3d,image,render_profile_idle_1081.png,render_profile_idle_1081.png,
espoir-city,19,3D idle: Original,idle3d,image,render_trainee_idle_108101.png,render_trainee_idle_108101.png,
espoir-city,20,Chibi collection,chibi,image,chibi_sheet_1081-cbe3ed24e6a5.png,chibi_sheet_1081-cbe3ed24e6a5.png,
espoir-city,21,[トレセン学園],support,image,supports_full_small_10110.png,supports_full_small_10110.png,
espoir-city,22,[KNOCK 'EM DOWN!],support,image,supports_full_small_30222.png,supports_full_small_30222.png,
espoir-city,23,[約束のglitter],support,image,supports_full_small_30251.png,supports_full_small_30251.png,
north-flight,1,Uniform,art,image,official-art_north-flight-uniform.png,official-art_north-flight-uniform.png,
north-flight,2,Racing outfit,art,image,official-art_north-flight-racing.png,official-art_north-flight-racing.png,
north-flight,3,Concept art,art,image,official-art_north-flight-concept.png,official-art_north-flight-concept.png,
north-flight,4,STARTING FUTURE,art,image,official-art_north-flight-starting-future.png,official-art_north-flight-starting-future.png,
north-flight,5,Portrait 1,portrait,image,portrait_1.png,portrait_1.png,
north-flight,6,Portrait 2,portrait,image,portrait_2.png,portrait_2.png,
north-flight,7,Portrait 5,portrait,image,portrait_5.png,portrait_5.png,
north-flight,8,Portrait 101,portrait,image,portrait_101.png,portrait_101.png,
north-flight,9,Portrait 102,portrait,image,portrait_102.png,portrait_102.png,
north-flight,10,Portrait 104,portrait,image,portrait_104.png,portrait_104.png,
north-flight,11,Portrait 106,portrait,image,portrait_106.png,portrait_106.png,
north-flight,12,Portrait 108,portrait,image,portrait_108.png,portrait_108.png,
north-flight,13,Portrait 110,portrait,image,portrait_110.png,portrait_110.png,
north-flight,14,Portrait 112,portrait,image,portrait_112.png,portrait_112.png,
north-flight,15,Portrait 901082,portrait,image,portrait_901082.png,portrait_901082.png,
north-flight,16,Portrait: Looking Fly!,portrait,image,portrait_trainee_256_108201.png,portrait_trainee_256_108201.png,
north-flight,17,Portrait: Pale-Blue Flash,portrait,image,portrait_trainee_256_108202.png,portrait_trainee_256_108202.png,
north-flight,18,Comic 1 (JA),comic,image,manga_ja_1082_01.png,manga_ja_1082_01.png,
north-flight,19,3D idle: Profile,idle3d,image,render_profile_idle_1082.png,render_profile_idle_1082.png,
north-flight,20,3D idle: Original,idle3d,image,render_trainee_idle_108201.png,render_trainee_idle_108201.png,
north-flight,21,3D idle: Ballroom,idle3d,image,render_trainee_idle_108202.png,render_trainee_idle_108202.png,
north-flight,22,Chibi collection,chibi,image,chibi_sheet_1082-94b5c438c542.png,chibi_sheet_1082-94b5c438c542.png,
north-flight,23,[トレセン学園],support,image,supports_full_small_10102.png,supports_full_small_10102.png,
north-flight,24,[お任せ！オートクチュール],support,image,supports_full_small_20081.png,supports_full_small_20081.png,
north-flight,25,[ゴー・ファッショニスタ！],support,image,supports_full_small_30185.png,supports_full_small_30185.png,
symboli-kris-s,1,Uniform,art,image,official-art_symboli-kris-s-uniform.png,official-art_symboli-kris-s-uniform.png,
symboli-kris-s,2,Racing outfit,art,image,official-art_symboli-kris-s-racing.png,official-art_symboli-kris-s-racing.png,
symboli-kris-s,3,Concept art,art,image,official-art_symboli-kris-s-concept.png,official-art_symboli-kris-s-concept.png,
symboli-kris-s,4,STARTING FUTURE,art,image,official-art_symboli-kris-s-starting-future.png,official-art_symboli-kris-s-starting-future.png,
symboli-kris-s,5,Portrait 1,portrait,image,portrait_1.png,portrait_1.png,
symboli-kris-s,6,Portrait 2,portrait,image,portrait_2.png,portrait_2.png,
symboli-kris-s,7,Portrait 5,portrait,image,portrait_5.png,portrait_5.png,
symboli-kris-s,8,Portrait 101,portrait,image,portrait_101.png,portrait_101.png,
symboli-kris-s,9,Portrait 102,portrait,image,portrait_102.png,portrait_102.png,
symboli-kris-s,10,Portrait 104,portrait,image,portrait_104.png,portrait_104.png,
symboli-kris-s,11,Portrait 106,portrait,image,portrait_106.png,portrait_106.png,
symboli-kris-s,12,Portrait 108,portrait,image,portrait_108.png,portrait_108.png,
symboli-kris-s,13,Portrait 110,portrait,image,portrait_110.png,portrait_110.png,
symboli-kris-s,14,Portrait 112,portrait,image,portrait_112.png,portrait_112.png,
symboli-kris-s,15,Portrait 901083,portrait,image,portrait_901083.png,portrait_901083.png,
symboli-kris-s,16,Portrait: [Onyx Soldier],portrait,image,portrait_trainee_256_108301.png,portrait_trainee_256_108301.png,
symboli-kris-s,17,Portrait: Jetblack Automaton,portrait,image,portrait_trainee_256_108302.png,portrait_trainee_256_108302.png,
symboli-kris-s,18,Comic 1 (JA),comic,image,manga_ja_1083_01.png,manga_ja_1083_01.png,
symboli-kris-s,19,3D idle: Profile,idle3d,image,render_profile_idle_1083.png,render_profile_idle_1083.png,
symboli-kris-s,20,3D idle: Original,idle3d,image,render_trainee_idle_108301.png,render_trainee_idle_108301.png,
symboli-kris-s,21,3D idle: Halloween,idle3d,image,render_trainee_idle_108302.png,render_trainee_idle_108302.png,
symboli-kris-s,22,Chibi collection,chibi,image,chibi_sheet_1083-437ebabd7430.png,chibi_sheet_1083-437ebabd7430.png,
symboli-kris-s,23,[Tracen Academy],support,image,supports_full_small_10082.png,supports_full_small_10082.png,
symboli-kris-s,24,[A Win Foreshadowed],support,image,supports_full_small_30118.png,supports_full_small_30118.png,
symboli-kris-s,25,[Unyielding Resolve],support,image,supports_full_small_30136.png,supports_full_small_30136.png,
symboli-kris-s,26,[Rewarding Job],support,image,supports_full_small_30220.png,supports_full_small_30220.png,
symboli-kris-s,27,[COOL⇔CRAZY/Buddy],support,image,supports_full_small_30228.png,supports_full_small_30228.png,
symboli-kris-s,28,[Operation: Escort],support,image,supports_full_small_30247.png,supports_full_small_30247.png,
tanino-gimlet,1,Uniform,art,image,official-art_tanino-gimlet-uniform.png,official-art_tanino-gimlet-uniform.png,
tanino-gimlet,2,Racing outfit,art,image,official-art_tanino-gimlet-racing.png,official-art_tanino-gimlet-racing.png,
tanino-gimlet,3,Concept art,art,image,official-art_tanino-gimlet-concept.png,official-art_tanino-gimlet-concept.png,
tanino-gimlet,4,STARTING FUTURE,art,image,official-art_tanino-gimlet-starting-future.png,official-art_tanino-gimlet-starting-future.png,
tanino-gimlet,5,Portrait 1,portrait,image,portrait_1.png,portrait_1.png,
tanino-gimlet,6,Portrait 2,portrait,image,portrait_2.png,portrait_2.png,
tanino-gimlet,7,Portrait 5,portrait,image,portrait_5.png,portrait_5.png,
tanino-gimlet,8,Portrait 101,portrait,image,portrait_101.png,portrait_101.png,
tanino-gimlet,9,Portrait 102,portrait,image,portrait_102.png,portrait_102.png,
tanino-gimlet,10,Portrait 104,portrait,image,portrait_104.png,portrait_104.png,
tanino-gimlet,11,Portrait 106,portrait,image,portrait_106.png,portrait_106.png,
tanino-gimlet,12,Portrait 108,portrait,image,portrait_108.png,portrait_108.png,
tanino-gimlet,13,Portrait 110,portrait,image,portrait_110.png,portrait_110.png,
tanino-gimlet,14,Portrait 112,portrait,image,portrait_112.png,portrait_112.png,
tanino-gimlet,15,Portrait 901084,portrait,image,portrait_901084.png,portrait_901084.png,
tanino-gimlet,16,Portrait: [Mantle of Keravnos],portrait,image,portrait_trainee_256_108401.png,portrait_trainee_256_108401.png,
tanino-gimlet,17,Portrait: With a Twist,portrait,image,portrait_trainee_256_108402.png,portrait_trainee_256_108402.png,
tanino-gimlet,18,Comic 1 (JA),comic,image,manga_ja_1084_01.png,manga_ja_1084_01.png,
tanino-gimlet,19,3D idle: Profile,idle3d,image,render_profile_idle_1084.png,render_profile_idle_1084.png,
tanino-gimlet,20,3D idle: Original,idle3d,image,render_trainee_idle_108401.png,render_trainee_idle_108401.png,
tanino-gimlet,21,3D idle: Ballroom,idle3d,image,render_trainee_idle_108402.png,render_trainee_idle_108402.png,
tanino-gimlet,22,Chibi collection,chibi,image,chibi_sheet_1084-a978ef0b0d2a.png,chibi_sheet_1084-a978ef0b0d2a.png,
tanino-gimlet,23,[Tracen Academy],support,image,supports_full_small_10084.png,supports_full_small_10084.png,
tanino-gimlet,24,[ギャラルホルンを磨き上げよ],support,image,supports_full_small_20072.png,supports_full_small_20072.png,
tanino-gimlet,25,[Welcome to Umayuru],support,image,supports_full_small_30145.png,supports_full_small_30145.png,
tanino-gimlet,26,[フォルトゥーナの喝采],support,image,supports_full_small_30165.png,supports_full_small_30165.png,
daiichi-ruby,1,Uniform,art,image,official-art_daiichi-ruby-uniform.png,official-art_daiichi-ruby-uniform.png,
daiichi-ruby,2,Racing outfit,art,image,official-art_daiichi-ruby-racing.png,official-art_daiichi-ruby-racing.png,
daiichi-ruby,3,Concept art,art,image,official-art_daiichi-ruby-concept.png,official-art_daiichi-ruby-concept.png,
daiichi-ruby,4,STARTING FUTURE,art,image,official-art_daiichi-ruby-starting-future.png,official-art_daiichi-ruby-starting-future.png,
daiichi-ruby,5,Portrait 1,portrait,image,portrait_1.png,portrait_1.png,
daiichi-ruby,6,Portrait 2,portrait,image,portrait_2.png,portrait_2.png,
daiichi-ruby,7,Portrait 5,portrait,image,portrait_5.png,portrait_5.png,
daiichi-ruby,8,Portrait 101,portrait,image,portrait_101.png,portrait_101.png,
daiichi-ruby,9,Portrait 102,portrait,image,portrait_102.png,portrait_102.png,
daiichi-ruby,10,Portrait 104,portrait,image,portrait_104.png,portrait_104.png,
daiichi-ruby,11,Portrait 106,portrait,image,portrait_106.png,portrait_106.png,
daiichi-ruby,12,Portrait 108,portrait,image,portrait_108.png,portrait_108.png,
daiichi-ruby,13,Portrait 110,portrait,image,portrait_110.png,portrait_110.png,
daiichi-ruby,14,Portrait 112,portrait,image,portrait_112.png,portrait_112.png,
daiichi-ruby,15,Portrait 901085,portrait,image,portrait_901085.png,portrait_901085.png,
daiichi-ruby,16,Portrait: [Opulent Gem],portrait,image,portrait_trainee_256_108501.png,portrait_trainee_256_108501.png,
daiichi-ruby,17,Portrait: Flowing Blue,portrait,image,portrait_trainee_256_108502.png,portrait_trainee_256_108502.png,
daiichi-ruby,18,Comic 1 (JA),comic,image,manga_ja_1085_01.png,manga_ja_1085_01.png,
daiichi-ruby,19,3D idle: Profile,idle3d,image,render_profile_idle_1085.png,render_profile_idle_1085.png,
daiichi-ruby,20,3D idle: Original,idle3d,image,render_trainee_idle_108501.png,render_trainee_idle_108501.png,
daiichi-ruby,21,3D idle: Ballroom,idle3d,image,render_trainee_idle_108502.png,render_trainee_idle_108502.png,
daiichi-ruby,22,Chibi collection,chibi,image,chibi_sheet_1085-4fe01f02cf83.png,chibi_sheet_1085-4fe01f02cf83.png,
daiichi-ruby,23,[Tracen Academy],support,image,supports_full_small_10079.png,supports_full_small_10079.png,
daiichi-ruby,24,"[Ah, Such Majesty]",support,image,supports_full_small_30114.png,supports_full_small_30114.png,
daiichi-ruby,25,[Inseparable],support,image,supports_full_small_30270.png,supports_full_small_30270.png,
mejiro-ramonu,1,Uniform,art,image,official-art_mejiro-ramonu-uniform.png,official-art_mejiro-ramonu-uniform.png,
mejiro-ramonu,2,Racing outfit,art,image,official-art_mejiro-ramonu-racing.png,official-art_mejiro-ramonu-racing.png,
mejiro-ramonu,3,Concept art,art,image,official-art_mejiro-ramonu-concept.png,official-art_mejiro-ramonu-concept.png,
mejiro-ramonu,4,STARTING FUTURE,art,image,official-art_mejiro-ramonu-starting-future.png,official-art_mejiro-ramonu-starting-future.png,
mejiro-ramonu,5,Portrait 1,portrait,image,portrait_1.png,portrait_1.png,
mejiro-ramonu,6,Portrait 2,portrait,image,portrait_2.png,portrait_2.png,
mejiro-ramonu,7,Portrait 5,portrait,image,portrait_5.png,portrait_5.png,
mejiro-ramonu,8,Portrait 101,portrait,image,portrait_101.png,portrait_101.png,
mejiro-ramonu,9,Portrait 102,portrait,image,portrait_102.png,portrait_102.png,
mejiro-ramonu,10,Portrait 104,portrait,image,portrait_104.png,portrait_104.png,
mejiro-ramonu,11,Portrait 106,portrait,image,portrait_106.png,portrait_106.png,
mejiro-ramonu,12,Portrait 108,portrait,image,portrait_108.png,portrait_108.png,
mejiro-ramonu,13,Portrait 110,portrait,image,portrait_110.png,portrait_110.png,
mejiro-ramonu,14,Portrait 112,portrait,image,portrait_112.png,portrait_112.png,
mejiro-ramonu,15,Portrait 901086,portrait,image,portrait_901086.png,portrait_901086.png,
mejiro-ramonu,16,Portrait: Onyx Line,portrait,image,portrait_trainee_256_108601.png,portrait_trainee_256_108601.png,
mejiro-ramonu,17,Portrait: Untouchable Eden,portrait,image,portrait_trainee_256_108602.png,portrait_trainee_256_108602.png,
mejiro-ramonu,18,Comic 1 (JA),comic,image,manga_ja_1086_01.png,manga_ja_1086_01.png,
mejiro-ramonu,19,3D idle: Profile,idle3d,image,render_profile_idle_1086.png,render_profile_idle_1086.png,
mejiro-ramonu,20,3D idle: Original,idle3d,image,render_trainee_idle_108601.png,render_trainee_idle_108601.png,
mejiro-ramonu,21,3D idle: Wedding,idle3d,image,render_trainee_idle_108602.png,render_trainee_idle_108602.png,
mejiro-ramonu,22,Chibi collection,chibi,image,chibi_sheet_1086-92dcc8cae29c.png,chibi_sheet_1086-92dcc8cae29c.png,
mejiro-ramonu,23,[Tracen Academy],support,image,supports_full_small_10088.png,supports_full_small_10088.png,
mejiro-ramonu,24,[月下麗人],support,image,supports_full_small_20083.png,supports_full_small_20083.png,
mejiro-ramonu,25,[Radiant],support,image,supports_full_small_30134.png,supports_full_small_30134.png,
mejiro-ramonu,26,[冬溶かす熾火],support,image,supports_full_small_30175.png,supports_full_small_30175.png,
aston-machan,1,Uniform,art,image,official-art_aston-machan-uniform.png,official-art_aston-machan-uniform.png,
aston-machan,2,Racing outfit,art,image,official-art_aston-machan-racing.png,official-art_aston-machan-racing.png,
aston-machan,3,Concept art,art,image,official-art_aston-machan-concept.png,official-art_aston-machan-concept.png,
aston-machan,4,STARTING FUTURE,art,image,official-art_aston-machan-starting-future.png,official-art_aston-machan-starting-future.png,
aston-machan,5,Portrait 1,portrait,image,portrait_1.png,portrait_1.png,
aston-machan,6,Portrait 2,portrait,image,portrait_2.png,portrait_2.png,
aston-machan,7,Portrait 5,portrait,image,portrait_5.png,portrait_5.png,
aston-machan,8,Portrait 101,portrait,image,portrait_101.png,portrait_101.png,
aston-machan,9,Portrait 102,portrait,image,portrait_102.png,portrait_102.png,
aston-machan,10,Portrait 104,portrait,image,portrait_104.png,portrait_104.png,
aston-machan,11,Portrait 106,portrait,image,portrait_106.png,portrait_106.png,
aston-machan,12,Portrait 108,portrait,image,portrait_108.png,portrait_108.png,
aston-machan,13,Portrait 110,portrait,image,portrait_110.png,portrait_110.png,
aston-machan,14,Portrait 112,portrait,image,portrait_112.png,portrait_112.png,
aston-machan,15,Portrait 901087,portrait,image,portrait_901087.png,portrait_901087.png,
aston-machan,16,Portrait: [Flare],portrait,image,portrait_trainee_256_108701.png,portrait_trainee_256_108701.png,
aston-machan,17,Portrait: Everlasting Sweet Treat,portrait,image,portrait_trainee_256_108702.png,portrait_trainee_256_108702.png,
aston-machan,18,Comic 1 (JA),comic,image,manga_ja_1087_01.png,manga_ja_1087_01.png,
aston-machan,19,3D idle: Profile,idle3d,image,render_profile_idle_1087.png,render_profile_idle_1087.png,
aston-machan,20,3D idle: Original,idle3d,image,render_trainee_idle_108701.png,render_trainee_idle_108701.png,
aston-machan,21,3D idle: Valentine,idle3d,image,render_trainee_idle_108702.png,render_trainee_idle_108702.png,
aston-machan,22,Chibi collection,chibi,image,chibi_sheet_1087-d4d166de5017.png,chibi_sheet_1087-d4d166de5017.png,
aston-machan,23,[Tracen Academy],support,image,supports_full_small_10087.png,supports_full_small_10087.png,
aston-machan,24,[A Clip to Keep Your Heart Warm],support,image,supports_full_small_20055.png,supports_full_small_20055.png,
aston-machan,25,[Haute Couture Memory],support,image,supports_full_small_30149.png,supports_full_small_30149.png,
aston-machan,26,[単焦点でつかまえて],support,image,supports_full_small_30296.png,supports_full_small_30296.png,
satono-crown,1,Uniform,art,image,official-art_satono-crown-uniform.png,official-art_satono-crown-uniform.png,
satono-crown,2,Racing outfit,art,image,official-art_satono-crown-racing.png,official-art_satono-crown-racing.png,
satono-crown,3,Concept art,art,image,official-art_satono-crown-concept.png,official-art_satono-crown-concept.png,
satono-crown,4,STARTING FUTURE,art,image,official-art_satono-crown-starting-future.png,official-art_satono-crown-starting-future.png,
satono-crown,5,Portrait 1,portrait,image,portrait_1.png,portrait_1.png,
satono-crown,6,Portrait 2,portrait,image,portrait_2.png,portrait_2.png,
satono-crown,7,Portrait 5,portrait,image,portrait_5.png,portrait_5.png,
satono-crown,8,Portrait 101,portrait,image,portrait_101.png,portrait_101.png,
satono-crown,9,Portrait 102,portrait,image,portrait_102.png,portrait_102.png,
satono-crown,10,Portrait 104,portrait,image,portrait_104.png,portrait_104.png,
satono-crown,11,Portrait 106,portrait,image,portrait_106.png,portrait_106.png,
satono-crown,12,Portrait 108,portrait,image,portrait_108.png,portrait_108.png,
satono-crown,13,Portrait 110,portrait,image,portrait_110.png,portrait_110.png,
satono-crown,14,Portrait 112,portrait,image,portrait_112.png,portrait_112.png,
satono-crown,15,Portrait 901088,portrait,image,portrait_901088.png,portrait_901088.png,
satono-crown,16,Portrait: Emerald Journey,portrait,image,portrait_trainee_256_108801.png,portrait_trainee_256_108801.png,
satono-crown,17,Portrait: Sunny Island Floral Beauty,portrait,image,portrait_trainee_256_108802.png,portrait_trainee_256_108802.png,
satono-crown,18,Comic 1 (JA),comic,image,manga_ja_1088_01.png,manga_ja_1088_01.png,
satono-crown,19,3D idle: Profile,idle3d,image,render_profile_idle_1088.png,render_profile_idle_1088.png,
satono-crown,20,3D idle: Original,idle3d,image,render_trainee_idle_108801.png,render_trainee_idle_108801.png,
satono-crown,21,3D idle: Summer,idle3d,image,render_trainee_idle_108802.png,render_trainee_idle_108802.png,
satono-crown,22,Chibi collection,chibi,image,chibi_sheet_1088-5c8f402b7c6b.png,chibi_sheet_1088-5c8f402b7c6b.png,
cheval-grand,1,Uniform,art,image,official-art_cheval-grand-uniform.png,official-art_cheval-grand-uniform.png,
cheval-grand,2,Racing outfit,art,image,official-art_cheval-grand-racing.png,official-art_cheval-grand-racing.png,
cheval-grand,3,Concept art,art,image,official-art_cheval-grand-concept.png,official-art_cheval-grand-concept.png,
cheval-grand,4,STARTING FUTURE,art,image,official-art_cheval-grand-starting-future.png,official-art_cheval-grand-starting-future.png,
cheval-grand,5,Portrait 1,portrait,image,portrait_1.png,portrait_1.png,
cheval-grand,6,Portrait 2,portrait,image,portrait_2.png,portrait_2.png,
cheval-grand,7,Portrait 5,portrait,image,portrait_5.png,portrait_5.png,
cheval-grand,8,Portrait 101,portrait,image,portrait_101.png,portrait_101.png,
cheval-grand,9,Portrait 102,portrait,image,portrait_102.png,portrait_102.png,
cheval-grand,10,Portrait 104,portrait,image,portrait_104.png,portrait_104.png,
cheval-grand,11,Portrait 106,portrait,image,portrait_106.png,portrait_106.png,
cheval-grand,12,Portrait 108,portrait,image,portrait_108.png,portrait_108.png,
cheval-grand,13,Portrait 110,portrait,image,portrait_110.png,portrait_110.png,
cheval-grand,14,Portrait 112,portrait,image,portrait_112.png,portrait_112.png,
cheval-grand,15,Portrait 901089,portrait,image,portrait_901089.png,portrait_901089.png,
cheval-grand,16,Portrait: Grand Itinéraire,portrait,image,portrait_trainee_256_108901.png,portrait_trainee_256_108901.png,
cheval-grand,17,Portrait: Summer Lull Navy Drop,portrait,image,portrait_trainee_256_108902.png,portrait_trainee_256_108902.png,
cheval-grand,18,Comic 1 (JA),comic,image,manga_ja_1089_01.png,manga_ja_1089_01.png,
cheval-grand,19,3D idle: Profile,idle3d,image,render_profile_idle_1089.png,render_profile_idle_1089.png,
cheval-grand,20,3D idle: Original,idle3d,image,render_trainee_idle_108901.png,render_trainee_idle_108901.png,
cheval-grand,21,3D idle: Summer,idle3d,image,render_trainee_idle_108902.png,render_trainee_idle_108902.png,
cheval-grand,22,Chibi collection,chibi,image,chibi_sheet_1089-a3222e07c966.png,chibi_sheet_1089-a3222e07c966.png,
cheval-grand,23,[トレセン学園],support,image,supports_full_small_10105.png,supports_full_small_10105.png,
cheval-grand,24,[Over the Ocean],support,image,supports_full_small_30193.png,supports_full_small_30193.png,
verxina,1,Uniform,art,image,official-art_verxina-uniform.png,official-art_verxina-uniform.png,
verxina,2,Racing outfit,art,image,official-art_verxina-racing.png,official-art_verxina-racing.png,
verxina,3,STARTING FUTURE,art,image,official-art_verxina-starting-future.png,official-art_verxina-starting-future.png,
verxina,4,Portrait 1,portrait,image,portrait_1.png,portrait_1.png,
verxina,5,Portrait 2,portrait,image,portrait_2.png,portrait_2.png,
verxina,6,Portrait 5,portrait,image,portrait_5.png,portrait_5.png,
verxina,7,Portrait 101,portrait,image,portrait_101.png,portrait_101.png,
verxina,8,Portrait 102,portrait,image,portrait_102.png,portrait_102.png,
verxina,9,Portrait 104,portrait,image,portrait_104.png,portrait_104.png,
verxina,10,Portrait 106,portrait,image,portrait_106.png,portrait_106.png,
verxina,11,Portrait 108,portrait,image,portrait_108.png,portrait_108.png,
verxina,12,Portrait 110,portrait,image,portrait_110.png,portrait_110.png,
verxina,13,Portrait 112,portrait,image,portrait_112.png,portrait_112.png,
verxina,14,Portrait 901090,portrait,image,portrait_901090.png,portrait_901090.png,
verxina,15,Portrait: Le Beau Sommet,portrait,image,portrait_trainee_256_109001.png,portrait_trainee_256_109001.png,
verxina,16,Comic 1 (JA),comic,image,manga_ja_1090_01.png,manga_ja_1090_01.png,
verxina,17,3D idle: Profile,idle3d,image,render_profile_idle_1090.png,render_profile_idle_1090.png,
verxina,18,3D idle: Original,idle3d,image,render_trainee_idle_109001.png,render_trainee_idle_109001.png,
verxina,19,Chibi collection,chibi,image,chibi_sheet_1090-fe7ca08388d9.png,chibi_sheet_1090-fe7ca08388d9.png,
verxina,20,[トレセン学園],support,image,supports_full_small_10097.png,supports_full_small_10097.png,
verxina,21,[長姉は大変？],support,image,supports_full_small_20070.png,supports_full_small_20070.png,
verxina,22,[紺碧の戴冠式],support,image,supports_full_small_30205.png,supports_full_small_30205.png,
vivlos,1,Uniform,art,image,official-art_vivlos-uniform.png,official-art_vivlos-uniform.png,
vivlos,2,Racing outfit,art,image,official-art_vivlos-racing.png,official-art_vivlos-racing.png,
vivlos,3,Concept art,art,image,official-art_vivlos-concept.png,official-art_vivlos-concept.png,
vivlos,4,STARTING FUTURE,art,image,official-art_vivlos-starting-future.png,official-art_vivlos-starting-future.png,
vivlos,5,Portrait 1,portrait,image,portrait_1.png,portrait_1.png,
vivlos,6,Portrait 2,portrait,image,portrait_2.png,portrait_2.png,
vivlos,7,Portrait 5,portrait,image,portrait_5.png,portrait_5.png,
vivlos,8,Portrait 101,portrait,image,portrait_101.png,portrait_101.png,
vivlos,9,Portrait 102,portrait,image,portrait_102.png,portrait_102.png,
vivlos,10,Portrait 104,portrait,image,portrait_104.png,portrait_104.png,
vivlos,11,Portrait 106,portrait,image,portrait_106.png,portrait_106.png,
vivlos,12,Portrait 108,portrait,image,portrait_108.png,portrait_108.png,
vivlos,13,Portrait 110,portrait,image,portrait_110.png,portrait_110.png,
vivlos,14,Portrait 112,portrait,image,portrait_112.png,portrait_112.png,
vivlos,15,Portrait 901091,portrait,image,portrait_901091.png,portrait_901091.png,
vivlos,16,Portrait: Voyage Étincelant,portrait,image,portrait_trainee_256_109101.png,portrait_trainee_256_109101.png,
vivlos,17,Portrait: Éclat d'été,portrait,image,portrait_trainee_256_109102.png,portrait_trainee_256_109102.png,
vivlos,18,Comic 1 (JA),comic,image,manga_ja_1091_01.png,manga_ja_1091_01.png,
vivlos,19,3D idle: Profile,idle3d,image,render_profile_idle_1091.png,render_profile_idle_1091.png,
vivlos,20,3D idle: Original,idle3d,image,render_trainee_idle_109101.png,render_trainee_idle_109101.png,
vivlos,21,3D idle: Summer,idle3d,image,render_trainee_idle_109102.png,render_trainee_idle_109102.png,
vivlos,22,Chibi collection,chibi,image,chibi_sheet_1091-a710c6fdc51f.png,chibi_sheet_1091-a710c6fdc51f.png,
vivlos,23,[トレセン学園],support,image,supports_full_small_10099.png,supports_full_small_10099.png,
vivlos,24,[会心のウイニングスマイル],support,image,supports_full_small_30177.png,supports_full_small_30177.png,
vivlos,25,[とっておきのレヴェランス],support,image,supports_full_small_30192.png,supports_full_small_30192.png,
vivlos,26,[アルストロメリアの夢],support,image,supports_full_small_30206.png,supports_full_small_30206.png,
vivlos,27,[極上スマイルはっし～ん♪],support,image,supports_full_small_30263.png,supports_full_small_30263.png,
dantsu-flame,1,Uniform,art,image,official-art_dantsu-flame-uniform.png,official-art_dantsu-flame-uniform.png,
dantsu-flame,2,Racing outfit,art,image,official-art_dantsu-flame-racing.png,official-art_dantsu-flame-racing.png,
dantsu-flame,3,Concept art,art,image,official-art_dantsu-flame-concept.png,official-art_dantsu-flame-concept.png,
dantsu-flame,4,STARTING FUTURE,art,image,official-art_dantsu-flame-starting-future.png,official-art_dantsu-flame-starting-future.png,
dantsu-flame,5,Portrait 1,portrait,image,portrait_1.png,portrait_1.png,
dantsu-flame,6,Portrait 2,portrait,image,portrait_2.png,portrait_2.png,
dantsu-flame,7,Portrait 5,portrait,image,portrait_5.png,portrait_5.png,
dantsu-flame,8,Portrait 101,portrait,image,portrait_101.png,portrait_101.png,
dantsu-flame,9,Portrait 102,portrait,image,portrait_102.png,portrait_102.png,
dantsu-flame,10,Portrait 104,portrait,image,portrait_104.png,portrait_104.png,
dantsu-flame,11,Portrait 106,portrait,image,portrait_106.png,portrait_106.png,
dantsu-flame,12,Portrait 108,portrait,image,portrait_108.png,portrait_108.png,
dantsu-flame,13,Portrait 110,portrait,image,portrait_110.png,portrait_110.png,
dantsu-flame,14,Portrait 112,portrait,image,portrait_112.png,portrait_112.png,
dantsu-flame,15,Portrait 901092,portrait,image,portrait_901092.png,portrait_901092.png,
dantsu-flame,16,Portrait: Center ◎ Spotlight,portrait,image,portrait_trainee_256_109201.png,portrait_trainee_256_109201.png,
dantsu-flame,17,Comic 1 (JA),comic,image,manga_ja_1092_01.png,manga_ja_1092_01.png,
dantsu-flame,18,3D idle: Profile,idle3d,image,render_profile_idle_1092.png,render_profile_idle_1092.png,
dantsu-flame,19,3D idle: Original,idle3d,image,render_trainee_idle_109201.png,render_trainee_idle_109201.png,
dantsu-flame,20,Chibi collection,chibi,image,chibi_sheet_1092-55008587aa82.png,chibi_sheet_1092-55008587aa82.png,
dantsu-flame,21,[トレセン学園],support,image,supports_full_small_10108.png,supports_full_small_10108.png,
dantsu-flame,22,[ぬりぬりシェイプアップ！],support,image,supports_full_small_20077.png,supports_full_small_20077.png,
dantsu-flame,23,[そして幕は上がる],support,image,supports_full_small_30209.png,supports_full_small_30209.png,
dantsu-flame,24,[今日が楽しかったから、],support,image,supports_full_small_30269.png,supports_full_small_30269.png,
ksmiracle,1,Uniform,art,image,official-art_ksmiracle-uniform.png,official-art_ksmiracle-uniform.png,
ksmiracle,2,Racing outfit,art,image,official-art_ksmiracle-racing.png,official-art_ksmiracle-racing.png,
ksmiracle,3,Concept art,art,image,official-art_ksmiracle-concept.png,official-art_ksmiracle-concept.png,
ksmiracle,4,STARTING FUTURE,art,image,official-art_ksmiracle-starting-future.png,official-art_ksmiracle-starting-future.png,
ksmiracle,5,Portrait 1,portrait,image,portrait_1.png,portrait_1.png,
ksmiracle,6,Portrait 2,portrait,image,portrait_2.png,portrait_2.png,
ksmiracle,7,Portrait 5,portrait,image,portrait_5.png,portrait_5.png,
ksmiracle,8,Portrait 101,portrait,image,portrait_101.png,portrait_101.png,
ksmiracle,9,Portrait 102,portrait,image,portrait_102.png,portrait_102.png,
ksmiracle,10,Portrait 104,portrait,image,portrait_104.png,portrait_104.png,
ksmiracle,11,Portrait 106,portrait,image,portrait_106.png,portrait_106.png,
ksmiracle,12,Portrait 108,portrait,image,portrait_108.png,portrait_108.png,
ksmiracle,13,Portrait 110,portrait,image,portrait_110.png,portrait_110.png,
ksmiracle,14,Portrait 112,portrait,image,portrait_112.png,portrait_112.png,
ksmiracle,15,Portrait 901093,portrait,image,portrait_901093.png,portrait_901093.png,
ksmiracle,16,Portrait: Prism,portrait,image,portrait_trainee_256_109301.png,portrait_trainee_256_109301.png,
ksmiracle,17,Portrait: Andante in Autumn Hues,portrait,image,portrait_trainee_256_109302.png,portrait_trainee_256_109302.png,
ksmiracle,18,Comic 1 (JA),comic,image,manga_ja_1093_01.png,manga_ja_1093_01.png,
ksmiracle,19,3D idle: Profile,idle3d,image,render_profile_idle_1093.png,render_profile_idle_1093.png,
ksmiracle,20,3D idle: Original,idle3d,image,render_trainee_idle_109301.png,render_trainee_idle_109301.png,
ksmiracle,21,3D idle: Autumn,idle3d,image,render_trainee_idle_109302.png,render_trainee_idle_109302.png,
ksmiracle,22,Chibi collection,chibi,image,chibi_sheet_1093-1c25055d7c01.png,chibi_sheet_1093-1c25055d7c01.png,
ksmiracle,23,[Tracen Academy],support,image,supports_full_small_10080.png,supports_full_small_10080.png,
ksmiracle,24,[The 3rd Miracle],support,image,supports_full_small_20051.png,supports_full_small_20051.png,
ksmiracle,25,[To You],support,image,supports_full_small_30130.png,supports_full_small_30130.png,
ksmiracle,26,[白い鳥のアラベスク],support,image,supports_full_small_30195.png,supports_full_small_30195.png,
jungle-pocket,1,Uniform,art,image,official-art_jungle-pocket-uniform.png,official-art_jungle-pocket-uniform.png,
jungle-pocket,2,Racing outfit,art,image,official-art_jungle-pocket-racing.png,official-art_jungle-pocket-racing.png,
jungle-pocket,3,Concept art,art,image,official-art_jungle-pocket-concept.png,official-art_jungle-pocket-concept.png,
jungle-pocket,4,STARTING FUTURE,art,image,official-art_jungle-pocket-starting-future.png,official-art_jungle-pocket-starting-future.png,
jungle-pocket,5,Portrait 1,portrait,image,portrait_1.png,portrait_1.png,
jungle-pocket,6,Portrait 2,portrait,image,portrait_2.png,portrait_2.png,
jungle-pocket,7,Portrait 5,portrait,image,portrait_5.png,portrait_5.png,
jungle-pocket,8,Portrait 101,portrait,image,portrait_101.png,portrait_101.png,
jungle-pocket,9,Portrait 102,portrait,image,portrait_102.png,portrait_102.png,
jungle-pocket,10,Portrait 104,portrait,image,portrait_104.png,portrait_104.png,
jungle-pocket,11,Portrait 106,portrait,image,portrait_106.png,portrait_106.png,
jungle-pocket,12,Portrait 108,portrait,image,portrait_108.png,portrait_108.png,
jungle-pocket,13,Portrait 110,portrait,image,portrait_110.png,portrait_110.png,
jungle-pocket,14,Portrait 112,portrait,image,portrait_112.png,portrait_112.png,
jungle-pocket,15,Portrait 901094,portrait,image,portrait_901094.png,portrait_901094.png,
jungle-pocket,16,Portrait: Ruler's Battle Cry,portrait,image,portrait_trainee_256_109401.png,portrait_trainee_256_109401.png,
jungle-pocket,17,Portrait: Vermilion Head,portrait,image,portrait_trainee_256_109402.png,portrait_trainee_256_109402.png,
jungle-pocket,18,Comic 1 (JA),comic,image,manga_ja_1094_01.png,manga_ja_1094_01.png,
jungle-pocket,19,Comic 2 (JA),comic,image,manga_ja_1094_02.png,manga_ja_1094_02.png,
jungle-pocket,20,3D idle: Profile,idle3d,image,render_profile_idle_1094.png,render_profile_idle_1094.png,
jungle-pocket,21,3D idle: Original,idle3d,image,render_trainee_idle_109401.png,render_trainee_idle_109401.png,
jungle-pocket,22,3D idle: Cheerleader,idle3d,image,render_trainee_idle_109402.png,render_trainee_idle_109402.png,
jungle-pocket,23,Chibi collection,chibi,image,chibi_sheet_1094-fae9ffe2c8ee.png,chibi_sheet_1094-fae9ffe2c8ee.png,
jungle-pocket,24,[Tracen Academy],support,image,supports_full_small_10089.png,supports_full_small_10089.png,
jungle-pocket,25,[Dead End: Blocking the Path],support,image,supports_full_small_20056.png,supports_full_small_20056.png,
jungle-pocket,26,[The Frontier],support,image,supports_full_small_30147.png,supports_full_small_30147.png,
jungle-pocket,27,[Summer Splash],support,image,supports_full_small_30158.png,supports_full_small_30158.png,
jungle-pocket,28,[新時代を開く者],support,image,supports_full_small_30203.png,supports_full_small_30203.png,
jungle-pocket,29,[『最強は俺だ！！』],support,image,supports_full_small_30240.png,supports_full_small_30240.png,
believe,1,Uniform,art,image,official-art_believe-uniform.png,official-art_believe-uniform.png,
believe,2,Racing outfit,art,image,official-art_believe-racing.png,official-art_believe-racing.png,
believe,3,Concept art,art,image,official-art_believe-concept.png,official-art_believe-concept.png,
believe,4,STARTING FUTURE,art,image,official-art_believe-starting-future.png,official-art_believe-starting-future.png,
believe,5,Portrait 1,portrait,image,portrait_1.png,portrait_1.png,
believe,6,Portrait 2,portrait,image,portrait_2.png,portrait_2.png,
believe,7,Portrait 5,portrait,image,portrait_5.png,portrait_5.png,
believe,8,Portrait 101,portrait,image,portrait_101.png,portrait_101.png,
believe,9,Portrait 102,portrait,image,portrait_102.png,portrait_102.png,
believe,10,Portrait 104,portrait,image,portrait_104.png,portrait_104.png,
believe,11,Portrait 106,portrait,image,portrait_106.png,portrait_106.png,
believe,12,Portrait 108,portrait,image,portrait_108.png,portrait_108.png,
believe,13,Portrait 110,portrait,image,portrait_110.png,portrait_110.png,
believe,14,Portrait 112,portrait,image,portrait_112.png,portrait_112.png,
believe,15,Portrait 901095,portrait,image,portrait_901095.png,portrait_901095.png,
believe,16,Portrait: Purity,portrait,image,portrait_trainee_256_109501.png,portrait_trainee_256_109501.png,
believe,17,Comic 1 (JA),comic,image,manga_ja_1095_01.png,manga_ja_1095_01.png,
believe,18,3D idle: Profile,idle3d,image,render_profile_idle_1095.png,render_profile_idle_1095.png,
believe,19,3D idle: Original,idle3d,image,render_trainee_idle_109501.png,render_trainee_idle_109501.png,
believe,20,Chibi collection,chibi,image,chibi_sheet_1095-e07589d31584.png,chibi_sheet_1095-e07589d31584.png,
no-reason,1,Uniform,art,image,official-art_no-reason-uniform.png,official-art_no-reason-uniform.png,
no-reason,2,Racing outfit,art,image,official-art_no-reason-racing.png,official-art_no-reason-racing.png,
no-reason,3,STARTING FUTURE,art,image,official-art_no-reason-starting-future.png,official-art_no-reason-starting-future.png,
no-reason,4,Portrait 1,portrait,image,portrait_1.png,portrait_1.png,
no-reason,5,Portrait 2,portrait,image,portrait_2.png,portrait_2.png,
no-reason,6,Portrait 5,portrait,image,portrait_5.png,portrait_5.png,
no-reason,7,Portrait 101,portrait,image,portrait_101.png,portrait_101.png,
no-reason,8,Portrait 102,portrait,image,portrait_102.png,portrait_102.png,
no-reason,9,Portrait 104,portrait,image,portrait_104.png,portrait_104.png,
no-reason,10,Portrait 106,portrait,image,portrait_106.png,portrait_106.png,
no-reason,11,Portrait 108,portrait,image,portrait_108.png,portrait_108.png,
no-reason,12,Portrait 110,portrait,image,portrait_110.png,portrait_110.png,
no-reason,13,Portrait 112,portrait,image,portrait_112.png,portrait_112.png,
no-reason,14,Portrait 901096,portrait,image,portrait_901096.png,portrait_901096.png,
no-reason,15,Portrait: Swift Crimson Armor,portrait,image,portrait_trainee_256_109601.png,portrait_trainee_256_109601.png,
no-reason,16,Comic 1 (JA),comic,image,manga_ja_1096_01.png,manga_ja_1096_01.png,
no-reason,17,3D idle: Profile,idle3d,image,render_profile_idle_1096.png,render_profile_idle_1096.png,
no-reason,18,3D idle: Original,idle3d,image,render_trainee_idle_109601.png,render_trainee_idle_109601.png,
no-reason,19,Chibi collection,chibi,image,chibi_sheet_1096-417efb63c2bd.png,chibi_sheet_1096-417efb63c2bd.png,
no-reason,20,[トレセン学園],support,image,supports_full_small_10117.png,supports_full_small_10117.png,
no-reason,21,[大胆不敵の兵よ],support,image,supports_full_small_30200.png,supports_full_small_30200.png,
still-in-love,1,Uniform,art,image,official-art_still-in-love-uniform.png,official-art_still-in-love-uniform.png,
still-in-love,2,Racing outfit,art,image,official-art_still-in-love-racing.png,official-art_still-in-love-racing.png,
still-in-love,3,Concept art,art,image,official-art_still-in-love-concept.png,official-art_still-in-love-concept.png,
still-in-love,4,STARTING FUTURE,art,image,official-art_still-in-love-starting-future.png,official-art_still-in-love-starting-future.png,
still-in-love,5,Portrait 1,portrait,image,portrait_1.png,portrait_1.png,
still-in-love,6,Portrait 2,portrait,image,portrait_2.png,portrait_2.png,
still-in-love,7,Portrait 5,portrait,image,portrait_5.png,portrait_5.png,
still-in-love,8,Portrait 101,portrait,image,portrait_101.png,portrait_101.png,
still-in-love,9,Portrait 102,portrait,image,portrait_102.png,portrait_102.png,
still-in-love,10,Portrait 104,portrait,image,portrait_104.png,portrait_104.png,
still-in-love,11,Portrait 106,portrait,image,portrait_106.png,portrait_106.png,
still-in-love,12,Portrait 108,portrait,image,portrait_108.png,portrait_108.png,
still-in-love,13,Portrait 110,portrait,image,portrait_110.png,portrait_110.png,
still-in-love,14,Portrait 112,portrait,image,portrait_112.png,portrait_112.png,
still-in-love,15,Portrait 901097,portrait,image,portrait_901097.png,portrait_901097.png,
still-in-love,16,Portrait: Scarlet Vow Raiment,portrait,image,portrait_trainee_256_109701.png,portrait_trainee_256_109701.png,
still-in-love,17,Comic 1 (JA),comic,image,manga_ja_1097_01.png,manga_ja_1097_01.png,
still-in-love,18,3D idle: Profile,idle3d,image,render_profile_idle_1097.png,render_profile_idle_1097.png,
still-in-love,19,3D idle: Original,idle3d,image,render_trainee_idle_109701.png,render_trainee_idle_109701.png,
still-in-love,20,Chibi collection,chibi,image,chibi_sheet_1097-078dc3c5dd02.png,chibi_sheet_1097-078dc3c5dd02.png,
still-in-love,21,[トレセン学園],support,image,supports_full_small_10096.png,supports_full_small_10096.png,
still-in-love,22,[Devilish Whispers],support,image,supports_full_small_30215.png,supports_full_small_30215.png,
copano-rickey,1,Uniform,art,image,official-art_copano-rickey-uniform.png,official-art_copano-rickey-uniform.png,
copano-rickey,2,Racing outfit,art,image,official-art_copano-rickey-racing.png,official-art_copano-rickey-racing.png,
copano-rickey,3,Concept art,art,image,official-art_copano-rickey-concept.png,official-art_copano-rickey-concept.png,
copano-rickey,4,STARTING FUTURE,art,image,official-art_copano-rickey-starting-future.png,official-art_copano-rickey-starting-future.png,
copano-rickey,5,Portrait 1,portrait,image,portrait_1.png,portrait_1.png,
copano-rickey,6,Portrait 2,portrait,image,portrait_2.png,portrait_2.png,
copano-rickey,7,Portrait 5,portrait,image,portrait_5.png,portrait_5.png,
copano-rickey,8,Portrait 101,portrait,image,portrait_101.png,portrait_101.png,
copano-rickey,9,Portrait 102,portrait,image,portrait_102.png,portrait_102.png,
copano-rickey,10,Portrait 104,portrait,image,portrait_104.png,portrait_104.png,
copano-rickey,11,Portrait 106,portrait,image,portrait_106.png,portrait_106.png,
copano-rickey,12,Portrait 108,portrait,image,portrait_108.png,portrait_108.png,
copano-rickey,13,Portrait 110,portrait,image,portrait_110.png,portrait_110.png,
copano-rickey,14,Portrait 112,portrait,image,portrait_112.png,portrait_112.png,
copano-rickey,15,Portrait 901098,portrait,image,portrait_901098.png,portrait_901098.png,
copano-rickey,16,Portrait: [Eightfold☆Fortune],portrait,image,portrait_trainee_256_109801.png,portrait_trainee_256_109801.png,
copano-rickey,17,Portrait: Dazzling ☆ Lucky Wear,portrait,image,portrait_trainee_256_109802.png,portrait_trainee_256_109802.png,
copano-rickey,18,Comic 1 (JA),comic,image,manga_ja_1098_01.png,manga_ja_1098_01.png,
copano-rickey,19,3D idle: Profile,idle3d,image,render_profile_idle_1098.png,render_profile_idle_1098.png,
copano-rickey,20,3D idle: Original,idle3d,image,render_trainee_idle_109801.png,render_trainee_idle_109801.png,
copano-rickey,21,3D idle: Parade,idle3d,image,render_trainee_idle_109802.png,render_trainee_idle_109802.png,
copano-rickey,22,Chibi collection,chibi,image,chibi_sheet_1098-6cc0736d54bb.png,chibi_sheet_1098-6cc0736d54bb.png,
copano-rickey,23,[Tracen Academy],support,image,supports_full_small_10092.png,supports_full_small_10092.png,
copano-rickey,24,[Gods of Luck Are Early to Rise],support,image,supports_full_small_20064.png,supports_full_small_20064.png,
copano-rickey,25,[Lucky☆Summertime],support,image,supports_full_small_30211.png,supports_full_small_30211.png,
hokko-tarumae,1,Uniform,art,image,official-art_hokko-tarumae-uniform.png,official-art_hokko-tarumae-uniform.png,
hokko-tarumae,2,Racing outfit,art,image,official-art_hokko-tarumae-racing.png,official-art_hokko-tarumae-racing.png,
hokko-tarumae,3,Concept art,art,image,official-art_hokko-tarumae-concept.png,official-art_hokko-tarumae-concept.png,
hokko-tarumae,4,STARTING FUTURE,art,image,official-art_hokko-tarumae-starting-future.png,official-art_hokko-tarumae-starting-future.png,
hokko-tarumae,5,Portrait 1,portrait,image,portrait_1.png,portrait_1.png,
hokko-tarumae,6,Portrait 2,portrait,image,portrait_2.png,portrait_2.png,
hokko-tarumae,7,Portrait 5,portrait,image,portrait_5.png,portrait_5.png,
hokko-tarumae,8,Portrait 101,portrait,image,portrait_101.png,portrait_101.png,
hokko-tarumae,9,Portrait 102,portrait,image,portrait_102.png,portrait_102.png,
hokko-tarumae,10,Portrait 104,portrait,image,portrait_104.png,portrait_104.png,
hokko-tarumae,11,Portrait 106,portrait,image,portrait_106.png,portrait_106.png,
hokko-tarumae,12,Portrait 108,portrait,image,portrait_108.png,portrait_108.png,
hokko-tarumae,13,Portrait 110,portrait,image,portrait_110.png,portrait_110.png,
hokko-tarumae,14,Portrait 112,portrait,image,portrait_112.png,portrait_112.png,
hokko-tarumae,15,Portrait 901099,portrait,image,portrait_901099.png,portrait_901099.png,
hokko-tarumae,16,Portrait: [Starry Lightship],portrait,image,portrait_trainee_256_109901.png,portrait_trainee_256_109901.png,
hokko-tarumae,17,Portrait: Pastel Marine Locodol,portrait,image,portrait_trainee_256_109902.png,portrait_trainee_256_109902.png,
hokko-tarumae,18,Comic 1 (JA),comic,image,manga_ja_1099_01.png,manga_ja_1099_01.png,
hokko-tarumae,19,3D idle: Profile,idle3d,image,render_profile_idle_1099.png,render_profile_idle_1099.png,
hokko-tarumae,20,3D idle: Original,idle3d,image,render_trainee_idle_109901.png,render_trainee_idle_109901.png,
hokko-tarumae,21,3D idle: Summer Trip,idle3d,image,render_trainee_idle_109902.png,render_trainee_idle_109902.png,
hokko-tarumae,22,Chibi collection,chibi,image,chibi_sheet_1099-38efdaa08b0c.png,chibi_sheet_1099-38efdaa08b0c.png,
hokko-tarumae,23,[トレセン学園],support,image,supports_full_small_10090.png,supports_full_small_10090.png,
hokko-tarumae,24,[続け故郷へ、けっぱり道！],support,image,supports_full_small_20092.png,supports_full_small_20092.png,
hokko-tarumae,25,[白い翼は舞い戻りて],support,image,supports_full_small_30182.png,supports_full_small_30182.png,
wonder-acute,1,Uniform,art,image,official-art_wonder-acute-uniform.png,official-art_wonder-acute-uniform.png,
wonder-acute,2,Racing outfit,art,image,official-art_wonder-acute-racing.png,official-art_wonder-acute-racing.png,
wonder-acute,3,Concept art,art,image,official-art_wonder-acute-concept.png,official-art_wonder-acute-concept.png,
wonder-acute,4,STARTING FUTURE,art,image,official-art_wonder-acute-starting-future.png,official-art_wonder-acute-starting-future.png,
wonder-acute,5,Portrait 1,portrait,image,portrait_1.png,portrait_1.png,
wonder-acute,6,Portrait 2,portrait,image,portrait_2.png,portrait_2.png,
wonder-acute,7,Portrait 5,portrait,image,portrait_5.png,portrait_5.png,
wonder-acute,8,Portrait 101,portrait,image,portrait_101.png,portrait_101.png,
wonder-acute,9,Portrait 102,portrait,image,portrait_102.png,portrait_102.png,
wonder-acute,10,Portrait 104,portrait,image,portrait_104.png,portrait_104.png,
wonder-acute,11,Portrait 106,portrait,image,portrait_106.png,portrait_106.png,
wonder-acute,12,Portrait 108,portrait,image,portrait_108.png,portrait_108.png,
wonder-acute,13,Portrait 110,portrait,image,portrait_110.png,portrait_110.png,
wonder-acute,14,Portrait 112,portrait,image,portrait_112.png,portrait_112.png,
wonder-acute,15,Portrait 901100,portrait,image,portrait_901100.png,portrait_901100.png,
wonder-acute,16,Portrait: [Butterfly Sting],portrait,image,portrait_trainee_256_110001.png,portrait_trainee_256_110001.png,
wonder-acute,17,Portrait: Soft Light・Hot Spring Scent,portrait,image,portrait_trainee_256_110002.png,portrait_trainee_256_110002.png,
wonder-acute,18,Comic 1 (JA),comic,image,manga_ja_1100_01.png,manga_ja_1100_01.png,
wonder-acute,19,3D idle: Profile,idle3d,image,render_profile_idle_1100.png,render_profile_idle_1100.png,
wonder-acute,20,3D idle: Original,idle3d,image,render_trainee_idle_110001.png,render_trainee_idle_110001.png,
wonder-acute,21,3D idle: Onsen,idle3d,image,render_trainee_idle_110002.png,render_trainee_idle_110002.png,
wonder-acute,22,Chibi collection,chibi,image,chibi_sheet_1100-9db18b139d3d.png,chibi_sheet_1100-9db18b139d3d.png,
wonder-acute,23,[Tracen Academy],support,image,supports_full_small_10093.png,supports_full_small_10093.png,
wonder-acute,24,[Lifelong Wonder],support,image,supports_full_small_30156.png,supports_full_small_30156.png,
wonder-acute,25,[あの夏のキリトリ線],support,image,supports_full_small_30212.png,supports_full_small_30212.png,
samson-big,1,Uniform,art,image,official-art_samson-big-uniform.png,official-art_samson-big-uniform.png,
samson-big,2,Racing outfit,art,image,official-art_samson-big-racing.png,official-art_samson-big-racing.png,
samson-big,3,STARTING FUTURE,art,image,official-art_samson-big-starting-future.png,official-art_samson-big-starting-future.png,
samson-big,4,Portrait 1,portrait,image,portrait_1.png,portrait_1.png,
samson-big,5,Portrait 2,portrait,image,portrait_2.png,portrait_2.png,
samson-big,6,Portrait 101,portrait,image,portrait_101.png,portrait_101.png,
samson-big,7,3D idle: Profile,idle3d,image,render_profile_idle_1101.png,render_profile_idle_1101.png,
samson-big,8,[トレセン学園],support,image,supports_full_small_10148.png,supports_full_small_10148.png,
samson-big,9,[世界一小さなビッグバン],support,image,supports_full_small_30316.png,supports_full_small_30316.png,
sounds-of-earth,1,Uniform,art,image,official-art_sounds-of-earth-uniform.png,official-art_sounds-of-earth-uniform.png,
sounds-of-earth,2,Racing outfit,art,image,official-art_sounds-of-earth-racing.png,official-art_sounds-of-earth-racing.png,
sounds-of-earth,3,STARTING FUTURE,art,image,official-art_sounds-of-earth-starting-future.png,official-art_sounds-of-earth-starting-future.png,
sounds-of-earth,4,Portrait 1,portrait,image,portrait_1.png,portrait_1.png,
sounds-of-earth,5,Portrait 2,portrait,image,portrait_2.png,portrait_2.png,
sounds-of-earth,6,Portrait 5,portrait,image,portrait_5.png,portrait_5.png,
sounds-of-earth,7,Portrait 101,portrait,image,portrait_101.png,portrait_101.png,
sounds-of-earth,8,Portrait 102,portrait,image,portrait_102.png,portrait_102.png,
sounds-of-earth,9,Portrait 104,portrait,image,portrait_104.png,portrait_104.png,
sounds-of-earth,10,Portrait 106,portrait,image,portrait_106.png,portrait_106.png,
sounds-of-earth,11,Portrait 108,portrait,image,portrait_108.png,portrait_108.png,
sounds-of-earth,12,Portrait 110,portrait,image,portrait_110.png,portrait_110.png,
sounds-of-earth,13,Portrait 112,portrait,image,portrait_112.png,portrait_112.png,
sounds-of-earth,14,Portrait 901102,portrait,image,portrait_901102.png,portrait_901102.png,
sounds-of-earth,15,Portrait: Ritmo Della Terra,portrait,image,portrait_trainee_256_110201.png,portrait_trainee_256_110201.png,
sounds-of-earth,16,Portrait: Sonata alla Menta,portrait,image,portrait_trainee_256_110202.png,portrait_trainee_256_110202.png,
sounds-of-earth,17,Comic 1 (JA),comic,image,manga_ja_1102_01.png,manga_ja_1102_01.png,
sounds-of-earth,18,3D idle: Profile,idle3d,image,render_profile_idle_1102.png,render_profile_idle_1102.png,
sounds-of-earth,19,3D idle: Original,idle3d,image,render_trainee_idle_110201.png,render_trainee_idle_110201.png,
sounds-of-earth,20,3D idle: Valentine,idle3d,image,render_trainee_idle_110202.png,render_trainee_idle_110202.png,
sounds-of-earth,21,Chibi collection,chibi,image,chibi_sheet_1102-e17fdcc4fcfb.png,chibi_sheet_1102-e17fdcc4fcfb.png,
sounds-of-earth,22,[トレセン学園],support,image,supports_full_small_10098.png,supports_full_small_10098.png,
sounds-of-earth,23,[大地と我らのアンサンブル],support,image,supports_full_small_30173.png,supports_full_small_30173.png,
sounds-of-earth,24,[ブリッランテな旋律を君と],support,image,supports_full_small_30191.png,supports_full_small_30191.png,
royce-and-royce,1,Uniform,art,image,official-art_royce-and-royce-uniform.png,official-art_royce-and-royce-uniform.png,
royce-and-royce,2,Racing outfit,art,image,official-art_royce-and-royce-racing.png,official-art_royce-and-royce-racing.png,
royce-and-royce,3,Concept art,art,image,official-art_royce-and-royce-concept.png,official-art_royce-and-royce-concept.png,
royce-and-royce,4,STARTING FUTURE,art,image,official-art_royce-and-royce-starting-future.png,official-art_royce-and-royce-starting-future.png,
royce-and-royce,5,Portrait 1,portrait,image,portrait_1.png,portrait_1.png,
royce-and-royce,6,Portrait 2,portrait,image,portrait_2.png,portrait_2.png,
royce-and-royce,7,Portrait 5,portrait,image,portrait_5.png,portrait_5.png,
royce-and-royce,8,Portrait 101,portrait,image,portrait_101.png,portrait_101.png,
royce-and-royce,9,Portrait 102,portrait,image,portrait_102.png,portrait_102.png,
royce-and-royce,10,Portrait 104,portrait,image,portrait_104.png,portrait_104.png,
royce-and-royce,11,Portrait 106,portrait,image,portrait_106.png,portrait_106.png,
royce-and-royce,12,Portrait 108,portrait,image,portrait_108.png,portrait_108.png,
royce-and-royce,13,Portrait 110,portrait,image,portrait_110.png,portrait_110.png,
royce-and-royce,14,Portrait 112,portrait,image,portrait_112.png,portrait_112.png,
royce-and-royce,15,Portrait 901103,portrait,image,portrait_901103.png,portrait_901103.png,
royce-and-royce,16,Portrait: Inspiring Genius,portrait,image,portrait_trainee_256_110301.png,portrait_trainee_256_110301.png,
royce-and-royce,17,Comic 1 (JA),comic,image,manga_ja_1103_01.png,manga_ja_1103_01.png,
royce-and-royce,18,3D idle: Profile,idle3d,image,render_profile_idle_1103.png,render_profile_idle_1103.png,
royce-and-royce,19,3D idle: Original,idle3d,image,render_trainee_idle_110301.png,render_trainee_idle_110301.png,
royce-and-royce,20,Chibi collection,chibi,image,chibi_sheet_1103-ced3771bdc99.png,chibi_sheet_1103-ced3771bdc99.png,
royce-and-royce,21,[トレセン学園],support,image,supports_full_small_10100.png,supports_full_small_10100.png,
royce-and-royce,22,[『最強』は作れる！],support,image,supports_full_small_20071.png,supports_full_small_20071.png,
katsuragi-ace,1,Uniform,art,image,official-art_katsuragi-ace-uniform.png,official-art_katsuragi-ace-uniform.png,
katsuragi-ace,2,Racing outfit,art,image,official-art_katsuragi-ace-racing.png,official-art_katsuragi-ace-racing.png,
katsuragi-ace,3,Concept art,art,image,official-art_katsuragi-ace-concept.png,official-art_katsuragi-ace-concept.png,
katsuragi-ace,4,STARTING FUTURE,art,image,official-art_katsuragi-ace-starting-future.png,official-art_katsuragi-ace-starting-future.png,
katsuragi-ace,5,Portrait 1,portrait,image,portrait_1.png,portrait_1.png,
katsuragi-ace,6,Portrait 2,portrait,image,portrait_2.png,portrait_2.png,
katsuragi-ace,7,Portrait 5,portrait,image,portrait_5.png,portrait_5.png,
katsuragi-ace,8,Portrait 101,portrait,image,portrait_101.png,portrait_101.png,
katsuragi-ace,9,Portrait 102,portrait,image,portrait_102.png,portrait_102.png,
katsuragi-ace,10,Portrait 104,portrait,image,portrait_104.png,portrait_104.png,
katsuragi-ace,11,Portrait 106,portrait,image,portrait_106.png,portrait_106.png,
katsuragi-ace,12,Portrait 108,portrait,image,portrait_108.png,portrait_108.png,
katsuragi-ace,13,Portrait 110,portrait,image,portrait_110.png,portrait_110.png,
katsuragi-ace,14,Portrait 112,portrait,image,portrait_112.png,portrait_112.png,
katsuragi-ace,15,Portrait 901104,portrait,image,portrait_901104.png,portrait_901104.png,
katsuragi-ace,16,Portrait: [Dragon Rising],portrait,image,portrait_trainee_256_110401.png,portrait_trainee_256_110401.png,
katsuragi-ace,17,Portrait: Pen Name: Ink Dragon,portrait,image,portrait_trainee_256_110402.png,portrait_trainee_256_110402.png,
katsuragi-ace,18,Comic 1 (JA),comic,image,manga_ja_1104_01.png,manga_ja_1104_01.png,
katsuragi-ace,19,3D idle: Profile,idle3d,image,render_profile_idle_1104.png,render_profile_idle_1104.png,
katsuragi-ace,20,3D idle: Original,idle3d,image,render_trainee_idle_110401.png,render_trainee_idle_110401.png,
katsuragi-ace,21,3D idle: New Year,idle3d,image,render_trainee_idle_110402.png,render_trainee_idle_110402.png,
katsuragi-ace,22,Chibi collection,chibi,image,chibi_sheet_1104-890c7fc56e1f.png,chibi_sheet_1104-890c7fc56e1f.png,
katsuragi-ace,23,[Tracen Academy],support,image,supports_full_small_10091.png,supports_full_small_10091.png,
katsuragi-ace,24,[Hold Aloft the Blazing Torch],support,image,supports_full_small_30135.png,supports_full_small_30135.png,
neo-universe,1,Uniform,art,image,official-art_neo-universe-uniform.png,official-art_neo-universe-uniform.png,
neo-universe,2,Racing outfit,art,image,official-art_neo-universe-racing.png,official-art_neo-universe-racing.png,
neo-universe,3,Concept art,art,image,official-art_neo-universe-concept.png,official-art_neo-universe-concept.png,
neo-universe,4,STARTING FUTURE,art,image,official-art_neo-universe-starting-future.png,official-art_neo-universe-starting-future.png,
neo-universe,5,Portrait 1,portrait,image,portrait_1.png,portrait_1.png,
neo-universe,6,Portrait 2,portrait,image,portrait_2.png,portrait_2.png,
neo-universe,7,Portrait 5,portrait,image,portrait_5.png,portrait_5.png,
neo-universe,8,Portrait 101,portrait,image,portrait_101.png,portrait_101.png,
neo-universe,9,Portrait 102,portrait,image,portrait_102.png,portrait_102.png,
neo-universe,10,Portrait 104,portrait,image,portrait_104.png,portrait_104.png,
neo-universe,11,Portrait 106,portrait,image,portrait_106.png,portrait_106.png,
neo-universe,12,Portrait 108,portrait,image,portrait_108.png,portrait_108.png,
neo-universe,13,Portrait 110,portrait,image,portrait_110.png,portrait_110.png,
neo-universe,14,Portrait 112,portrait,image,portrait_112.png,portrait_112.png,
neo-universe,15,Portrait 901105,portrait,image,portrait_901105.png,portrait_901105.png,
neo-universe,16,Portrait: [Universe-Naut],portrait,image,portrait_trainee_256_110501.png,portrait_trainee_256_110501.png,
neo-universe,17,Portrait: Like “ZEER”,portrait,image,portrait_trainee_256_110502.png,portrait_trainee_256_110502.png,
neo-universe,18,Comic 1 (JA),comic,image,manga_ja_1105_01.png,manga_ja_1105_01.png,
neo-universe,19,3D idle: Profile,idle3d,image,render_profile_idle_1105.png,render_profile_idle_1105.png,
neo-universe,20,3D idle: Original,idle3d,image,render_trainee_idle_110501.png,render_trainee_idle_110501.png,
neo-universe,21,3D idle: Autumn,idle3d,image,render_trainee_idle_110502.png,render_trainee_idle_110502.png,
neo-universe,22,Chibi collection,chibi,image,chibi_sheet_1105-86115e314677.png,chibi_sheet_1105-86115e314677.png,
neo-universe,23,[トレセン学園],support,image,supports_full_small_10106.png,supports_full_small_10106.png,
neo-universe,24,[V.E.R.2285のあなたへ],support,image,supports_full_small_30198.png,supports_full_small_30198.png,
neo-universe,25,[星跨ぐメッセージ],support,image,supports_full_small_30287.png,supports_full_small_30287.png,
hishi-miracle,1,Uniform,art,image,official-art_hishi-miracle-uniform.png,official-art_hishi-miracle-uniform.png,
hishi-miracle,2,Racing outfit,art,image,official-art_hishi-miracle-racing.png,official-art_hishi-miracle-racing.png,
hishi-miracle,3,Concept art,art,image,official-art_hishi-miracle-concept.png,official-art_hishi-miracle-concept.png,
hishi-miracle,4,STARTING FUTURE,art,image,official-art_hishi-miracle-starting-future.png,official-art_hishi-miracle-starting-future.png,
hishi-miracle,5,Portrait 1,portrait,image,portrait_1.png,portrait_1.png,
hishi-miracle,6,Portrait 2,portrait,image,portrait_2.png,portrait_2.png,
hishi-miracle,7,Portrait 5,portrait,image,portrait_5.png,portrait_5.png,
hishi-miracle,8,Portrait 101,portrait,image,portrait_101.png,portrait_101.png,
hishi-miracle,9,Portrait 102,portrait,image,portrait_102.png,portrait_102.png,
hishi-miracle,10,Portrait 104,portrait,image,portrait_104.png,portrait_104.png,
hishi-miracle,11,Portrait 106,portrait,image,portrait_106.png,portrait_106.png,
hishi-miracle,12,Portrait 108,portrait,image,portrait_108.png,portrait_108.png,
hishi-miracle,13,Portrait 110,portrait,image,portrait_110.png,portrait_110.png,
hishi-miracle,14,Portrait 112,portrait,image,portrait_112.png,portrait_112.png,
hishi-miracle,15,Portrait 901106,portrait,image,portrait_901106.png,portrait_901106.png,
hishi-miracle,16,Portrait: [Miracle Maker],portrait,image,portrait_trainee_256_110601.png,portrait_trainee_256_110601.png,
hishi-miracle,17,Portrait: Happy Little Notes,portrait,image,portrait_trainee_256_110602.png,portrait_trainee_256_110602.png,
hishi-miracle,18,Comic 1 (JA),comic,image,manga_ja_1106_01.png,manga_ja_1106_01.png,
hishi-miracle,19,3D idle: Profile,idle3d,image,render_profile_idle_1106.png,render_profile_idle_1106.png,
hishi-miracle,20,3D idle: Original,idle3d,image,render_trainee_idle_110601.png,render_trainee_idle_110601.png,
hishi-miracle,21,3D idle: Autumn,idle3d,image,render_trainee_idle_110602.png,render_trainee_idle_110602.png,
hishi-miracle,22,Chibi collection,chibi,image,chibi_sheet_1106-14c467f4ea48.png,chibi_sheet_1106-14c467f4ea48.png,
hishi-miracle,23,[トレセン学園],support,image,supports_full_small_10107.png,supports_full_small_10107.png,
hishi-miracle,24,[わーく・あ・みらくる！],support,image,supports_full_small_30199.png,supports_full_small_30199.png,
tap-dance-city,1,Uniform,art,image,official-art_tap-dance-city-uniform.png,official-art_tap-dance-city-uniform.png,
tap-dance-city,2,Racing outfit,art,image,official-art_tap-dance-city-racing.png,official-art_tap-dance-city-racing.png,
tap-dance-city,3,Concept art,art,image,official-art_tap-dance-city-concept.png,official-art_tap-dance-city-concept.png,
tap-dance-city,4,STARTING FUTURE,art,image,official-art_tap-dance-city-starting-future.png,official-art_tap-dance-city-starting-future.png,
tap-dance-city,5,Portrait 1,portrait,image,portrait_1.png,portrait_1.png,
tap-dance-city,6,Portrait 2,portrait,image,portrait_2.png,portrait_2.png,
tap-dance-city,7,Portrait 5,portrait,image,portrait_5.png,portrait_5.png,
tap-dance-city,8,Portrait 101,portrait,image,portrait_101.png,portrait_101.png,
tap-dance-city,9,Portrait 102,portrait,image,portrait_102.png,portrait_102.png,
tap-dance-city,10,Portrait 104,portrait,image,portrait_104.png,portrait_104.png,
tap-dance-city,11,Portrait 106,portrait,image,portrait_106.png,portrait_106.png,
tap-dance-city,12,Portrait 108,portrait,image,portrait_108.png,portrait_108.png,
tap-dance-city,13,Portrait 110,portrait,image,portrait_110.png,portrait_110.png,
tap-dance-city,14,Portrait 112,portrait,image,portrait_112.png,portrait_112.png,
tap-dance-city,15,Portrait 901107,portrait,image,portrait_901107.png,portrait_901107.png,
tap-dance-city,16,Portrait: GLITTER!,portrait,image,portrait_trainee_256_110701.png,portrait_trainee_256_110701.png,
tap-dance-city,17,Portrait: Tap! Tap! Tap!,portrait,image,portrait_trainee_256_110702.png,portrait_trainee_256_110702.png,
tap-dance-city,18,Comic 1 (JA),comic,image,manga_ja_1107_01.png,manga_ja_1107_01.png,
tap-dance-city,19,3D idle: Profile,idle3d,image,render_profile_idle_1107.png,render_profile_idle_1107.png,
tap-dance-city,20,3D idle: Original,idle3d,image,render_trainee_idle_110701.png,render_trainee_idle_110701.png,
tap-dance-city,21,3D idle: Ballroom,idle3d,image,render_trainee_idle_110702.png,render_trainee_idle_110702.png,
tap-dance-city,22,Chibi collection,chibi,image,chibi_sheet_1107-a492778d570b.png,chibi_sheet_1107-a492778d570b.png,
tap-dance-city,23,[トレセン学園],support,image,supports_full_small_10095.png,supports_full_small_10095.png,
tap-dance-city,24,[Cheers!],support,image,supports_full_small_20075.png,supports_full_small_20075.png,
tap-dance-city,25,[高らかにYO-HO!],support,image,supports_full_small_30166.png,supports_full_small_30166.png,
tap-dance-city,26,[刀光散らしてClash！],support,image,supports_full_small_30298.png,supports_full_small_30298.png,
duramente,1,Uniform,art,image,official-art_duramente-uniform.png,official-art_duramente-uniform.png,
duramente,2,Racing outfit,art,image,official-art_duramente-racing.png,official-art_duramente-racing.png,
duramente,3,Concept art,art,image,official-art_duramente-concept.png,official-art_duramente-concept.png,
duramente,4,STARTING FUTURE,art,image,official-art_duramente-starting-future.png,official-art_duramente-starting-future.png,
duramente,5,Portrait 1,portrait,image,portrait_1.png,portrait_1.png,
duramente,6,Portrait 2,portrait,image,portrait_2.png,portrait_2.png,
duramente,7,Portrait 5,portrait,image,portrait_5.png,portrait_5.png,
duramente,8,Portrait 101,portrait,image,portrait_101.png,portrait_101.png,
duramente,9,Portrait 102,portrait,image,portrait_102.png,portrait_102.png,
duramente,10,Portrait 104,portrait,image,portrait_104.png,portrait_104.png,
duramente,11,Portrait 106,portrait,image,portrait_106.png,portrait_106.png,
duramente,12,Portrait 108,portrait,image,portrait_108.png,portrait_108.png,
duramente,13,Portrait 110,portrait,image,portrait_110.png,portrait_110.png,
duramente,14,Portrait 112,portrait,image,portrait_112.png,portrait_112.png,
duramente,15,Portrait 901108,portrait,image,portrait_901108.png,portrait_901108.png,
duramente,16,Portrait: Red in Black,portrait,image,portrait_trainee_256_110801.png,portrait_trainee_256_110801.png,
duramente,17,Comic 1 (JA),comic,image,manga_ja_1108_01.png,manga_ja_1108_01.png,
duramente,18,Comic 2 (JA),comic,image,manga_ja_1108_02.png,manga_ja_1108_02.png,
duramente,19,3D idle: Profile,idle3d,image,render_profile_idle_1108.png,render_profile_idle_1108.png,
duramente,20,3D idle: Original,idle3d,image,render_trainee_idle_110801.png,render_trainee_idle_110801.png,
duramente,21,Chibi collection,chibi,image,chibi_sheet_1108-01a6b0eb8e2e.png,chibi_sheet_1108-01a6b0eb8e2e.png,
duramente,22,[トレセン学園],support,image,supports_full_small_10101.png,supports_full_small_10101.png,
duramente,23,[血脈の胎動],support,image,supports_full_small_30178.png,supports_full_small_30178.png,
duramente,24,[激情のピッツィカ],support,image,supports_full_small_30190.png,supports_full_small_30190.png,
duramente,25,[Tranquillo],support,image,supports_full_small_30262.png,supports_full_small_30262.png,
duramente,26,[“最強”なる眷属],support,image,supports_full_small_30321.png,supports_full_small_30321.png,
rhein-kraft,1,Uniform,art,image,official-art_rhein-kraft-uniform.png,official-art_rhein-kraft-uniform.png,
rhein-kraft,2,Racing outfit,art,image,official-art_rhein-kraft-racing.png,official-art_rhein-kraft-racing.png,
rhein-kraft,3,Concept art,art,image,official-art_rhein-kraft-concept.png,official-art_rhein-kraft-concept.png,
rhein-kraft,4,STARTING FUTURE,art,image,official-art_rhein-kraft-starting-future.png,official-art_rhein-kraft-starting-future.png,
rhein-kraft,5,Portrait 1,portrait,image,portrait_1.png,portrait_1.png,
rhein-kraft,6,Portrait 2,portrait,image,portrait_2.png,portrait_2.png,
rhein-kraft,7,Portrait 5,portrait,image,portrait_5.png,portrait_5.png,
rhein-kraft,8,Portrait 101,portrait,image,portrait_101.png,portrait_101.png,
rhein-kraft,9,Portrait 102,portrait,image,portrait_102.png,portrait_102.png,
rhein-kraft,10,Portrait 104,portrait,image,portrait_104.png,portrait_104.png,
rhein-kraft,11,Portrait 106,portrait,image,portrait_106.png,portrait_106.png,
rhein-kraft,12,Portrait 108,portrait,image,portrait_108.png,portrait_108.png,
rhein-kraft,13,Portrait 110,portrait,image,portrait_110.png,portrait_110.png,
rhein-kraft,14,Portrait 112,portrait,image,portrait_112.png,portrait_112.png,
rhein-kraft,15,Portrait 901109,portrait,image,portrait_901109.png,portrait_901109.png,
rhein-kraft,16,Portrait: Dream Successor,portrait,image,portrait_trainee_256_110901.png,portrait_trainee_256_110901.png,
rhein-kraft,17,Portrait: Eternal Fairytale,portrait,image,portrait_trainee_256_110902.png,portrait_trainee_256_110902.png,
rhein-kraft,18,Comic 1 (JA),comic,image,manga_ja_1109_01.png,manga_ja_1109_01.png,
rhein-kraft,19,Comic 2 (JA),comic,image,manga_ja_1109_02.png,manga_ja_1109_02.png,
rhein-kraft,20,3D idle: Profile,idle3d,image,render_profile_idle_1109.png,render_profile_idle_1109.png,
rhein-kraft,21,3D idle: Original,idle3d,image,render_trainee_idle_110901.png,render_trainee_idle_110901.png,
rhein-kraft,22,3D idle: Fairytale,idle3d,image,render_trainee_idle_110902.png,render_trainee_idle_110902.png,
rhein-kraft,23,Chibi collection,chibi,image,chibi_sheet_1109-494cf71eed06.png,chibi_sheet_1109-494cf71eed06.png,
rhein-kraft,24,[トレセン学園],support,image,supports_full_small_10114.png,supports_full_small_10114.png,
rhein-kraft,25,[ティアラが描くレイライン],support,image,supports_full_small_30194.png,supports_full_small_30194.png,
rhein-kraft,26,[Unveiled Dream],support,image,supports_full_small_30253.png,supports_full_small_30253.png,
cesario,1,Uniform,art,image,official-art_cesario-uniform.png,official-art_cesario-uniform.png,
cesario,2,Racing outfit,art,image,official-art_cesario-racing.png,official-art_cesario-racing.png,
cesario,3,STARTING FUTURE,art,image,official-art_cesario-starting-future.png,official-art_cesario-starting-future.png,
cesario,4,Portrait 1,portrait,image,portrait_1.png,portrait_1.png,
cesario,5,Portrait 2,portrait,image,portrait_2.png,portrait_2.png,
cesario,6,Portrait 5,portrait,image,portrait_5.png,portrait_5.png,
cesario,7,Portrait 101,portrait,image,portrait_101.png,portrait_101.png,
cesario,8,Portrait 102,portrait,image,portrait_102.png,portrait_102.png,
cesario,9,Portrait 104,portrait,image,portrait_104.png,portrait_104.png,
cesario,10,Portrait 106,portrait,image,portrait_106.png,portrait_106.png,
cesario,11,Portrait 108,portrait,image,portrait_108.png,portrait_108.png,
cesario,12,Portrait 110,portrait,image,portrait_110.png,portrait_110.png,
cesario,13,Portrait 112,portrait,image,portrait_112.png,portrait_112.png,
cesario,14,Portrait 901110,portrait,image,portrait_901110.png,portrait_901110.png,
cesario,15,Portrait: Future Weaver,portrait,image,portrait_trainee_256_111001.png,portrait_trainee_256_111001.png,
cesario,16,Portrait: Twinbell Queen,portrait,image,portrait_trainee_256_111002.png,portrait_trainee_256_111002.png,
cesario,17,Comic 1 (JA),comic,image,manga_ja_1110_01.png,manga_ja_1110_01.png,
cesario,18,Comic 2 (JA),comic,image,manga_ja_1110_02.png,manga_ja_1110_02.png,
cesario,19,3D idle: Profile,idle3d,image,render_profile_idle_1110.png,render_profile_idle_1110.png,
cesario,20,3D idle: Original,idle3d,image,render_trainee_idle_111001.png,render_trainee_idle_111001.png,
cesario,21,3D idle: Wedding,idle3d,image,render_trainee_idle_111002.png,render_trainee_idle_111002.png,
cesario,22,Chibi collection,chibi,image,chibi_sheet_1110-20df3ef92037.png,chibi_sheet_1110-20df3ef92037.png,
cesario,23,[トレセン学園],support,image,supports_full_small_10115.png,supports_full_small_10115.png,
cesario,24,[慈恵のMother Sea],support,image,supports_full_small_30217.png,supports_full_small_30217.png,
air-messiah,1,Uniform,art,image,official-art_air-messiah-uniform.png,official-art_air-messiah-uniform.png,
air-messiah,2,Racing outfit,art,image,official-art_air-messiah-racing.png,official-art_air-messiah-racing.png,
air-messiah,3,STARTING FUTURE,art,image,official-art_air-messiah-starting-future.png,official-art_air-messiah-starting-future.png,
air-messiah,4,Portrait 1,portrait,image,portrait_1.png,portrait_1.png,
air-messiah,5,Portrait 2,portrait,image,portrait_2.png,portrait_2.png,
air-messiah,6,Portrait 5,portrait,image,portrait_5.png,portrait_5.png,
air-messiah,7,Portrait 101,portrait,image,portrait_101.png,portrait_101.png,
air-messiah,8,Portrait 102,portrait,image,portrait_102.png,portrait_102.png,
air-messiah,9,Portrait 104,portrait,image,portrait_104.png,portrait_104.png,
air-messiah,10,Portrait 106,portrait,image,portrait_106.png,portrait_106.png,
air-messiah,11,Portrait 108,portrait,image,portrait_108.png,portrait_108.png,
air-messiah,12,Portrait 110,portrait,image,portrait_110.png,portrait_110.png,
air-messiah,13,Portrait 112,portrait,image,portrait_112.png,portrait_112.png,
air-messiah,14,Portrait 901111,portrait,image,portrait_901111.png,portrait_901111.png,
air-messiah,15,Portrait: Inherited Hope,portrait,image,portrait_trainee_256_111101.png,portrait_trainee_256_111101.png,
air-messiah,16,Comic 1 (JA),comic,image,manga_ja_1111_01.png,manga_ja_1111_01.png,
air-messiah,17,3D idle: Profile,idle3d,image,render_profile_idle_1111.png,render_profile_idle_1111.png,
air-messiah,18,3D idle: Original,idle3d,image,render_trainee_idle_111101.png,render_trainee_idle_111101.png,
air-messiah,19,Chibi collection,chibi,image,chibi_sheet_1111-c29365ec4937.png,chibi_sheet_1111-c29365ec4937.png,
air-messiah,20,[トレセン学園],support,image,supports_full_small_10127.png,supports_full_small_10127.png,
air-messiah,21,[いつか深まる若草],support,image,supports_full_small_30255.png,supports_full_small_30255.png,
daring-heart,1,Uniform,art,image,official-art_daring-heart-uniform.png,official-art_daring-heart-uniform.png,
daring-heart,2,Racing outfit,art,image,official-art_daring-heart-racing.png,official-art_daring-heart-racing.png,
daring-heart,3,Concept art,art,image,official-art_daring-heart-concept.png,official-art_daring-heart-concept.png,
daring-heart,4,STARTING FUTURE,art,image,official-art_daring-heart-starting-future.png,official-art_daring-heart-starting-future.png,
daring-heart,5,Portrait 1,portrait,image,portrait_1.png,portrait_1.png,
daring-heart,6,Portrait 2,portrait,image,portrait_2.png,portrait_2.png,
daring-heart,7,Portrait 5,portrait,image,portrait_5.png,portrait_5.png,
daring-heart,8,Portrait 101,portrait,image,portrait_101.png,portrait_101.png,
daring-heart,9,Portrait 102,portrait,image,portrait_102.png,portrait_102.png,
daring-heart,10,Portrait 104,portrait,image,portrait_104.png,portrait_104.png,
daring-heart,11,Portrait 106,portrait,image,portrait_106.png,portrait_106.png,
daring-heart,12,Portrait 108,portrait,image,portrait_108.png,portrait_108.png,
daring-heart,13,Portrait 110,portrait,image,portrait_110.png,portrait_110.png,
daring-heart,14,Portrait 112,portrait,image,portrait_112.png,portrait_112.png,
daring-heart,15,Portrait 901112,portrait,image,portrait_901112.png,portrait_901112.png,
daring-heart,16,Portrait: Daring Darling!,portrait,image,portrait_trainee_256_111201.png,portrait_trainee_256_111201.png,
daring-heart,17,Comic 1 (JA),comic,image,manga_ja_1112_01.png,manga_ja_1112_01.png,
daring-heart,18,3D idle: Profile,idle3d,image,render_profile_idle_1112.png,render_profile_idle_1112.png,
daring-heart,19,3D idle: Original,idle3d,image,render_trainee_idle_111201.png,render_trainee_idle_111201.png,
daring-heart,20,Chibi collection,chibi,image,chibi_sheet_1112-b18756dc875a.png,chibi_sheet_1112-b18756dc875a.png,
daring-heart,21,[トレセン学園],support,image,supports_full_small_10121.png,supports_full_small_10121.png,
daring-heart,22,[Daring Music],support,image,supports_full_small_20087.png,supports_full_small_20087.png,
daring-heart,23,[Blooming Buds],support,image,supports_full_small_30254.png,supports_full_small_30254.png,
daring-heart,24,[白に至る覚悟],support,image,supports_full_small_30294.png,supports_full_small_30294.png,
fusaichi-pandora,1,Uniform,art,image,official-art_fusaichi-pandora-uniform.png,official-art_fusaichi-pandora-uniform.png,
fusaichi-pandora,2,Racing outfit,art,image,official-art_fusaichi-pandora-racing.png,official-art_fusaichi-pandora-racing.png,
fusaichi-pandora,3,STARTING FUTURE,art,image,official-art_fusaichi-pandora-starting-future.png,official-art_fusaichi-pandora-starting-future.png,
fusaichi-pandora,4,Portrait 1,portrait,image,portrait_1.png,portrait_1.png,
fusaichi-pandora,5,Portrait 2,portrait,image,portrait_2.png,portrait_2.png,
fusaichi-pandora,6,Portrait 5,portrait,image,portrait_5.png,portrait_5.png,
fusaichi-pandora,7,Portrait 101,portrait,image,portrait_101.png,portrait_101.png,
fusaichi-pandora,8,Portrait 102,portrait,image,portrait_102.png,portrait_102.png,
fusaichi-pandora,9,Portrait 104,portrait,image,portrait_104.png,portrait_104.png,
fusaichi-pandora,10,Portrait 106,portrait,image,portrait_106.png,portrait_106.png,
fusaichi-pandora,11,Portrait 108,portrait,image,portrait_108.png,portrait_108.png,
fusaichi-pandora,12,Portrait 110,portrait,image,portrait_110.png,portrait_110.png,
fusaichi-pandora,13,Portrait 112,portrait,image,portrait_112.png,portrait_112.png,
fusaichi-pandora,14,Portrait 901113,portrait,image,portrait_901113.png,portrait_901113.png,
fusaichi-pandora,15,Portrait: Assorted Cuteness♡,portrait,image,portrait_trainee_256_111301.png,portrait_trainee_256_111301.png,
fusaichi-pandora,16,Portrait: Snatchin' Hearts ♡,portrait,image,portrait_trainee_256_111302.png,portrait_trainee_256_111302.png,
fusaichi-pandora,17,Comic 1 (JA),comic,image,manga_ja_1113_01.png,manga_ja_1113_01.png,
fusaichi-pandora,18,Comic 2 (JA),comic,image,manga_ja_1113_02.png,manga_ja_1113_02.png,
fusaichi-pandora,19,3D idle: Profile,idle3d,image,render_profile_idle_1113.png,render_profile_idle_1113.png,
fusaichi-pandora,20,3D idle: Original,idle3d,image,render_trainee_idle_111301.png,render_trainee_idle_111301.png,
fusaichi-pandora,21,3D idle: Summer,idle3d,image,render_trainee_idle_111302.png,render_trainee_idle_111302.png,
fusaichi-pandora,22,Chibi collection,chibi,image,chibi_sheet_1113-f2e780b66762.png,chibi_sheet_1113-f2e780b66762.png,
fusaichi-pandora,23,[トレセン学園],support,image,supports_full_small_10129.png,supports_full_small_10129.png,
fusaichi-pandora,24,[ゼッタイ☆天才伝説],support,image,supports_full_small_30259.png,supports_full_small_30259.png,
fusaichi-pandora,25,[天才的ガチエモSUMMER!!],support,image,supports_full_small_30309.png,supports_full_small_30309.png,
buena-vista,1,Uniform,art,image,official-art_buena-vista-uniform.png,official-art_buena-vista-uniform.png,
buena-vista,2,Racing outfit,art,image,official-art_buena-vista-racing.png,official-art_buena-vista-racing.png,
buena-vista,3,Concept art,art,image,official-art_buena-vista-concept.png,official-art_buena-vista-concept.png,
buena-vista,4,STARTING FUTURE,art,image,official-art_buena-vista-starting-future.png,official-art_buena-vista-starting-future.png,
buena-vista,5,Portrait 1,portrait,image,portrait_1.png,portrait_1.png,
buena-vista,6,Portrait 2,portrait,image,portrait_2.png,portrait_2.png,
buena-vista,7,Portrait 5,portrait,image,portrait_5.png,portrait_5.png,
buena-vista,8,Portrait 101,portrait,image,portrait_101.png,portrait_101.png,
buena-vista,9,Portrait 102,portrait,image,portrait_102.png,portrait_102.png,
buena-vista,10,Portrait 104,portrait,image,portrait_104.png,portrait_104.png,
buena-vista,11,Portrait 106,portrait,image,portrait_106.png,portrait_106.png,
buena-vista,12,Portrait 108,portrait,image,portrait_108.png,portrait_108.png,
buena-vista,13,Portrait 110,portrait,image,portrait_110.png,portrait_110.png,
buena-vista,14,Portrait 112,portrait,image,portrait_112.png,portrait_112.png,
buena-vista,15,Portrait 901114,portrait,image,portrait_901114.png,portrait_901114.png,
buena-vista,16,Portrait: Heroína Inocente,portrait,image,portrait_trainee_256_111401.png,portrait_trainee_256_111401.png,
buena-vista,17,Comic 1 (JA),comic,image,manga_ja_1114_01.png,manga_ja_1114_01.png,
buena-vista,18,3D idle: Profile,idle3d,image,render_profile_idle_1114.png,render_profile_idle_1114.png,
buena-vista,19,3D idle: Original,idle3d,image,render_trainee_idle_111401.png,render_trainee_idle_111401.png,
buena-vista,20,Chibi collection,chibi,image,chibi_sheet_1114-39348f7cad7f.png,chibi_sheet_1114-39348f7cad7f.png,
buena-vista,21,[トレセン学園],support,image,supports_full_small_10118.png,supports_full_small_10118.png,
buena-vista,22,[我が学び舎へ、愛をこめて],support,image,supports_full_small_30216.png,supports_full_small_30216.png,
buena-vista,23,[Luz de ensueño],support,image,supports_full_small_30250.png,supports_full_small_30250.png,
orfevre,1,Uniform,art,image,official-art_orfevre-uniform.png,official-art_orfevre-uniform.png,
orfevre,2,Racing outfit,art,image,official-art_orfevre-racing.png,official-art_orfevre-racing.png,
orfevre,3,Concept art,art,image,official-art_orfevre-concept.png,official-art_orfevre-concept.png,
orfevre,4,STARTING FUTURE,art,image,official-art_orfevre-starting-future.png,official-art_orfevre-starting-future.png,
orfevre,5,Portrait 1,portrait,image,portrait_1.png,portrait_1.png,
orfevre,6,Portrait 2,portrait,image,portrait_2.png,portrait_2.png,
orfevre,7,Portrait 5,portrait,image,portrait_5.png,portrait_5.png,
orfevre,8,Portrait 101,portrait,image,portrait_101.png,portrait_101.png,
orfevre,9,Portrait 102,portrait,image,portrait_102.png,portrait_102.png,
orfevre,10,Portrait 104,portrait,image,portrait_104.png,portrait_104.png,
orfevre,11,Portrait 106,portrait,image,portrait_106.png,portrait_106.png,
orfevre,12,Portrait 108,portrait,image,portrait_108.png,portrait_108.png,
orfevre,13,Portrait 110,portrait,image,portrait_110.png,portrait_110.png,
orfevre,14,Portrait 112,portrait,image,portrait_112.png,portrait_112.png,
orfevre,15,Portrait 901115,portrait,image,portrait_901115.png,portrait_901115.png,
orfevre,16,Portrait: Total Dominion,portrait,image,portrait_trainee_256_111501.png,portrait_trainee_256_111501.png,
orfevre,17,Comic 1 (JA),comic,image,manga_ja_1115_01.png,manga_ja_1115_01.png,
orfevre,18,3D idle: Profile,idle3d,image,render_profile_idle_1115.png,render_profile_idle_1115.png,
orfevre,19,3D idle: Original,idle3d,image,render_trainee_idle_111501.png,render_trainee_idle_111501.png,
orfevre,20,Chibi collection,chibi,image,chibi_sheet_1115-567bbdaf7085.png,chibi_sheet_1115-567bbdaf7085.png,
orfevre,21,[トレセン学園],support,image,supports_full_small_10103.png,supports_full_small_10103.png,
orfevre,22,[只、君臨す。],support,image,supports_full_small_30187.png,supports_full_small_30187.png,
orfevre,23,[黄金の夢に溺れよ],support,image,supports_full_small_30280.png,supports_full_small_30280.png,
gentildonna,1,Uniform,art,image,official-art_gentildonna-uniform.png,official-art_gentildonna-uniform.png,
gentildonna,2,Racing outfit,art,image,official-art_gentildonna-racing.png,official-art_gentildonna-racing.png,
gentildonna,3,Concept art,art,image,official-art_gentildonna-concept.png,official-art_gentildonna-concept.png,
gentildonna,4,STARTING FUTURE,art,image,official-art_gentildonna-starting-future.png,official-art_gentildonna-starting-future.png,
gentildonna,5,Portrait 1,portrait,image,portrait_1.png,portrait_1.png,
gentildonna,6,Portrait 2,portrait,image,portrait_2.png,portrait_2.png,
gentildonna,7,Portrait 5,portrait,image,portrait_5.png,portrait_5.png,
gentildonna,8,Portrait 101,portrait,image,portrait_101.png,portrait_101.png,
gentildonna,9,Portrait 102,portrait,image,portrait_102.png,portrait_102.png,
gentildonna,10,Portrait 104,portrait,image,portrait_104.png,portrait_104.png,
gentildonna,11,Portrait 106,portrait,image,portrait_106.png,portrait_106.png,
gentildonna,12,Portrait 108,portrait,image,portrait_108.png,portrait_108.png,
gentildonna,13,Portrait 110,portrait,image,portrait_110.png,portrait_110.png,
gentildonna,14,Portrait 112,portrait,image,portrait_112.png,portrait_112.png,
gentildonna,15,Portrait 901116,portrait,image,portrait_901116.png,portrait_901116.png,
gentildonna,16,Portrait: Regina dei Fiori,portrait,image,portrait_trainee_256_111601.png,portrait_trainee_256_111601.png,
gentildonna,17,Portrait: La dama perfetta,portrait,image,portrait_trainee_256_111602.png,portrait_trainee_256_111602.png,
gentildonna,18,Comic 1 (JA),comic,image,manga_ja_1116_01.png,manga_ja_1116_01.png,
gentildonna,19,3D idle: Profile,idle3d,image,render_profile_idle_1116.png,render_profile_idle_1116.png,
gentildonna,20,3D idle: Original,idle3d,image,render_trainee_idle_111601.png,render_trainee_idle_111601.png,
gentildonna,21,3D idle: Wedding,idle3d,image,render_trainee_idle_111602.png,render_trainee_idle_111602.png,
gentildonna,22,Chibi collection,chibi,image,chibi_sheet_1116-7d6c7bb08569.png,chibi_sheet_1116-7d6c7bb08569.png,
gentildonna,23,[トレセン学園],support,image,supports_full_small_10113.png,supports_full_small_10113.png,
gentildonna,24,[Balliamo?],support,image,supports_full_small_30186.png,supports_full_small_30186.png,
win-variation,1,Uniform,art,image,official-art_win-variation-uniform.png,official-art_win-variation-uniform.png,
win-variation,2,Racing outfit,art,image,official-art_win-variation-racing.png,official-art_win-variation-racing.png,
win-variation,3,Concept art,art,image,official-art_win-variation-concept.png,official-art_win-variation-concept.png,
win-variation,4,STARTING FUTURE,art,image,official-art_win-variation-starting-future.png,official-art_win-variation-starting-future.png,
win-variation,5,Portrait 1,portrait,image,portrait_1.png,portrait_1.png,
win-variation,6,Portrait 2,portrait,image,portrait_2.png,portrait_2.png,
win-variation,7,Portrait 5,portrait,image,portrait_5.png,portrait_5.png,
win-variation,8,Portrait 101,portrait,image,portrait_101.png,portrait_101.png,
win-variation,9,Portrait 102,portrait,image,portrait_102.png,portrait_102.png,
win-variation,10,Portrait 104,portrait,image,portrait_104.png,portrait_104.png,
win-variation,11,Portrait 106,portrait,image,portrait_106.png,portrait_106.png,
win-variation,12,Portrait 108,portrait,image,portrait_108.png,portrait_108.png,
win-variation,13,Portrait 110,portrait,image,portrait_110.png,portrait_110.png,
win-variation,14,Portrait 112,portrait,image,portrait_112.png,portrait_112.png,
win-variation,15,Portrait 901117,portrait,image,portrait_901117.png,portrait_901117.png,
win-variation,16,Portrait: Dramatic Tutu,portrait,image,portrait_trainee_256_111701.png,portrait_trainee_256_111701.png,
win-variation,17,Comic 1 (JA),comic,image,manga_ja_1117_01.png,manga_ja_1117_01.png,
win-variation,18,3D idle: Profile,idle3d,image,render_profile_idle_1117.png,render_profile_idle_1117.png,
win-variation,19,3D idle: Original,idle3d,image,render_trainee_idle_111701.png,render_trainee_idle_111701.png,
win-variation,20,Chibi collection,chibi,image,chibi_sheet_1117-5770d485c734.png,chibi_sheet_1117-5770d485c734.png,
win-variation,21,[トレセン学園],support,image,supports_full_small_10131.png,supports_full_small_10131.png,
win-variation,22,[水面のプリンシパル],support,image,supports_full_small_30261.png,supports_full_small_30261.png,
admire-groove,1,Uniform,art,image,official-art_admire-groove-uniform.png,official-art_admire-groove-uniform.png,
admire-groove,2,Racing outfit,art,image,official-art_admire-groove-racing.png,official-art_admire-groove-racing.png,
admire-groove,3,Concept art,art,image,official-art_admire-groove-concept.png,official-art_admire-groove-concept.png,
admire-groove,4,Portrait 1,portrait,image,portrait_1.png,portrait_1.png,
admire-groove,5,Portrait 2,portrait,image,portrait_2.png,portrait_2.png,
admire-groove,6,Portrait 5,portrait,image,portrait_5.png,portrait_5.png,
admire-groove,7,Portrait 101,portrait,image,portrait_101.png,portrait_101.png,
admire-groove,8,Portrait 102,portrait,image,portrait_102.png,portrait_102.png,
admire-groove,9,Portrait 104,portrait,image,portrait_104.png,portrait_104.png,
admire-groove,10,Portrait 106,portrait,image,portrait_106.png,portrait_106.png,
admire-groove,11,Portrait 108,portrait,image,portrait_108.png,portrait_108.png,
admire-groove,12,Portrait 110,portrait,image,portrait_110.png,portrait_110.png,
admire-groove,13,Portrait 112,portrait,image,portrait_112.png,portrait_112.png,
admire-groove,14,Portrait 901118,portrait,image,portrait_901118.png,portrait_901118.png,
admire-groove,15,Portrait: Glacial Queen,portrait,image,portrait_trainee_256_111801.png,portrait_trainee_256_111801.png,
admire-groove,16,Comic 1 (JA),comic,image,manga_ja_1118_01.png,manga_ja_1118_01.png,
admire-groove,17,3D idle: Profile,idle3d,image,render_profile_idle_1118.png,render_profile_idle_1118.png,
admire-groove,18,3D idle: Original,idle3d,image,render_trainee_idle_111801.png,render_trainee_idle_111801.png,
admire-groove,19,Chibi collection,chibi,image,chibi_sheet_1118-9872eee4c72b.png,chibi_sheet_1118-9872eee4c72b.png,
admire-groove,20,[トレセン学園],support,image,supports_full_small_10133.png,supports_full_small_10133.png,
admire-groove,21,[氷結晶の静域],support,image,supports_full_small_30265.png,supports_full_small_30265.png,
admire-groove,22,[冷凜なるビスクドール],support,image,supports_full_small_30320.png,supports_full_small_30320.png,
dream-journey,1,Uniform,art,image,official-art_dream-journey-uniform.png,official-art_dream-journey-uniform.png,
dream-journey,2,Racing outfit,art,image,official-art_dream-journey-racing.png,official-art_dream-journey-racing.png,
dream-journey,3,STARTING FUTURE,art,image,official-art_dream-journey-starting-future.png,official-art_dream-journey-starting-future.png,
dream-journey,4,Portrait 1,portrait,image,portrait_1.png,portrait_1.png,
dream-journey,5,Portrait 2,portrait,image,portrait_2.png,portrait_2.png,
dream-journey,6,Portrait 5,portrait,image,portrait_5.png,portrait_5.png,
dream-journey,7,Portrait 101,portrait,image,portrait_101.png,portrait_101.png,
dream-journey,8,Portrait 102,portrait,image,portrait_102.png,portrait_102.png,
dream-journey,9,Portrait 104,portrait,image,portrait_104.png,portrait_104.png,
dream-journey,10,Portrait 106,portrait,image,portrait_106.png,portrait_106.png,
dream-journey,11,Portrait 108,portrait,image,portrait_108.png,portrait_108.png,
dream-journey,12,Portrait 110,portrait,image,portrait_110.png,portrait_110.png,
dream-journey,13,Portrait 112,portrait,image,portrait_112.png,portrait_112.png,
dream-journey,14,Portrait 901119,portrait,image,portrait_901119.png,portrait_901119.png,
dream-journey,15,Portrait: Dreamland Memento,portrait,image,portrait_trainee_256_111901.png,portrait_trainee_256_111901.png,
dream-journey,16,Portrait: Snow-White Dream Road,portrait,image,portrait_trainee_256_111902.png,portrait_trainee_256_111902.png,
dream-journey,17,Comic 1 (JA),comic,image,manga_ja_1119_01.png,manga_ja_1119_01.png,
dream-journey,18,3D idle: Profile,idle3d,image,render_profile_idle_1119.png,render_profile_idle_1119.png,
dream-journey,19,3D idle: Original,idle3d,image,render_trainee_idle_111901.png,render_trainee_idle_111901.png,
dream-journey,20,3D idle: Christmas,idle3d,image,render_trainee_idle_111902.png,render_trainee_idle_111902.png,
dream-journey,21,Chibi collection,chibi,image,chibi_sheet_1119-4269707eea3d.png,chibi_sheet_1119-4269707eea3d.png,
dream-journey,22,[トレセン学園],support,image,supports_full_small_10119.png,supports_full_small_10119.png,
dream-journey,23,[誘うは夢心地],support,image,supports_full_small_30246.png,supports_full_small_30246.png,
calstone-light-o,1,Uniform,art,image,official-art_calstone-light-o-uniform.png,official-art_calstone-light-o-uniform.png,
calstone-light-o,2,Racing outfit,art,image,official-art_calstone-light-o-racing.png,official-art_calstone-light-o-racing.png,
calstone-light-o,3,Concept art,art,image,official-art_calstone-light-o-concept.png,official-art_calstone-light-o-concept.png,
calstone-light-o,4,STARTING FUTURE,art,image,official-art_calstone-light-o-starting-future.png,official-art_calstone-light-o-starting-future.png,
calstone-light-o,5,Portrait 1,portrait,image,portrait_1.png,portrait_1.png,
calstone-light-o,6,Portrait 2,portrait,image,portrait_2.png,portrait_2.png,
calstone-light-o,7,Portrait 5,portrait,image,portrait_5.png,portrait_5.png,
calstone-light-o,8,Portrait 101,portrait,image,portrait_101.png,portrait_101.png,
calstone-light-o,9,Portrait 102,portrait,image,portrait_102.png,portrait_102.png,
calstone-light-o,10,Portrait 104,portrait,image,portrait_104.png,portrait_104.png,
calstone-light-o,11,Portrait 106,portrait,image,portrait_106.png,portrait_106.png,
calstone-light-o,12,Portrait 108,portrait,image,portrait_108.png,portrait_108.png,
calstone-light-o,13,Portrait 110,portrait,image,portrait_110.png,portrait_110.png,
calstone-light-o,14,Portrait 112,portrait,image,portrait_112.png,portrait_112.png,
calstone-light-o,15,Portrait 901120,portrait,image,portrait_901120.png,portrait_901120.png,
calstone-light-o,16,Portrait: One True Path,portrait,image,portrait_trainee_256_112001.png,portrait_trainee_256_112001.png,
calstone-light-o,17,Comic 1 (JA),comic,image,manga_ja_1120_01.png,manga_ja_1120_01.png,
calstone-light-o,18,3D idle: Profile,idle3d,image,render_profile_idle_1120.png,render_profile_idle_1120.png,
calstone-light-o,19,3D idle: Original,idle3d,image,render_trainee_idle_112001.png,render_trainee_idle_112001.png,
calstone-light-o,20,Chibi collection,chibi,image,chibi_sheet_1120-b0571cdf9ae3.png,chibi_sheet_1120-b0571cdf9ae3.png,
calstone-light-o,21,[トレセン学園],support,image,supports_full_small_10135.png,supports_full_small_10135.png,
calstone-light-o,22,[瞬光],support,image,supports_full_small_20100.png,supports_full_small_20100.png,
calstone-light-o,23,[カルストンライトオ、猫です],support,image,supports_full_small_30267.png,supports_full_small_30267.png,
durandal,1,Uniform,art,image,official-art_durandal-uniform.png,official-art_durandal-uniform.png,
durandal,2,Racing outfit,art,image,official-art_durandal-racing.png,official-art_durandal-racing.png,
durandal,3,Concept art,art,image,official-art_durandal-concept.png,official-art_durandal-concept.png,
durandal,4,STARTING FUTURE,art,image,official-art_durandal-starting-future.png,official-art_durandal-starting-future.png,
durandal,5,Portrait 1,portrait,image,portrait_1.png,portrait_1.png,
durandal,6,Portrait 2,portrait,image,portrait_2.png,portrait_2.png,
durandal,7,Portrait 5,portrait,image,portrait_5.png,portrait_5.png,
durandal,8,Portrait 101,portrait,image,portrait_101.png,portrait_101.png,
durandal,9,Portrait 102,portrait,image,portrait_102.png,portrait_102.png,
durandal,10,Portrait 104,portrait,image,portrait_104.png,portrait_104.png,
durandal,11,Portrait 106,portrait,image,portrait_106.png,portrait_106.png,
durandal,12,Portrait 108,portrait,image,portrait_108.png,portrait_108.png,
durandal,13,Portrait 110,portrait,image,portrait_110.png,portrait_110.png,
durandal,14,Portrait 112,portrait,image,portrait_112.png,portrait_112.png,
durandal,15,Portrait 901121,portrait,image,portrait_901121.png,portrait_901121.png,
durandal,16,Portrait: Chevalier Fidèle,portrait,image,portrait_trainee_256_112101.png,portrait_trainee_256_112101.png,
durandal,17,Comic 1 (JA),comic,image,manga_ja_1121_01.png,manga_ja_1121_01.png,
durandal,18,3D idle: Profile,idle3d,image,render_profile_idle_1121.png,render_profile_idle_1121.png,
durandal,19,3D idle: Original,idle3d,image,render_trainee_idle_112101.png,render_trainee_idle_112101.png,
durandal,20,Chibi collection,chibi,image,chibi_sheet_1121-409b2556db98.png,chibi_sheet_1121-409b2556db98.png,
durandal,21,[トレセン学園],support,image,supports_full_small_10136.png,supports_full_small_10136.png,
durandal,22,[今宵、我が君のために],support,image,supports_full_small_30268.png,supports_full_small_30268.png,
bubble-gum-fellow,1,Uniform,art,image,official-art_bubble-gum-fellow-uniform.png,official-art_bubble-gum-fellow-uniform.png,
bubble-gum-fellow,2,Racing outfit,art,image,official-art_bubble-gum-fellow-racing.png,official-art_bubble-gum-fellow-racing.png,
bubble-gum-fellow,3,Concept art,art,image,official-art_bubble-gum-fellow-concept.png,official-art_bubble-gum-fellow-concept.png,
bubble-gum-fellow,4,STARTING FUTURE,art,image,official-art_bubble-gum-fellow-starting-future.png,official-art_bubble-gum-fellow-starting-future.png,
bubble-gum-fellow,5,Portrait 1,portrait,image,portrait_1.png,portrait_1.png,
bubble-gum-fellow,6,Portrait 2,portrait,image,portrait_2.png,portrait_2.png,
bubble-gum-fellow,7,Portrait 5,portrait,image,portrait_5.png,portrait_5.png,
bubble-gum-fellow,8,Portrait 101,portrait,image,portrait_101.png,portrait_101.png,
bubble-gum-fellow,9,Portrait 102,portrait,image,portrait_102.png,portrait_102.png,
bubble-gum-fellow,10,Portrait 104,portrait,image,portrait_104.png,portrait_104.png,
bubble-gum-fellow,11,Portrait 106,portrait,image,portrait_106.png,portrait_106.png,
bubble-gum-fellow,12,Portrait 108,portrait,image,portrait_108.png,portrait_108.png,
bubble-gum-fellow,13,Portrait 110,portrait,image,portrait_110.png,portrait_110.png,
bubble-gum-fellow,14,Portrait 112,portrait,image,portrait_112.png,portrait_112.png,
bubble-gum-fellow,15,Portrait 901124,portrait,image,portrait_901124.png,portrait_901124.png,
bubble-gum-fellow,16,Portrait: POPPING!,portrait,image,portrait_trainee_256_112401.png,portrait_trainee_256_112401.png,
bubble-gum-fellow,17,Portrait: Dawn Light,portrait,image,portrait_trainee_256_112402.png,portrait_trainee_256_112402.png,
bubble-gum-fellow,18,Comic 1 (JA),comic,image,manga_ja_1124_01.png,manga_ja_1124_01.png,
bubble-gum-fellow,19,3D idle: Profile,idle3d,image,render_profile_idle_1124.png,render_profile_idle_1124.png,
bubble-gum-fellow,20,3D idle: Original,idle3d,image,render_trainee_idle_112401.png,render_trainee_idle_112401.png,
bubble-gum-fellow,21,3D idle: New Year,idle3d,image,render_trainee_idle_112402.png,render_trainee_idle_112402.png,
bubble-gum-fellow,22,Chibi collection,chibi,image,chibi_sheet_1124-dfab09130a0c.png,chibi_sheet_1124-dfab09130a0c.png,
bubble-gum-fellow,23,[トレセン学園],support,image,supports_full_small_10111.png,supports_full_small_10111.png,
bubble-gum-fellow,24,[先陣スプラッシュ！],support,image,supports_full_small_20082.png,supports_full_small_20082.png,
bubble-gum-fellow,25,[琴線弾きて、風光る],support,image,supports_full_small_30284.png,supports_full_small_30284.png,
sakura-chitose-o,1,Uniform,art,image,official-art_sakura-chitose-o-uniform.png,official-art_sakura-chitose-o-uniform.png,
sakura-chitose-o,2,Racing outfit,art,image,official-art_sakura-chitose-o-racing.png,official-art_sakura-chitose-o-racing.png,
sakura-chitose-o,3,STARTING FUTURE,art,image,official-art_sakura-chitose-o-starting-future.png,official-art_sakura-chitose-o-starting-future.png,
sakura-chitose-o,4,Portrait 1,portrait,image,portrait_1.png,portrait_1.png,
sakura-chitose-o,5,Portrait 2,portrait,image,portrait_2.png,portrait_2.png,
sakura-chitose-o,6,Portrait 101,portrait,image,portrait_101.png,portrait_101.png,
sakura-chitose-o,7,Portrait 112601,portrait,image,portrait_112601.png,portrait_112601.png,
sakura-chitose-o,8,Comic 1 (JA),comic,image,manga_ja_1126_01.png,manga_ja_1126_01.png,
sakura-chitose-o,9,3D idle: Profile,idle3d,image,render_profile_idle_1126.png,render_profile_idle_1126.png,
sakura-chitose-o,10,[トレセン学園],support,image,supports_full_small_10137.png,supports_full_small_10137.png,
sakura-chitose-o,11,[静寂を煎じ],support,image,supports_full_small_20091.png,supports_full_small_20091.png,
fenomeno,1,Uniform,art,image,official-art_fenomeno-uniform.png,official-art_fenomeno-uniform.png,
fenomeno,2,Racing outfit,art,image,official-art_fenomeno-racing.png,official-art_fenomeno-racing.png,
fenomeno,3,Concept art,art,image,official-art_fenomeno-concept.png,official-art_fenomeno-concept.png,
fenomeno,4,STARTING FUTURE,art,image,official-art_fenomeno-starting-future.png,official-art_fenomeno-starting-future.png,
fenomeno,5,Portrait 1,portrait,image,portrait_1.png,portrait_1.png,
fenomeno,6,Portrait 2,portrait,image,portrait_2.png,portrait_2.png,
fenomeno,7,Portrait 5,portrait,image,portrait_5.png,portrait_5.png,
fenomeno,8,Portrait 101,portrait,image,portrait_101.png,portrait_101.png,
fenomeno,9,Portrait 102,portrait,image,portrait_102.png,portrait_102.png,
fenomeno,10,Portrait 104,portrait,image,portrait_104.png,portrait_104.png,
fenomeno,11,Portrait 106,portrait,image,portrait_106.png,portrait_106.png,
fenomeno,12,Portrait 108,portrait,image,portrait_108.png,portrait_108.png,
fenomeno,13,Portrait 110,portrait,image,portrait_110.png,portrait_110.png,
fenomeno,14,Portrait 112,portrait,image,portrait_112.png,portrait_112.png,
fenomeno,15,Portrait 901127,portrait,image,portrait_901127.png,portrait_901127.png,
fenomeno,16,Portrait: Black Flame of Righteousness,portrait,image,portrait_trainee_256_112701.png,portrait_trainee_256_112701.png,
fenomeno,17,Portrait: Violet Flame of Fortitude,portrait,image,portrait_trainee_256_112702.png,portrait_trainee_256_112702.png,
fenomeno,18,Comic 1 (JA),comic,image,manga_ja_1127_01.png,manga_ja_1127_01.png,
fenomeno,19,3D idle: Profile,idle3d,image,render_profile_idle_1127.png,render_profile_idle_1127.png,
fenomeno,20,3D idle: Original,idle3d,image,render_trainee_idle_112701.png,render_trainee_idle_112701.png,
fenomeno,21,3D idle: 5.5th Anni,idle3d,image,render_trainee_idle_112702.png,render_trainee_idle_112702.png,
fenomeno,22,Chibi collection,chibi,image,chibi_sheet_1127-30ee718413f8.png,chibi_sheet_1127-30ee718413f8.png,
fenomeno,23,[トレセン学園],support,image,supports_full_small_10139.png,supports_full_small_10139.png,
fenomeno,24,[ぬくもりのノエル],support,image,supports_full_small_30279.png,supports_full_small_30279.png,
blast-onepiece,1,Uniform,art,image,official-art_blast-onepiece-uniform.png,official-art_blast-onepiece-uniform.png,
blast-onepiece,2,Racing outfit,art,image,official-art_blast-onepiece-racing.png,official-art_blast-onepiece-racing.png,
blast-onepiece,3,Portrait 1,portrait,image,portrait_1.png,portrait_1.png,
blast-onepiece,4,Portrait 2,portrait,image,portrait_2.png,portrait_2.png,
blast-onepiece,5,Portrait 101,portrait,image,portrait_101.png,portrait_101.png,
blast-onepiece,6,Portrait 112801,portrait,image,portrait_112801.png,portrait_112801.png,
blast-onepiece,7,Comic 1 (JA),comic,image,manga_ja_1128_01.png,manga_ja_1128_01.png,
blast-onepiece,8,3D idle: Profile,idle3d,image,render_profile_idle_1128.png,render_profile_idle_1128.png,
blast-onepiece,9,[トレセン学園],support,image,supports_full_small_10116.png,supports_full_small_10116.png,
blast-onepiece,10,[Blast Off!],support,image,supports_full_small_30232.png,supports_full_small_30232.png,
blast-onepiece,11,[『ずーっと一緒、だぞー！』],support,image,supports_full_small_30303.png,supports_full_small_30303.png,
almond-eye,1,Uniform,art,image,official-art_almond-eye-uniform.png,official-art_almond-eye-uniform.png,
almond-eye,2,Racing outfit,art,image,official-art_almond-eye-racing.png,official-art_almond-eye-racing.png,
almond-eye,3,Concept art,art,image,official-art_almond-eye-concept.png,official-art_almond-eye-concept.png,
almond-eye,4,STARTING FUTURE,art,image,official-art_almond-eye-starting-future.png,official-art_almond-eye-starting-future.png,
almond-eye,5,Portrait 1,portrait,image,portrait_1.png,portrait_1.png,
almond-eye,6,Portrait 2,portrait,image,portrait_2.png,portrait_2.png,
almond-eye,7,Portrait 5,portrait,image,portrait_5.png,portrait_5.png,
almond-eye,8,Portrait 101,portrait,image,portrait_101.png,portrait_101.png,
almond-eye,9,Portrait 102,portrait,image,portrait_102.png,portrait_102.png,
almond-eye,10,Portrait 104,portrait,image,portrait_104.png,portrait_104.png,
almond-eye,11,Portrait 106,portrait,image,portrait_106.png,portrait_106.png,
almond-eye,12,Portrait 108,portrait,image,portrait_108.png,portrait_108.png,
almond-eye,13,Portrait 110,portrait,image,portrait_110.png,portrait_110.png,
almond-eye,14,Portrait 112,portrait,image,portrait_112.png,portrait_112.png,
almond-eye,15,Portrait 901129,portrait,image,portrait_901129.png,portrait_901129.png,
almond-eye,16,Portrait: The Changer,portrait,image,portrait_trainee_256_112901.png,portrait_trainee_256_112901.png,
almond-eye,17,Comic 1 (JA),comic,image,manga_ja_1129_01.png,manga_ja_1129_01.png,
almond-eye,18,Comic 2 (JA),comic,image,manga_ja_1129_02.png,manga_ja_1129_02.png,
almond-eye,19,3D idle: Profile,idle3d,image,render_profile_idle_1129.png,render_profile_idle_1129.png,
almond-eye,20,3D idle: Original,idle3d,image,render_trainee_idle_112901.png,render_trainee_idle_112901.png,
almond-eye,21,Chibi collection,chibi,image,chibi_sheet_1129-a6ac57063b48.png,chibi_sheet_1129-a6ac57063b48.png,
almond-eye,22,[トレセン学園],support,image,supports_full_small_10122.png,supports_full_small_10122.png,
almond-eye,23,[世界を変える眼差し],support,image,supports_full_small_30242.png,supports_full_small_30242.png,
almond-eye,24,[夏空チルタイム],support,image,supports_full_small_30308.png,supports_full_small_30308.png,
lucky-lilac,1,Uniform,art,image,official-art_lucky-lilac-uniform.png,official-art_lucky-lilac-uniform.png,
lucky-lilac,2,Racing outfit,art,image,official-art_lucky-lilac-racing.png,official-art_lucky-lilac-racing.png,
lucky-lilac,3,Concept art,art,image,official-art_lucky-lilac-concept.png,official-art_lucky-lilac-concept.png,
lucky-lilac,4,STARTING FUTURE,art,image,official-art_lucky-lilac-starting-future.png,official-art_lucky-lilac-starting-future.png,
lucky-lilac,5,Portrait 1,portrait,image,portrait_1.png,portrait_1.png,
lucky-lilac,6,Portrait 2,portrait,image,portrait_2.png,portrait_2.png,
lucky-lilac,7,Portrait 5,portrait,image,portrait_5.png,portrait_5.png,
lucky-lilac,8,Portrait 101,portrait,image,portrait_101.png,portrait_101.png,
lucky-lilac,9,Portrait 102,portrait,image,portrait_102.png,portrait_102.png,
lucky-lilac,10,Portrait 104,portrait,image,portrait_104.png,portrait_104.png,
lucky-lilac,11,Portrait 106,portrait,image,portrait_106.png,portrait_106.png,
lucky-lilac,12,Portrait 108,portrait,image,portrait_108.png,portrait_108.png,
lucky-lilac,13,Portrait 110,portrait,image,portrait_110.png,portrait_110.png,
lucky-lilac,14,Portrait 112,portrait,image,portrait_112.png,portrait_112.png,
lucky-lilac,15,Portrait 901130,portrait,image,portrait_901130.png,portrait_901130.png,
lucky-lilac,16,Portrait: Standard of Unyielding Resolve,portrait,image,portrait_trainee_256_113001.png,portrait_trainee_256_113001.png,
lucky-lilac,17,Comic 1 (JA),comic,image,manga_ja_1130_01.png,manga_ja_1130_01.png,
lucky-lilac,18,3D idle: Profile,idle3d,image,render_profile_idle_1130.png,render_profile_idle_1130.png,
lucky-lilac,19,3D idle: Original,idle3d,image,render_trainee_idle_113001.png,render_trainee_idle_113001.png,
lucky-lilac,20,Chibi collection,chibi,image,chibi_sheet_1130-a360ec411542.png,chibi_sheet_1130-a360ec411542.png,
lucky-lilac,21,[トレセン学園],support,image,supports_full_small_10123.png,supports_full_small_10123.png,
lucky-lilac,22,[喜びの咲く刻],support,image,supports_full_small_20084.png,supports_full_small_20084.png,
gran-alegria,1,Uniform,art,image,official-art_gran-alegria-uniform.png,official-art_gran-alegria-uniform.png,
gran-alegria,2,Racing outfit,art,image,official-art_gran-alegria-racing.png,official-art_gran-alegria-racing.png,
gran-alegria,3,Concept art,art,image,official-art_gran-alegria-concept.png,official-art_gran-alegria-concept.png,
gran-alegria,4,STARTING FUTURE,art,image,official-art_gran-alegria-starting-future.png,official-art_gran-alegria-starting-future.png,
gran-alegria,5,Portrait 1,portrait,image,portrait_1.png,portrait_1.png,
gran-alegria,6,Portrait 2,portrait,image,portrait_2.png,portrait_2.png,
gran-alegria,7,Portrait 5,portrait,image,portrait_5.png,portrait_5.png,
gran-alegria,8,Portrait 101,portrait,image,portrait_101.png,portrait_101.png,
gran-alegria,9,Portrait 102,portrait,image,portrait_102.png,portrait_102.png,
gran-alegria,10,Portrait 104,portrait,image,portrait_104.png,portrait_104.png,
gran-alegria,11,Portrait 106,portrait,image,portrait_106.png,portrait_106.png,
gran-alegria,12,Portrait 108,portrait,image,portrait_108.png,portrait_108.png,
gran-alegria,13,Portrait 110,portrait,image,portrait_110.png,portrait_110.png,
gran-alegria,14,Portrait 112,portrait,image,portrait_112.png,portrait_112.png,
gran-alegria,15,Portrait 901131,portrait,image,portrait_901131.png,portrait_901131.png,
gran-alegria,16,Portrait: sMile My Way!,portrait,image,portrait_trainee_256_113101.png,portrait_trainee_256_113101.png,
gran-alegria,17,Comic 1 (JA),comic,image,manga_ja_1131_01.png,manga_ja_1131_01.png,
gran-alegria,18,3D idle: Profile,idle3d,image,render_profile_idle_1131.png,render_profile_idle_1131.png,
gran-alegria,19,3D idle: Original,idle3d,image,render_trainee_idle_113101.png,render_trainee_idle_113101.png,
gran-alegria,20,Chibi collection,chibi,image,chibi_sheet_1131-56183d4c62af.png,chibi_sheet_1131-56183d4c62af.png,
gran-alegria,21,[トレセン学園],support,image,supports_full_small_10124.png,supports_full_small_10124.png,
gran-alegria,22,[NEW TALES AWAIT],support,image,supports_full_small_30243.png,supports_full_small_30243.png,
gran-alegria,23,[スマイル・エバーアフター],support,image,supports_full_small_30301.png,supports_full_small_30301.png,
loves-only-you,1,Uniform,art,image,official-art_loves-only-you-uniform.png,official-art_loves-only-you-uniform.png,
loves-only-you,2,Racing outfit,art,image,official-art_loves-only-you-racing.png,official-art_loves-only-you-racing.png,
loves-only-you,3,Concept art,art,image,official-art_loves-only-you-concept.png,official-art_loves-only-you-concept.png,
loves-only-you,4,STARTING FUTURE,art,image,official-art_loves-only-you-starting-future.png,official-art_loves-only-you-starting-future.png,
loves-only-you,5,Portrait 1,portrait,image,portrait_1.png,portrait_1.png,
loves-only-you,6,Portrait 2,portrait,image,portrait_2.png,portrait_2.png,
loves-only-you,7,Portrait 5,portrait,image,portrait_5.png,portrait_5.png,
loves-only-you,8,Portrait 101,portrait,image,portrait_101.png,portrait_101.png,
loves-only-you,9,Portrait 102,portrait,image,portrait_102.png,portrait_102.png,
loves-only-you,10,Portrait 104,portrait,image,portrait_104.png,portrait_104.png,
loves-only-you,11,Portrait 106,portrait,image,portrait_106.png,portrait_106.png,
loves-only-you,12,Portrait 108,portrait,image,portrait_108.png,portrait_108.png,
loves-only-you,13,Portrait 110,portrait,image,portrait_110.png,portrait_110.png,
loves-only-you,14,Portrait 112,portrait,image,portrait_112.png,portrait_112.png,
loves-only-you,15,Portrait 901132,portrait,image,portrait_901132.png,portrait_901132.png,
loves-only-you,16,Portrait: 9927 Wishes,portrait,image,portrait_trainee_256_113201.png,portrait_trainee_256_113201.png,
loves-only-you,17,Portrait: Love-Linked Aster,portrait,image,portrait_trainee_256_113202.png,portrait_trainee_256_113202.png,
loves-only-you,18,Comic 1 (JA),comic,image,manga_ja_1132_01.png,manga_ja_1132_01.png,
loves-only-you,19,Comic 2 (JA),comic,image,manga_ja_1132_02.png,manga_ja_1132_02.png,
loves-only-you,20,3D idle: Profile,idle3d,image,render_profile_idle_1132.png,render_profile_idle_1132.png,
loves-only-you,21,3D idle: Original,idle3d,image,render_trainee_idle_113201.png,render_trainee_idle_113201.png,
loves-only-you,22,3D idle: Beyond Dreams,idle3d,image,render_trainee_idle_113202.png,render_trainee_idle_113202.png,
loves-only-you,23,Chibi collection,chibi,image,chibi_sheet_1132-a013b2d68d91.png,chibi_sheet_1132-a013b2d68d91.png,
chrono-genesis,1,Uniform,art,image,official-art_chrono-genesis-uniform.png,official-art_chrono-genesis-uniform.png,
chrono-genesis,2,Racing outfit,art,image,official-art_chrono-genesis-racing.png,official-art_chrono-genesis-racing.png,
chrono-genesis,3,Concept art,art,image,official-art_chrono-genesis-concept.png,official-art_chrono-genesis-concept.png,
chrono-genesis,4,STARTING FUTURE,art,image,official-art_chrono-genesis-starting-future.png,official-art_chrono-genesis-starting-future.png,
chrono-genesis,5,Portrait 1,portrait,image,portrait_1.png,portrait_1.png,
chrono-genesis,6,Portrait 2,portrait,image,portrait_2.png,portrait_2.png,
chrono-genesis,7,Portrait 5,portrait,image,portrait_5.png,portrait_5.png,
chrono-genesis,8,Portrait 101,portrait,image,portrait_101.png,portrait_101.png,
chrono-genesis,9,Portrait 102,portrait,image,portrait_102.png,portrait_102.png,
chrono-genesis,10,Portrait 104,portrait,image,portrait_104.png,portrait_104.png,
chrono-genesis,11,Portrait 106,portrait,image,portrait_106.png,portrait_106.png,
chrono-genesis,12,Portrait 108,portrait,image,portrait_108.png,portrait_108.png,
chrono-genesis,13,Portrait 110,portrait,image,portrait_110.png,portrait_110.png,
chrono-genesis,14,Portrait 112,portrait,image,portrait_112.png,portrait_112.png,
chrono-genesis,15,Portrait 901133,portrait,image,portrait_901133.png,portrait_901133.png,
chrono-genesis,16,Portrait: Prismatic Curator,portrait,image,portrait_trainee_256_113301.png,portrait_trainee_256_113301.png,
chrono-genesis,17,Comic 1 (JA),comic,image,manga_ja_1133_01.png,manga_ja_1133_01.png,
chrono-genesis,18,3D idle: Profile,idle3d,image,render_profile_idle_1133.png,render_profile_idle_1133.png,
chrono-genesis,19,3D idle: Original,idle3d,image,render_trainee_idle_113301.png,render_trainee_idle_113301.png,
chrono-genesis,20,Chibi collection,chibi,image,chibi_sheet_1133-96974b02c31f.png,chibi_sheet_1133-96974b02c31f.png,
chrono-genesis,21,[トレセン学園],support,image,supports_full_small_10134.png,supports_full_small_10134.png,
chrono-genesis,22,[この先の未来で],support,image,supports_full_small_30266.png,supports_full_small_30266.png,
curren-bouquetdor,1,Uniform,art,image,official-art_curren-bouquetdor-uniform.png,official-art_curren-bouquetdor-uniform.png,
curren-bouquetdor,2,Racing outfit,art,image,official-art_curren-bouquetdor-racing.png,official-art_curren-bouquetdor-racing.png,
curren-bouquetdor,3,Concept art,art,image,official-art_curren-bouquetdor-concept.png,official-art_curren-bouquetdor-concept.png,
curren-bouquetdor,4,STARTING FUTURE,art,image,official-art_curren-bouquetdor-starting-future.png,official-art_curren-bouquetdor-starting-future.png,
curren-bouquetdor,5,Portrait 1,portrait,image,portrait_1.png,portrait_1.png,
curren-bouquetdor,6,Portrait 2,portrait,image,portrait_2.png,portrait_2.png,
curren-bouquetdor,7,Portrait 5,portrait,image,portrait_5.png,portrait_5.png,
curren-bouquetdor,8,Portrait 101,portrait,image,portrait_101.png,portrait_101.png,
curren-bouquetdor,9,Portrait 102,portrait,image,portrait_102.png,portrait_102.png,
curren-bouquetdor,10,Portrait 104,portrait,image,portrait_104.png,portrait_104.png,
curren-bouquetdor,11,Portrait 106,portrait,image,portrait_106.png,portrait_106.png,
curren-bouquetdor,12,Portrait 108,portrait,image,portrait_108.png,portrait_108.png,
curren-bouquetdor,13,Portrait 110,portrait,image,portrait_110.png,portrait_110.png,
curren-bouquetdor,14,Portrait 112,portrait,image,portrait_112.png,portrait_112.png,
curren-bouquetdor,15,Portrait 901134,portrait,image,portrait_901134.png,portrait_901134.png,
curren-bouquetdor,16,Portrait: Couture in Bloom,portrait,image,portrait_trainee_256_113401.png,portrait_trainee_256_113401.png,
curren-bouquetdor,17,Comic 1 (JA),comic,image,manga_ja_1134_01.png,manga_ja_1134_01.png,
curren-bouquetdor,18,3D idle: Profile,idle3d,image,render_profile_idle_1134.png,render_profile_idle_1134.png,
curren-bouquetdor,19,3D idle: Original,idle3d,image,render_trainee_idle_113401.png,render_trainee_idle_113401.png,
curren-bouquetdor,20,Chibi collection,chibi,image,chibi_sheet_1134-7be36db73715.png,chibi_sheet_1134-7be36db73715.png,
curren-bouquetdor,21,[トレセン学園],support,image,supports_full_small_10126.png,supports_full_small_10126.png,
curren-bouquetdor,22,[一輪ずつ、喜びを束ねて],support,image,supports_full_small_20088.png,supports_full_small_20088.png,
curren-bouquetdor,23,[決意のフローラ],support,image,supports_full_small_30274.png,supports_full_small_30274.png,
curren-bouquetdor,24,[花ども集いて束となる],support,image,supports_full_small_30295.png,supports_full_small_30295.png,
stay-gold,1,Uniform,art,image,official-art_stay-gold-uniform.png,official-art_stay-gold-uniform.png,
stay-gold,2,Racing outfit,art,image,official-art_stay-gold-racing.png,official-art_stay-gold-racing.png,
stay-gold,3,Concept art,art,image,official-art_stay-gold-concept.png,official-art_stay-gold-concept.png,
stay-gold,4,Portrait 1,portrait,image,portrait_1.png,portrait_1.png,
stay-gold,5,Portrait 2,portrait,image,portrait_2.png,portrait_2.png,
stay-gold,6,Portrait 5,portrait,image,portrait_5.png,portrait_5.png,
stay-gold,7,Portrait 101,portrait,image,portrait_101.png,portrait_101.png,
stay-gold,8,Portrait 102,portrait,image,portrait_102.png,portrait_102.png,
stay-gold,9,Portrait 104,portrait,image,portrait_104.png,portrait_104.png,
stay-gold,10,Portrait 106,portrait,image,portrait_106.png,portrait_106.png,
stay-gold,11,Portrait 108,portrait,image,portrait_108.png,portrait_108.png,
stay-gold,12,Portrait 110,portrait,image,portrait_110.png,portrait_110.png,
stay-gold,13,Portrait 112,portrait,image,portrait_112.png,portrait_112.png,
stay-gold,14,Portrait 901135,portrait,image,portrait_901135.png,portrait_901135.png,
stay-gold,15,Portrait: Sunlit Outsider,portrait,image,portrait_trainee_256_113501.png,portrait_trainee_256_113501.png,
stay-gold,16,Comic 1 (JA),comic,image,manga_ja_1135_01.png,manga_ja_1135_01.png,
stay-gold,17,3D idle: Profile,idle3d,image,render_profile_idle_1135.png,render_profile_idle_1135.png,
stay-gold,18,3D idle: Original,idle3d,image,render_trainee_idle_113501.png,render_trainee_idle_113501.png,
stay-gold,19,Chibi collection,chibi,image,chibi_sheet_1135-d13fe7633095.png,chibi_sheet_1135-d13fe7633095.png,
stay-gold,20,[トレセン学園],support,image,supports_full_small_10132.png,supports_full_small_10132.png,
stay-gold,21,[気まぐれ渡り星],support,image,supports_full_small_30264.png,supports_full_small_30264.png,
red-desire,1,Uniform,art,image,official-art_red-desire-uniform.png,official-art_red-desire-uniform.png,
red-desire,2,Racing outfit,art,image,official-art_red-desire-racing.png,official-art_red-desire-racing.png,
red-desire,3,Concept art,art,image,official-art_red-desire-concept.png,official-art_red-desire-concept.png,
red-desire,4,Portrait 1,portrait,image,portrait_1.png,portrait_1.png,
red-desire,5,Portrait 2,portrait,image,portrait_2.png,portrait_2.png,
red-desire,6,Portrait 5,portrait,image,portrait_5.png,portrait_5.png,
red-desire,7,Portrait 101,portrait,image,portrait_101.png,portrait_101.png,
red-desire,8,Portrait 102,portrait,image,portrait_102.png,portrait_102.png,
red-desire,9,Portrait 104,portrait,image,portrait_104.png,portrait_104.png,
red-desire,10,Portrait 106,portrait,image,portrait_106.png,portrait_106.png,
red-desire,11,Portrait 108,portrait,image,portrait_108.png,portrait_108.png,
red-desire,12,Portrait 110,portrait,image,portrait_110.png,portrait_110.png,
red-desire,13,Portrait 112,portrait,image,portrait_112.png,portrait_112.png,
red-desire,14,Portrait 901136,portrait,image,portrait_901136.png,portrait_901136.png,
red-desire,15,Portrait: Divine Raiment,portrait,image,portrait_trainee_256_113601.png,portrait_trainee_256_113601.png,
red-desire,16,Comic 1 (JA),comic,image,manga_ja_1136_01.png,manga_ja_1136_01.png,
red-desire,17,3D idle: Profile,idle3d,image,render_profile_idle_1136.png,render_profile_idle_1136.png,
red-desire,18,3D idle: Original,idle3d,image,render_trainee_idle_113601.png,render_trainee_idle_113601.png,
red-desire,19,Chibi collection,chibi,image,chibi_sheet_1136-4185c0e8a496.png,chibi_sheet_1136-4185c0e8a496.png,
red-desire,20,[トレセン学園],support,image,supports_full_small_10142.png,supports_full_small_10142.png,
red-desire,21,[Fervent Yearning],support,image,supports_full_small_20095.png,supports_full_small_20095.png,
red-desire,22,[ガブッと、笑顔に],support,image,supports_full_small_30310.png,supports_full_small_30310.png,
kiseki,1,Uniform,art,image,official-art_kiseki-uniform.png,official-art_kiseki-uniform.png,
kiseki,2,Racing outfit,art,image,official-art_kiseki-racing.png,official-art_kiseki-racing.png,
kiseki,3,Concept art,art,image,official-art_kiseki-concept.png,official-art_kiseki-concept.png,
kiseki,4,Portrait 1,portrait,image,portrait_1.png,portrait_1.png,
kiseki,5,Portrait 2,portrait,image,portrait_2.png,portrait_2.png,
kiseki,6,Portrait 5,portrait,image,portrait_5.png,portrait_5.png,
kiseki,7,Portrait 101,portrait,image,portrait_101.png,portrait_101.png,
kiseki,8,Portrait 102,portrait,image,portrait_102.png,portrait_102.png,
kiseki,9,Portrait 104,portrait,image,portrait_104.png,portrait_104.png,
kiseki,10,Portrait 106,portrait,image,portrait_106.png,portrait_106.png,
kiseki,11,Portrait 108,portrait,image,portrait_108.png,portrait_108.png,
kiseki,12,Portrait 110,portrait,image,portrait_110.png,portrait_110.png,
kiseki,13,Portrait 112,portrait,image,portrait_112.png,portrait_112.png,
kiseki,14,Portrait 901137,portrait,image,portrait_901137.png,portrait_901137.png,
kiseki,15,Portrait: Miracle Author,portrait,image,portrait_trainee_256_113701.png,portrait_trainee_256_113701.png,
kiseki,16,Comic 1 (JA),comic,image,manga_ja_1137_01.png,manga_ja_1137_01.png,
kiseki,17,3D idle: Profile,idle3d,image,render_profile_idle_1137.png,render_profile_idle_1137.png,
kiseki,18,3D idle: Original,idle3d,image,render_trainee_idle_113701.png,render_trainee_idle_113701.png,
kiseki,19,Chibi collection,chibi,image,chibi_sheet_1137-61235fcfc2c5.png,chibi_sheet_1137-61235fcfc2c5.png,
kiseki,20,[トレセン学園],support,image,supports_full_small_10145.png,supports_full_small_10145.png,
kiseki,21,[巻頭カラーの夏],support,image,supports_full_small_30307.png,supports_full_small_30307.png,
forever-young,1,Uniform,art,image,official-art_forever-young-uniform.png,official-art_forever-young-uniform.png,
forever-young,2,Racing outfit,art,image,official-art_forever-young-racing.png,official-art_forever-young-racing.png,
forever-young,3,Portrait 1,portrait,image,portrait_1.png,portrait_1.png,
forever-young,4,Portrait 2,portrait,image,portrait_2.png,portrait_2.png,
forever-young,5,Portrait 101,portrait,image,portrait_101.png,portrait_101.png,
forever-young,6,Portrait 113801,portrait,image,portrait_113801.png,portrait_113801.png,
forever-young,7,Comic 1 (JA),comic,image,manga_ja_1138_01.png,manga_ja_1138_01.png,
forever-young,8,3D idle: Profile,idle3d,image,render_profile_idle_1138.png,render_profile_idle_1138.png,
forever-young,9,[トレセン学園],support,image,supports_full_small_10140.png,supports_full_small_10140.png,
forever-young,10,[Innovator],support,image,supports_full_small_30289.png,supports_full_small_30289.png,
casino-drive,1,Uniform,art,image,official-art_casino-drive-uniform.png,official-art_casino-drive-uniform.png,
casino-drive,2,Portrait 113901,portrait,image,portrait_113901.png,portrait_113901.png,
casino-drive,3,Comic 1 (JA),comic,image,manga_ja_1139_01.png,manga_ja_1139_01.png,
casino-drive,4,3D idle: Profile,idle3d,image,render_profile_idle_1139.png,render_profile_idle_1139.png,
casino-drive,5,[『DREAMS』責任者],support,image,supports_full_small_10141.png,supports_full_small_10141.png,
casino-drive,6,[American Dream],support,image,supports_full_small_30290.png,supports_full_small_30290.png,
marche-lorraine,1,Uniform,art,image,official-art_marche-lorraine-uniform.png,official-art_marche-lorraine-uniform.png,
marche-lorraine,2,Racing outfit,art,image,official-art_marche-lorraine-racing.png,official-art_marche-lorraine-racing.png,
marche-lorraine,3,Portrait 1,portrait,image,portrait_1.png,portrait_1.png,
marche-lorraine,4,Portrait 2,portrait,image,portrait_2.png,portrait_2.png,
marche-lorraine,5,Portrait 101,portrait,image,portrait_101.png,portrait_101.png,
marche-lorraine,6,Portrait 114001,portrait,image,portrait_114001.png,portrait_114001.png,
marche-lorraine,7,Comic 1 (JA),comic,image,manga_ja_1140_01.png,manga_ja_1140_01.png,
marche-lorraine,8,3D idle: Profile,idle3d,image,render_profile_idle_1140.png,render_profile_idle_1140.png,
marche-lorraine,9,[トレセン学園],support,image,supports_full_small_10144.png,supports_full_small_10144.png,
marche-lorraine,10,[響け、二人の凱歌],support,image,supports_full_small_30292.png,supports_full_small_30292.png,
epiphaneia,1,Uniform,art,image,official-art_epiphaneia-uniform.png,official-art_epiphaneia-uniform.png,
epiphaneia,2,Racing outfit,art,image,official-art_epiphaneia-racing.png,official-art_epiphaneia-racing.png,
epiphaneia,3,Concept art,art,image,official-art_epiphaneia-concept.png,official-art_epiphaneia-concept.png,
epiphaneia,4,Portrait 1,portrait,image,portrait_1.png,portrait_1.png,
epiphaneia,5,Portrait 2,portrait,image,portrait_2.png,portrait_2.png,
epiphaneia,6,Portrait 5,portrait,image,portrait_5.png,portrait_5.png,
epiphaneia,7,Portrait 101,portrait,image,portrait_101.png,portrait_101.png,
epiphaneia,8,Portrait 102,portrait,image,portrait_102.png,portrait_102.png,
epiphaneia,9,Portrait 104,portrait,image,portrait_104.png,portrait_104.png,
epiphaneia,10,Portrait 106,portrait,image,portrait_106.png,portrait_106.png,
epiphaneia,11,Portrait 108,portrait,image,portrait_108.png,portrait_108.png,
epiphaneia,12,Portrait 110,portrait,image,portrait_110.png,portrait_110.png,
epiphaneia,13,Portrait 112,portrait,image,portrait_112.png,portrait_112.png,
epiphaneia,14,Portrait 901141,portrait,image,portrait_901141.png,portrait_901141.png,
epiphaneia,15,Portrait: Fate's Chosen Star,portrait,image,portrait_trainee_256_114101.png,portrait_trainee_256_114101.png,
epiphaneia,16,Comic 1 (JA),comic,image,manga_ja_1141_01.png,manga_ja_1141_01.png,
epiphaneia,17,Comic 2 (JA),comic,image,manga_ja_1141_02.png,manga_ja_1141_02.png,
epiphaneia,18,3D idle: Profile,idle3d,image,render_profile_idle_1141.png,render_profile_idle_1141.png,
epiphaneia,19,3D idle: Original,idle3d,image,render_trainee_idle_114101.png,render_trainee_idle_114101.png,
epiphaneia,20,Chibi collection,chibi,image,chibi_sheet_1141-a7b2b12667cc.png,chibi_sheet_1141-a7b2b12667cc.png,
logotype,1,Uniform,art,image,official-art_logotype-uniform.png,official-art_logotype-uniform.png,
logotype,2,Racing outfit,art,image,official-art_logotype-racing.png,official-art_logotype-racing.png,
logotype,3,Portrait 1,portrait,image,portrait_1.png,portrait_1.png,
logotype,4,Portrait 114201,portrait,image,portrait_114201.png,portrait_114201.png,
logotype,5,Comic 1 (JA),comic,image,manga_ja_1142_01.png,manga_ja_1142_01.png,
logotype,6,3D idle: Profile,idle3d,image,render_profile_idle_1142.png,render_profile_idle_1142.png,
victoire-pisa,1,Uniform,art,image,official-art_victoire-pisa-uniform.png,official-art_victoire-pisa-uniform.png,
victoire-pisa,2,Racing outfit,art,image,official-art_victoire-pisa-racing.png,official-art_victoire-pisa-racing.png,
victoire-pisa,3,Portrait 1,portrait,image,portrait_1.png,portrait_1.png,
victoire-pisa,4,Portrait 2,portrait,image,portrait_2.png,portrait_2.png,
victoire-pisa,5,Portrait 5,portrait,image,portrait_5.png,portrait_5.png,
victoire-pisa,6,Portrait 101,portrait,image,portrait_101.png,portrait_101.png,
victoire-pisa,7,Portrait 102,portrait,image,portrait_102.png,portrait_102.png,
victoire-pisa,8,Portrait 104,portrait,image,portrait_104.png,portrait_104.png,
victoire-pisa,9,Portrait 106,portrait,image,portrait_106.png,portrait_106.png,
victoire-pisa,10,Portrait 108,portrait,image,portrait_108.png,portrait_108.png,
victoire-pisa,11,Portrait 110,portrait,image,portrait_110.png,portrait_110.png,
victoire-pisa,12,Portrait 112,portrait,image,portrait_112.png,portrait_112.png,
victoire-pisa,13,Portrait 901143,portrait,image,portrait_901143.png,portrait_901143.png,
victoire-pisa,14,Portrait: Lueur Angélique,portrait,image,portrait_trainee_256_114301.png,portrait_trainee_256_114301.png,
victoire-pisa,15,Comic 1 (JA),comic,image,manga_ja_1143_01.png,manga_ja_1143_01.png,
victoire-pisa,16,3D idle: Profile,idle3d,image,render_profile_idle_1143.png,render_profile_idle_1143.png,
victoire-pisa,17,3D idle: Original,idle3d,image,render_trainee_idle_114301.png,render_trainee_idle_114301.png,
victoire-pisa,18,Chibi collection,chibi,image,chibi_sheet_1143-8277a32d6722.png,chibi_sheet_1143-8277a32d6722.png,
victoire-pisa,19,[トレセン学園],support,image,supports_full_small_10143.png,supports_full_small_10143.png,
victoire-pisa,20,[Let's Go Together!],support,image,supports_full_small_30291.png,supports_full_small_30291.png,
rose-kingdom,1,Uniform,art,image,official-art_rose-kingdom-uniform.png,official-art_rose-kingdom-uniform.png,
rose-kingdom,2,Racing outfit,art,image,official-art_rose-kingdom-racing.png,official-art_rose-kingdom-racing.png,
rose-kingdom,3,Portrait 1,portrait,image,portrait_1.png,portrait_1.png,
rose-kingdom,4,Portrait 2,portrait,image,portrait_2.png,portrait_2.png,
rose-kingdom,5,Portrait 5,portrait,image,portrait_5.png,portrait_5.png,
rose-kingdom,6,Portrait 101,portrait,image,portrait_101.png,portrait_101.png,
rose-kingdom,7,Portrait 102,portrait,image,portrait_102.png,portrait_102.png,
rose-kingdom,8,Portrait 104,portrait,image,portrait_104.png,portrait_104.png,
rose-kingdom,9,Portrait 106,portrait,image,portrait_106.png,portrait_106.png,
rose-kingdom,10,Portrait 108,portrait,image,portrait_108.png,portrait_108.png,
rose-kingdom,11,Portrait 110,portrait,image,portrait_110.png,portrait_110.png,
rose-kingdom,12,Portrait 112,portrait,image,portrait_112.png,portrait_112.png,
rose-kingdom,13,Portrait 901144,portrait,image,portrait_901144.png,portrait_901144.png,
rose-kingdom,14,Portrait: Éclat de Roseraie,portrait,image,portrait_trainee_256_114401.png,portrait_trainee_256_114401.png,
rose-kingdom,15,Comic 1 (JA),comic,image,manga_ja_1144_01.png,manga_ja_1144_01.png,
rose-kingdom,16,3D idle: Profile,idle3d,image,render_profile_idle_1144.png,render_profile_idle_1144.png,
rose-kingdom,17,3D idle: Original,idle3d,image,render_trainee_idle_114401.png,render_trainee_idle_114401.png,
rose-kingdom,18,Chibi collection,chibi,image,chibi_sheet_1144-4116e1602934.png,chibi_sheet_1144-4116e1602934.png,
rulership,1,Uniform,art,image,official-art_rulership-uniform.png,official-art_rulership-uniform.png,
rulership,2,Racing outfit,art,image,official-art_rulership-racing.png,official-art_rulership-racing.png,
rulership,3,Portrait 1,portrait,image,portrait_1.png,portrait_1.png,
rulership,4,Portrait 2,portrait,image,portrait_2.png,portrait_2.png,
rulership,5,Portrait 5,portrait,image,portrait_5.png,portrait_5.png,
rulership,6,Portrait 101,portrait,image,portrait_101.png,portrait_101.png,
rulership,7,Portrait 102,portrait,image,portrait_102.png,portrait_102.png,
rulership,8,Portrait 104,portrait,image,portrait_104.png,portrait_104.png,
rulership,9,Portrait 106,portrait,image,portrait_106.png,portrait_106.png,
rulership,10,Portrait 108,portrait,image,portrait_108.png,portrait_108.png,
rulership,11,Portrait 110,portrait,image,portrait_110.png,portrait_110.png,
rulership,12,Portrait 112,portrait,image,portrait_112.png,portrait_112.png,
rulership,13,Portrait 901145,portrait,image,portrait_901145.png,portrait_901145.png,
rulership,14,Portrait: Monochrome GM,portrait,image,portrait_trainee_256_114501.png,portrait_trainee_256_114501.png,
rulership,15,Comic 1 (JA),comic,image,manga_ja_1145_01.png,manga_ja_1145_01.png,
rulership,16,3D idle: Profile,idle3d,image,render_profile_idle_1145.png,render_profile_idle_1145.png,
rulership,17,3D idle: Original,idle3d,image,render_trainee_idle_114501.png,render_trainee_idle_114501.png,
rulership,18,Chibi collection,chibi,image,chibi_sheet_1145-318272517971.png,chibi_sheet_1145-318272517971.png,
rulership,19,[トレセン学園],support,image,supports_full_small_10147.png,supports_full_small_10147.png,
rulership,20,[Endless Game],support,image,supports_full_small_30313.png,supports_full_small_30313.png,
efforia,1,Uniform,art,image,official-art_efforia-uniform.png,official-art_efforia-uniform.png,
efforia,2,Racing outfit,art,image,official-art_efforia-racing.png,official-art_efforia-racing.png,
efforia,3,Portrait 1,portrait,image,portrait_1.png,portrait_1.png,
efforia,4,Portrait 2,portrait,image,portrait_2.png,portrait_2.png,
efforia,5,Portrait 101,portrait,image,portrait_101.png,portrait_101.png,
efforia,6,Portrait 114601,portrait,image,portrait_114601.png,portrait_114601.png,
efforia,7,Comic 1 (JA),comic,image,manga_ja_1146_01.png,manga_ja_1146_01.png,
efforia,8,3D idle: Profile,idle3d,image,render_profile_idle_1146.png,render_profile_idle_1146.png,
efforia,9,[トレセン学園],support,image,supports_full_small_10146.png,supports_full_small_10146.png,
efforia,10,[As if Guided],support,image,supports_full_small_30311.png,supports_full_small_30311.png,
titleholder,1,Uniform,art,image,official-art_titleholder-uniform.png,official-art_titleholder-uniform.png,
titleholder,2,Racing outfit,art,image,official-art_titleholder-racing.png,official-art_titleholder-racing.png,
titleholder,3,Comic 1 (JA),comic,image,manga_ja_1148_01.png,manga_ja_1148_01.png,
titleholder,4,3D idle: Profile,idle3d,image,render_profile_idle_1148.png,render_profile_idle_1148.png,
phalaenopsis,1,Uniform,art,image,official-art_phalaenopsis-uniform.png,official-art_phalaenopsis-uniform.png,
phalaenopsis,2,Racing outfit,art,image,official-art_phalaenopsis-racing.png,official-art_phalaenopsis-racing.png,
phalaenopsis,3,Portrait 1,portrait,image,portrait_1.png,portrait_1.png,
phalaenopsis,4,Portrait 2,portrait,image,portrait_2.png,portrait_2.png,
phalaenopsis,5,Portrait 5,portrait,image,portrait_5.png,portrait_5.png,
phalaenopsis,6,Portrait 101,portrait,image,portrait_101.png,portrait_101.png,
phalaenopsis,7,Portrait 102,portrait,image,portrait_102.png,portrait_102.png,
phalaenopsis,8,Portrait 104,portrait,image,portrait_104.png,portrait_104.png,
phalaenopsis,9,Portrait 106,portrait,image,portrait_106.png,portrait_106.png,
phalaenopsis,10,Portrait 108,portrait,image,portrait_108.png,portrait_108.png,
phalaenopsis,11,Portrait 110,portrait,image,portrait_110.png,portrait_110.png,
phalaenopsis,12,Portrait 112,portrait,image,portrait_112.png,portrait_112.png,
phalaenopsis,13,Portrait 901149,portrait,image,portrait_901149.png,portrait_901149.png,
phalaenopsis,14,Portrait: [絶佳の暁闇],portrait,image,portrait_trainee_256_114901.png,portrait_trainee_256_114901.png,
phalaenopsis,15,Comic 1 (JA),comic,image,manga_ja_1149_01.png,manga_ja_1149_01.png,
phalaenopsis,16,3D idle: Profile,idle3d,image,render_profile_idle_1149.png,render_profile_idle_1149.png,
phalaenopsis,17,3D idle: Original,idle3d,image,render_trainee_idle_114901.png,render_trainee_idle_114901.png,
phalaenopsis,18,Chibi collection,chibi,image,chibi_sheet_1149-8023d608a83f.png,chibi_sheet_1149-8023d608a83f.png,
happy-meek,1,Uniform,art,image,official-art_happy-meek-uniform.png,official-art_happy-meek-uniform.png,
happy-meek,2,Portrait 1,portrait,image,portrait_1.png,portrait_1.png,
happy-meek,3,Portrait 2,portrait,image,portrait_2.png,portrait_2.png,
happy-meek,4,Portrait 200101,portrait,image,portrait_200101.png,portrait_200101.png,
happy-meek,5,Comic 1 (EN),comic,image,manga_en_2001_01.png,manga_en_2001_01.png,
happy-meek,6,3D idle: Profile,idle3d,image,render_profile_idle_2001.png,render_profile_idle_2001.png,
bitter-glasse,1,Uniform,art,image,official-art_bitter-glasse-uniform.png,official-art_bitter-glasse-uniform.png,
bitter-glasse,2,Portrait 1,portrait,image,portrait_1.png,portrait_1.png,
bitter-glasse,3,Portrait 200201,portrait,image,portrait_200201.png,portrait_200201.png,
bitter-glasse,4,Comic 1 (EN),comic,image,manga_en_2002_01.png,manga_en_2002_01.png,
bitter-glasse,5,3D idle: Profile,idle3d,image,render_profile_idle_2002.png,render_profile_idle_2002.png,
little-cocon,1,Uniform,art,image,official-art_little-cocon-uniform.png,official-art_little-cocon-uniform.png,
little-cocon,2,Portrait 1,portrait,image,portrait_1.png,portrait_1.png,
little-cocon,3,Portrait 200301,portrait,image,portrait_200301.png,portrait_200301.png,
little-cocon,4,Comic 1 (EN),comic,image,manga_en_2003_01.png,manga_en_2003_01.png,
little-cocon,5,3D idle: Profile,idle3d,image,render_profile_idle_2003.png,render_profile_idle_2003.png,
montjeu,1,Portrait 200401,portrait,image,portrait_200401.png,portrait_200401.png,
montjeu,2,3D idle: Profile,idle3d,image,render_profile_idle_2004.png,render_profile_idle_2004.png,
venus-paques,1,Uniform,art,image,official-art_venus-paques-uniform.png,official-art_venus-paques-uniform.png,
venus-paques,2,Portrait 200501,portrait,image,portrait_200501.png,portrait_200501.png,
venus-paques,3,Comic 1 (JA),comic,image,manga_ja_2005_01.png,manga_ja_2005_01.png,
venus-paques,4,3D idle: Profile,idle3d,image,render_profile_idle_2005.png,render_profile_idle_2005.png,
rigantona,1,Uniform,art,image,official-art_rigantona-uniform.png,official-art_rigantona-uniform.png,
rigantona,2,Portrait 200601,portrait,image,portrait_200601.png,portrait_200601.png,
rigantona,3,Comic 1 (JA),comic,image,manga_ja_2006_01.png,manga_ja_2006_01.png,
rigantona,4,3D idle: Profile,idle3d,image,render_profile_idle_2006.png,render_profile_idle_2006.png,
sonon-elfie,1,Uniform,art,image,official-art_sonon-elfie-uniform.png,official-art_sonon-elfie-uniform.png,
sonon-elfie,2,Comic 1 (JA),comic,image,manga_ja_2007_01.png,manga_ja_2007_01.png,
sonon-elfie,3,3D idle: Profile,idle3d,image,render_profile_idle_2007.png,render_profile_idle_2007.png,
st-2,1,3D idle: Profile,idle3d,image,render_profile_idle_2008.png,render_profile_idle_2008.png,
tazuna-hayakawa,1,Work clothes,art,image,official-art_tazuna-hayakawa-work.png,official-art_tazuna-hayakawa-work.png,
tazuna-hayakawa,2,Portrait 900101,portrait,image,portrait_900101.png,portrait_900101.png,
tazuna-hayakawa,3,Comic 1 (EN),comic,image,manga_en_9001_01.png,manga_en_9001_01.png,
tazuna-hayakawa,4,Comic 2 (JA),comic,image,manga_ja_9001_02.png,manga_ja_9001_02.png,
tazuna-hayakawa,5,3D idle: Profile,idle3d,image,render_profile_idle_9001.png,render_profile_idle_9001.png,
tazuna-hayakawa,6,[Tracen Academy],support,image,supports_full_small_10021.png,supports_full_small_10021.png,
tazuna-hayakawa,7,[Tracen Reception],support,image,supports_full_small_30021.png,supports_full_small_30021.png,
tazuna-hayakawa,8,[一杯のノスタルジア],support,image,supports_full_small_30305.png,supports_full_small_30305.png,
yayoi-akikawa,1,Work clothes,art,image,official-art_yayoi-akikawa-work.png,official-art_yayoi-akikawa-work.png,
yayoi-akikawa,2,Portrait 900201,portrait,image,portrait_900201.png,portrait_900201.png,
yayoi-akikawa,3,Comic 1 (EN),comic,image,manga_en_9002_01.png,manga_en_9002_01.png,
yayoi-akikawa,4,3D idle: Profile,idle3d,image,render_profile_idle_9002.png,render_profile_idle_9002.png,
yayoi-akikawa,5,[トレセン学園],support,image,supports_full_small_10109.png,supports_full_small_10109.png,
yayoi-akikawa,6,[謹製ッ！特大夢にんじん！],support,image,supports_full_small_30207.png,supports_full_small_30207.png,
etsuko-otonashi,1,Work clothes,art,image,official-art_etsuko-otonashi-work.png,official-art_etsuko-otonashi-work.png,
etsuko-otonashi,2,Portrait 900301,portrait,image,portrait_900301.png,portrait_900301.png,
etsuko-otonashi,3,Comic 1 (EN),comic,image,manga_en_9003_01.png,manga_en_9003_01.png,
etsuko-otonashi,4,3D idle: Profile,idle3d,image,render_profile_idle_9003.png,render_profile_idle_9003.png,
aoi-kiryuin,1,Work clothes,art,image,official-art_aoi-kiryuin-work.png,official-art_aoi-kiryuin-work.png,
aoi-kiryuin,2,Portrait 900401,portrait,image,portrait_900401.png,portrait_900401.png,
aoi-kiryuin,3,Comic 1 (EN),comic,image,manga_en_9004_01.png,manga_en_9004_01.png,
aoi-kiryuin,4,3D idle: Profile,idle3d,image,render_profile_idle_9004.png,render_profile_idle_9004.png,
aoi-kiryuin,5,[Tracen Academy],support,image,supports_full_small_10022.png,supports_full_small_10022.png,
aoi-kiryuin,6,[Trainers' Teamwork],support,image,supports_full_small_20021.png,supports_full_small_20021.png,
sasami-anshinzawa,1,Work clothes,art,image,official-art_sasami-anshinzawa-work.png,official-art_sasami-anshinzawa-work.png,
sasami-anshinzawa,2,Portrait 900501,portrait,image,portrait_900501.png,portrait_900501.png,
sasami-anshinzawa,3,Comic 1 (EN),comic,image,manga_en_9005_01.png,manga_en_9005_01.png,
sasami-anshinzawa,4,3D idle: Profile,idle3d,image,render_profile_idle_9005.png,render_profile_idle_9005.png,
sasami-anshinzawa,5,[Acupuncturist],support,image,supports_full_small_10074.png,supports_full_small_10074.png,
sasami-anshinzawa,6,[This Might Sting!],support,image,supports_full_small_30080.png,supports_full_small_30080.png,
riko-kashimoto,1,Work clothes,art,image,official-art_riko-kashimoto-work.png,official-art_riko-kashimoto-work.png,
riko-kashimoto,2,Portrait 900601,portrait,image,portrait_900601.png,portrait_900601.png,
riko-kashimoto,3,Comic 1 (EN),comic,image,manga_en_9006_01.png,manga_en_9006_01.png,
riko-kashimoto,4,3D idle: Profile,idle3d,image,render_profile_idle_9006.png,render_profile_idle_9006.png,
riko-kashimoto,5,[Tracen Academy],support,image,supports_full_small_10060.png,supports_full_small_10060.png,
riko-kashimoto,6,[Planned Perfection],support,image,supports_full_small_30036.png,supports_full_small_30036.png,
beauty-anshinzawa,1,3D idle: Profile,idle3d,image,render_profile_idle_9007.png,render_profile_idle_9007.png,
light-hello,1,Work clothes,art,image,official-art_light-hello-work.png,official-art_light-hello-work.png,
light-hello,2,Portrait 900801,portrait,image,portrait_900801.png,portrait_900801.png,
light-hello,3,Comic 1 (JA),comic,image,manga_ja_9008_01.png,manga_ja_9008_01.png,
light-hello,4,Comic 2 (JA),comic,image,manga_ja_9008_02.png,manga_ja_9008_02.png,
light-hello,5,3D idle: Profile,idle3d,image,render_profile_idle_9008.png,render_profile_idle_9008.png,
light-hello,6,[Event Producer],support,image,supports_full_small_10083.png,supports_full_small_10083.png,
light-hello,7,[From the Ground Up],support,image,supports_full_small_30052.png,supports_full_small_30052.png,
darley-arabian,1,Work clothes,art,image,official-art_darley-arabian-work.png,official-art_darley-arabian-work.png,
darley-arabian,2,Portrait 904001,portrait,image,portrait_904001.png,portrait_904001.png,
darley-arabian,3,Comic 1 (JA),comic,image,manga_ja_9040_01.png,manga_ja_9040_01.png,
darley-arabian,4,3D idle: Profile,idle3d,image,render_profile_idle_9040.png,render_profile_idle_9040.png,
darley-arabian,5,[Chasing Eternal Glory],support,image,supports_full_small_30137.png,supports_full_small_30137.png,
godolphin-barb,1,Work clothes,art,image,official-art_godolphin-barb-work.png,official-art_godolphin-barb-work.png,
godolphin-barb,2,Portrait 904101,portrait,image,portrait_904101.png,portrait_904101.png,
godolphin-barb,3,Comic 1 (JA),comic,image,manga_ja_9041_01.png,manga_ja_9041_01.png,
godolphin-barb,4,3D idle: Profile,idle3d,image,render_profile_idle_9041.png,render_profile_idle_9041.png,
byerley-turk,1,Work clothes,art,image,official-art_byerley-turk-work.png,official-art_byerley-turk-work.png,
byerley-turk,2,Portrait 904201,portrait,image,portrait_904201.png,portrait_904201.png,
byerley-turk,3,Comic 1 (JA),comic,image,manga_ja_9042_01.png,manga_ja_9042_01.png,
byerley-turk,4,3D idle: Profile,idle3d,image,render_profile_idle_9042.png,render_profile_idle_9042.png,
mei-satake,1,Work clothes,art,image,official-art_mei-satake-work.png,official-art_mei-satake-work.png,
mei-satake,2,Portrait 904301,portrait,image,portrait_904301.png,portrait_904301.png,
mei-satake,3,Comic 1 (JA),comic,image,manga_ja_9043_01.png,manga_ja_9043_01.png,
mei-satake,4,3D idle: Profile,idle3d,image,render_profile_idle_9043.png,render_profile_idle_9043.png,
mei-satake,5,[URA職員],support,image,supports_full_small_10094.png,supports_full_small_10094.png,
mei-satake,6,[L'aubeは迫りて],support,image,supports_full_small_30160.png,supports_full_small_30160.png,
ryoka-tsurugi,1,Work clothes,art,image,official-art_ryoka-tsurugi-work.png,official-art_ryoka-tsurugi-work.png,
ryoka-tsurugi,2,Portrait 904401,portrait,image,portrait_904401.png,portrait_904401.png,
ryoka-tsurugi,3,Comic 1 (JA),comic,image,manga_ja_9044_01.png,manga_ja_9044_01.png,
ryoka-tsurugi,4,3D idle: Profile,idle3d,image,render_profile_idle_9044.png,render_profile_idle_9044.png,
ryoka-tsurugi,5,[プロデューサー],support,image,supports_full_small_10104.png,supports_full_small_10104.png,
ryoka-tsurugi,6,[共に描くキラメキ],support,image,supports_full_small_30188.png,supports_full_small_30188.png,
sugar-lights,1,Work clothes,art,image,official-art_sugar-lights-work.png,official-art_sugar-lights-work.png,
sugar-lights,2,Comic 1 (JA),comic,image,manga_ja_9045_01.png,manga_ja_9045_01.png,
sugar-lights,3,3D idle: Profile,idle3d,image,render_profile_idle_9045.png,render_profile_idle_9045.png,
st-lite,1,Work clothes,art,image,official-art_st-lite-work.png,official-art_st-lite-work.png,
st-lite,2,Portrait 904601,portrait,image,portrait_904601.png,portrait_904601.png,
st-lite,3,Comic 1 (JA),comic,image,manga_ja_9046_01.png,manga_ja_9046_01.png,
st-lite,4,3D idle: Profile,idle3d,image,render_profile_idle_9046.png,render_profile_idle_9046.png,
speed-symboli,1,Work clothes,art,image,official-art_speed-symboli-work.png,official-art_speed-symboli-work.png,
speed-symboli,2,Portrait 904701,portrait,image,portrait_904701.png,portrait_904701.png,
speed-symboli,3,Comic 1 (JA),comic,image,manga_ja_9047_01.png,manga_ja_9047_01.png,
speed-symboli,4,3D idle: Profile,idle3d,image,render_profile_idle_9047.png,render_profile_idle_9047.png,
speed-symboli,5,[導きの光],support,image,supports_full_small_30241.png,supports_full_small_30241.png,
haiseiko,1,Work clothes,art,image,official-art_haiseiko-work.png,official-art_haiseiko-work.png,
haiseiko,2,Portrait 904801,portrait,image,portrait_904801.png,portrait_904801.png,
haiseiko,3,Comic 1 (JA),comic,image,manga_ja_9048_01.png,manga_ja_9048_01.png,
haiseiko,4,3D idle: Profile,idle3d,image,render_profile_idle_9048.png,render_profile_idle_9048.png,
tucker-bryne,1,Work clothes,art,image,official-art_tucker-bryne-work.png,official-art_tucker-bryne-work.png,
tucker-bryne,2,Portrait 904901,portrait,image,portrait_904901.png,portrait_904901.png,
tucker-bryne,3,Comic 1 (JA),comic,image,manga_ja_9049_01.png,manga_ja_9049_01.png,
tucker-bryne,4,3D idle: Profile,idle3d,image,render_profile_idle_9049.png,render_profile_idle_9049.png,
tucker-bryne,5,[無人島PJ責任者],support,image,supports_full_small_10128.png,supports_full_small_10128.png,
tucker-bryne,6,[本能は吼えているか！？],support,image,supports_full_small_30257.png,supports_full_small_30257.png,
kiyoko-hoshina,1,Work clothes,art,image,official-art_kiyoko-hoshina-work.png,official-art_kiyoko-hoshina-work.png,
kiyoko-hoshina,2,Portrait 905001,portrait,image,portrait_905001.png,portrait_905001.png,
kiyoko-hoshina,3,Comic 1 (JA),comic,image,manga_ja_9050_01.png,manga_ja_9050_01.png,
kiyoko-hoshina,4,3D idle: Profile,idle3d,image,render_profile_idle_9050.png,render_profile_idle_9050.png,
kiyoko-hoshina,5,[ゆこま旅館女将],support,image,supports_full_small_10138.png,supports_full_small_10138.png,
kiyoko-hoshina,6,[ゆるり、ゆこま旅館],support,image,supports_full_small_30276.png,supports_full_small_30276.png,
yunohana-bloom,1,Work clothes,art,image,official-art_yunohana-bloom-work.png,official-art_yunohana-bloom-work.png,
yunohana-bloom,2,Comic 1 (JA),comic,image,manga_ja_9051_01.png,manga_ja_9051_01.png,
yunohana-bloom,3,3D idle: Profile,idle3d,image,render_profile_idle_9051.png,render_profile_idle_9051.png,
