slug,sort_order,place,place_label,race_name,date,winner,winner_slug,track,surface,distance,grade,netkeiba_url,jbis_url
special-week,1,2,2nd,Arima Kinen J,26 Dec 1999,Grass Wonder,grass-wonder,Nakayama,Turf,2500,G1,https://db.netkeiba.com/race/199906050809/,https://www.jbis.or.jp/race/result/19991226/106/09/
special-week,2,1,1st,Japan Cup J,28 Nov 1999,Special Week,,Tokyo,Turf,2400,G1,https://db.netkeiba.com/race/199905050810/,https://www.jbis.or.jp/race/result/19991128/105/10/
special-week,3,1,1st,Tenno Sho (Autumn) J,31 Oct 1999,Special Week,,Tokyo,Turf,2000,G1,https://db.netkeiba.com/race/199905040811/,https://www.jbis.or.jp/race/result/19991031/105/11/
special-week,4,7,7th,Kyoto Daishoten J,10 Oct 1999,Tsurumaru Tsuyoshi,tsurumaru-tsuyoshi,Kyoto,Turf,2400,G2,https://db.netkeiba.com/race/199908040211/,https://www.jbis.or.jp/race/result/19991010/108/11/
special-week,5,2,2nd,Takarazuka Kinen J,11 Jul 1999,Grass Wonder,grass-wonder,Hanshin,Turf,2200,G1,https://db.netkeiba.com/race/199909030811/,https://www.jbis.or.jp/race/result/19990711/109/11/
special-week,6,1,1st,Tenno Sho (Spring) J,2 May 1999,Special Week,,Kyoto,Turf,3200,G1,https://db.netkeiba.com/race/199908030411/,https://www.jbis.or.jp/race/result/19990502/108/11/
special-week,7,1,1st,Hanshin Daishoten J,21 Mar 1999,Special Week,,Hanshin,Turf,3000,G2,https://db.netkeiba.com/race/199909010811/,https://www.jbis.or.jp/race/result/19990321/109/11/
special-week,8,1,1st,American JCC J,24 Jan 1999,Special Week,,Nakayama,Turf,2200,G2,https://db.netkeiba.com/race/199906010811/,https://www.jbis.or.jp/race/result/19990124/106/11/
special-week,9,3,3rd,Japan Cup J,29 Nov 1998,El Condor Pasa,el-condor-pasa,Tokyo,Turf,2400,G1,https://db.netkeiba.com/race/199805050810/,https://www.jbis.or.jp/race/result/19981129/105/10/
special-week,10,2,2nd,Kikuka Sho J,8 Nov 1998,Seiun Sky,seiun-sky,Kyoto,Turf,3000,G1,https://db.netkeiba.com/race/199808060211/,https://www.jbis.or.jp/race/result/19981108/108/11/
special-week,11,1,1st,Kyoto Shimbun Hai J,18 Oct 1998,Special Week,,Kyoto,Turf,2200,G2,https://db.netkeiba.com/race/199808050411/,https://www.jbis.or.jp/race/result/19981018/108/11/
special-week,12,1,1st,Tokyo Yushun (Japanese Derby) J,7 Jun 1998,Special Week,,Tokyo,Turf,2400,G1,https://db.netkeiba.com/race/199805030609/,https://www.jbis.or.jp/race/result/19980607/105/09/
special-week,13,3,3rd,Satsuki Sho J,19 Apr 1998,Seiun Sky,seiun-sky,Nakayama,Turf,2000,G1,https://db.netkeiba.com/race/199806030811/,https://www.jbis.or.jp/race/result/19980419/106/11/
special-week,14,1,1st,Yayoi Sho J,8 Mar 1998,Special Week,,Nakayama,Turf,2000,G2,https://db.netkeiba.com/race/199806020411/,https://www.jbis.or.jp/race/result/19980308/106/11/
special-week,15,1,1st,Kisaragi Sho J,8 Feb 1998,Special Week,,Kyoto,Turf,1800,G3,https://db.netkeiba.com/race/199808020411/,https://www.jbis.or.jp/race/result/19980208/108/11/
special-week,16,2,2nd,Shiraume Sho J,6 Jan 1998,Asahi Creek,,Kyoto,Turf,1600,Pre-OP,https://db.netkeiba.com/race/199808010209/,https://www.jbis.or.jp/race/result/19980106/108/09/
special-week,17,1,1st,2yo Newcomer Race J,29 Nov 1997,Special Week,,Hanshin,Turf,1600,Debut,https://db.netkeiba.com/race/199709050107/,https://www.jbis.or.jp/race/result/19971129/109/07/
silence-suzuka,1,,DNF,Tenno Sho (Autumn) J,1 Nov 1998,Offside Trap,,Tokyo,Turf,2000,G1,https://db.netkeiba.com/race/199805040811/,https://www.jbis.or.jp/race/result/19981101/105/11/
silence-suzuka,2,1,1st,Mainichi Okan J,11 Oct 1998,Silence Suzuka,,Tokyo,Turf,1800,G2,https://db.netkeiba.com/race/199805040211/,https://www.jbis.or.jp/race/result/19981011/105/11/
silence-suzuka,3,1,1st,Takarazuka Kinen J,12 Jul 1998,Silence Suzuka,,Hanshin,Turf,2200,G1,https://db.netkeiba.com/race/199809030811/,https://www.jbis.or.jp/race/result/19980712/109/11/
silence-suzuka,4,1,1st,Kinko Sho J,30 May 1998,Silence Suzuka,,Chukyo,Turf,2000,G2,https://db.netkeiba.com/race/199807030311/,https://www.jbis.or.jp/race/result/19980530/107/11/
silence-suzuka,5,1,1st,Kokura Daishoten J,18 Apr 1998,Silence Suzuka,,Chukyo,Turf,1800,G3,https://db.netkeiba.com/race/199807020711/,https://www.jbis.or.jp/race/result/19980418/107/11/
silence-suzuka,6,1,1st,Nakayama Kinen J,15 Mar 1998,Silence Suzuka,,Nakayama,Turf,1800,G2,https://db.netkeiba.com/race/199806020611/,https://www.jbis.or.jp/race/result/19980315/106/11/
silence-suzuka,7,1,1st,Valentine Stakes J,14 Feb 1998,Silence Suzuka,,Tokyo,Turf,1800,OP,https://db.netkeiba.com/race/199805010511/,https://www.jbis.or.jp/race/result/19980214/105/11/
silence-suzuka,8,5,5th,Hong Kong International Cup,14 Dec 1997,Val's Prince,,Sha Tin,Turf,1800,G2,https://db.netkeiba.com/race/1997G0121401/,
silence-suzuka,9,15,15th,Mile Championship J,16 Nov 1997,Taiki Shuttle,taiki-shuttle,Kyoto,Turf,1600,G1,https://db.netkeiba.com/race/199708050611/,https://www.jbis.or.jp/race/result/19971116/108/11/
silence-suzuka,10,6,6th,Tenno Sho (Autumn) J,26 Oct 1997,Air Groove,air-groove,Tokyo,Turf,2000,G1,https://db.netkeiba.com/race/199705040810/,https://www.jbis.or.jp/race/result/19971026/105/10/
silence-suzuka,11,2,2nd,Kobe Shimbun Hai J,14 Sept 1997,Matikanefukukitaru,matikanefukukitaru,Hanshin,Turf,2000,G2,https://db.netkeiba.com/race/199709040411/,https://www.jbis.or.jp/race/result/19970914/109/11/
silence-suzuka,12,9,9th,Tokyo Yushun (Japanese Derby) J,1 Jun 1997,Sunny Brian,,Tokyo,Turf,2400,G1,https://db.netkeiba.com/race/199705030609/,https://www.jbis.or.jp/race/result/19970601/105/09/
silence-suzuka,13,1,1st,Principal Stakes J,10 May 1997,Silence Suzuka,,Tokyo,Turf,2200,OP,https://db.netkeiba.com/race/199705020710/,https://www.jbis.or.jp/race/result/19970510/105/10/
silence-suzuka,14,1,1st,3yo Allowance (¥5m & Less) J,5 Apr 1997,Silence Suzuka,,Hanshin,Turf,2000,Pre-OP,https://db.netkeiba.com/race/199709020508/,https://www.jbis.or.jp/race/result/19970405/109/08/
silence-suzuka,15,8,8th,Yayoi Sho J,2 Mar 1997,Running Gale,,Nakayama,Turf,2000,G2,https://db.netkeiba.com/race/199706020411/,https://www.jbis.or.jp/race/result/19970302/106/11/
silence-suzuka,16,1,1st,3yo Newcomer Race J,1 Feb 1997,Silence Suzuka,,Kyoto,Turf,1600,Debut,https://db.netkeiba.com/race/199708020307/,https://www.jbis.or.jp/race/result/19970201/108/07/
tokai-teio,1,1,1st,Arima Kinen J,26 Dec 1993,Tokai Teio,,Nakayama,Turf,2500,G1,https://db.netkeiba.com/race/199306050809/,https://www.jbis.or.jp/race/result/19931226/106/09/
tokai-teio,2,11,11th,Arima Kinen J,27 Dec 1992,Mejiro Palmer,mejiro-palmer,Nakayama,Turf,2500,G1,https://db.netkeiba.com/race/199206050809/,https://www.jbis.or.jp/race/result/19921227/106/09/
tokai-teio,3,1,1st,Japan Cup J,29 Nov 1992,Tokai Teio,,Tokyo,Turf,2400,G1,https://db.netkeiba.com/race/199205050810/,https://www.jbis.or.jp/race/result/19921129/105/10/
tokai-teio,4,7,7th,Tenno Sho (Autumn) J,1 Nov 1992,Let's Go Tarquin,,Tokyo,Turf,2000,G1,https://db.netkeiba.com/race/199205040810/,https://www.jbis.or.jp/race/result/19921101/105/10/
tokai-teio,5,5,5th,Tenno Sho (Spring) J,26 Apr 1992,Mejiro McQueen,mejiro-mcqueen,Kyoto,Turf,3200,G1,https://db.netkeiba.com/race/199208030210/,https://www.jbis.or.jp/race/result/19920426/108/10/
tokai-teio,6,1,1st,Osaka Hai J,5 Apr 1992,Tokai Teio,,Hanshin,Turf,2000,G2,https://db.netkeiba.com/race/199209020411/,https://www.jbis.or.jp/race/result/19920405/109/11/
tokai-teio,7,1,1st,Tokyo Yushun (Japanese Derby) J,26 May 1991,Tokai Teio,,Tokyo,Turf,2400,G1,https://db.netkeiba.com/race/199105030409/,https://www.jbis.or.jp/race/result/19910526/105/09/
tokai-teio,8,1,1st,Satsuki Sho J,14 Apr 1991,Tokai Teio,,Nakayama,Turf,2000,G1,https://db.netkeiba.com/race/199106030810/,https://www.jbis.or.jp/race/result/19910414/106/10/
tokai-teio,9,1,1st,Wakaba Stakes J,17 Mar 1991,Tokai Teio,,Nakayama,Turf,2000,OP,https://db.netkeiba.com/race/199106020810/,https://www.jbis.or.jp/race/result/19910317/106/10/
tokai-teio,10,1,1st,Wakagoma Stakes J,19 Jan 1991,Tokai Teio,,Kyoto,Turf,2000,OP,https://db.netkeiba.com/race/199108010709/,https://www.jbis.or.jp/race/result/19910119/108/09/
tokai-teio,11,1,1st,Cyclamen Stakes J,23 Dec 1990,Tokai Teio,,Kyoto,Turf,2000,OP,https://db.netkeiba.com/race/199008050809/,https://www.jbis.or.jp/race/result/19901223/108/09/
tokai-teio,12,1,1st,2yo Newcomer Race J,1 Dec 1990,Tokai Teio,,Chukyo,Turf,1800,Debut,https://db.netkeiba.com/race/199007040304/,https://www.jbis.or.jp/race/result/19901201/107/04/
maruzensky,1,1,1st,Tankyori Stakes,24 Jul 1977,Maruzensky,,Sapporo,Dirt,1200,OP,https://db.netkeiba.com/race/197701020409/,
maruzensky,2,1,1st,Nihon Tampa Sho,26 Jun 1977,Maruzensky,,Nakayama,Turf,1800,OP,https://db.netkeiba.com/race/197706030409/,
maruzensky,3,1,1st,3yo Open,7 May 1977,Maruzensky,,Tokyo,Turf,1600,,https://db.netkeiba.com/race/197705030507/,
maruzensky,4,1,1st,3yo Open,22 Jan 1977,Maruzensky,,Chukyo,Turf,1600,,https://db.netkeiba.com/race/197707010106/,
maruzensky,5,1,1st,Asahi Hai Sansai Stakes,12 Dec 1976,Maruzensky,,Nakayama,Turf,1600,OP,https://db.netkeiba.com/race/197606050409/,
maruzensky,6,1,1st,Fuchu Sansai Stakes,21 Nov 1976,Maruzensky,,Tokyo,Turf,1600,OP,https://db.netkeiba.com/race/197605060607/,
maruzensky,7,1,1st,Icho Tokubetsu,30 Oct 1976,Maruzensky,,Nakayama,Turf,1200,Pre-OP,https://db.netkeiba.com/race/197606040707/,
maruzensky,8,1,1st,2yo Newcomer Race,9 Oct 1976,Maruzensky,,Nakayama,Turf,1200,Debut,https://db.netkeiba.com/race/197606040105/,
fuji-kiseki,1,1,1st,Yayoi Sho J,5 Mar 1995,Fuji Kiseki,,Nakayama,Turf,2000,G2,https://db.netkeiba.com/race/199506020411/,https://www.jbis.or.jp/race/result/19950305/106/11/
fuji-kiseki,2,1,1st,Asahi Hai Sansai Stakes J,11 Dec 1994,Fuji Kiseki,,Nakayama,Turf,1600,G1,https://db.netkeiba.com/race/199406050411/,https://www.jbis.or.jp/race/result/19941211/106/11/
fuji-kiseki,3,1,1st,Momiji Stakes J,8 Oct 1994,Fuji Kiseki,,Hanshin,Turf,1600,OP,https://db.netkeiba.com/race/199409060109/,https://www.jbis.or.jp/race/result/19941008/109/09/
fuji-kiseki,4,1,1st,2yo Newcomer Race J,20 Aug 1994,Fuji Kiseki,,Niigata,Turf,1200,Debut,https://db.netkeiba.com/race/199404030305/,https://www.jbis.or.jp/race/result/19940820/104/05/
oguri-cap,1,1,1st,Arima Kinen J,23 Dec 1990,Oguri Cap,,Nakayama,Turf,2500,G1,https://db.netkeiba.com/race/199006050809/,https://www.jbis.or.jp/race/result/19901223/106/09/
oguri-cap,2,11,11th,Japan Cup J,25 Nov 1990,Better Loosen Up,,Tokyo,Turf,2400,G1,https://db.netkeiba.com/race/199005050810/,https://www.jbis.or.jp/race/result/19901125/105/10/
oguri-cap,3,6,6th,Tenno Sho (Autumn) J,28 Oct 1990,Yaeno Muteki,yaeno-muteki,Tokyo,Turf,2000,G1,https://db.netkeiba.com/race/199005040810/,https://www.jbis.or.jp/race/result/19901028/105/10/
oguri-cap,4,2,2nd,Takarazuka Kinen J,10 Jun 1990,Osaichi George,,Hanshin,Turf,2200,G1,https://db.netkeiba.com/race/199009040810/,https://www.jbis.or.jp/race/result/19900610/109/10/
oguri-cap,5,1,1st,Yasuda Kinen J,13 May 1990,Oguri Cap,,Tokyo,Turf,1600,G1,https://db.netkeiba.com/race/199005020810/,https://www.jbis.or.jp/race/result/19900513/105/10/
oguri-cap,6,5,5th,Arima Kinen J,24 Dec 1989,Inari One,inari-one,Nakayama,Turf,2500,G1,https://db.netkeiba.com/race/198906050809/,https://www.jbis.or.jp/race/result/19891224/106/09/
oguri-cap,7,2,2nd,Japan Cup J,26 Nov 1989,Horlicks,,Tokyo,Turf,2400,G1,https://db.netkeiba.com/race/198905050810/,https://www.jbis.or.jp/race/result/19891126/105/10/
oguri-cap,8,1,1st,Mile Championship J,19 Nov 1989,Oguri Cap,,Kyoto,Turf,1600,G1,https://db.netkeiba.com/race/198908050610/,https://www.jbis.or.jp/race/result/19891119/108/10/
oguri-cap,9,2,2nd,Tenno Sho (Autumn) J,29 Oct 1989,Super Creek,super-creek,Tokyo,Turf,2000,G1,https://db.netkeiba.com/race/198905040810/,https://www.jbis.or.jp/race/result/19891029/105/10/
oguri-cap,10,1,1st,Mainichi Okan J,8 Oct 1989,Oguri Cap,,Tokyo,Turf,1800,G2,https://db.netkeiba.com/race/198905040210/,https://www.jbis.or.jp/race/result/19891008/105/10/
oguri-cap,11,1,1st,All Comers J,17 Sept 1989,Oguri Cap,,Nakayama,Turf,2200,G3,https://db.netkeiba.com/race/198906040411/,https://www.jbis.or.jp/race/result/19890917/106/11/
oguri-cap,12,1,1st,Arima Kinen J,25 Dec 1988,Oguri Cap,,Nakayama,Turf,2500,G1,https://db.netkeiba.com/race/198806020809/,https://www.jbis.or.jp/race/result/19881225/106/09/
oguri-cap,13,3,3rd,Japan Cup J,27 Nov 1988,Pay the Butler,,Tokyo,Turf,2400,G1,https://db.netkeiba.com/race/198805070810/,https://www.jbis.or.jp/race/result/19881127/105/10/
oguri-cap,14,2,2nd,Tenno Sho (Autumn) J,30 Oct 1988,Tamamo Cross,tamamo-cross,Tokyo,Turf,2000,G1,https://db.netkeiba.com/race/198805060810/,https://www.jbis.or.jp/race/result/19881030/105/10/
oguri-cap,15,1,1st,Mainichi Okan J,9 Oct 1988,Oguri Cap,,Tokyo,Turf,1800,G2,https://db.netkeiba.com/race/198805060210/,https://www.jbis.or.jp/race/result/19881009/105/10/
oguri-cap,16,1,1st,Takamatsunomiya Hai J,10 Jul 1988,Oguri Cap,,Chukyo,Turf,2000,G2,https://db.netkeiba.com/race/198807020811/,https://www.jbis.or.jp/race/result/19880710/107/11/
oguri-cap,17,1,1st,New Zealand Trophy Yonsai Stakes J,5 Jun 1988,Oguri Cap,,Tokyo,Turf,1600,G2,https://db.netkeiba.com/race/198805050611/,https://www.jbis.or.jp/race/result/19880605/105/11/
oguri-cap,18,1,1st,Kyoto Yonsai Tokubetsu J,8 May 1988,Oguri Cap,,Kyoto,Turf,2000,G3,https://db.netkeiba.com/race/198808030611/,https://www.jbis.or.jp/race/result/19880508/108/11/
oguri-cap,19,1,1st,Mainichi Hai J,27 Mar 1988,Oguri Cap,,Hanshin,Turf,2000,G3,https://db.netkeiba.com/race/198809020211/,https://www.jbis.or.jp/race/result/19880327/109/11/
oguri-cap,20,1,1st,Pegasus Stakes J,6 Mar 1988,Oguri Cap,,Hanshin,Turf,1600,G3,https://db.netkeiba.com/race/198809010411/,https://www.jbis.or.jp/race/result/19880306/109/11/
oguri-cap,21,1,1st,Gold Junior J,10 Jan 1988,Oguri Cap,,Kasamatsu,Dirt,1600,,https://db.netkeiba.com/race/198847011008/,https://www.jbis.or.jp/race/result/19880110/223/08/
oguri-cap,22,1,1st,Junior Grand Prix J,29 Dec 1987,Oguri Cap,,Kasamatsu,Dirt,1600,,https://db.netkeiba.com/race/198747122910/,https://www.jbis.or.jp/race/result/19871229/223/10/
oguri-cap,23,1,1st,Shiwasu Special J,7 Dec 1987,Oguri Cap,,Kasamatsu,Dirt,1600,,https://db.netkeiba.com/race/198747120710/,https://www.jbis.or.jp/race/result/19871207/223/10/
oguri-cap,24,1,1st,Chunichi Sports Hai J,4 Nov 1987,Oguri Cap,,Nagoya,Dirt,1400,,https://db.netkeiba.com/race/198748110410/,https://www.jbis.or.jp/race/result/19871104/224/10/
oguri-cap,25,1,1st,Chukyo Hai J,14 Oct 1987,Oguri Cap,,Chukyo,Turf,1200,,https://db.netkeiba.com/race/198761101409/,https://www.jbis.or.jp/race/result/19871014/225/09/
oguri-cap,26,1,1st,Junior Crown J,4 Oct 1987,Oguri Cap,,Kasamatsu,Dirt,1400,,https://db.netkeiba.com/race/198747100410/,https://www.jbis.or.jp/race/result/19871004/223/10/
oguri-cap,27,1,1st,Akikaze Junior J,30 Aug 1987,Oguri Cap,,Kasamatsu,Dirt,1400,,https://db.netkeiba.com/race/198747083009/,https://www.jbis.or.jp/race/result/19870830/223/09/
oguri-cap,28,1,1st,2yo Race (Group イ) J,12 Aug 1987,Oguri Cap,,Kasamatsu,Dirt,800,,https://db.netkeiba.com/race/198747081201/,https://www.jbis.or.jp/race/result/19870812/223/01/
oguri-cap,29,2,2nd,2yo Race (Group イ) J,26 Jul 1987,March Tosho,,Kasamatsu,Dirt,800,,https://db.netkeiba.com/race/198747072601/,https://www.jbis.or.jp/race/result/19870726/223/01/
oguri-cap,30,1,1st,2yo Race (Group イ) J,15 Jun 1987,Oguri Cap,,Kasamatsu,Dirt,800,,https://db.netkeiba.com/race/198747061501/,https://www.jbis.or.jp/race/result/19870615/223/01/
oguri-cap,31,1,1st,2yo Race (Group イ) J,2 Jun 1987,Oguri Cap,,Kasamatsu,Dirt,800,,https://db.netkeiba.com/race/198747060201/,https://www.jbis.or.jp/race/result/19870602/223/01/
oguri-cap,32,2,2nd,2yo Newcomer Race J,19 May 1987,March Tosho,,Kasamatsu,Dirt,800,Debut,https://db.netkeiba.com/race/198747051901/,https://www.jbis.or.jp/race/result/19870519/223/01/
gold-ship,1,8,8th,Arima Kinen J,27 Dec 2015,Gold Actor,,Nakayama,Turf,2500,G1,https://db.netkeiba.com/race/201506050810/,https://www.jbis.or.jp/race/result/20151227/106/10/
gold-ship,2,10,10th,Japan Cup J,29 Nov 2015,Shonan Pandora,,Tokyo,Turf,2400,G1,https://db.netkeiba.com/race/201505050911/,https://www.jbis.or.jp/race/result/20151129/105/11/
gold-ship,3,15,15th,Takarazuka Kinen J,28 Jun 2015,Lovely Day,,Hanshin,Turf,2200,G1,https://db.netkeiba.com/race/201509030811/,https://www.jbis.or.jp/race/result/20150628/109/11/
gold-ship,4,1,1st,Tenno Sho (Spring) J,3 May 2015,Gold Ship,,Kyoto,Turf,3200,G1,https://db.netkeiba.com/race/201508030411/,https://www.jbis.or.jp/race/result/20150503/108/11/
gold-ship,5,1,1st,Hanshin Daishoten J,22 Mar 2015,Gold Ship,,Hanshin,Turf,3000,G2,https://db.netkeiba.com/race/201509010811/,https://www.jbis.or.jp/race/result/20150322/109/11/
gold-ship,6,7,7th,American JCC J,25 Jan 2015,Courir Kaiser,,Nakayama,Turf,2200,G2,https://db.netkeiba.com/race/201506010911/,https://www.jbis.or.jp/race/result/20150125/106/11/
gold-ship,7,3,3rd,Arima Kinen J,28 Dec 2014,Gentildonna,gentildonna,Nakayama,Turf,2500,G1,https://db.netkeiba.com/race/201406040810/,https://www.jbis.or.jp/race/result/20141228/106/10/
gold-ship,8,14,14th,Prix de l'Arc de Triomphe,5 Oct 2014,Treve,,Longchamp,Turf,2400,G1,https://db.netkeiba.com/race/2014A8a00c05/,
gold-ship,9,2,2nd,Sapporo Kinen J,24 Aug 2014,Harp Star,,Sapporo,Turf,2000,G2,https://db.netkeiba.com/race/201401020211/,https://www.jbis.or.jp/race/result/20140824/101/11/
gold-ship,10,1,1st,Takarazuka Kinen J,29 Jun 2014,Gold Ship,,Hanshin,Turf,2200,G1,https://db.netkeiba.com/race/201409030811/,https://www.jbis.or.jp/race/result/20140629/109/11/
gold-ship,11,7,7th,Tenno Sho (Spring) J,4 May 2014,Fenomeno,fenomeno,Kyoto,Turf,3200,G1,https://db.netkeiba.com/race/201408030411/,https://www.jbis.or.jp/race/result/20140504/108/11/
gold-ship,12,1,1st,Hanshin Daishoten J,23 Mar 2014,Gold Ship,,Hanshin,Turf,3000,G2,https://db.netkeiba.com/race/201409010811/,https://www.jbis.or.jp/race/result/20140323/109/11/
gold-ship,13,3,3rd,Arima Kinen J,22 Dec 2013,Orfevre,orfevre,Nakayama,Turf,2500,G1,https://db.netkeiba.com/race/201306050810/,https://www.jbis.or.jp/race/result/20131222/106/10/
gold-ship,14,15,15th,Japan Cup J,24 Nov 2013,Gentildonna,gentildonna,Tokyo,Turf,2400,G1,https://db.netkeiba.com/race/201305050811/,https://www.jbis.or.jp/race/result/20131124/105/11/
gold-ship,15,5,5th,Kyoto Daishoten J,6 Oct 2013,Hit the Target,,Kyoto,Turf,2400,G2,https://db.netkeiba.com/race/201308040211/,https://www.jbis.or.jp/race/result/20131006/108/11/
gold-ship,16,1,1st,Takarazuka Kinen J,23 Jun 2013,Gold Ship,,Hanshin,Turf,2200,G1,https://db.netkeiba.com/race/201309030811/,https://www.jbis.or.jp/race/result/20130623/109/11/
gold-ship,17,5,5th,Tenno Sho (Spring) J,28 Apr 2013,Fenomeno,fenomeno,Kyoto,Turf,3200,G1,https://db.netkeiba.com/race/201308030411/,https://www.jbis.or.jp/race/result/20130428/108/11/
gold-ship,18,1,1st,Hanshin Daishoten J,17 Mar 2013,Gold Ship,,Hanshin,Turf,3000,G2,https://db.netkeiba.com/race/201309010811/,https://www.jbis.or.jp/race/result/20130317/109/11/
gold-ship,19,1,1st,Arima Kinen J,23 Dec 2012,Gold Ship,,Nakayama,Turf,2500,G1,https://db.netkeiba.com/race/201206050810/,https://www.jbis.or.jp/race/result/20121223/106/10/
gold-ship,20,1,1st,Kikuka Sho J,21 Oct 2012,Gold Ship,,Kyoto,Turf,3000,G1,https://db.netkeiba.com/race/201208040711/,https://www.jbis.or.jp/race/result/20121021/108/11/
gold-ship,21,1,1st,Kobe Shimbun Hai J,23 Sept 2012,Gold Ship,,Hanshin,Turf,2400,G2,https://db.netkeiba.com/race/201209040711/,https://www.jbis.or.jp/race/result/20120923/109/11/
gold-ship,22,5,5th,Tokyo Yushun (Japanese Derby) J,27 May 2012,Deep Brillante,,Tokyo,Turf,2400,G1,https://db.netkeiba.com/race/201205021210/,https://www.jbis.or.jp/race/result/20120527/105/10/
gold-ship,23,1,1st,Satsuki Sho J,15 Apr 2012,Gold Ship,,Nakayama,Turf,2000,G1,https://db.netkeiba.com/race/201206030811/,https://www.jbis.or.jp/race/result/20120415/106/11/
gold-ship,24,1,1st,Kyodo News Hai J,12 Feb 2012,Gold Ship,,Tokyo,Turf,1800,G3,https://db.netkeiba.com/race/201205010611/,https://www.jbis.or.jp/race/result/20120212/105/11/
gold-ship,25,2,2nd,Radio Nikkei Hai Nisai Stakes J,24 Dec 2011,Adam's Peak,,Hanshin,Turf,2000,G3,https://db.netkeiba.com/race/201109060711/,https://www.jbis.or.jp/race/result/20111224/109/11/
gold-ship,26,2,2nd,Sapporo Nisai Stakes J,1 Oct 2011,Grandezza,,Sapporo,Turf,1800,G3,https://db.netkeiba.com/race/201101020711/,https://www.jbis.or.jp/race/result/20111001/101/11/
gold-ship,27,1,1st,Cosmos Sho J,10 Sept 2011,Gold Ship,,Sapporo,Turf,1800,OP,https://db.netkeiba.com/race/201101020110/,https://www.jbis.or.jp/race/result/20110910/101/10/
gold-ship,28,1,1st,2yo Newcomer Race J,9 Jul 2011,Gold Ship,,Hakodate,Turf,1800,Debut,https://db.netkeiba.com/race/201102010705/,https://www.jbis.or.jp/race/result/20110709/102/05/
vodka,1,8,8th,Al Maktoum Challenge Round 3,4 Mar 2010,Red Desire,red-desire,Meydan,Synthetic,2000,G2,https://db.netkeiba.com/race/2010C7a00106/,
vodka,2,1,1st,Japan Cup J,29 Nov 2009,Vodka,,Tokyo,Turf,2400,G1,https://db.netkeiba.com/race/200905050810/,https://www.jbis.or.jp/race/result/20091129/105/10/
vodka,3,3,3rd,Tenno Sho (Autumn) J,1 Nov 2009,Company,,Tokyo,Turf,2000,G1,https://db.netkeiba.com/race/200905040811/,https://www.jbis.or.jp/race/result/20091101/105/11/
vodka,4,2,2nd,Mainichi Okan J,11 Oct 2009,Company,,Tokyo,Turf,1800,G2,https://db.netkeiba.com/race/200905040211/,https://www.jbis.or.jp/race/result/20091011/105/11/
vodka,5,1,1st,Yasuda Kinen J,7 Jun 2009,Vodka,,Tokyo,Turf,1600,G1,https://db.netkeiba.com/race/200905030611/,https://www.jbis.or.jp/race/result/20090607/105/11/
vodka,6,1,1st,Victoria Mile J,17 May 2009,Vodka,,Tokyo,Turf,1600,G1,https://db.netkeiba.com/race/200905020811/,https://www.jbis.or.jp/race/result/20090517/105/11/
vodka,7,7,7th,Dubai Duty Free,28 Mar 2009,Gladiatorus,,Nad Al Sheba,Turf,1777,G1,https://db.netkeiba.com/race/2009C7a00505/,
vodka,8,5,5th,Jebel Hatta,5 Mar 2009,Balius,,Nad Al Sheba,Turf,1777,G2,https://db.netkeiba.com/race/2009C7a00408/,
vodka,9,3,3rd,Japan Cup J,30 Nov 2008,Screen Hero,,Tokyo,Turf,2400,G1,https://db.netkeiba.com/race/200805050810/,https://www.jbis.or.jp/race/result/20081130/105/10/
vodka,10,1,1st,Tenno Sho (Autumn) J,2 Nov 2008,Vodka,,Tokyo,Turf,2000,G1,https://db.netkeiba.com/race/200805040811/,https://www.jbis.or.jp/race/result/20081102/105/11/
vodka,11,2,2nd,Mainichi Okan J,12 Oct 2008,Super Hornet,,Tokyo,Turf,1800,G2,https://db.netkeiba.com/race/200805040211/,https://www.jbis.or.jp/race/result/20081012/105/11/
vodka,12,1,1st,Yasuda Kinen J,8 Jun 2008,Vodka,,Tokyo,Turf,1600,G1,https://db.netkeiba.com/race/200805030611/,https://www.jbis.or.jp/race/result/20080608/105/11/
vodka,13,2,2nd,Victoria Mile J,18 May 2008,Asian Winds,,Tokyo,Turf,1600,Jpn1,https://db.netkeiba.com/race/200805020811/,https://www.jbis.or.jp/race/result/20080518/105/11/
vodka,14,4,4th,Dubai Duty Free,29 Mar 2008,Jay Peg,,Nad Al Sheba,Turf,1777,G1,https://db.netkeiba.com/race/2008C7a00105/,
vodka,15,6,6th,Kyoto Kinen J,23 Feb 2008,Admire Aura,,Kyoto,Turf,2200,G2,https://db.netkeiba.com/race/200808020711/,https://www.jbis.or.jp/race/result/20080223/108/11/
vodka,16,11,11th,Arima Kinen J,23 Dec 2007,Matsurida Gogh,,Nakayama,Turf,2500,G1,https://db.netkeiba.com/race/200706050809/,https://www.jbis.or.jp/race/result/20071223/106/09/
vodka,17,4,4th,Japan Cup J,25 Nov 2007,Admire Moon,,Tokyo,Turf,2400,G1,https://db.netkeiba.com/race/200705050810/,https://www.jbis.or.jp/race/result/20071125/105/10/
vodka,18,,DNS,Queen Elizabeth II Cup J,11 Nov 2007,Daiwa Scarlet,daiwa-scarlet,Kyoto,Turf,2200,G1,https://db.netkeiba.com/race/200708050411/,https://www.jbis.or.jp/race/result/20071111/108/11/
vodka,19,3,3rd,Shuka Sho J,14 Oct 2007,Daiwa Scarlet,daiwa-scarlet,Kyoto,Turf,2000,Jpn1,https://db.netkeiba.com/race/200708040511/,https://www.jbis.or.jp/race/result/20071014/108/11/
vodka,20,8,8th,Takarazuka Kinen J,24 Jun 2007,Admire Moon,,Hanshin,Turf,2200,G1,https://db.netkeiba.com/race/200709030411/,https://www.jbis.or.jp/race/result/20070624/109/11/
vodka,21,1,1st,Tokyo Yushun (Japanese Derby) J,27 May 2007,Vodka,,Tokyo,Turf,2400,Jpn1,https://db.netkeiba.com/race/200705030410/,https://www.jbis.or.jp/race/result/20070527/105/10/
vodka,22,2,2nd,Oka Sho J,8 Apr 2007,Daiwa Scarlet,daiwa-scarlet,Hanshin,Turf,1600,Jpn1,https://db.netkeiba.com/race/200709020611/,https://www.jbis.or.jp/race/result/20070408/109/11/
vodka,23,1,1st,Tulip Sho J,3 Mar 2007,Vodka,,Hanshin,Turf,1600,Jpn3,https://db.netkeiba.com/race/200709010311/,https://www.jbis.or.jp/race/result/20070303/109/11/
vodka,24,1,1st,Elfin Stakes J,3 Feb 2007,Vodka,,Kyoto,Turf,1600,OP,https://db.netkeiba.com/race/200708020310/,https://www.jbis.or.jp/race/result/20070203/108/10/
vodka,25,1,1st,Hanshin Juvenile Fillies J,3 Dec 2006,Vodka,,Hanshin,Turf,1600,G1,https://db.netkeiba.com/race/200609030211/,https://www.jbis.or.jp/race/result/20061203/109/11/
vodka,26,2,2nd,Kigiku Sho J,12 Nov 2006,Meiner Soliste,,Kyoto,Turf,1800,Pre-OP,https://db.netkeiba.com/race/200608060408/,https://www.jbis.or.jp/race/result/20061112/108/08/
vodka,27,1,1st,2yo Newcomer Race J,29 Oct 2006,Vodka,,Kyoto,Turf,1600,Debut,https://db.netkeiba.com/race/200608050806/,https://www.jbis.or.jp/race/result/20061029/108/06/
daiwa-scarlet,1,1,1st,Arima Kinen J,28 Dec 2008,Daiwa Scarlet,,Nakayama,Turf,2500,G1,https://db.netkeiba.com/race/200806050810/,https://www.jbis.or.jp/race/result/20081228/106/10/
daiwa-scarlet,2,2,2nd,Tenno Sho (Autumn) J,2 Nov 2008,Vodka,vodka,Tokyo,Turf,2000,G1,https://db.netkeiba.com/race/200805040811/,https://www.jbis.or.jp/race/result/20081102/105/11/
daiwa-scarlet,3,1,1st,Osaka Hai J,6 Apr 2008,Daiwa Scarlet,,Hanshin,Turf,2000,G2,https://db.netkeiba.com/race/200809020411/,https://www.jbis.or.jp/race/result/20080406/109/11/
daiwa-scarlet,4,2,2nd,Arima Kinen J,23 Dec 2007,Matsurida Gogh,,Nakayama,Turf,2500,G1,https://db.netkeiba.com/race/200706050809/,https://www.jbis.or.jp/race/result/20071223/106/09/
daiwa-scarlet,5,1,1st,Queen Elizabeth II Cup J,11 Nov 2007,Daiwa Scarlet,,Kyoto,Turf,2200,G1,https://db.netkeiba.com/race/200708050411/,https://www.jbis.or.jp/race/result/20071111/108/11/
daiwa-scarlet,6,1,1st,Shuka Sho J,14 Oct 2007,Daiwa Scarlet,,Kyoto,Turf,2000,Jpn1,https://db.netkeiba.com/race/200708040511/,https://www.jbis.or.jp/race/result/20071014/108/11/
daiwa-scarlet,7,1,1st,Rose Stakes J,16 Sept 2007,Daiwa Scarlet,,Hanshin,Turf,1800,Jpn2,https://db.netkeiba.com/race/200709040311/,https://www.jbis.or.jp/race/result/20070916/109/11/
daiwa-scarlet,8,1,1st,Oka Sho J,8 Apr 2007,Daiwa Scarlet,,Hanshin,Turf,1600,Jpn1,https://db.netkeiba.com/race/200709020611/,https://www.jbis.or.jp/race/result/20070408/109/11/
daiwa-scarlet,9,2,2nd,Tulip Sho J,3 Mar 2007,Vodka,vodka,Hanshin,Turf,1600,Jpn3,https://db.netkeiba.com/race/200709010311/,https://www.jbis.or.jp/race/result/20070303/109/11/
daiwa-scarlet,10,2,2nd,Shinzan Kinen J,8 Jan 2007,Admire Aura,,Kyoto,Turf,1600,Jpn3,https://db.netkeiba.com/race/200708010311/,https://www.jbis.or.jp/race/result/20070108/108/11/
daiwa-scarlet,11,1,1st,Chukyo Nisai Stakes J,16 Dec 2006,Daiwa Scarlet,,Chukyo,Turf,1800,OP,https://db.netkeiba.com/race/200607040508/,https://www.jbis.or.jp/race/result/20061216/107/08/
daiwa-scarlet,12,1,1st,2yo Newcomer Race J,19 Nov 2006,Daiwa Scarlet,,Kyoto,Turf,2000,Debut,https://db.netkeiba.com/race/200608060605/,https://www.jbis.or.jp/race/result/20061119/108/05/
taiki-shuttle,1,3,3rd,Sprinters Stakes J,20 Dec 1998,Meiner Love,,Nakayama,Turf,1200,G1,https://db.netkeiba.com/race/199806050611/,https://www.jbis.or.jp/race/result/19981220/106/11/
taiki-shuttle,2,1,1st,Mile Championship J,22 Nov 1998,Taiki Shuttle,,Kyoto,Turf,1600,G1,https://db.netkeiba.com/race/199808060611/,https://www.jbis.or.jp/race/result/19981122/108/11/
taiki-shuttle,3,1,1st,Prix Jacques le Marois,16 Aug 1998,Taiki Shuttle,,Deauville,Turf,1600,G1,https://db.netkeiba.com/race/1998A8081600/,
taiki-shuttle,4,1,1st,Yasuda Kinen J,14 Jun 1998,Taiki Shuttle,,Tokyo,Turf,1600,G1,https://db.netkeiba.com/race/199805030811/,https://www.jbis.or.jp/race/result/19980614/105/11/
taiki-shuttle,5,1,1st,Keio Hai Spring Cup J,16 May 1998,Taiki Shuttle,,Tokyo,Turf,1400,G2,https://db.netkeiba.com/race/199805020711/,https://www.jbis.or.jp/race/result/19980516/105/11/
taiki-shuttle,6,1,1st,Sprinters Stakes J,14 Dec 1997,Taiki Shuttle,,Nakayama,Turf,1200,G1,https://db.netkeiba.com/race/199706050611/,https://www.jbis.or.jp/race/result/19971214/106/11/
taiki-shuttle,7,1,1st,Mile Championship J,16 Nov 1997,Taiki Shuttle,,Kyoto,Turf,1600,G1,https://db.netkeiba.com/race/199708050611/,https://www.jbis.or.jp/race/result/19971116/108/11/
taiki-shuttle,8,1,1st,Swan Stakes J,25 Oct 1997,Taiki Shuttle,,Kyoto,Turf,1400,G2,https://db.netkeiba.com/race/199708040711/,https://www.jbis.or.jp/race/result/19971025/108/11/
taiki-shuttle,9,1,1st,Unicorn Stakes J,4 Oct 1997,Taiki Shuttle,,Tokyo,Dirt,1600,G3,https://db.netkeiba.com/race/199705040111/,https://www.jbis.or.jp/race/result/19971004/105/11/
taiki-shuttle,10,2,2nd,Bodaiju Stakes J,6 Jul 1997,Tenzan Storm,,Hanshin,Turf,1400,OP,https://db.netkeiba.com/race/199709030809/,https://www.jbis.or.jp/race/result/19970706/109/09/
taiki-shuttle,11,1,1st,Shobu Stakes J,8 Jun 1997,Taiki Shuttle,,Tokyo,Turf,1600,OP,https://db.netkeiba.com/race/199705030809/,https://www.jbis.or.jp/race/result/19970608/105/09/
taiki-shuttle,12,1,1st,3yo Allowance (¥5m & Less) J,3 May 1997,Taiki Shuttle,,Kyoto,Dirt,1200,Pre-OP,https://db.netkeiba.com/race/199708030506/,https://www.jbis.or.jp/race/result/19970503/108/06/
taiki-shuttle,13,1,1st,3yo Maiden Race J,19 Apr 1997,Taiki Shuttle,,Tokyo,Dirt,1600,Maiden,https://db.netkeiba.com/race/199705020102/,https://www.jbis.or.jp/race/result/19970419/105/02/
grass-wonder,1,6,6th,Takarazuka Kinen J,25 Jun 2000,TM Opera O,tm-opera-o,Hanshin,Turf,2200,G1,https://db.netkeiba.com/race/200009030411/,https://www.jbis.or.jp/race/result/20000625/109/11/
grass-wonder,2,9,9th,Keio Hai Spring Cup J,14 May 2000,Stinger,,Tokyo,Turf,1400,G2,https://db.netkeiba.com/race/200005020811/,https://www.jbis.or.jp/race/result/20000514/105/11/
grass-wonder,3,6,6th,Nikkei Sho J,26 Mar 2000,Leo Ryuho,,Nakayama,Turf,2500,G2,https://db.netkeiba.com/race/200006030211/,https://www.jbis.or.jp/race/result/20000326/106/11/
grass-wonder,4,1,1st,Arima Kinen J,26 Dec 1999,Grass Wonder,,Nakayama,Turf,2500,G1,https://db.netkeiba.com/race/199906050809/,https://www.jbis.or.jp/race/result/19991226/106/09/
grass-wonder,5,1,1st,Mainichi Okan J,10 Oct 1999,Grass Wonder,,Tokyo,Turf,1800,G2,https://db.netkeiba.com/race/199905040211/,https://www.jbis.or.jp/race/result/19991010/105/11/
grass-wonder,6,1,1st,Takarazuka Kinen J,11 Jul 1999,Grass Wonder,,Hanshin,Turf,2200,G1,https://db.netkeiba.com/race/199909030811/,https://www.jbis.or.jp/race/result/19990711/109/11/
grass-wonder,7,2,2nd,Yasuda Kinen J,13 Jun 1999,Air Jihad,,Tokyo,Turf,1600,G1,https://db.netkeiba.com/race/199905030811/,https://www.jbis.or.jp/race/result/19990613/105/11/
grass-wonder,8,1,1st,Keio Hai Spring Cup J,15 May 1999,Grass Wonder,,Tokyo,Turf,1400,G2,https://db.netkeiba.com/race/199905020711/,https://www.jbis.or.jp/race/result/19990515/105/11/
grass-wonder,9,1,1st,Arima Kinen J,27 Dec 1998,Grass Wonder,,Nakayama,Turf,2500,G1,https://db.netkeiba.com/race/199806050809/,https://www.jbis.or.jp/race/result/19981227/106/09/
grass-wonder,10,6,6th,Copa Republica Argentina J,7 Nov 1998,Yusei Top Run,,Tokyo,Turf,2500,G2,https://db.netkeiba.com/race/199805050111/,https://www.jbis.or.jp/race/result/19981107/105/11/
grass-wonder,11,5,5th,Mainichi Okan J,11 Oct 1998,Silence Suzuka,silence-suzuka,Tokyo,Turf,1800,G2,https://db.netkeiba.com/race/199805040211/,https://www.jbis.or.jp/race/result/19981011/105/11/
grass-wonder,12,1,1st,Asahi Hai Sansai Stakes J,7 Dec 1997,Grass Wonder,,Nakayama,Turf,1600,G1,https://db.netkeiba.com/race/199706050411/,https://www.jbis.or.jp/race/result/19971207/106/11/
grass-wonder,13,1,1st,Keisei Hai Sansai Stakes J,8 Nov 1997,Grass Wonder,,Tokyo,Turf,1400,G2,https://db.netkeiba.com/race/199705050311/,https://www.jbis.or.jp/race/result/19971108/105/11/
grass-wonder,14,1,1st,Ivy Stakes J,12 Oct 1997,Grass Wonder,,Tokyo,Turf,1400,OP,https://db.netkeiba.com/race/199705040409/,https://www.jbis.or.jp/race/result/19971012/105/09/
grass-wonder,15,1,1st,2yo Newcomer Race J,13 Sept 1997,Grass Wonder,,Nakayama,Turf,1800,Debut,https://db.netkeiba.com/race/199706040307/,https://www.jbis.or.jp/race/result/19970913/106/07/
hishi-amazon,1,5,5th,Arima Kinen J,22 Dec 1996,Sakura Laurel,sakura-laurel,Nakayama,Turf,2500,G1,https://db.netkeiba.com/race/199606060809/,https://www.jbis.or.jp/race/result/19961222/106/09/
hishi-amazon,2,7,7th,Queen Elizabeth II Cup J,10 Nov 1996,Dance Partner,,Kyoto,Turf,2200,G1,https://db.netkeiba.com/race/199608050410/,https://www.jbis.or.jp/race/result/19961110/108/10/
hishi-amazon,3,10,10th,Yasuda Kinen J,9 Jun 1996,Trot Thunder,,Tokyo,Turf,1600,G1,https://db.netkeiba.com/race/199605040811/,https://www.jbis.or.jp/race/result/19960609/105/11/
hishi-amazon,4,5,5th,Arima Kinen J,24 Dec 1995,Mayano Top Gun,mayano-top-gun,Nakayama,Turf,2500,G1,https://db.netkeiba.com/race/199506050809/,https://www.jbis.or.jp/race/result/19951224/106/09/
hishi-amazon,5,2,2nd,Japan Cup J,26 Nov 1995,Lando,,Tokyo,Turf,2400,G1,https://db.netkeiba.com/race/199505050810/,https://www.jbis.or.jp/race/result/19951126/105/10/
hishi-amazon,6,1,1st,Kyoto Daishoten J,8 Oct 1995,Hishi Amazon,,Kyoto,Turf,2400,G2,https://db.netkeiba.com/race/199508070211/,https://www.jbis.or.jp/race/result/19951008/108/11/
hishi-amazon,7,1,1st,All Comers J,18 Sept 1995,Hishi Amazon,,Nakayama,Turf,2200,G2,https://db.netkeiba.com/race/199506040411/,https://www.jbis.or.jp/race/result/19950918/106/11/
hishi-amazon,8,5,5th,Takamatsunomiya Hai J,9 Jul 1995,Matikanetannhauser,matikanetannhauser,Chukyo,Turf,2000,G2,https://db.netkeiba.com/race/199507030811/,https://www.jbis.or.jp/race/result/19950709/107/11/
hishi-amazon,9,2,2nd,Arima Kinen J,25 Dec 1994,Narita Brian,narita-brian,Nakayama,Turf,2500,G1,https://db.netkeiba.com/race/199406050809/,https://www.jbis.or.jp/race/result/19941225/106/09/
hishi-amazon,10,1,1st,Queen Elizabeth II Cup J,13 Nov 1994,Hishi Amazon,,Kyoto,Turf,2400,G1,https://db.netkeiba.com/race/199408010410/,https://www.jbis.or.jp/race/result/19941113/108/10/
hishi-amazon,11,1,1st,Rose Stakes J,23 Oct 1994,Hishi Amazon,,Hanshin,Turf,2000,G2,https://db.netkeiba.com/race/199409060611/,https://www.jbis.or.jp/race/result/19941023/109/11/
hishi-amazon,12,1,1st,Queen Stakes J,2 Oct 1994,Hishi Amazon,,Nakayama,Turf,2000,G3,https://db.netkeiba.com/race/199406040811/,https://www.jbis.or.jp/race/result/19941002/106/11/
hishi-amazon,13,1,1st,New Zealand Trophy Yonsai Stakes J,5 Jun 1994,Hishi Amazon,,Tokyo,Turf,1600,G2,https://db.netkeiba.com/race/199405030611/,https://www.jbis.or.jp/race/result/19940605/105/11/
hishi-amazon,14,1,1st,Crystal Cup J,16 Apr 1994,Hishi Amazon,,Nakayama,Turf,1200,G3,https://db.netkeiba.com/race/199406030711/,https://www.jbis.or.jp/race/result/19940416/106/11/
hishi-amazon,15,1,1st,Queen Cup J,30 Jan 1994,Hishi Amazon,,Tokyo,Turf,1600,G3,https://db.netkeiba.com/race/199405010210/,https://www.jbis.or.jp/race/result/19940130/105/10/
hishi-amazon,16,2,2nd,Keisei Hai J,9 Jan 1994,Biko Pegasus,biko-pegasus,Nakayama,Turf,1600,G3,https://db.netkeiba.com/race/199406010411/,https://www.jbis.or.jp/race/result/19940109/106/11/
hishi-amazon,17,1,1st,Hanshin Sansai Himba Stakes J,5 Dec 1993,Hishi Amazon,,Hanshin,Turf,1600,G1,https://db.netkeiba.com/race/199309050211/,https://www.jbis.or.jp/race/result/19931205/109/11/
hishi-amazon,18,2,2nd,Keisei Hai Sansai Stakes J,13 Nov 1993,Yamanin Ability,,Tokyo,Turf,1400,G2,https://db.netkeiba.com/race/199305050311/,https://www.jbis.or.jp/race/result/19931113/105/11/
hishi-amazon,19,2,2nd,Platanus Sho J,24 Oct 1993,Mitsuru Masaru,,Tokyo,Dirt,1400,Pre-OP,https://db.netkeiba.com/race/199305040609/,https://www.jbis.or.jp/race/result/19931024/105/09/
hishi-amazon,20,1,1st,2yo Newcomer Race J,19 Sept 1993,Hishi Amazon,,Nakayama,Dirt,1200,Debut,https://db.netkeiba.com/race/199306040406/,https://www.jbis.or.jp/race/result/19930919/106/06/
mejiro-mcqueen,1,1,1st,Kyoto Daishoten J,10 Oct 1993,Mejiro McQueen,,Kyoto,Turf,2400,G2,https://db.netkeiba.com/race/199308050211/,https://www.jbis.or.jp/race/result/19931010/108/11/
mejiro-mcqueen,2,1,1st,Takarazuka Kinen J,13 Jun 1993,Mejiro McQueen,,Hanshin,Turf,2200,G1,https://db.netkeiba.com/race/199309030810/,https://www.jbis.or.jp/race/result/19930613/109/10/
mejiro-mcqueen,3,2,2nd,Tenno Sho (Spring) J,25 Apr 1993,Rice Shower,rice-shower,Kyoto,Turf,3200,G1,https://db.netkeiba.com/race/199308030210/,https://www.jbis.or.jp/race/result/19930425/108/10/
mejiro-mcqueen,4,1,1st,Osaka Hai J,4 Apr 1993,Mejiro McQueen,,Hanshin,Turf,2000,G2,https://db.netkeiba.com/race/199309020411/,https://www.jbis.or.jp/race/result/19930404/109/11/
mejiro-mcqueen,5,1,1st,Tenno Sho (Spring) J,26 Apr 1992,Mejiro McQueen,,Kyoto,Turf,3200,G1,https://db.netkeiba.com/race/199208030210/,https://www.jbis.or.jp/race/result/19920426/108/10/
mejiro-mcqueen,6,1,1st,Hanshin Daishoten J,15 Mar 1992,Mejiro McQueen,,Hanshin,Turf,3000,G2,https://db.netkeiba.com/race/199209010611/,https://www.jbis.or.jp/race/result/19920315/109/11/
mejiro-mcqueen,7,2,2nd,Arima Kinen J,22 Dec 1991,Dai Yusaku,,Nakayama,Turf,2500,G1,https://db.netkeiba.com/race/199106050809/,https://www.jbis.or.jp/race/result/19911222/106/09/
mejiro-mcqueen,8,4,4th,Japan Cup J,24 Nov 1991,Golden Pheasant,,Tokyo,Turf,2400,G1,https://db.netkeiba.com/race/199105050810/,https://www.jbis.or.jp/race/result/19911124/105/10/
mejiro-mcqueen,9,18,18th,Tenno Sho (Autumn) J,27 Oct 1991,Prekrasnie,,Tokyo,Turf,2000,G1,https://db.netkeiba.com/race/199105040810/,https://www.jbis.or.jp/race/result/19911027/105/10/
mejiro-mcqueen,10,1,1st,Kyoto Daishoten J,6 Oct 1991,Mejiro McQueen,,Kyoto,Turf,2400,G2,https://db.netkeiba.com/race/199108060211/,https://www.jbis.or.jp/race/result/19911006/108/11/
mejiro-mcqueen,11,2,2nd,Takarazuka Kinen J,9 Jun 1991,Mejiro Ryan,mejiro-ryan,Kyoto,Turf,2200,G1,https://db.netkeiba.com/race/199108050810/,https://www.jbis.or.jp/race/result/19910609/108/10/
mejiro-mcqueen,12,1,1st,Tenno Sho (Spring) J,28 Apr 1991,Mejiro McQueen,,Kyoto,Turf,3200,G1,https://db.netkeiba.com/race/199108040410/,https://www.jbis.or.jp/race/result/19910428/108/10/
mejiro-mcqueen,13,1,1st,Hanshin Daishoten J,10 Mar 1991,Mejiro McQueen,,Chukyo,Turf,3000,G2,https://db.netkeiba.com/race/199107010611/,https://www.jbis.or.jp/race/result/19910310/107/11/
mejiro-mcqueen,14,1,1st,Kikuka Sho J,4 Nov 1990,Mejiro McQueen,,Kyoto,Turf,3000,G1,https://db.netkeiba.com/race/199008040210/,https://www.jbis.or.jp/race/result/19901104/108/10/
mejiro-mcqueen,15,2,2nd,Arashiyama Stakes J,13 Oct 1990,Mr.Adams,,Kyoto,Turf,3000,Pre-OP,https://db.netkeiba.com/race/199008030311/,https://www.jbis.or.jp/race/result/19901013/108/11/
mejiro-mcqueen,16,1,1st,Onuma Stakes J,23 Sept 1990,Mejiro McQueen,,Hakodate,Turf,2000,Pre-OP,https://db.netkeiba.com/race/199002020808/,https://www.jbis.or.jp/race/result/19900923/102/08/
mejiro-mcqueen,17,1,1st,Kikonai Tokubetsu J,16 Sept 1990,Mejiro McQueen,,Hakodate,Dirt,1700,Pre-OP,https://db.netkeiba.com/race/199002020606/,https://www.jbis.or.jp/race/result/19900916/102/06/
mejiro-mcqueen,18,2,2nd,Oshima Tokubetsu J,2 Sept 1990,Manjuden Kabuto,,Hakodate,Dirt,1700,Pre-OP,https://db.netkeiba.com/race/199002020207/,https://www.jbis.or.jp/race/result/19900902/102/07/
mejiro-mcqueen,19,3,3rd,Ayame Sho J,12 May 1990,Hoyu Royal,,Kyoto,Turf,2200,Pre-OP,https://db.netkeiba.com/race/199008020709/,https://www.jbis.or.jp/race/result/19900512/108/09/
mejiro-mcqueen,20,2,2nd,Yukiyanagi Sho J,25 Feb 1990,Symboli Deva,,Hanshin,Turf,2000,Pre-OP,https://db.netkeiba.com/race/199009020209/,https://www.jbis.or.jp/race/result/19900225/109/09/
mejiro-mcqueen,21,1,1st,3yo Newcomer Race J,3 Feb 1990,Mejiro McQueen,,Hanshin,Dirt,1700,Debut,https://db.netkeiba.com/race/199009010304/,https://www.jbis.or.jp/race/result/19900203/109/04/
el-condor-pasa,1,2,2nd,Prix de l'Arc de Triomphe,3 Oct 1999,Montjeu,montjeu,Longchamp,Turf,2400,G1,https://db.netkeiba.com/race/1999A8100304/,
el-condor-pasa,2,1,1st,Prix Foy,12 Sept 1999,El Condor Pasa,,Longchamp,Turf,2400,G2,https://db.netkeiba.com/race/1999A8091203/,
el-condor-pasa,3,1,1st,Grand Prix de Saint-Cloud,4 Jul 1999,El Condor Pasa,,Saint-Cloud,Turf,2400,G1,https://db.netkeiba.com/race/1999A8070400/,
el-condor-pasa,4,2,2nd,Prix d'Ispahan,23 May 1999,Croco Rouge,,Longchamp,Turf,1850,G1,https://db.netkeiba.com/race/1999A8052300/,
el-condor-pasa,5,1,1st,Japan Cup J,29 Nov 1998,El Condor Pasa,,Tokyo,Turf,2400,G1,https://db.netkeiba.com/race/199805050810/,https://www.jbis.or.jp/race/result/19981129/105/10/
el-condor-pasa,6,2,2nd,Mainichi Okan J,11 Oct 1998,Silence Suzuka,silence-suzuka,Tokyo,Turf,1800,G2,https://db.netkeiba.com/race/199805040211/,https://www.jbis.or.jp/race/result/19981011/105/11/
el-condor-pasa,7,1,1st,NHK Mile Cup J,17 May 1998,El Condor Pasa,,Tokyo,Turf,1600,G1,https://db.netkeiba.com/race/199805020811/,https://www.jbis.or.jp/race/result/19980517/105/11/
el-condor-pasa,8,1,1st,New Zealand Trophy Yonsai Stakes J,26 Apr 1998,El Condor Pasa,,Tokyo,Turf,1400,G2,https://db.netkeiba.com/race/199805020211/,https://www.jbis.or.jp/race/result/19980426/105/11/
el-condor-pasa,9,1,1st,Kyodo News Service Hai Yonsai Stakes J,15 Feb 1998,El Condor Pasa,,Tokyo,Dirt,1600,,https://db.netkeiba.com/race/199805010611/,https://www.jbis.or.jp/race/result/19980215/105/11/
el-condor-pasa,10,1,1st,3yo Allowance (¥5m & Less) J,11 Jan 1998,El Condor Pasa,,Nakayama,Dirt,1800,Pre-OP,https://db.netkeiba.com/race/199806010406/,https://www.jbis.or.jp/race/result/19980111/106/06/
el-condor-pasa,11,1,1st,2yo Newcomer Race J,8 Nov 1997,El Condor Pasa,,Tokyo,Dirt,1600,Debut,https://db.netkeiba.com/race/199705050303/,https://www.jbis.or.jp/race/result/19971108/105/03/
tm-opera-o,1,5,5th,Arima Kinen J,23 Dec 2001,Manhattan Cafe,manhattan-cafe,Nakayama,Turf,2500,G1,https://db.netkeiba.com/race/200106050809/,https://www.jbis.or.jp/race/result/20011223/106/09/
tm-opera-o,2,2,2nd,Japan Cup J,25 Nov 2001,Jungle Pocket,jungle-pocket,Tokyo,Turf,2400,G1,https://db.netkeiba.com/race/200105050810/,https://www.jbis.or.jp/race/result/20011125/105/10/
tm-opera-o,3,2,2nd,Tenno Sho (Autumn) J,28 Oct 2001,Agnes Digital,agnes-digital,Tokyo,Turf,2000,G1,https://db.netkeiba.com/race/200105040811/,https://www.jbis.or.jp/race/result/20011028/105/11/
tm-opera-o,4,1,1st,Kyoto Daishoten J,7 Oct 2001,TM Opera O,,Kyoto,Turf,2400,G2,https://db.netkeiba.com/race/200108040211/,https://www.jbis.or.jp/race/result/20011007/108/11/
tm-opera-o,5,2,2nd,Takarazuka Kinen J,24 Jun 2001,Meisho Doto,meisho-doto,Hanshin,Turf,2200,G1,https://db.netkeiba.com/race/200109030411/,https://www.jbis.or.jp/race/result/20010624/109/11/
tm-opera-o,6,1,1st,Tenno Sho (Spring) J,29 Apr 2001,TM Opera O,,Kyoto,Turf,3200,G1,https://db.netkeiba.com/race/200108030411/,https://www.jbis.or.jp/race/result/20010429/108/11/
tm-opera-o,7,4,4th,Osaka Hai J,1 Apr 2001,Toho Dream,,Hanshin,Turf,2000,G2,https://db.netkeiba.com/race/200109020411/,https://www.jbis.or.jp/race/result/20010401/109/11/
tm-opera-o,8,1,1st,Arima Kinen J,24 Dec 2000,TM Opera O,,Nakayama,Turf,2500,G1,https://db.netkeiba.com/race/200006060809/,https://www.jbis.or.jp/race/result/20001224/106/09/
tm-opera-o,9,1,1st,Japan Cup J,26 Nov 2000,TM Opera O,,Tokyo,Turf,2400,G1,https://db.netkeiba.com/race/200005060810/,https://www.jbis.or.jp/race/result/20001126/105/10/
tm-opera-o,10,1,1st,Tenno Sho (Autumn) J,29 Oct 2000,TM Opera O,,Tokyo,Turf,2000,G1,https://db.netkeiba.com/race/200005050811/,https://www.jbis.or.jp/race/result/20001029/105/11/
tm-opera-o,11,1,1st,Kyoto Daishoten J,8 Oct 2000,TM Opera O,,Kyoto,Turf,2400,G2,https://db.netkeiba.com/race/200008040211/,https://www.jbis.or.jp/race/result/20001008/108/11/
tm-opera-o,12,1,1st,Takarazuka Kinen J,25 Jun 2000,TM Opera O,,Hanshin,Turf,2200,G1,https://db.netkeiba.com/race/200009030411/,https://www.jbis.or.jp/race/result/20000625/109/11/
tm-opera-o,13,1,1st,Tenno Sho (Spring) J,30 Apr 2000,TM Opera O,,Kyoto,Turf,3200,G1,https://db.netkeiba.com/race/200008030411/,https://www.jbis.or.jp/race/result/20000430/108/11/
tm-opera-o,14,1,1st,Hanshin Daishoten J,19 Mar 2000,TM Opera O,,Hanshin,Turf,3000,G2,https://db.netkeiba.com/race/200009010811/,https://www.jbis.or.jp/race/result/20000319/109/11/
tm-opera-o,15,1,1st,Kyoto Kinen J,20 Feb 2000,TM Opera O,,Kyoto,Turf,2200,G2,https://db.netkeiba.com/race/200008020811/,https://www.jbis.or.jp/race/result/20000220/108/11/
tm-opera-o,16,3,3rd,Arima Kinen J,26 Dec 1999,Grass Wonder,grass-wonder,Nakayama,Turf,2500,G1,https://db.netkeiba.com/race/199906050809/,https://www.jbis.or.jp/race/result/19991226/106/09/
tm-opera-o,17,2,2nd,Stayers Stakes J,4 Dec 1999,Painted Black,,Nakayama,Turf,3600,G2,https://db.netkeiba.com/race/199906050111/,https://www.jbis.or.jp/race/result/19991204/106/11/
tm-opera-o,18,2,2nd,Kikuka Sho J,7 Nov 1999,Narita Top Road,narita-top-road,Kyoto,Turf,3000,G1,https://db.netkeiba.com/race/199908050211/,https://www.jbis.or.jp/race/result/19991107/108/11/
tm-opera-o,19,3,3rd,Kyoto Daishoten J,10 Oct 1999,Tsurumaru Tsuyoshi,tsurumaru-tsuyoshi,Kyoto,Turf,2400,G2,https://db.netkeiba.com/race/199908040211/,https://www.jbis.or.jp/race/result/19991010/108/11/
tm-opera-o,20,3,3rd,Tokyo Yushun (Japanese Derby) J,6 Jun 1999,Admire Vega,admire-vega,Tokyo,Turf,2400,G1,https://db.netkeiba.com/race/199905030609/,https://www.jbis.or.jp/race/result/19990606/105/09/
tm-opera-o,21,1,1st,Satsuki Sho J,18 Apr 1999,TM Opera O,,Nakayama,Turf,2000,G1,https://db.netkeiba.com/race/199906030811/,https://www.jbis.or.jp/race/result/19990418/106/11/
tm-opera-o,22,1,1st,Mainichi Hai J,28 Mar 1999,TM Opera O,,Hanshin,Turf,2000,G3,https://db.netkeiba.com/race/199909020211/,https://www.jbis.or.jp/race/result/19990328/109/11/
tm-opera-o,23,1,1st,Yukiyanagi Sho J,27 Feb 1999,TM Opera O,,Hanshin,Turf,2000,Pre-OP,https://db.netkeiba.com/race/199909010109/,https://www.jbis.or.jp/race/result/19990227/109/09/
tm-opera-o,24,1,1st,3yo Maiden Race J,6 Feb 1999,TM Opera O,,Kyoto,Dirt,1800,Maiden,https://db.netkeiba.com/race/199908020301/,https://www.jbis.or.jp/race/result/19990206/108/01/
tm-opera-o,25,4,4th,3yo Maiden Race J,16 Jan 1999,Zenno Honimbo,,Kyoto,Dirt,1400,Maiden,https://db.netkeiba.com/race/199908010502/,https://www.jbis.or.jp/race/result/19990116/108/02/
tm-opera-o,26,2,2nd,2yo Newcomer Race J,15 Aug 1998,Classic Stage,,Kyoto,Turf,1600,Debut,https://db.netkeiba.com/race/199808040106/,https://www.jbis.or.jp/race/result/19980815/108/06/
narita-brian,1,4,4th,Takamatsunomiya Hai J,19 May 1996,Flower Park,,Chukyo,Turf,1200,G1,https://db.netkeiba.com/race/199607020211/,https://www.jbis.or.jp/race/result/19960519/107/11/
narita-brian,2,2,2nd,Tenno Sho (Spring) J,21 Apr 1996,Sakura Laurel,sakura-laurel,Kyoto,Turf,3200,G1,https://db.netkeiba.com/race/199608030210/,https://www.jbis.or.jp/race/result/19960421/108/10/
narita-brian,3,1,1st,Hanshin Daishoten J,9 Mar 1996,Narita Brian,,Hanshin,Turf,3000,G2,https://db.netkeiba.com/race/199609010511/,https://www.jbis.or.jp/race/result/19960309/109/11/
narita-brian,4,4,4th,Arima Kinen J,24 Dec 1995,Mayano Top Gun,mayano-top-gun,Nakayama,Turf,2500,G1,https://db.netkeiba.com/race/199506050809/,https://www.jbis.or.jp/race/result/19951224/106/09/
narita-brian,5,6,6th,Japan Cup J,26 Nov 1995,Lando,,Tokyo,Turf,2400,G1,https://db.netkeiba.com/race/199505050810/,https://www.jbis.or.jp/race/result/19951126/105/10/
narita-brian,6,12,12th,Tenno Sho (Autumn) J,29 Oct 1995,Sakura Chitose O,sakura-chitose-o,Tokyo,Turf,2000,G1,https://db.netkeiba.com/race/199505040810/,https://www.jbis.or.jp/race/result/19951029/105/10/
narita-brian,7,1,1st,Hanshin Daishoten J,12 Mar 1995,Narita Brian,,Kyoto,Turf,3000,G2,https://db.netkeiba.com/race/199508030611/,https://www.jbis.or.jp/race/result/19950312/108/11/
narita-brian,8,1,1st,Arima Kinen J,25 Dec 1994,Narita Brian,,Nakayama,Turf,2500,G1,https://db.netkeiba.com/race/199406050809/,https://www.jbis.or.jp/race/result/19941225/106/09/
narita-brian,9,1,1st,Kikuka Sho J,6 Nov 1994,Narita Brian,,Kyoto,Turf,3000,G1,https://db.netkeiba.com/race/199408010210/,https://www.jbis.or.jp/race/result/19941106/108/10/
narita-brian,10,2,2nd,Kyoto Shimbun Hai J,16 Oct 1994,Star Man,,Hanshin,Turf,2200,G2,https://db.netkeiba.com/race/199409060411/,https://www.jbis.or.jp/race/result/19941016/109/11/
narita-brian,11,1,1st,Tokyo Yushun (Japanese Derby) J,29 May 1994,Narita Brian,,Tokyo,Turf,2400,G1,https://db.netkeiba.com/race/199405030409/,https://www.jbis.or.jp/race/result/19940529/105/09/
narita-brian,12,1,1st,Satsuki Sho J,17 Apr 1994,Narita Brian,,Nakayama,Turf,2000,G1,https://db.netkeiba.com/race/199406030810/,https://www.jbis.or.jp/race/result/19940417/106/10/
narita-brian,13,1,1st,Spring Stakes J,27 Mar 1994,Narita Brian,,Nakayama,Turf,1800,G2,https://db.netkeiba.com/race/199406030211/,https://www.jbis.or.jp/race/result/19940327/106/11/
narita-brian,14,1,1st,Kyodo News Service Hai Yonsai Stakes J,14 Feb 1994,Narita Brian,,Tokyo,Turf,1800,G3,https://db.netkeiba.com/race/199405010610/,https://www.jbis.or.jp/race/result/19940214/105/10/
narita-brian,15,1,1st,Asahi Hai Sansai Stakes J,12 Dec 1993,Narita Brian,,Nakayama,Turf,1600,G1,https://db.netkeiba.com/race/199306050411/,https://www.jbis.or.jp/race/result/19931212/106/11/
narita-brian,16,1,1st,Kyoto Sansai Stakes J,21 Nov 1993,Narita Brian,,Kyoto,Turf,1800,OP,https://db.netkeiba.com/race/199308060607/,https://www.jbis.or.jp/race/result/19931121/108/07/
narita-brian,17,3,3rd,Daily Hai Sansai Stakes J,6 Nov 1993,Bodyguard,,Kyoto,Turf,1400,G2,https://db.netkeiba.com/race/199308060111/,https://www.jbis.or.jp/race/result/19931106/108/11/
narita-brian,18,1,1st,Kimmokusei Tokubetsu J,24 Oct 1993,Narita Brian,,Fukushima,Turf,1700,Pre-OP,https://db.netkeiba.com/race/199303020809/,https://www.jbis.or.jp/race/result/19931024/103/09/
narita-brian,19,6,6th,Hakodate Sansai Stakes J,26 Sept 1993,Marry God,,Hakodate,Turf,1200,G3,https://db.netkeiba.com/race/199302020810/,https://www.jbis.or.jp/race/result/19930926/102/10/
narita-brian,20,1,1st,2yo Newcomer Race J,29 Aug 1993,Narita Brian,,Hakodate,Turf,1200,Debut,https://db.netkeiba.com/race/199302010805/,https://www.jbis.or.jp/race/result/19930829/102/05/
narita-brian,21,2,2nd,2yo Newcomer Race J,15 Aug 1993,Long Unicorn,,Hakodate,Turf,1200,Debut,https://db.netkeiba.com/race/199302010405/,https://www.jbis.or.jp/race/result/19930815/102/05/
symboli-rudolf,1,6,6th,San Luis Rey Stakes,29 Mar 1986,Unknown,,Santa Anita Park,Turf,2400,G1,https://db.netkeiba.com/race/1986A4032900/,
symboli-rudolf,2,1,1st,Arima Kinen,22 Dec 1985,Symboli Rudolf,,Nakayama,Turf,2500,G1,https://db.netkeiba.com/race/198506050810/,
symboli-rudolf,3,1,1st,Japan Cup,24 Nov 1985,Symboli Rudolf,,Tokyo,Turf,2400,G1,https://db.netkeiba.com/race/198505050810/,
symboli-rudolf,4,2,2nd,Tenno Sho (Autumn),27 Oct 1985,Gallop Dyna,,Tokyo,Turf,2000,G1,https://db.netkeiba.com/race/198505040810/,
symboli-rudolf,5,,DNS,Takarazuka Kinen,2 Jun 1985,Suzuka Koban,,Hanshin,Turf,2200,G1,https://db.netkeiba.com/race/198509030610/,
symboli-rudolf,6,1,1st,Tenno Sho (Spring),29 Apr 1985,Symboli Rudolf,,Kyoto,Turf,3200,G1,https://db.netkeiba.com/race/198508030410/,
symboli-rudolf,7,1,1st,Nikkei Sho,31 Mar 1985,Symboli Rudolf,,Nakayama,Turf,2500,G2,https://db.netkeiba.com/race/198506030411/,
symboli-rudolf,8,1,1st,Arima Kinen,23 Dec 1984,Symboli Rudolf,,Nakayama,Turf,2500,G1,https://db.netkeiba.com/race/198406050810/,
symboli-rudolf,9,3,3rd,Japan Cup,25 Nov 1984,Katsuragi Ace,katsuragi-ace,Tokyo,Turf,2400,G1,https://db.netkeiba.com/race/198405050810/,
symboli-rudolf,10,1,1st,Kikuka Sho,11 Nov 1984,Symboli Rudolf,,Kyoto,Turf,3000,G1,https://db.netkeiba.com/race/198408050410/,
symboli-rudolf,11,1,1st,St. Lite Kinen,30 Sept 1984,Symboli Rudolf,,Nakayama,Turf,2200,G3,https://db.netkeiba.com/race/198406040811/,
symboli-rudolf,12,1,1st,Tokyo Yushun (Japanese Derby),27 May 1984,Symboli Rudolf,,Tokyo,Turf,2400,G1,https://db.netkeiba.com/race/198405030409/,
symboli-rudolf,13,1,1st,Satsuki Sho,15 Apr 1984,Symboli Rudolf,,Nakayama,Turf,2000,G1,https://db.netkeiba.com/race/198406030810/,
symboli-rudolf,14,1,1st,Yayoi Sho,4 Mar 1984,Symboli Rudolf,,Nakayama,Turf,2000,G3,https://db.netkeiba.com/race/198406020411/,
symboli-rudolf,15,1,1st,2yo Open,27 Nov 1983,Symboli Rudolf,,Tokyo,Turf,1600,,https://db.netkeiba.com/race/198305050803/,
symboli-rudolf,16,1,1st,Icho Tokubetsu,29 Oct 1983,Symboli Rudolf,,Tokyo,Turf,1600,Pre-OP,https://db.netkeiba.com/race/198305040709/,
symboli-rudolf,17,1,1st,2yo Newcomer Race,23 Jul 1983,Symboli Rudolf,,Niigata,Turf,1000,Debut,https://db.netkeiba.com/race/198304020303/,
air-groove,1,5,5th,Arima Kinen J,27 Dec 1998,Grass Wonder,grass-wonder,Nakayama,Turf,2500,G1,https://db.netkeiba.com/race/199806050809/,https://www.jbis.or.jp/race/result/19981227/106/09/
air-groove,2,2,2nd,Japan Cup J,29 Nov 1998,El Condor Pasa,el-condor-pasa,Tokyo,Turf,2400,G1,https://db.netkeiba.com/race/199805050810/,https://www.jbis.or.jp/race/result/19981129/105/10/
air-groove,3,3,3rd,Queen Elizabeth II Cup J,15 Nov 1998,Mejiro Dober,mejiro-dober,Kyoto,Turf,2200,G1,https://db.netkeiba.com/race/199808060411/,https://www.jbis.or.jp/race/result/19981115/108/11/
air-groove,4,1,1st,Sapporo Kinen J,23 Aug 1998,Air Groove,,Sapporo,Turf,2000,G2,https://db.netkeiba.com/race/199801010611/,https://www.jbis.or.jp/race/result/19980823/101/11/
air-groove,5,3,3rd,Takarazuka Kinen J,12 Jul 1998,Silence Suzuka,silence-suzuka,Hanshin,Turf,2200,G1,https://db.netkeiba.com/race/199809030811/,https://www.jbis.or.jp/race/result/19980712/109/11/
air-groove,6,2,2nd,Naruo Kinen J,21 Jun 1998,Sunrise Flag,,Hanshin,Turf,2000,G2,https://db.netkeiba.com/race/199809030211/,https://www.jbis.or.jp/race/result/19980621/109/11/
air-groove,7,1,1st,Osaka Hai J,5 Apr 1998,Air Groove,,Hanshin,Turf,2000,G2,https://db.netkeiba.com/race/199809020411/,https://www.jbis.or.jp/race/result/19980405/109/11/
air-groove,8,3,3rd,Arima Kinen J,21 Dec 1997,Silk Justice,,Nakayama,Turf,2500,G1,https://db.netkeiba.com/race/199706050809/,https://www.jbis.or.jp/race/result/19971221/106/09/
air-groove,9,2,2nd,Japan Cup J,23 Nov 1997,Pilsudski,,Tokyo,Turf,2400,G1,https://db.netkeiba.com/race/199705050810/,https://www.jbis.or.jp/race/result/19971123/105/10/
air-groove,10,1,1st,Tenno Sho (Autumn) J,26 Oct 1997,Air Groove,,Tokyo,Turf,2000,G1,https://db.netkeiba.com/race/199705040810/,https://www.jbis.or.jp/race/result/19971026/105/10/
air-groove,11,1,1st,Sapporo Kinen J,17 Aug 1997,Air Groove,,Sapporo,Turf,2000,G2,https://db.netkeiba.com/race/199701010611/,https://www.jbis.or.jp/race/result/19970817/101/11/
air-groove,12,1,1st,Mermaid Stakes J,22 Jun 1997,Air Groove,,Hanshin,Turf,2000,G3,https://db.netkeiba.com/race/199709030411/,https://www.jbis.or.jp/race/result/19970622/109/11/
air-groove,13,10,10th,Shuka Sho J,20 Oct 1996,Fabulous la Fouine,,Kyoto,Turf,2000,G1,https://db.netkeiba.com/race/199608040610/,https://www.jbis.or.jp/race/result/19961020/108/10/
air-groove,14,1,1st,Japanese Oaks J,26 May 1996,Air Groove,,Tokyo,Turf,2400,G1,https://db.netkeiba.com/race/199605040410/,https://www.jbis.or.jp/race/result/19960526/105/10/
air-groove,15,1,1st,Tulip Sho J,2 Mar 1996,Air Groove,,Hanshin,Turf,1600,G3,https://db.netkeiba.com/race/199609010311/,https://www.jbis.or.jp/race/result/19960302/109/11/
air-groove,16,2,2nd,Hanshin Sansai Himba Stakes J,3 Dec 1995,Biwa Heidi,,Hanshin,Turf,1600,G1,https://db.netkeiba.com/race/199509010211/,https://www.jbis.or.jp/race/result/19951203/109/11/
air-groove,17,1,1st,Icho Stakes J,29 Oct 1995,Air Groove,,Tokyo,Turf,1600,OP,https://db.netkeiba.com/race/199505040806/,https://www.jbis.or.jp/race/result/19951029/105/06/
air-groove,18,1,1st,2yo Newcomer Race J,30 Jul 1995,Air Groove,,Sapporo,Turf,1200,Debut,https://db.netkeiba.com/race/199501020804/,https://www.jbis.or.jp/race/result/19950730/101/04/
air-groove,19,2,2nd,2yo Newcomer Race J,8 Jul 1995,Meiner Ransom,,Sapporo,Turf,1200,Debut,https://db.netkeiba.com/race/199501020106/,https://www.jbis.or.jp/race/result/19950708/101/06/
agnes-digital,1,9,9th,Arima Kinen J,28 Dec 2003,Symboli Kris S,symboli-kris-s,Nakayama,Turf,2500,G1,https://db.netkeiba.com/race/200306060809/,https://www.jbis.or.jp/race/result/20031228/106/09/
agnes-digital,2,17,17th,Tenno Sho (Autumn) J,2 Nov 2003,Symboli Kris S,symboli-kris-s,Tokyo,Turf,2000,G1,https://db.netkeiba.com/race/200305030811/,https://www.jbis.or.jp/race/result/20031102/105/11/
agnes-digital,3,5,5th,M.C. Nambu Hai J,13 Oct 2003,Admire Don,,Morioka,Dirt,1600,G1,https://db.netkeiba.com/race/200335101310/,https://www.jbis.or.jp/race/result/20031013/210/10/
agnes-digital,4,2,2nd,Nippon TV Hai J,15 Sept 2003,Star King Man,,Funabashi,Dirt,1800,G2,https://db.netkeiba.com/race/200343091510/,https://www.jbis.or.jp/race/result/20030915/219/10/
agnes-digital,5,13,13th,Takarazuka Kinen J,29 Jun 2003,Hishi Miracle,hishi-miracle,Hanshin,Turf,2200,G1,https://db.netkeiba.com/race/200309030411/,https://www.jbis.or.jp/race/result/20030629/109/11/
agnes-digital,6,1,1st,Yasuda Kinen J,8 Jun 2003,Agnes Digital,,Tokyo,Turf,1600,G1,https://db.netkeiba.com/race/200305020611/,https://www.jbis.or.jp/race/result/20030608/105/11/
agnes-digital,7,4,4th,Kakitsubata Kinen J,1 May 2003,Biwa Shinseiki,,Nagoya,Dirt,1400,G3,https://db.netkeiba.com/race/200348050110/,https://www.jbis.or.jp/race/result/20030501/224/10/
agnes-digital,8,2,2nd,Queen Elizabeth II Cup,21 Apr 2002,Eishin Preston,,Sha Tin,Turf,2000,G1,https://db.netkeiba.com/race/2002G0042108/,
agnes-digital,9,6,6th,Dubai World Cup,23 Mar 2002,Street Cry,,Nad Al Sheba,Dirt,2000,G1,https://db.netkeiba.com/race/2002C7032307/,
agnes-digital,10,1,1st,February Stakes J,17 Feb 2002,Agnes Digital,,Tokyo,Dirt,1600,G1,https://db.netkeiba.com/race/200205020811/,https://www.jbis.or.jp/race/result/20020217/105/11/
agnes-digital,11,1,1st,Hong Kong Cup,16 Dec 2001,Agnes Digital,,Sha Tin,Turf,2000,G1,https://db.netkeiba.com/race/2001G0121608/,
agnes-digital,12,1,1st,Tenno Sho (Autumn) J,28 Oct 2001,Agnes Digital,,Tokyo,Turf,2000,G1,https://db.netkeiba.com/race/200105040811/,https://www.jbis.or.jp/race/result/20011028/105/11/
agnes-digital,13,1,1st,M.C. Nambu Hai J,8 Oct 2001,Agnes Digital,,Morioka,Dirt,1600,G1,https://db.netkeiba.com/race/200135100810/,https://www.jbis.or.jp/race/result/20011008/210/10/
agnes-digital,14,1,1st,Nippon TV Hai J,19 Sept 2001,Agnes Digital,,Funabashi,Dirt,1800,G3,https://db.netkeiba.com/race/200143091910/,https://www.jbis.or.jp/race/result/20010919/219/10/
agnes-digital,15,11,11th,Yasuda Kinen J,3 Jun 2001,Black Hawk,,Tokyo,Turf,1600,G1,https://db.netkeiba.com/race/200105030611/,https://www.jbis.or.jp/race/result/20010603/105/11/
agnes-digital,16,9,9th,Keio Hai Spring Cup J,13 May 2001,Stinger,,Tokyo,Turf,1400,G2,https://db.netkeiba.com/race/200105020811/,https://www.jbis.or.jp/race/result/20010513/105/11/
agnes-digital,17,3,3rd,Kyoto Kimpai J,5 Jan 2001,Daitaku Riva,,Kyoto,Turf,1600,G3,https://db.netkeiba.com/race/200108010111/,https://www.jbis.or.jp/race/result/20010105/108/11/
agnes-digital,18,1,1st,Mile Championship J,19 Nov 2000,Agnes Digital,,Kyoto,Turf,1600,G1,https://db.netkeiba.com/race/200008050611/,https://www.jbis.or.jp/race/result/20001119/108/11/
agnes-digital,19,2,2nd,Musashino Stakes J,28 Oct 2000,Sanford City,,Tokyo,Dirt,1600,G3,https://db.netkeiba.com/race/200005050711/,https://www.jbis.or.jp/race/result/20001028/105/11/
agnes-digital,20,1,1st,Unicorn Stakes J,30 Sept 2000,Agnes Digital,,Nakayama,Dirt,1800,G3,https://db.netkeiba.com/race/200006050711/,https://www.jbis.or.jp/race/result/20000930/106/11/
agnes-digital,21,14,14th,Japan Dirt Derby J,12 Jul 2000,Meiner Combat,,Ooi,Dirt,2000,G1,https://db.netkeiba.com/race/200044071209/,https://www.jbis.or.jp/race/result/20000712/220/09/
agnes-digital,22,1,1st,Nagoya Yushun J,14 Jun 2000,Agnes Digital,,Nagoya,Dirt,1900,G3,https://db.netkeiba.com/race/200048061409/,https://www.jbis.or.jp/race/result/20000614/224/09/
agnes-digital,23,7,7th,NHK Mile Cup J,7 May 2000,Eagle Cafe,,Tokyo,Turf,1600,G1,https://db.netkeiba.com/race/200005020611/,https://www.jbis.or.jp/race/result/20000507/105/11/
agnes-digital,24,3,3rd,New Zealand Trophy Yonsai Stakes J,8 Apr 2000,Eishin Preston,,Nakayama,Turf,1600,G2,https://db.netkeiba.com/race/200006030511/,https://www.jbis.or.jp/race/result/20000408/106/11/
agnes-digital,25,3,3rd,Crystal Cup J,12 Mar 2000,Sweet Orchid,,Nakayama,Turf,1200,G3,https://db.netkeiba.com/race/200006020611/,https://www.jbis.or.jp/race/result/20000312/106/11/
agnes-digital,26,3,3rd,Hyacinth Stakes J,20 Feb 2000,Nobo Jack,,Tokyo,Dirt,1600,OP,https://db.netkeiba.com/race/200005010808/,https://www.jbis.or.jp/race/result/20000220/105/08/
agnes-digital,27,1,1st,Zen-Nippon Sansai Yushun J,23 Dec 1999,Agnes Digital,,Kawasaki,Dirt,1600,G2,https://db.netkeiba.com/race/199945122310/,https://www.jbis.or.jp/race/result/19991223/221/10/
agnes-digital,28,1,1st,2yo Allowance (¥5m & Less) J,27 Nov 1999,Agnes Digital,,Tokyo,Dirt,1600,Pre-OP,https://db.netkeiba.com/race/199905050706/,https://www.jbis.or.jp/race/result/19991127/105/06/
agnes-digital,29,2,2nd,Mochinoki Sho J,7 Nov 1999,Three for Niner,,Kyoto,Dirt,1400,Pre-OP,https://db.netkeiba.com/race/199908050207/,https://www.jbis.or.jp/race/result/19991107/108/07/
agnes-digital,30,8,8th,Momiji Stakes J,9 Oct 1999,End Appeal,,Kyoto,Turf,1200,OP,https://db.netkeiba.com/race/199908040109/,https://www.jbis.or.jp/race/result/19991009/108/09/
agnes-digital,31,1,1st,2yo Newcomer Race J,2 Oct 1999,Agnes Digital,,Hanshin,Dirt,1200,Debut,https://db.netkeiba.com/race/199909040704/,https://www.jbis.or.jp/race/result/19991002/109/04/
agnes-digital,32,2,2nd,2yo Newcomer Race J,12 Sept 1999,Machikane Ran,,Hanshin,Dirt,1400,Debut,https://db.netkeiba.com/race/199909040206/,https://www.jbis.or.jp/race/result/19990912/109/06/
seiun-sky,1,12,12th,Tenno Sho (Spring) J,29 Apr 2001,TM Opera O,tm-opera-o,Kyoto,Turf,3200,G1,https://db.netkeiba.com/race/200108030411/,https://www.jbis.or.jp/race/result/20010429/108/11/
seiun-sky,2,5,5th,Tenno Sho (Autumn) J,31 Oct 1999,Special Week,special-week,Tokyo,Turf,2000,G1,https://db.netkeiba.com/race/199905040811/,https://www.jbis.or.jp/race/result/19991031/105/11/
seiun-sky,3,1,1st,Sapporo Kinen J,22 Aug 1999,Seiun Sky,,Sapporo,Turf,2000,G2,https://db.netkeiba.com/race/199901010611/,https://www.jbis.or.jp/race/result/19990822/101/11/
seiun-sky,4,3,3rd,Tenno Sho (Spring) J,2 May 1999,Special Week,special-week,Kyoto,Turf,3200,G1,https://db.netkeiba.com/race/199908030411/,https://www.jbis.or.jp/race/result/19990502/108/11/
seiun-sky,5,1,1st,Nikkei Sho J,28 Mar 1999,Seiun Sky,,Nakayama,Turf,2500,G2,https://db.netkeiba.com/race/199906030211/,https://www.jbis.or.jp/race/result/19990328/106/11/
seiun-sky,6,4,4th,Arima Kinen J,27 Dec 1998,Grass Wonder,grass-wonder,Nakayama,Turf,2500,G1,https://db.netkeiba.com/race/199806050809/,https://www.jbis.or.jp/race/result/19981227/106/09/
seiun-sky,7,1,1st,Kikuka Sho J,8 Nov 1998,Seiun Sky,,Kyoto,Turf,3000,G1,https://db.netkeiba.com/race/199808060211/,https://www.jbis.or.jp/race/result/19981108/108/11/
seiun-sky,8,1,1st,Kyoto Daishoten J,11 Oct 1998,Seiun Sky,,Kyoto,Turf,2400,G2,https://db.netkeiba.com/race/199808050211/,https://www.jbis.or.jp/race/result/19981011/108/11/
seiun-sky,9,4,4th,Tokyo Yushun (Japanese Derby) J,7 Jun 1998,Special Week,special-week,Tokyo,Turf,2400,G1,https://db.netkeiba.com/race/199805030609/,https://www.jbis.or.jp/race/result/19980607/105/09/
seiun-sky,10,1,1st,Satsuki Sho J,19 Apr 1998,Seiun Sky,,Nakayama,Turf,2000,G1,https://db.netkeiba.com/race/199806030811/,https://www.jbis.or.jp/race/result/19980419/106/11/
seiun-sky,11,2,2nd,Yayoi Sho J,8 Mar 1998,Special Week,special-week,Nakayama,Turf,2000,G2,https://db.netkeiba.com/race/199806020411/,https://www.jbis.or.jp/race/result/19980308/106/11/
seiun-sky,12,1,1st,Junior Cup J,25 Jan 1998,Seiun Sky,,Nakayama,Turf,2000,OP,https://db.netkeiba.com/race/199806010809/,https://www.jbis.or.jp/race/result/19980125/106/09/
seiun-sky,13,1,1st,3yo Newcomer Race J,5 Jan 1998,Seiun Sky,,Nakayama,Turf,1600,Debut,https://db.netkeiba.com/race/199806010106/,https://www.jbis.or.jp/race/result/19980105/106/06/
tamamo-cross,1,2,2nd,Arima Kinen J,25 Dec 1988,Oguri Cap,oguri-cap,Nakayama,Turf,2500,G1,https://db.netkeiba.com/race/198806020809/,https://www.jbis.or.jp/race/result/19881225/106/09/
tamamo-cross,2,2,2nd,Japan Cup J,27 Nov 1988,Pay the Butler,,Tokyo,Turf,2400,G1,https://db.netkeiba.com/race/198805070810/,https://www.jbis.or.jp/race/result/19881127/105/10/
tamamo-cross,3,1,1st,Tenno Sho (Autumn) J,30 Oct 1988,Tamamo Cross,,Tokyo,Turf,2000,G1,https://db.netkeiba.com/race/198805060810/,https://www.jbis.or.jp/race/result/19881030/105/10/
tamamo-cross,4,1,1st,Takarazuka Kinen J,12 Jun 1988,Tamamo Cross,,Hanshin,Turf,2200,G1,https://db.netkeiba.com/race/198809030810/,https://www.jbis.or.jp/race/result/19880612/109/10/
tamamo-cross,5,1,1st,Tenno Sho (Spring) J,29 Apr 1988,Tamamo Cross,,Kyoto,Turf,3200,G1,https://db.netkeiba.com/race/198808030310/,https://www.jbis.or.jp/race/result/19880429/108/10/
tamamo-cross,6,1,1st,Hanshin Daishoten J,13 Mar 1988,"Tamamo Cross , Dyna Carpenter",,Hanshin,Turf,3000,G2,https://db.netkeiba.com/race/198809010611/,https://www.jbis.or.jp/race/result/19880313/109/11/
tamamo-cross,7,1,1st,Kimpai (West) J,5 Jan 1988,Tamamo Cross,,Kyoto,Turf,2000,G3,https://db.netkeiba.com/race/198808010111/,https://www.jbis.or.jp/race/result/19880105/108/11/
tamamo-cross,8,1,1st,Naruo Kinen J,6 Dec 1987,Tamamo Cross,,Hanshin,Turf,2500,G2,https://db.netkeiba.com/race/198709050210/,https://www.jbis.or.jp/race/result/19871206/109/10/
tamamo-cross,9,1,1st,Fujinomori Tokubetsu J,1 Nov 1987,Tamamo Cross,,Kyoto,Turf,2000,Pre-OP,https://db.netkeiba.com/race/198708040809/,https://www.jbis.or.jp/race/result/19871101/108/09/
tamamo-cross,10,1,1st,3yo+ Allowance (¥4m & Less) J,18 Oct 1987,Tamamo Cross,,Kyoto,Turf,2200,Pre-OP,https://db.netkeiba.com/race/198708040407/,https://www.jbis.or.jp/race/result/19871018/108/07/
tamamo-cross,11,3,3rd,3yo+ Allowance (¥4m & Less) J,4 Oct 1987,Marukasky,,Hanshin,Dirt,1700,Pre-OP,https://db.netkeiba.com/race/198709040805/,https://www.jbis.or.jp/race/result/19871004/109/05/
tamamo-cross,12,3,3rd,Nose Tokubetsu J,19 Sept 1987,Alpha Vivace,,Hanshin,Dirt,1800,Pre-OP,https://db.netkeiba.com/race/198709040310/,https://www.jbis.or.jp/race/result/19870919/109/10/
tamamo-cross,13,2,2nd,Rebun Tokubetsu J,11 Jul 1987,Hirono Hayate,,Sapporo,Dirt,2000,Pre-OP,https://db.netkeiba.com/race/198701020109/,https://www.jbis.or.jp/race/result/19870711/101/09/
tamamo-cross,14,6,6th,3yo+ Allowance (¥4m & Less) J,28 Jun 1987,Hokkai Seizan,,Sapporo,Dirt,1800,Pre-OP,https://db.netkeiba.com/race/198701010606/,https://www.jbis.or.jp/race/result/19870628/101/06/
tamamo-cross,15,,DNF,3yo Allowance (¥4m & Less) J,10 May 1987,Tosano Asakaze,,Kyoto,Turf,2000,Pre-OP,https://db.netkeiba.com/race/198708030606/,https://www.jbis.or.jp/race/result/19870510/108/06/
tamamo-cross,16,1,1st,3yo Maiden Race J,11 Apr 1987,Tamamo Cross,,Hanshin,Dirt,1700,Maiden,https://db.netkeiba.com/race/198709020503/,https://www.jbis.or.jp/race/result/19870411/109/03/
tamamo-cross,17,4,4th,3yo Newcomer Race J,21 Mar 1987,Silk Maria,,Hanshin,Dirt,1800,Debut,https://db.netkeiba.com/race/198709010703/,https://www.jbis.or.jp/race/result/19870321/109/03/
tamamo-cross,18,7,7th,3yo Newcomer Race J,1 Mar 1987,Aichi Matsushima,,Hanshin,Turf,2000,Debut,https://db.netkeiba.com/race/198709010207/,https://www.jbis.or.jp/race/result/19870301/109/07/
fine-motion,1,9,9th,Mile Championship J,21 Nov 2004,Durandal,durandal,Kyoto,Turf,1600,G1,https://db.netkeiba.com/race/200408050611/,https://www.jbis.or.jp/race/result/20041121/108/11/
fine-motion,2,1,1st,Sapporo Kinen J,22 Aug 2004,Fine Motion,,Sapporo,Turf,2000,G2,https://db.netkeiba.com/race/200401010409/,https://www.jbis.or.jp/race/result/20040822/101/09/
fine-motion,3,2,2nd,Hakodate Kinen J,25 Jul 2004,Craft Work,,Hakodate,Turf,2000,G3,https://db.netkeiba.com/race/200402020409/,https://www.jbis.or.jp/race/result/20040725/102/09/
fine-motion,4,13,13th,Yasuda Kinen J,6 Jun 2004,Tsurumaru Boy,,Tokyo,Turf,1600,G1,https://db.netkeiba.com/race/200405030611/,https://www.jbis.or.jp/race/result/20040606/105/11/
fine-motion,5,1,1st,Hanshin Himba Stakes J,21 Dec 2003,Fine Motion,,Hanshin,Turf,1600,G2,https://db.netkeiba.com/race/200309050611/,https://www.jbis.or.jp/race/result/20031221/109/11/
fine-motion,6,2,2nd,Mile Championship J,23 Nov 2003,Durandal,durandal,Kyoto,Turf,1600,G1,https://db.netkeiba.com/race/200308050611/,https://www.jbis.or.jp/race/result/20031123/108/11/
fine-motion,7,7,7th,Mainichi Okan J,12 Oct 2003,Balance of Game,,Tokyo,Turf,1800,G2,https://db.netkeiba.com/race/200305030211/,https://www.jbis.or.jp/race/result/20031012/105/11/
fine-motion,8,2,2nd,Queen Stakes J,17 Aug 2003,Osumi Haruka,,Sapporo,Turf,1800,G3,https://db.netkeiba.com/race/200301010211/,https://www.jbis.or.jp/race/result/20030817/101/11/
fine-motion,9,5,5th,Arima Kinen J,22 Dec 2002,Symboli Kris S,symboli-kris-s,Nakayama,Turf,2500,G1,https://db.netkeiba.com/race/200206050809/,https://www.jbis.or.jp/race/result/20021222/106/09/
fine-motion,10,1,1st,Queen Elizabeth II Cup J,10 Nov 2002,Fine Motion,,Kyoto,Turf,2200,G1,https://db.netkeiba.com/race/200208050411/,https://www.jbis.or.jp/race/result/20021110/108/11/
fine-motion,11,1,1st,Shuka Sho J,13 Oct 2002,Fine Motion,,Kyoto,Turf,2000,G1,https://db.netkeiba.com/race/200208040411/,https://www.jbis.or.jp/race/result/20021013/108/11/
fine-motion,12,1,1st,Rose Stakes J,15 Sept 2002,Fine Motion,,Hanshin,Turf,2000,G2,https://db.netkeiba.com/race/200209040411/,https://www.jbis.or.jp/race/result/20020915/109/11/
fine-motion,13,1,1st,Akanko Tokubetsu J,25 Aug 2002,Fine Motion,,Sapporo,Turf,2600,Pre-OP,https://db.netkeiba.com/race/200201010610/,https://www.jbis.or.jp/race/result/20020825/101/10/
fine-motion,14,1,1st,3yo+ Allowance (¥5m & Less) J,4 Aug 2002,Fine Motion,,Hakodate,Turf,2000,Pre-OP,https://db.netkeiba.com/race/200202020809/,https://www.jbis.or.jp/race/result/20020804/102/09/
fine-motion,15,1,1st,2yo Newcomer Race J,1 Dec 2001,Fine Motion,,Hanshin,Turf,2000,Debut,https://db.netkeiba.com/race/200109050106/,https://www.jbis.or.jp/race/result/20011201/109/06/
biwa-hayahide,1,5,5th,Tenno Sho (Autumn) J,30 Oct 1994,Nehai Caesar,,Tokyo,Turf,2000,G1,https://db.netkeiba.com/race/199405040810/,https://www.jbis.or.jp/race/result/19941030/105/10/
biwa-hayahide,2,1,1st,All Comers J,18 Sept 1994,Biwa Hayahide,,Nakayama,Turf,2200,G3,https://db.netkeiba.com/race/199406040411/,https://www.jbis.or.jp/race/result/19940918/106/11/
biwa-hayahide,3,1,1st,Takarazuka Kinen J,12 Jun 1994,Biwa Hayahide,,Hanshin,Turf,2200,G1,https://db.netkeiba.com/race/199409050810/,https://www.jbis.or.jp/race/result/19940612/109/10/
biwa-hayahide,4,1,1st,Tenno Sho (Spring) J,24 Apr 1994,Biwa Hayahide,,Hanshin,Turf,3200,G1,https://db.netkeiba.com/race/199409040210/,https://www.jbis.or.jp/race/result/19940424/109/10/
biwa-hayahide,5,1,1st,Kyoto Kinen J,13 Feb 1994,Biwa Hayahide,,Hanshin,Turf,2200,G2,https://db.netkeiba.com/race/199409020611/,https://www.jbis.or.jp/race/result/19940213/109/11/
biwa-hayahide,6,2,2nd,Arima Kinen J,26 Dec 1993,Tokai Teio,tokai-teio,Nakayama,Turf,2500,G1,https://db.netkeiba.com/race/199306050809/,https://www.jbis.or.jp/race/result/19931226/106/09/
biwa-hayahide,7,1,1st,Kikuka Sho J,7 Nov 1993,Biwa Hayahide,,Kyoto,Turf,3000,G1,https://db.netkeiba.com/race/199308060210/,https://www.jbis.or.jp/race/result/19931107/108/10/
biwa-hayahide,8,1,1st,Kobe Shimbun Hai J,26 Sept 1993,Biwa Hayahide,,Hanshin,Turf,2000,G2,https://db.netkeiba.com/race/199309040611/,https://www.jbis.or.jp/race/result/19930926/109/11/
biwa-hayahide,9,2,2nd,Tokyo Yushun (Japanese Derby) J,30 May 1993,Winning Ticket,winning-ticket,Tokyo,Turf,2400,G1,https://db.netkeiba.com/race/199305030409/,https://www.jbis.or.jp/race/result/19930530/105/09/
biwa-hayahide,10,2,2nd,Satsuki Sho J,18 Apr 1993,Narita Taishin,narita-taishin,Nakayama,Turf,2000,G1,https://db.netkeiba.com/race/199306030810/,https://www.jbis.or.jp/race/result/19930418/106/10/
biwa-hayahide,11,1,1st,Wakaba Stakes J,20 Mar 1993,Biwa Hayahide,,Nakayama,Turf,2000,OP,https://db.netkeiba.com/race/199306020710/,https://www.jbis.or.jp/race/result/19930320/106/10/
biwa-hayahide,12,2,2nd,Kyodo News Service Hai Yonsai Stakes J,14 Feb 1993,Meiner Remark,,Tokyo,Turf,1800,G3,https://db.netkeiba.com/race/199305010611/,https://www.jbis.or.jp/race/result/19930214/105/11/
biwa-hayahide,13,2,2nd,Asahi Hai Sansai Stakes J,13 Dec 1992,L-Way Win,,Nakayama,Turf,1600,G1,https://db.netkeiba.com/race/199206050411/,https://www.jbis.or.jp/race/result/19921213/106/11/
biwa-hayahide,14,1,1st,Daily Hai Sansai Stakes J,7 Nov 1992,Biwa Hayahide,,Kyoto,Turf,1400,G2,https://db.netkeiba.com/race/199208050111/,https://www.jbis.or.jp/race/result/19921107/108/11/
biwa-hayahide,15,1,1st,Momiji Stakes J,10 Oct 1992,Biwa Hayahide,,Kyoto,Turf,1600,OP,https://db.netkeiba.com/race/199208040109/,https://www.jbis.or.jp/race/result/19921010/108/09/
biwa-hayahide,16,1,1st,2yo Newcomer Race J,13 Sept 1992,Biwa Hayahide,,Hanshin,Turf,1600,Debut,https://db.netkeiba.com/race/199209040206/,https://www.jbis.or.jp/race/result/19920913/109/06/
mayano-top-gun,1,1,1st,Tenno Sho (Spring) J,27 Apr 1997,Mayano Top Gun,,Kyoto,Turf,3200,G1,https://db.netkeiba.com/race/199708030410/,https://www.jbis.or.jp/race/result/19970427/108/10/
mayano-top-gun,2,1,1st,Hanshin Daishoten J,16 Mar 1997,Mayano Top Gun,,Hanshin,Turf,3000,G2,https://db.netkeiba.com/race/199709010811/,https://www.jbis.or.jp/race/result/19970316/109/11/
mayano-top-gun,3,7,7th,Arima Kinen J,22 Dec 1996,Sakura Laurel,sakura-laurel,Nakayama,Turf,2500,G1,https://db.netkeiba.com/race/199606060809/,https://www.jbis.or.jp/race/result/19961222/106/09/
mayano-top-gun,4,2,2nd,Tenno Sho (Autumn) J,27 Oct 1996,Bubble Gum Fellow,bubble-gum-fellow,Tokyo,Turf,2000,G1,https://db.netkeiba.com/race/199605050810/,https://www.jbis.or.jp/race/result/19961027/105/10/
mayano-top-gun,5,4,4th,All Comers J,15 Sept 1996,Sakura Laurel,sakura-laurel,Nakayama,Turf,2200,G2,https://db.netkeiba.com/race/199606050411/,https://www.jbis.or.jp/race/result/19960915/106/11/
mayano-top-gun,6,1,1st,Takarazuka Kinen J,7 Jul 1996,Mayano Top Gun,,Hanshin,Turf,2200,G1,https://db.netkeiba.com/race/199609030810/,https://www.jbis.or.jp/race/result/19960707/109/10/
mayano-top-gun,7,5,5th,Tenno Sho (Spring) J,21 Apr 1996,Sakura Laurel,sakura-laurel,Kyoto,Turf,3200,G1,https://db.netkeiba.com/race/199608030210/,https://www.jbis.or.jp/race/result/19960421/108/10/
mayano-top-gun,8,2,2nd,Hanshin Daishoten J,9 Mar 1996,Narita Brian,narita-brian,Hanshin,Turf,3000,G2,https://db.netkeiba.com/race/199609010511/,https://www.jbis.or.jp/race/result/19960309/109/11/
mayano-top-gun,9,1,1st,Arima Kinen J,24 Dec 1995,Mayano Top Gun,,Nakayama,Turf,2500,G1,https://db.netkeiba.com/race/199506050809/,https://www.jbis.or.jp/race/result/19951224/106/09/
mayano-top-gun,10,1,1st,Kikuka Sho J,5 Nov 1995,Mayano Top Gun,,Kyoto,Turf,3000,G1,https://db.netkeiba.com/race/199508080210/,https://www.jbis.or.jp/race/result/19951105/108/10/
mayano-top-gun,11,2,2nd,Kyoto Shimbun Hai J,15 Oct 1995,Narita King O,,Kyoto,Turf,2200,G2,https://db.netkeiba.com/race/199508070411/,https://www.jbis.or.jp/race/result/19951015/108/11/
mayano-top-gun,12,2,2nd,Kobe Shimbun Hai J,17 Sept 1995,Tanino Create,,Kyoto,Turf,2000,G2,https://db.netkeiba.com/race/199508060411/,https://www.jbis.or.jp/race/result/19950917/108/11/
mayano-top-gun,13,1,1st,Yamayuri Stakes J,9 Jul 1995,Mayano Top Gun,,Chukyo,Turf,1800,Pre-OP,https://db.netkeiba.com/race/199507030810/,https://www.jbis.or.jp/race/result/19950709/107/10/
mayano-top-gun,14,3,3rd,Royal Hong Kong Jockey Club Trophy J,18 Jun 1995,Fair Dance,,Chukyo,Turf,2000,Pre-OP,https://db.netkeiba.com/race/199507030209/,https://www.jbis.or.jp/race/result/19950618/107/09/
mayano-top-gun,15,1,1st,3yo Allowance (¥5m & Less) J,28 May 1995,Mayano Top Gun,,Chukyo,Dirt,1700,Pre-OP,https://db.netkeiba.com/race/199507020406/,https://www.jbis.or.jp/race/result/19950528/107/06/
mayano-top-gun,16,3,3rd,3yo Allowance (¥5m & Less) J,7 May 1995,Wakasa Ines,,Kyoto,Dirt,1200,Pre-OP,https://db.netkeiba.com/race/199508050607/,https://www.jbis.or.jp/race/result/19950507/108/07/
mayano-top-gun,17,3,3rd,3yo Allowance (¥5m & Less) J,15 Apr 1995,Fusaichi Victory,,Kyoto,Dirt,1200,Pre-OP,https://db.netkeiba.com/race/199508040706/,https://www.jbis.or.jp/race/result/19950415/108/06/
mayano-top-gun,18,1,1st,3yo Maiden Race J,25 Mar 1995,Mayano Top Gun,,Kyoto,Dirt,1200,Maiden,https://db.netkeiba.com/race/199508040102/,https://www.jbis.or.jp/race/result/19950325/108/02/
mayano-top-gun,19,3,3rd,3yo Maiden Race J,11 Mar 1995,Polish Admiral,,Kyoto,Dirt,1200,Maiden,https://db.netkeiba.com/race/199508030502/,https://www.jbis.or.jp/race/result/19950311/108/02/
mayano-top-gun,20,3,3rd,3yo Maiden Race J,19 Feb 1995,Star Swallow,,Kyoto,Dirt,1200,Maiden,https://db.netkeiba.com/race/199508020803/,https://www.jbis.or.jp/race/result/19950219/108/03/
mayano-top-gun,21,5,5th,3yo Newcomer Race J,8 Jan 1995,Wonder Perfume,,Kyoto,Dirt,1200,Debut,https://db.netkeiba.com/race/199508010303/,https://www.jbis.or.jp/race/result/19950108/108/03/
manhattan-cafe,1,13,13th,Prix de l'Arc de Triomphe,6 Oct 2002,Marienbard,,Longchamp,Turf,2400,G1,https://db.netkeiba.com/race/2002A8100607/,
manhattan-cafe,2,1,1st,Tenno Sho (Spring) J,28 Apr 2002,Manhattan Cafe,,Kyoto,Turf,3200,G1,https://db.netkeiba.com/race/200208030411/,https://www.jbis.or.jp/race/result/20020428/108/11/
manhattan-cafe,3,6,6th,Nikkei Sho J,23 Mar 2002,Active Bio,,Nakayama,Turf,2500,G2,https://db.netkeiba.com/race/200206020111/,https://www.jbis.or.jp/race/result/20020323/106/11/
manhattan-cafe,4,1,1st,Arima Kinen J,23 Dec 2001,Manhattan Cafe,,Nakayama,Turf,2500,G1,https://db.netkeiba.com/race/200106050809/,https://www.jbis.or.jp/race/result/20011223/106/09/
manhattan-cafe,5,1,1st,Kikuka Sho J,21 Oct 2001,Manhattan Cafe,,Kyoto,Turf,3000,G1,https://db.netkeiba.com/race/200108040611/,https://www.jbis.or.jp/race/result/20011021/108/11/
manhattan-cafe,6,4,4th,St. Lite Kinen J,16 Sept 2001,Shinko Calido,,Nakayama,Turf,2200,G2,https://db.netkeiba.com/race/200106040411/,https://www.jbis.or.jp/race/result/20010916/106/11/
manhattan-cafe,7,1,1st,Akanko Tokubetsu J,26 Aug 2001,Manhattan Cafe,,Sapporo,Turf,2600,Pre-OP,https://db.netkeiba.com/race/200101010810/,https://www.jbis.or.jp/race/result/20010826/101/10/
manhattan-cafe,8,1,1st,Furano Tokubetsu J,4 Aug 2001,Manhattan Cafe,,Sapporo,Turf,2600,Pre-OP,https://db.netkeiba.com/race/200101010112/,https://www.jbis.or.jp/race/result/20010804/101/12/
manhattan-cafe,9,11,11th,Azalea Sho J,7 Apr 2001,Scenography,,Hanshin,Turf,2000,Pre-OP,https://db.netkeiba.com/race/200109020509/,https://www.jbis.or.jp/race/result/20010407/109/09/
manhattan-cafe,10,4,4th,Yayoi Sho J,4 Mar 2001,Agnes Tachyon,agnes-tachyon,Nakayama,Turf,2000,G2,https://db.netkeiba.com/race/200106020411/,https://www.jbis.or.jp/race/result/20010304/106/11/
manhattan-cafe,11,1,1st,3yo Newcomer Race J,11 Feb 2001,Manhattan Cafe,,Tokyo,Turf,1800,Debut,https://db.netkeiba.com/race/200105010605/,https://www.jbis.or.jp/race/result/20010211/105/05/
manhattan-cafe,12,3,3rd,3yo Newcomer Race J,29 Jan 2001,Treasure,,Tokyo,Turf,2000,Debut,https://db.netkeiba.com/race/200105010106/,https://www.jbis.or.jp/race/result/20010129/105/06/
mihono-bourbon,1,2,2nd,Kikuka Sho J,8 Nov 1992,Rice Shower,rice-shower,Kyoto,Turf,3000,G1,https://db.netkeiba.com/race/199208050210/,https://www.jbis.or.jp/race/result/19921108/108/10/
mihono-bourbon,2,1,1st,Kyoto Shimbun Hai J,18 Oct 1992,Mihono Bourbon,,Kyoto,Turf,2200,G2,https://db.netkeiba.com/race/199208040411/,https://www.jbis.or.jp/race/result/19921018/108/11/
mihono-bourbon,3,1,1st,Tokyo Yushun (Japanese Derby) J,31 May 1992,Mihono Bourbon,,Tokyo,Turf,2400,G1,https://db.netkeiba.com/race/199205030409/,https://www.jbis.or.jp/race/result/19920531/105/09/
mihono-bourbon,4,1,1st,Satsuki Sho J,19 Apr 1992,Mihono Bourbon,,Nakayama,Turf,2000,G1,https://db.netkeiba.com/race/199206030810/,https://www.jbis.or.jp/race/result/19920419/106/10/
mihono-bourbon,5,1,1st,Spring Stakes J,29 Mar 1992,Mihono Bourbon,,Nakayama,Turf,1800,G2,https://db.netkeiba.com/race/199206030211/,https://www.jbis.or.jp/race/result/19920329/106/11/
mihono-bourbon,6,1,1st,Asahi Hai Sansai Stakes J,8 Dec 1991,Mihono Bourbon,,Nakayama,Turf,1600,G1,https://db.netkeiba.com/race/199106050411/,https://www.jbis.or.jp/race/result/19911208/106/11/
mihono-bourbon,7,1,1st,2yo Allowance (¥5m & Less) J,23 Nov 1991,Mihono Bourbon,,Tokyo,Turf,1600,Pre-OP,https://db.netkeiba.com/race/199105050707/,https://www.jbis.or.jp/race/result/19911123/105/07/
mihono-bourbon,8,1,1st,2yo Newcomer Race J,7 Sept 1991,Mihono Bourbon,,Chukyo,Turf,1000,Debut,https://db.netkeiba.com/race/199107030106/,https://www.jbis.or.jp/race/result/19910907/107/06/
mejiro-ryan,1,1,1st,Nikkei Sho J,22 Mar 1992,Mejiro Ryan,,Nakayama,Turf,2500,G2,https://db.netkeiba.com/race/199206020811/,https://www.jbis.or.jp/race/result/19920322/106/11/
mejiro-ryan,2,6,6th,American JCC J,26 Jan 1992,Tosho Falco,,Nakayama,Turf,2200,G2,https://db.netkeiba.com/race/199206010811/,https://www.jbis.or.jp/race/result/19920126/106/11/
mejiro-ryan,3,12,12th,Arima Kinen J,22 Dec 1991,Dai Yusaku,,Nakayama,Turf,2500,G1,https://db.netkeiba.com/race/199106050809/,https://www.jbis.or.jp/race/result/19911222/106/09/
mejiro-ryan,4,1,1st,Takarazuka Kinen J,9 Jun 1991,Mejiro Ryan,,Kyoto,Turf,2200,G1,https://db.netkeiba.com/race/199108050810/,https://www.jbis.or.jp/race/result/19910609/108/10/
mejiro-ryan,5,4,4th,Tenno Sho (Spring) J,28 Apr 1991,Mejiro McQueen,mejiro-mcqueen,Kyoto,Turf,3200,G1,https://db.netkeiba.com/race/199108040410/,https://www.jbis.or.jp/race/result/19910428/108/10/
mejiro-ryan,6,2,2nd,Nakayama Kinen J,10 Mar 1991,Yukino Sunrise,,Nakayama,Turf,1800,G2,https://db.netkeiba.com/race/199106020611/,https://www.jbis.or.jp/race/result/19910310/106/11/
mejiro-ryan,7,2,2nd,Arima Kinen J,23 Dec 1990,Oguri Cap,oguri-cap,Nakayama,Turf,2500,G1,https://db.netkeiba.com/race/199006050809/,https://www.jbis.or.jp/race/result/19901223/106/09/
mejiro-ryan,8,3,3rd,Kikuka Sho J,4 Nov 1990,Mejiro McQueen,mejiro-mcqueen,Kyoto,Turf,3000,G1,https://db.netkeiba.com/race/199008040210/,https://www.jbis.or.jp/race/result/19901104/108/10/
mejiro-ryan,9,1,1st,Kyoto Shimbun Hai J,14 Oct 1990,Mejiro Ryan,,Kyoto,Turf,2200,G2,https://db.netkeiba.com/race/199008030411/,https://www.jbis.or.jp/race/result/19901014/108/11/
mejiro-ryan,10,2,2nd,Tokyo Yushun (Japanese Derby) J,27 May 1990,Ines Fujin,ines-fujin,Tokyo,Turf,2400,G1,https://db.netkeiba.com/race/199005030409/,https://www.jbis.or.jp/race/result/19900527/105/09/
mejiro-ryan,11,3,3rd,Satsuki Sho J,15 Apr 1990,Haku Taisei,,Nakayama,Turf,2000,G1,https://db.netkeiba.com/race/199006030810/,https://www.jbis.or.jp/race/result/19900415/106/10/
mejiro-ryan,12,1,1st,Yayoi Sho J,4 Mar 1990,Mejiro Ryan,,Nakayama,Turf,2000,G2,https://db.netkeiba.com/race/199006020411/,https://www.jbis.or.jp/race/result/19900304/106/11/
mejiro-ryan,13,1,1st,Junior Cup J,20 Jan 1990,Mejiro Ryan,,Nakayama,Turf,2000,OP,https://db.netkeiba.com/race/199006010709/,https://www.jbis.or.jp/race/result/19900120/106/09/
mejiro-ryan,14,1,1st,Hiiragi Sho J,23 Dec 1989,Mejiro Ryan,,Nakayama,Turf,1600,Pre-OP,https://db.netkeiba.com/race/198906050709/,https://www.jbis.or.jp/race/result/19891223/106/09/
mejiro-ryan,15,5,5th,Habotan Sho J,3 Dec 1989,Premier,,Nakayama,Turf,2000,Pre-OP,https://db.netkeiba.com/race/198906050209/,https://www.jbis.or.jp/race/result/19891203/106/09/
mejiro-ryan,16,1,1st,2yo Maiden Race J,18 Nov 1989,Mejiro Ryan,,Tokyo,Turf,1600,Maiden,https://db.netkeiba.com/race/198905050503/,https://www.jbis.or.jp/race/result/19891118/105/03/
mejiro-ryan,17,3,3rd,2yo Maiden Race J,29 Oct 1989,North Hill O,,Kyoto,Turf,1400,Maiden,https://db.netkeiba.com/race/198908040802/,https://www.jbis.or.jp/race/result/19891029/108/02/
mejiro-ryan,18,6,6th,2yo Newcomer Race J,22 Jul 1989,Makihata Big,,Hakodate,Turf,1200,Debut,https://db.netkeiba.com/race/198902010503/,https://www.jbis.or.jp/race/result/19890722/102/03/
mejiro-ryan,19,2,2nd,2yo Newcomer Race J,9 Jul 1989,San M.Grundy,,Hakodate,Turf,1200,Debut,https://db.netkeiba.com/race/198902010203/,https://www.jbis.or.jp/race/result/19890709/102/03/
hishi-akebono,1,9,9th,Sprinters Stakes J,14 Dec 1997,Taiki Shuttle,taiki-shuttle,Nakayama,Turf,1200,G1,https://db.netkeiba.com/race/199706050611/,https://www.jbis.or.jp/race/result/19971214/106/11/
hishi-akebono,2,7,7th,CBC Sho J,22 Nov 1997,Sugino Hayakaze,,Chukyo,Turf,1200,G2,https://db.netkeiba.com/race/199707030111/,https://www.jbis.or.jp/race/result/19971122/107/11/
hishi-akebono,3,14,14th,Mile Championship J,16 Nov 1997,Taiki Shuttle,taiki-shuttle,Kyoto,Turf,1600,G1,https://db.netkeiba.com/race/199708050611/,https://www.jbis.or.jp/race/result/19971116/108/11/
hishi-akebono,4,11,11th,Swan Stakes J,25 Oct 1997,Taiki Shuttle,taiki-shuttle,Kyoto,Turf,1400,G2,https://db.netkeiba.com/race/199708040711/,https://www.jbis.or.jp/race/result/19971025/108/11/
hishi-akebono,5,13,13th,Centaur Stakes J,28 Sept 1997,Osumi Tycoon,,Hanshin,Turf,1400,G3,https://db.netkeiba.com/race/199709040811/,https://www.jbis.or.jp/race/result/19970928/109/11/
hishi-akebono,6,5,5th,Baden-Baden Cup J,15 Jun 1997,Shadow Creek,,Fukushima,Turf,1200,OP,https://db.netkeiba.com/race/199703010211/,https://www.jbis.or.jp/race/result/19970615/103/11/
hishi-akebono,7,8,8th,Yasuda Kinen J,8 Jun 1997,Taiki Blizzard,,Tokyo,Turf,1600,G1,https://db.netkeiba.com/race/199705030811/,https://www.jbis.or.jp/race/result/19970608/105/11/
hishi-akebono,8,14,14th,Takamatsunomiya Hai J,18 May 1997,Shinko King,,Chukyo,Turf,1200,G1,https://db.netkeiba.com/race/199707020211/,https://www.jbis.or.jp/race/result/19970518/107/11/
hishi-akebono,9,15,15th,Silk Road Stakes J,20 Apr 1997,Eishin Berlin,,Kyoto,Turf,1200,G3,https://db.netkeiba.com/race/199708030211/,https://www.jbis.or.jp/race/result/19970420/108/11/
hishi-akebono,10,8,8th,Rakuyo Stakes J,12 Jan 1997,Juno Pentagon,,Kyoto,Turf,1600,OP,https://db.netkeiba.com/race/199708010511/,https://www.jbis.or.jp/race/result/19970112/108/11/
hishi-akebono,11,4,4th,Sprinters Stakes J,15 Dec 1996,Flower Park,,Nakayama,Turf,1200,G1,https://db.netkeiba.com/race/199606060611/,https://www.jbis.or.jp/race/result/19961215/106/11/
hishi-akebono,12,15,15th,Mile Championship J,17 Nov 1996,Genuine,,Kyoto,Turf,1600,G1,https://db.netkeiba.com/race/199608050611/,https://www.jbis.or.jp/race/result/19961117/108/11/
hishi-akebono,13,11,11th,Swan Stakes J,26 Oct 1996,Sugino Hayakaze,,Kyoto,Turf,1400,G2,https://db.netkeiba.com/race/199608040711/,https://www.jbis.or.jp/race/result/19961026/108/11/
hishi-akebono,14,3,3rd,Yasuda Kinen J,9 Jun 1996,Trot Thunder,,Tokyo,Turf,1600,G1,https://db.netkeiba.com/race/199605040811/,https://www.jbis.or.jp/race/result/19960609/105/11/
hishi-akebono,15,3,3rd,Takamatsunomiya Hai J,19 May 1996,Flower Park,,Chukyo,Turf,1200,G1,https://db.netkeiba.com/race/199607020211/,https://www.jbis.or.jp/race/result/19960519/107/11/
hishi-akebono,16,3,3rd,Silk Road Stakes J,28 Apr 1996,Flower Park,,Kyoto,Turf,1200,G3,https://db.netkeiba.com/race/199608030411/,https://www.jbis.or.jp/race/result/19960428/108/11/
hishi-akebono,17,1,1st,Sprinters Stakes J,17 Dec 1995,Hishi Akebono,,Nakayama,Turf,1200,G1,https://db.netkeiba.com/race/199506050610/,https://www.jbis.or.jp/race/result/19951217/106/10/
hishi-akebono,18,3,3rd,Mile Championship J,19 Nov 1995,Trot Thunder,,Kyoto,Turf,1600,G1,https://db.netkeiba.com/race/199508080611/,https://www.jbis.or.jp/race/result/19951119/108/11/
hishi-akebono,19,1,1st,Swan Stakes J,28 Oct 1995,Hishi Akebono,,Kyoto,Turf,1400,G2,https://db.netkeiba.com/race/199508070711/,https://www.jbis.or.jp/race/result/19951028/108/11/
hishi-akebono,20,6,6th,Tokyo Hai J,27 Sept 1995,Sakura High Speed,,Ooi,Dirt,1200,,https://db.netkeiba.com/race/199544092709/,https://www.jbis.or.jp/race/result/19950927/220/09/
hishi-akebono,21,3,3rd,Keio Hai Autumn Handicap J,10 Sept 1995,Dojima Muteki,,Nakayama,Turf,1600,G3,https://db.netkeiba.com/race/199506040211/,https://www.jbis.or.jp/race/result/19950910/106/11/
hishi-akebono,22,1,1st,Yamanami Stakes J,20 Aug 1995,Hishi Akebono,,Kokura,Turf,1200,Pre-OP,https://db.netkeiba.com/race/199510030411/,https://www.jbis.or.jp/race/result/19950820/110/11/
hishi-akebono,23,1,1st,Ariake Tokubetsu J,6 Aug 1995,Hishi Akebono,,Kokura,Turf,1200,Pre-OP,https://db.netkeiba.com/race/199510020810/,https://www.jbis.or.jp/race/result/19950806/110/10/
hishi-akebono,24,1,1st,Chikushi Tokubetsu J,22 Jul 1995,Hishi Akebono,,Kokura,Turf,1200,Pre-OP,https://db.netkeiba.com/race/199510020310/,https://www.jbis.or.jp/race/result/19950722/110/10/
hishi-akebono,25,1,1st,3yo Maiden Race J,8 Jul 1995,Hishi Akebono,,Chukyo,Turf,1200,Maiden,https://db.netkeiba.com/race/199507030704/,https://www.jbis.or.jp/race/result/19950708/107/04/
hishi-akebono,26,5,5th,3yo Maiden Race J,18 Jun 1995,Long Haruka,,Chukyo,Dirt,1700,Maiden,https://db.netkeiba.com/race/199507030202/,https://www.jbis.or.jp/race/result/19950618/107/02/
hishi-akebono,27,4,4th,3yo Maiden Race J,3 Jun 1995,Yamanin Flight,,Kyoto,Dirt,1200,Maiden,https://db.netkeiba.com/race/199508010703/,https://www.jbis.or.jp/race/result/19950603/108/03/
hishi-akebono,28,3,3rd,3yo Maiden Race J,20 May 1995,Long Scorpio,,Tokyo,Dirt,1200,Maiden,https://db.netkeiba.com/race/199505030101/,https://www.jbis.or.jp/race/result/19950520/105/01/
hishi-akebono,29,2,2nd,2yo Newcomer Race J,20 Nov 1994,Taiki Crescent,,Tokyo,Turf,1600,Debut,https://db.netkeiba.com/race/199405050603/,https://www.jbis.or.jp/race/result/19941120/105/03/
hishi-akebono,30,4,4th,2yo Newcomer Race J,5 Nov 1994,Kokuto Julian,,Tokyo,Turf,1600,Debut,https://db.netkeiba.com/race/199405050103/,https://www.jbis.or.jp/race/result/19941105/105/03/
yukino-bijin,1,1,1st,Turquoise Stakes J,18 Dec 1993,Yukino Bijin,,Nakayama,Turf,1800,OP,https://db.netkeiba.com/race/199306050511/,https://www.jbis.or.jp/race/result/19931218/106/11/
yukino-bijin,2,10,10th,Queen Elizabeth II Cup J,14 Nov 1993,Hokuto Vega,,Kyoto,Turf,2400,G1,https://db.netkeiba.com/race/199308060410/,https://www.jbis.or.jp/race/result/19931114/108/10/
yukino-bijin,3,1,1st,Queen Stakes J,3 Oct 1993,Yukino Bijin,,Nakayama,Turf,2000,G3,https://db.netkeiba.com/race/199306040811/,https://www.jbis.or.jp/race/result/19931003/106/11/
yukino-bijin,4,2,2nd,Japanese Oaks J,23 May 1993,Vega,,Tokyo,Turf,2400,G1,https://db.netkeiba.com/race/199305030210/,https://www.jbis.or.jp/race/result/19930523/105/10/
yukino-bijin,5,2,2nd,Oka Sho J,11 Apr 1993,Vega,,Hanshin,Turf,1600,G1,https://db.netkeiba.com/race/199309020610/,https://www.jbis.or.jp/race/result/19930411/109/10/
yukino-bijin,6,1,1st,Crocus Stakes J,27 Feb 1993,Yukino Bijin,,Nakayama,Turf,1600,OP,https://db.netkeiba.com/race/199306020109/,https://www.jbis.or.jp/race/result/19930227/106/09/
yukino-bijin,7,5,5th,Nambukoma Sho J,10 Oct 1992,Ebisu Sakura,,Mizusawa,Dirt,1600,,https://db.netkeiba.com/race/199236101009/,https://www.jbis.or.jp/race/result/19921010/211/09/
yukino-bijin,8,1,1st,Beginners Cup J,14 Sept 1992,Yukino Bijin,,Morioka,Dirt,1100,,https://db.netkeiba.com/race/199235091407/,https://www.jbis.or.jp/race/result/19920914/210/07/
yukino-bijin,9,1,1st,2yo Race (Group 1) J,31 Aug 1992,Yukino Bijin,,Morioka,Dirt,1420,,https://db.netkeiba.com/race/199235a00206/,https://www.jbis.or.jp/race/result/19920831/210/06/
yukino-bijin,10,1,1st,2yo Newcomer Race J,10 Aug 1992,Yukino Bijin,,Morioka,Dirt,850,Debut,https://db.netkeiba.com/race/199235a00101/,https://www.jbis.or.jp/race/result/19920810/210/01/
rice-shower,1,,DNF,Takarazuka Kinen J,4 Jun 1995,Dantsu Seattle,,Kyoto,Turf,2200,G1,https://db.netkeiba.com/race/199508010810/,https://www.jbis.or.jp/race/result/19950604/108/10/
rice-shower,2,1,1st,Tenno Sho (Spring) J,23 Apr 1995,Rice Shower,,Kyoto,Turf,3200,G1,https://db.netkeiba.com/race/199508050210/,https://www.jbis.or.jp/race/result/19950423/108/10/
rice-shower,3,6,6th,Nikkei Sho J,19 Mar 1995,Inter Liner,,Nakayama,Turf,2500,G2,https://db.netkeiba.com/race/199506020811/,https://www.jbis.or.jp/race/result/19950319/106/11/
rice-shower,4,6,6th,Kyoto Kinen J,12 Feb 1995,Wako Chikako,,Kyoto,Turf,2200,G2,https://db.netkeiba.com/race/199508020611/,https://www.jbis.or.jp/race/result/19950212/108/11/
rice-shower,5,3,3rd,Arima Kinen J,25 Dec 1994,Narita Brian,narita-brian,Nakayama,Turf,2500,G1,https://db.netkeiba.com/race/199406050809/,https://www.jbis.or.jp/race/result/19941225/106/09/
rice-shower,6,2,2nd,Nikkei Sho J,20 Mar 1994,Stage Champ,,Nakayama,Turf,2500,G2,https://db.netkeiba.com/race/199406020811/,https://www.jbis.or.jp/race/result/19940320/106/11/
rice-shower,7,5,5th,Kyoto Kinen J,13 Feb 1994,Biwa Hayahide,biwa-hayahide,Hanshin,Turf,2200,G2,https://db.netkeiba.com/race/199409020611/,https://www.jbis.or.jp/race/result/19940213/109/11/
rice-shower,8,8,8th,Arima Kinen J,26 Dec 1993,Tokai Teio,tokai-teio,Nakayama,Turf,2500,G1,https://db.netkeiba.com/race/199306050809/,https://www.jbis.or.jp/race/result/19931226/106/09/
rice-shower,9,14,14th,Japan Cup J,28 Nov 1993,Legacy World,,Tokyo,Turf,2400,G1,https://db.netkeiba.com/race/199305050810/,https://www.jbis.or.jp/race/result/19931128/105/10/
rice-shower,10,6,6th,Tenno Sho (Autumn) J,31 Oct 1993,Yamanin Zephyr,yamanin-zephyr,Tokyo,Turf,2000,G1,https://db.netkeiba.com/race/199305040810/,https://www.jbis.or.jp/race/result/19931031/105/10/
rice-shower,11,3,3rd,All Comers J,19 Sept 1993,Twin Turbo,twin-turbo,Nakayama,Turf,2200,G3,https://db.netkeiba.com/race/199306040411/,https://www.jbis.or.jp/race/result/19930919/106/11/
rice-shower,12,1,1st,Tenno Sho (Spring) J,25 Apr 1993,Rice Shower,,Kyoto,Turf,3200,G1,https://db.netkeiba.com/race/199308030210/,https://www.jbis.or.jp/race/result/19930425/108/10/
rice-shower,13,1,1st,Nikkei Sho J,21 Mar 1993,Rice Shower,,Nakayama,Turf,2500,G2,https://db.netkeiba.com/race/199306020811/,https://www.jbis.or.jp/race/result/19930321/106/11/
rice-shower,14,2,2nd,Meguro Kinen J,21 Feb 1993,Matikanetannhauser,matikanetannhauser,Tokyo,Turf,2500,G2,https://db.netkeiba.com/race/199305010811/,https://www.jbis.or.jp/race/result/19930221/105/11/
rice-shower,15,8,8th,Arima Kinen J,27 Dec 1992,Mejiro Palmer,mejiro-palmer,Nakayama,Turf,2500,G1,https://db.netkeiba.com/race/199206050809/,https://www.jbis.or.jp/race/result/19921227/106/09/
rice-shower,16,1,1st,Kikuka Sho J,8 Nov 1992,Rice Shower,,Kyoto,Turf,3000,G1,https://db.netkeiba.com/race/199208050210/,https://www.jbis.or.jp/race/result/19921108/108/10/
rice-shower,17,2,2nd,Kyoto Shimbun Hai J,18 Oct 1992,Mihono Bourbon,mihono-bourbon,Kyoto,Turf,2200,G2,https://db.netkeiba.com/race/199208040411/,https://www.jbis.or.jp/race/result/19921018/108/11/
rice-shower,18,2,2nd,St. Lite Kinen J,27 Sept 1992,Legacy World,,Nakayama,Turf,2200,G2,https://db.netkeiba.com/race/199206040611/,https://www.jbis.or.jp/race/result/19920927/106/11/
rice-shower,19,2,2nd,Tokyo Yushun (Japanese Derby) J,31 May 1992,Mihono Bourbon,mihono-bourbon,Tokyo,Turf,2400,G1,https://db.netkeiba.com/race/199205030409/,https://www.jbis.or.jp/race/result/19920531/105/09/
rice-shower,20,8,8th,NHK Hai J,10 May 1992,Narita Taisei,,Tokyo,Turf,2000,G2,https://db.netkeiba.com/race/199205020611/,https://www.jbis.or.jp/race/result/19920510/105/11/
rice-shower,21,8,8th,Satsuki Sho J,19 Apr 1992,Mihono Bourbon,mihono-bourbon,Nakayama,Turf,2000,G1,https://db.netkeiba.com/race/199206030810/,https://www.jbis.or.jp/race/result/19920419/106/10/
rice-shower,22,4,4th,Spring Stakes J,29 Mar 1992,Mihono Bourbon,mihono-bourbon,Nakayama,Turf,1800,G2,https://db.netkeiba.com/race/199206030211/,https://www.jbis.or.jp/race/result/19920329/106/11/
rice-shower,23,1,1st,Fuyo Stakes J,21 Sept 1991,Rice Shower,,Nakayama,Turf,1600,OP,https://db.netkeiba.com/race/199106040509/,https://www.jbis.or.jp/race/result/19910921/106/09/
rice-shower,24,11,11th,Niigata Sansai Stakes J,1 Sept 1991,Uto Jane,,Niigata,Turf,1200,G3,https://db.netkeiba.com/race/199104030811/,https://www.jbis.or.jp/race/result/19910901/104/11/
rice-shower,25,1,1st,2yo Newcomer Race J,10 Aug 1991,Rice Shower,,Niigata,Turf,1000,Debut,https://db.netkeiba.com/race/199104030103/,https://www.jbis.or.jp/race/result/19910810/104/03/
ines-fujin,1,1,1st,Tokyo Yushun (Japanese Derby) J,27 May 1990,Ines Fujin,,Tokyo,Turf,2400,G1,https://db.netkeiba.com/race/199005030409/,https://www.jbis.or.jp/race/result/19900527/105/09/
ines-fujin,2,2,2nd,Satsuki Sho J,15 Apr 1990,Haku Taisei,,Nakayama,Turf,2000,G1,https://db.netkeiba.com/race/199006030810/,https://www.jbis.or.jp/race/result/19900415/106/10/
ines-fujin,3,4,4th,Yayoi Sho J,4 Mar 1990,Mejiro Ryan,mejiro-ryan,Nakayama,Turf,2000,G2,https://db.netkeiba.com/race/199006020411/,https://www.jbis.or.jp/race/result/19900304/106/11/
ines-fujin,4,1,1st,Kyodo News Service Hai Yonsai Stakes J,11 Feb 1990,Ines Fujin,,Tokyo,Turf,1800,G3,https://db.netkeiba.com/race/199005010611/,https://www.jbis.or.jp/race/result/19900211/105/11/
ines-fujin,5,1,1st,Asahi Hai Sansai Stakes J,17 Dec 1989,Ines Fujin,,Nakayama,Turf,1600,G1,https://db.netkeiba.com/race/198906050611/,https://www.jbis.or.jp/race/result/19891217/106/11/
ines-fujin,6,1,1st,2yo Maiden Race J,22 Oct 1989,Ines Fujin,,Tokyo,Turf,1600,Maiden,https://db.netkeiba.com/race/198905040602/,https://www.jbis.or.jp/race/result/19891022/105/02/
ines-fujin,7,2,2nd,2yo Newcomer Race J,23 Sept 1989,Kanesho Knight,,Nakayama,Turf,1600,Debut,https://db.netkeiba.com/race/198906040502/,https://www.jbis.or.jp/race/result/19890923/106/02/
ines-fujin,8,2,2nd,2yo Newcomer Race J,10 Sept 1989,Fujimi Waimea,,Nakayama,Turf,1600,Debut,https://db.netkeiba.com/race/198906040203/,https://www.jbis.or.jp/race/result/19890910/106/03/
agnes-tachyon,1,1,1st,Satsuki Sho J,15 Apr 2001,Agnes Tachyon,,Nakayama,Turf,2000,G1,https://db.netkeiba.com/race/200106030811/,https://www.jbis.or.jp/race/result/20010415/106/11/
agnes-tachyon,2,1,1st,Yayoi Sho J,4 Mar 2001,Agnes Tachyon,,Nakayama,Turf,2000,G2,https://db.netkeiba.com/race/200106020411/,https://www.jbis.or.jp/race/result/20010304/106/11/
agnes-tachyon,3,1,1st,Radio Tampa Hai Sansai Stakes J,23 Dec 2000,Agnes Tachyon,,Hanshin,Turf,2000,G3,https://db.netkeiba.com/race/200009050711/,https://www.jbis.or.jp/race/result/20001223/109/11/
agnes-tachyon,4,1,1st,2yo Newcomer Race J,2 Dec 2000,Agnes Tachyon,,Hanshin,Turf,2000,Debut,https://db.netkeiba.com/race/200009050106/,https://www.jbis.or.jp/race/result/20001202/109/06/
admire-vega,1,6,6th,Kikuka Sho J,7 Nov 1999,Narita Top Road,narita-top-road,Kyoto,Turf,3000,G1,https://db.netkeiba.com/race/199908050211/,https://www.jbis.or.jp/race/result/19991107/108/11/
admire-vega,2,1,1st,Kyoto Shimbun Hai J,17 Oct 1999,Admire Vega,,Kyoto,Turf,2200,G2,https://db.netkeiba.com/race/199908040411/,https://www.jbis.or.jp/race/result/19991017/108/11/
admire-vega,3,1,1st,Tokyo Yushun (Japanese Derby) J,6 Jun 1999,Admire Vega,,Tokyo,Turf,2400,G1,https://db.netkeiba.com/race/199905030609/,https://www.jbis.or.jp/race/result/19990606/105/09/
admire-vega,4,6,6th,Satsuki Sho J,18 Apr 1999,TM Opera O,tm-opera-o,Nakayama,Turf,2000,G1,https://db.netkeiba.com/race/199906030811/,https://www.jbis.or.jp/race/result/19990418/106/11/
admire-vega,5,2,2nd,Yayoi Sho J,7 Mar 1999,Narita Top Road,narita-top-road,Nakayama,Turf,2000,G2,https://db.netkeiba.com/race/199906020411/,https://www.jbis.or.jp/race/result/19990307/106/11/
admire-vega,6,1,1st,Radio Tampa Hai Sansai Stakes J,26 Dec 1998,Admire Vega,,Hanshin,Turf,2000,G3,https://db.netkeiba.com/race/199809060711/,https://www.jbis.or.jp/race/result/19981226/109/11/
admire-vega,7,1,1st,Erica Sho J,5 Dec 1998,Admire Vega,,Hanshin,Turf,2000,Pre-OP,https://db.netkeiba.com/race/199809060110/,https://www.jbis.or.jp/race/result/19981205/109/10/
admire-vega,8,4,4th,2yo Newcomer Race J,7 Nov 1998,Mayano Matador,,Kyoto,Turf,1600,Debut,https://db.netkeiba.com/race/199808060103/,https://www.jbis.or.jp/race/result/19981107/108/03/
inari-one,1,4,4th,Takarazuka Kinen J,10 Jun 1990,Osaichi George,,Hanshin,Turf,2200,G1,https://db.netkeiba.com/race/199009040810/,https://www.jbis.or.jp/race/result/19900610/109/10/
inari-one,2,2,2nd,Tenno Sho (Spring) J,29 Apr 1990,Super Creek,super-creek,Kyoto,Turf,3200,G1,https://db.netkeiba.com/race/199008020410/,https://www.jbis.or.jp/race/result/19900429/108/10/
inari-one,3,5,5th,Hanshin Daishoten J,11 Mar 1990,Osumi Shadai,,Hanshin,Turf,3000,G2,https://db.netkeiba.com/race/199009020611/,https://www.jbis.or.jp/race/result/19900311/109/11/
inari-one,4,1,1st,Arima Kinen J,24 Dec 1989,Inari One,,Nakayama,Turf,2500,G1,https://db.netkeiba.com/race/198906050809/,https://www.jbis.or.jp/race/result/19891224/106/09/
inari-one,5,11,11th,Japan Cup J,26 Nov 1989,Horlicks,,Tokyo,Turf,2400,G1,https://db.netkeiba.com/race/198905050810/,https://www.jbis.or.jp/race/result/19891126/105/10/
inari-one,6,6,6th,Tenno Sho (Autumn) J,29 Oct 1989,Super Creek,super-creek,Tokyo,Turf,2000,G1,https://db.netkeiba.com/race/198905040810/,https://www.jbis.or.jp/race/result/19891029/105/10/
inari-one,7,2,2nd,Mainichi Okan J,8 Oct 1989,Oguri Cap,oguri-cap,Tokyo,Turf,1800,G2,https://db.netkeiba.com/race/198905040210/,https://www.jbis.or.jp/race/result/19891008/105/10/
inari-one,8,1,1st,Takarazuka Kinen J,11 Jun 1989,Inari One,,Hanshin,Turf,2200,G1,https://db.netkeiba.com/race/198909030810/,https://www.jbis.or.jp/race/result/19890611/109/10/
inari-one,9,1,1st,Tenno Sho (Spring) J,29 Apr 1989,Inari One,,Kyoto,Turf,3200,G1,https://db.netkeiba.com/race/198908030310/,https://www.jbis.or.jp/race/result/19890429/108/10/
inari-one,10,5,5th,Hanshin Daishoten J,12 Mar 1989,Namura Mononofu,,Hanshin,Turf,3000,G2,https://db.netkeiba.com/race/198909010611/,https://www.jbis.or.jp/race/result/19890312/109/11/
inari-one,11,4,4th,Subaru Stakes J,11 Feb 1989,Chunika O,,Kyoto,Turf,2000,OP,https://db.netkeiba.com/race/198908020511/,https://www.jbis.or.jp/race/result/19890211/108/11/
inari-one,12,1,1st,Tokyo Daishoten J,29 Dec 1988,Inari One,,Ooi,Dirt,3000,OP,https://db.netkeiba.com/race/198844a00109/,https://www.jbis.or.jp/race/result/19881229/220/09/
inari-one,13,2,2nd,All Japan Thoroughbred Cup J,23 Nov 1988,Fate Northern,,Kasamatsu,Dirt,2500,OP,https://db.netkeiba.com/race/198847a00110/,https://www.jbis.or.jp/race/result/19881123/223/10/
inari-one,14,3,3rd,Tokyo Kinen J,2 Nov 1988,Dash Hosho,,Ooi,Dirt,2400,OP,https://db.netkeiba.com/race/198844a00210/,https://www.jbis.or.jp/race/result/19881102/220/10/
inari-one,15,5,5th,Kanto Hai J,10 Aug 1988,Eagle Chateau,,Ooi,Dirt,1600,OP,https://db.netkeiba.com/race/198844a00309/,https://www.jbis.or.jp/race/result/19880810/220/09/
inari-one,16,7,7th,Teio Sho J,13 Apr 1988,Champion Star,,Ooi,Dirt,2000,OP,https://db.netkeiba.com/race/198844a00410/,https://www.jbis.or.jp/race/result/19880413/220/10/
inari-one,17,3,3rd,Kim Pai J,3 Mar 1988,Champion Star,,Ooi,Dirt,2000,OP,https://db.netkeiba.com/race/198844a00510/,https://www.jbis.or.jp/race/result/19880303/220/10/
inari-one,18,1,1st,Tokyo Bay Cup J,28 Dec 1987,Inari One,,Funabashi,Dirt,2000,OP,https://db.netkeiba.com/race/198743a00111/,https://www.jbis.or.jp/race/result/19871228/219/11/
inari-one,19,1,1st,Tokyo Okan Sho J,11 Nov 1987,Inari One,,Ooi,Dirt,2600,OP,https://db.netkeiba.com/race/198744a00110/,https://www.jbis.or.jp/race/result/19871111/220/10/
inari-one,20,1,1st,Twinkle Age Cup J,23 Sept 1987,Inari One,,Ooi,Dirt,1700,OP,https://db.netkeiba.com/race/198744a00209/,https://www.jbis.or.jp/race/result/19870923/220/09/
inari-one,21,1,1st,Rindo Special J,21 Aug 1987,Inari One,,Ooi,Dirt,1600,,https://db.netkeiba.com/race/198744a00309/,https://www.jbis.or.jp/race/result/19870821/220/09/
inari-one,22,1,1st,Lilac Special J,28 Jun 1987,Inari One,,Ooi,Dirt,1600,,https://db.netkeiba.com/race/198744a00408/,https://www.jbis.or.jp/race/result/19870628/220/08/
inari-one,23,1,1st,3yo Race J,14 Jun 1987,Inari One,,Ooi,Dirt,1600,,https://db.netkeiba.com/race/198744a00503/,https://www.jbis.or.jp/race/result/19870614/220/03/
inari-one,24,1,1st,3yo Race J,20 May 1987,Inari One,,Ooi,Dirt,1500,,https://db.netkeiba.com/race/198744a00603/,https://www.jbis.or.jp/race/result/19870520/220/03/
inari-one,25,,DNS,3yo Race J,2 Jan 1987,Unknown,,Ooi,Dirt,1400,,https://db.netkeiba.com/race/198744a00703/,https://www.jbis.or.jp/race/result/19870102/220/03/
inari-one,26,1,1st,2yo Newcomer Race J,9 Dec 1986,Inari One,,Ooi,Dirt,1000,Debut,https://db.netkeiba.com/race/198644a00101/,https://www.jbis.or.jp/race/result/19861209/220/01/
winning-ticket,1,8,8th,Tenno Sho (Autumn) J,30 Oct 1994,Nehai Caesar,,Tokyo,Turf,2000,G1,https://db.netkeiba.com/race/199405040810/,https://www.jbis.or.jp/race/result/19941030/105/10/
winning-ticket,2,2,2nd,All Comers J,18 Sept 1994,Biwa Hayahide,biwa-hayahide,Nakayama,Turf,2200,G3,https://db.netkeiba.com/race/199406040411/,https://www.jbis.or.jp/race/result/19940918/106/11/
winning-ticket,3,5,5th,Takamatsunomiya Hai J,10 Jul 1994,Nice Nature,nice-nature,Chukyo,Turf,2000,G2,https://db.netkeiba.com/race/199407020811/,https://www.jbis.or.jp/race/result/19940710/107/11/
winning-ticket,4,11,11th,Arima Kinen J,26 Dec 1993,Tokai Teio,tokai-teio,Nakayama,Turf,2500,G1,https://db.netkeiba.com/race/199306050809/,https://www.jbis.or.jp/race/result/19931226/106/09/
winning-ticket,5,3,3rd,Japan Cup J,28 Nov 1993,Legacy World,,Tokyo,Turf,2400,G1,https://db.netkeiba.com/race/199305050810/,https://www.jbis.or.jp/race/result/19931128/105/10/
winning-ticket,6,3,3rd,Kikuka Sho J,7 Nov 1993,Biwa Hayahide,biwa-hayahide,Kyoto,Turf,3000,G1,https://db.netkeiba.com/race/199308060210/,https://www.jbis.or.jp/race/result/19931107/108/10/
winning-ticket,7,1,1st,Kyoto Shimbun Hai J,17 Oct 1993,Winning Ticket,,Kyoto,Turf,2200,G2,https://db.netkeiba.com/race/199308050411/,https://www.jbis.or.jp/race/result/19931017/108/11/
winning-ticket,8,1,1st,Tokyo Yushun (Japanese Derby) J,30 May 1993,Winning Ticket,,Tokyo,Turf,2400,G1,https://db.netkeiba.com/race/199305030409/,https://www.jbis.or.jp/race/result/19930530/105/09/
winning-ticket,9,4,4th,Satsuki Sho J,18 Apr 1993,Narita Taishin,narita-taishin,Nakayama,Turf,2000,G1,https://db.netkeiba.com/race/199306030810/,https://www.jbis.or.jp/race/result/19930418/106/10/
winning-ticket,10,1,1st,Yayoi Sho J,7 Mar 1993,Winning Ticket,,Nakayama,Turf,2000,G2,https://db.netkeiba.com/race/199306020411/,https://www.jbis.or.jp/race/result/19930307/106/11/
winning-ticket,11,1,1st,Hopeful Stakes J,27 Dec 1992,Winning Ticket,,Nakayama,Turf,2000,OP,https://db.netkeiba.com/race/199206050806/,https://www.jbis.or.jp/race/result/19921227/106/06/
winning-ticket,12,1,1st,Habotan Sho J,6 Dec 1992,Winning Ticket,,Nakayama,Turf,2000,Pre-OP,https://db.netkeiba.com/race/199206050209/,https://www.jbis.or.jp/race/result/19921206/106/09/
winning-ticket,13,1,1st,2yo Newcomer Race J,13 Sept 1992,Winning Ticket,,Hakodate,Turf,1700,Debut,https://db.netkeiba.com/race/199202020404/,https://www.jbis.or.jp/race/result/19920913/102/04/
winning-ticket,14,5,5th,2yo Newcomer Race J,6 Sept 1992,Multi,,Hakodate,Turf,1200,Debut,https://db.netkeiba.com/race/199202020205/,https://www.jbis.or.jp/race/result/19920906/102/05/
air-shakur,1,9,9th,Arima Kinen J,22 Dec 2002,Symboli Kris S,symboli-kris-s,Nakayama,Turf,2500,G1,https://db.netkeiba.com/race/200206050809/,https://www.jbis.or.jp/race/result/20021222/106/09/
air-shakur,2,12,12th,Japan Cup J,24 Nov 2002,Falbrav,,Nakayama,Turf,2200,G1,https://db.netkeiba.com/race/200206040810/,https://www.jbis.or.jp/race/result/20021124/106/10/
air-shakur,3,4,4th,Tenno Sho (Autumn) J,27 Oct 2002,Symboli Kris S,symboli-kris-s,Nakayama,Turf,2000,G1,https://db.netkeiba.com/race/200206030811/,https://www.jbis.or.jp/race/result/20021027/106/11/
air-shakur,4,4,4th,Takarazuka Kinen J,23 Jun 2002,Dantsu Flame,dantsu-flame,Hanshin,Turf,2200,G1,https://db.netkeiba.com/race/200209030411/,https://www.jbis.or.jp/race/result/20020623/109/11/
air-shakur,5,2,2nd,Kinko Sho J,25 May 2002,Tsurumaru Boy,,Chukyo,Turf,2000,G2,https://db.netkeiba.com/race/200207020311/,https://www.jbis.or.jp/race/result/20020525/107/11/
air-shakur,6,2,2nd,Osaka Hai J,31 Mar 2002,Sunrise Pegasus,,Hanshin,Turf,2000,G2,https://db.netkeiba.com/race/200209020411/,https://www.jbis.or.jp/race/result/20020331/109/11/
air-shakur,7,5,5th,Takarazuka Kinen J,24 Jun 2001,Meisho Doto,meisho-doto,Hanshin,Turf,2200,G1,https://db.netkeiba.com/race/200109030411/,https://www.jbis.or.jp/race/result/20010624/109/11/
air-shakur,8,8,8th,Tenno Sho (Spring) J,29 Apr 2001,TM Opera O,tm-opera-o,Kyoto,Turf,3200,G1,https://db.netkeiba.com/race/200108030411/,https://www.jbis.or.jp/race/result/20010429/108/11/
air-shakur,9,2,2nd,Osaka Hai J,1 Apr 2001,Toho Dream,,Hanshin,Turf,2000,G2,https://db.netkeiba.com/race/200109020411/,https://www.jbis.or.jp/race/result/20010401/109/11/
air-shakur,10,14,14th,Japan Cup J,26 Nov 2000,TM Opera O,tm-opera-o,Tokyo,Turf,2400,G1,https://db.netkeiba.com/race/200005060810/,https://www.jbis.or.jp/race/result/20001126/105/10/
air-shakur,11,1,1st,Kikuka Sho J,22 Oct 2000,Air Shakur,,Kyoto,Turf,3000,G1,https://db.netkeiba.com/race/200008040611/,https://www.jbis.or.jp/race/result/20001022/108/11/
air-shakur,12,3,3rd,Kobe Shimbun Hai J,24 Sept 2000,Fusaichi Sonic,,Hanshin,Turf,2000,G2,https://db.netkeiba.com/race/200009040611/,https://www.jbis.or.jp/race/result/20000924/109/11/
air-shakur,13,5,5th,King George VI and Queen Elizabeth Stakes,29 Jul 2000,Montjeu,montjeu,Ascot,Turf,2414,G1,https://db.netkeiba.com/race/2000A6072900/,
air-shakur,14,2,2nd,Tokyo Yushun (Japanese Derby) J,28 May 2000,Agnes Flight,,Tokyo,Turf,2400,G1,https://db.netkeiba.com/race/200005030409/,https://www.jbis.or.jp/race/result/20000528/105/09/
air-shakur,15,1,1st,Satsuki Sho J,16 Apr 2000,Air Shakur,,Nakayama,Turf,2000,G1,https://db.netkeiba.com/race/200006030811/,https://www.jbis.or.jp/race/result/20000416/106/11/
air-shakur,16,2,2nd,Yayoi Sho J,5 Mar 2000,Fusaichi Zenon,,Nakayama,Turf,2000,G2,https://db.netkeiba.com/race/200006020411/,https://www.jbis.or.jp/race/result/20000305/106/11/
air-shakur,17,1,1st,Hopeful Stakes J,26 Dec 1999,Air Shakur,,Nakayama,Turf,2000,OP,https://db.netkeiba.com/race/199906050807/,https://www.jbis.or.jp/race/result/19991226/106/07/
air-shakur,18,2,2nd,2yo Allowance (¥5m & Less) J,11 Dec 1999,Purple Ebisu,,Hanshin,Turf,1600,Pre-OP,https://db.netkeiba.com/race/199909050307/,https://www.jbis.or.jp/race/result/19991211/109/07/
air-shakur,19,1,1st,2yo Maiden Race J,21 Nov 1999,Air Shakur,,Kyoto,Turf,1600,Maiden,https://db.netkeiba.com/race/199908050602/,https://www.jbis.or.jp/race/result/19991121/108/02/
air-shakur,20,5,5th,2yo Newcomer Race J,31 Oct 1999,Yuwa Caesar,,Tokyo,Turf,2000,Debut,https://db.netkeiba.com/race/199905040803/,https://www.jbis.or.jp/race/result/19991031/105/03/
eishin-flash,1,10,10th,Japan Cup J,24 Nov 2013,Gentildonna,gentildonna,Tokyo,Turf,2400,G1,https://db.netkeiba.com/race/201305050811/,https://www.jbis.or.jp/race/result/20131124/105/11/
eishin-flash,2,3,3rd,Tenno Sho (Autumn) J,27 Oct 2013,Just a Way,,Tokyo,Turf,2000,G1,https://db.netkeiba.com/race/201305040911/,https://www.jbis.or.jp/race/result/20131027/105/11/
eishin-flash,3,1,1st,Mainichi Okan J,6 Oct 2013,Eishin Flash,,Tokyo,Turf,1800,G2,https://db.netkeiba.com/race/201305040211/,https://www.jbis.or.jp/race/result/20131006/105/11/
eishin-flash,4,3,3rd,Queen Elizabeth II Cup,28 Apr 2013,Military Attack,,Sha Tin,Turf,2000,G1,https://db.netkeiba.com/race/2013G0a00308/,
eishin-flash,5,3,3rd,Osaka Hai J,31 Mar 2013,Orfevre,orfevre,Hanshin,Turf,2000,G2,https://db.netkeiba.com/race/201309020411/,https://www.jbis.or.jp/race/result/20130331/109/11/
eishin-flash,6,4,4th,Arima Kinen J,23 Dec 2012,Gold Ship,gold-ship,Nakayama,Turf,2500,G1,https://db.netkeiba.com/race/201206050810/,https://www.jbis.or.jp/race/result/20121223/106/10/
eishin-flash,7,9,9th,Japan Cup J,25 Nov 2012,Gentildonna,gentildonna,Tokyo,Turf,2400,G1,https://db.netkeiba.com/race/201205050811/,https://www.jbis.or.jp/race/result/20121125/105/11/
eishin-flash,8,1,1st,Tenno Sho (Autumn) J,28 Oct 2012,Eishin Flash,,Tokyo,Turf,2000,G1,https://db.netkeiba.com/race/201205040911/,https://www.jbis.or.jp/race/result/20121028/105/11/
eishin-flash,9,9,9th,Mainichi Okan J,7 Oct 2012,Curren Black Hill,,Tokyo,Turf,1800,G2,https://db.netkeiba.com/race/201205040211/,https://www.jbis.or.jp/race/result/20121007/105/11/
eishin-flash,10,6,6th,Takarazuka Kinen J,24 Jun 2012,Orfevre,orfevre,Hanshin,Turf,2200,G1,https://db.netkeiba.com/race/201209030811/,https://www.jbis.or.jp/race/result/20120624/109/11/
eishin-flash,11,6,6th,Dubai World Cup,31 Mar 2012,Monterosso,,Meydan,Synthetic,2000,G1,https://db.netkeiba.com/race/2012C7a00809/,
eishin-flash,12,2,2nd,Arima Kinen J,25 Dec 2011,Orfevre,orfevre,Nakayama,Turf,2500,G1,https://db.netkeiba.com/race/201106050810/,https://www.jbis.or.jp/race/result/20111225/106/10/
eishin-flash,13,8,8th,Japan Cup J,27 Nov 2011,Buena Vista,buena-vista,Tokyo,Turf,2400,G1,https://db.netkeiba.com/race/201105050810/,https://www.jbis.or.jp/race/result/20111127/105/10/
eishin-flash,14,6,6th,Tenno Sho (Autumn) J,30 Oct 2011,Tosen Jordan,tosen-jordan,Tokyo,Turf,2000,G1,https://db.netkeiba.com/race/201105040911/,https://www.jbis.or.jp/race/result/20111030/105/11/
eishin-flash,15,3,3rd,Takarazuka Kinen J,26 Jun 2011,Earnestly,,Hanshin,Turf,2200,G1,https://db.netkeiba.com/race/201109040411/,https://www.jbis.or.jp/race/result/20110626/109/11/
eishin-flash,16,2,2nd,Tenno Sho (Spring) J,1 May 2011,Hiruno d'Amour,,Kyoto,Turf,3200,G1,https://db.netkeiba.com/race/201108030411/,https://www.jbis.or.jp/race/result/20110501/108/11/
eishin-flash,17,3,3rd,Osaka Hai J,3 Apr 2011,Hiruno d'Amour,,Hanshin,Turf,2000,G2,https://db.netkeiba.com/race/201109020411/,https://www.jbis.or.jp/race/result/20110403/109/11/
eishin-flash,18,7,7th,Arima Kinen J,26 Dec 2010,Victoire Pisa,victoire-pisa,Nakayama,Turf,2500,G1,https://db.netkeiba.com/race/201006050810/,https://www.jbis.or.jp/race/result/20101226/106/10/
eishin-flash,19,8,8th,Japan Cup J,28 Nov 2010,Rose Kingdom,rose-kingdom,Tokyo,Turf,2400,G1,https://db.netkeiba.com/race/201005050810/,https://www.jbis.or.jp/race/result/20101128/105/10/
eishin-flash,20,2,2nd,Kobe Shimbun Hai J,26 Sept 2010,Rose Kingdom,rose-kingdom,Hanshin,Turf,2400,G2,https://db.netkeiba.com/race/201009040610/,https://www.jbis.or.jp/race/result/20100926/109/10/
eishin-flash,21,1,1st,Tokyo Yushun (Japanese Derby) J,30 May 2010,Eishin Flash,,Tokyo,Turf,2400,G1,https://db.netkeiba.com/race/201005030410/,https://www.jbis.or.jp/race/result/20100530/105/10/
eishin-flash,22,3,3rd,Satsuki Sho J,18 Apr 2010,Victoire Pisa,victoire-pisa,Nakayama,Turf,2000,G1,https://db.netkeiba.com/race/201006030811/,https://www.jbis.or.jp/race/result/20100418/106/11/
eishin-flash,23,1,1st,Keisei Hai J,17 Jan 2010,Eishin Flash,,Nakayama,Turf,2000,G3,https://db.netkeiba.com/race/201006010611/,https://www.jbis.or.jp/race/result/20100117/106/11/
eishin-flash,24,1,1st,Erica Sho J,13 Dec 2009,Eishin Flash,,Hanshin,Turf,2000,Pre-OP,https://db.netkeiba.com/race/200909050409/,https://www.jbis.or.jp/race/result/20091213/109/09/
eishin-flash,25,3,3rd,Hagi Stakes J,31 Oct 2009,Cosmo Phantom,,Kyoto,Turf,1800,OP,https://db.netkeiba.com/race/200908040709/,https://www.jbis.or.jp/race/result/20091031/108/09/
eishin-flash,26,1,1st,2yo Maiden Race J,11 Oct 2009,Eishin Flash,,Kyoto,Turf,2000,Maiden,https://db.netkeiba.com/race/200908040203/,https://www.jbis.or.jp/race/result/20091011/108/03/
eishin-flash,27,6,6th,2yo Newcomer Race J,12 Jul 2009,Meine Aroma,,Hanshin,Turf,1800,Debut,https://db.netkeiba.com/race/200909030804/,https://www.jbis.or.jp/race/result/20090712/109/04/
curren-chan,1,7,7th,Hong Kong Sprint,9 Dec 2012,Lord Kanaloa,,Sha Tin,Turf,1200,G1,https://db.netkeiba.com/race/2012G0a01705/,
curren-chan,2,2,2nd,Sprinters Stakes J,30 Sept 2012,Lord Kanaloa,,Nakayama,Turf,1200,G1,https://db.netkeiba.com/race/201206040911/,https://www.jbis.or.jp/race/result/20120930/106/11/
curren-chan,3,4,4th,Centaur Stakes J,9 Sept 2012,Epice Arome,,Hanshin,Turf,1200,G2,https://db.netkeiba.com/race/201209040211/,https://www.jbis.or.jp/race/result/20120909/109/11/
curren-chan,4,1,1st,Takamatsunomiya Kinen J,25 Mar 2012,Curren Chan,,Chukyo,Turf,1200,G1,https://db.netkeiba.com/race/201207010811/,https://www.jbis.or.jp/race/result/20120325/107/11/
curren-chan,5,4,4th,Ocean Stakes J,3 Mar 2012,One Carat,,Nakayama,Turf,1200,G3,https://db.netkeiba.com/race/201206020311/,https://www.jbis.or.jp/race/result/20120303/106/11/
curren-chan,6,5,5th,Hong Kong Sprint,11 Dec 2011,Lucky Nine,,Sha Tin,Turf,1200,G1,https://db.netkeiba.com/race/2011G0a00f05/,
curren-chan,7,1,1st,Sprinters Stakes J,2 Oct 2011,Curren Chan,,Nakayama,Turf,1200,G1,https://db.netkeiba.com/race/201106040811/,https://www.jbis.or.jp/race/result/20111002/106/11/
curren-chan,8,1,1st,Keeneland Cup J,28 Aug 2011,Curren Chan,,Sapporo,Turf,1200,G3,https://db.netkeiba.com/race/201101010611/,https://www.jbis.or.jp/race/result/20110828/101/11/
curren-chan,9,1,1st,Hakodate Sprint Stakes J,3 Jul 2011,Curren Chan,,Hakodate,Turf,1200,G3,https://db.netkeiba.com/race/201102010611/,https://www.jbis.or.jp/race/result/20110703/102/11/
curren-chan,10,1,1st,Hanshin Himba Stakes J,9 Apr 2011,Curren Chan,,Hanshin,Turf,1400,G2,https://db.netkeiba.com/race/201109020511/,https://www.jbis.or.jp/race/result/20110409/109/11/
curren-chan,11,1,1st,Yamashiro Stakes J,19 Feb 2011,Curren Chan,,Kyoto,Turf,1200,Pre-OP,https://db.netkeiba.com/race/201108020711/,https://www.jbis.or.jp/race/result/20110219/108/11/
curren-chan,12,3,3rd,Fushimi Stakes J,23 Jan 2011,Orion Stars,,Kyoto,Turf,1200,Pre-OP,https://db.netkeiba.com/race/201108010810/,https://www.jbis.or.jp/race/result/20110123/108/10/
curren-chan,13,1,1st,Shiosai Tokubetsu J,19 Jun 2010,Curren Chan,,Hakodate,Turf,1200,Pre-OP,https://db.netkeiba.com/race/201002010111/,https://www.jbis.or.jp/race/result/20100619/102/11/
curren-chan,14,2,2nd,Aoi Stakes J,15 May 2010,Keiai Daisy,,Kyoto,Turf,1200,OP,https://db.netkeiba.com/race/201008030709/,https://www.jbis.or.jp/race/result/20100515/108/09/
curren-chan,15,8,8th,Fillies' Revue J,14 Mar 2010,Sound Barrier,,Hanshin,Turf,1400,G2,https://db.netkeiba.com/race/201009010611/,https://www.jbis.or.jp/race/result/20100314/109/11/
curren-chan,16,1,1st,Moegi Sho J,7 Feb 2010,Curren Chan,,Chukyo,Turf,1200,Pre-OP,https://db.netkeiba.com/race/201007010610/,https://www.jbis.or.jp/race/result/20100207/107/10/
curren-chan,17,1,1st,3yo Maiden Race J,16 Jan 2010,Curren Chan,,Kyoto,Dirt,1200,Maiden,https://db.netkeiba.com/race/201008010502/,https://www.jbis.or.jp/race/result/20100116/108/02/
curren-chan,18,2,2nd,2yo Newcomer Race J,26 Dec 2009,Takano King,,Hanshin,Dirt,1200,Debut,https://db.netkeiba.com/race/200909050706/,https://www.jbis.or.jp/race/result/20091226/109/06/
kawakami-princess,1,9,9th,Queen Elizabeth II Cup J,15 Nov 2009,Queen Spumante,,Kyoto,Turf,2200,G1,https://db.netkeiba.com/race/200908050411/,https://www.jbis.or.jp/race/result/20091115/108/11/
kawakami-princess,2,6,6th,Fuchu Himba Stakes J,18 Oct 2009,Mood Indigo,,Tokyo,Turf,1800,G3,https://db.netkeiba.com/race/200905040411/,https://www.jbis.or.jp/race/result/20091018/105/11/
kawakami-princess,3,8,8th,Victoria Mile J,17 May 2009,Vodka,vodka,Tokyo,Turf,1600,G1,https://db.netkeiba.com/race/200905020811/,https://www.jbis.or.jp/race/result/20090517/105/11/
kawakami-princess,4,3,3rd,Osaka Hai J,5 Apr 2009,Dream Journey,dream-journey,Hanshin,Turf,2000,G2,https://db.netkeiba.com/race/200909020410/,https://www.jbis.or.jp/race/result/20090405/109/10/
kawakami-princess,5,4,4th,Kyoto Kinen J,21 Feb 2009,Asakusa Kings,,Kyoto,Turf,2200,G2,https://db.netkeiba.com/race/200908020711/,https://www.jbis.or.jp/race/result/20090221/108/11/
kawakami-princess,6,7,7th,Arima Kinen J,28 Dec 2008,Daiwa Scarlet,daiwa-scarlet,Nakayama,Turf,2500,G1,https://db.netkeiba.com/race/200806050810/,https://www.jbis.or.jp/race/result/20081228/106/10/
kawakami-princess,7,2,2nd,Queen Elizabeth II Cup J,16 Nov 2008,Little Amapola,,Kyoto,Turf,2200,G1,https://db.netkeiba.com/race/200808050411/,https://www.jbis.or.jp/race/result/20081116/108/11/
kawakami-princess,8,2,2nd,Fuchu Himba Stakes J,19 Oct 2008,Blumenblatt,,Tokyo,Turf,1800,G3,https://db.netkeiba.com/race/200805040411/,https://www.jbis.or.jp/race/result/20081019/105/11/
kawakami-princess,9,3,3rd,Kinko Sho J,31 May 2008,Eishin Deputy,,Chukyo,Turf,2000,G2,https://db.netkeiba.com/race/200807020311/,https://www.jbis.or.jp/race/result/20080531/107/11/
kawakami-princess,10,6,6th,Takarazuka Kinen J,24 Jun 2007,Admire Moon,,Hanshin,Turf,2200,G1,https://db.netkeiba.com/race/200709030411/,https://www.jbis.or.jp/race/result/20070624/109/11/
kawakami-princess,11,10,10th,Victoria Mile J,13 May 2007,Koiuta,,Tokyo,Turf,1600,Jpn1,https://db.netkeiba.com/race/200705020811/,https://www.jbis.or.jp/race/result/20070513/105/11/
kawakami-princess,12,12,12th,Queen Elizabeth II Cup J,12 Nov 2006,Fusaichi Pandora,fusaichi-pandora,Kyoto,Turf,2200,G1,https://db.netkeiba.com/race/200608060411/,https://www.jbis.or.jp/race/result/20061112/108/11/
kawakami-princess,13,1,1st,Shuka Sho J,15 Oct 2006,Kawakami Princess,,Kyoto,Turf,2000,G1,https://db.netkeiba.com/race/200608050411/,https://www.jbis.or.jp/race/result/20061015/108/11/
kawakami-princess,14,1,1st,Japanese Oaks J,21 May 2006,Kawakami Princess,,Tokyo,Turf,2400,G1,https://db.netkeiba.com/race/200605030211/,https://www.jbis.or.jp/race/result/20060521/105/11/
kawakami-princess,15,1,1st,Sweetpea Stakes J,30 Apr 2006,Kawakami Princess,,Tokyo,Turf,1800,OP,https://db.netkeiba.com/race/200605020411/,https://www.jbis.or.jp/race/result/20060430/105/11/
kawakami-princess,16,1,1st,Kunshiran Sho J,26 Mar 2006,Kawakami Princess,,Hanshin,Turf,1400,Pre-OP,https://db.netkeiba.com/race/200609020209/,https://www.jbis.or.jp/race/result/20060326/109/09/
kawakami-princess,17,1,1st,3yo Newcomer Race J,26 Feb 2006,Kawakami Princess,,Hanshin,Turf,1400,Debut,https://db.netkeiba.com/race/200609010205/,https://www.jbis.or.jp/race/result/20060226/109/05/
gold-city,1,10,10th,Takarazuka Kinen J,11 Jun 1989,Inari One,inari-one,Hanshin,Turf,2200,G1,https://db.netkeiba.com/race/198909030810/,https://www.jbis.or.jp/race/result/19890611/109/10/
gold-city,2,11,11th,Tenno Sho (Spring) J,29 Apr 1989,Inari One,inari-one,Kyoto,Turf,3200,G1,https://db.netkeiba.com/race/198908030310/,https://www.jbis.or.jp/race/result/19890429/108/10/
gold-city,3,3,3rd,Osaka Hai J,2 Apr 1989,Yaeno Muteki,yaeno-muteki,Hanshin,Turf,2000,G2,https://db.netkeiba.com/race/198909020411/,https://www.jbis.or.jp/race/result/19890402/109/11/
gold-city,4,12,12th,Japan Cup J,27 Nov 1988,Pay the Butler,,Tokyo,Turf,2400,G1,https://db.netkeiba.com/race/198805070810/,https://www.jbis.or.jp/race/result/19881127/105/10/
gold-city,5,3,3rd,Kyoto Daishoten J,9 Oct 1988,Meisho Eikan,,Kyoto,Turf,2400,G2,https://db.netkeiba.com/race/198808040211/,https://www.jbis.or.jp/race/result/19881009/108/11/
gold-city,6,5,5th,Tenno Sho (Spring) J,29 Apr 1988,Tamamo Cross,tamamo-cross,Kyoto,Turf,3200,G1,https://db.netkeiba.com/race/198808030310/,https://www.jbis.or.jp/race/result/19880429/108/10/
gold-city,7,4,4th,Osaka Hai J,3 Apr 1988,Fresh Voice,,Hanshin,Turf,2000,G2,https://db.netkeiba.com/race/198809020411/,https://www.jbis.or.jp/race/result/19880403/109/11/
gold-city,8,6,6th,Naruo Kinen J,6 Dec 1987,Tamamo Cross,tamamo-cross,Hanshin,Turf,2500,G2,https://db.netkeiba.com/race/198709050210/,https://www.jbis.or.jp/race/result/19871206/109/10/
gold-city,9,2,2nd,Kikuka Sho J,8 Nov 1987,Sakura Star O,,Kyoto,Turf,3000,G1,https://db.netkeiba.com/race/198708050210/,https://www.jbis.or.jp/race/result/19871108/108/10/
gold-city,10,,DQ,Kyoto Shimbun Hai J,18 Oct 1987,Leo Tenzan,,Kyoto,Turf,2200,G2,https://db.netkeiba.com/race/198708040411/,https://www.jbis.or.jp/race/result/19871018/108/11/
gold-city,11,3,3rd,Kobe Shimbun Hai J,27 Sept 1987,Max Beauty,,Hanshin,Turf,2000,G2,https://db.netkeiba.com/race/198709040611/,https://www.jbis.or.jp/race/result/19870927/109/11/
gold-city,12,4,4th,Tokyo Yushun (Japanese Derby) J,31 May 1987,Merry Nice,,Tokyo,Turf,2400,G1,https://db.netkeiba.com/race/198705030410/,https://www.jbis.or.jp/race/result/19870531/105/10/
gold-city,13,2,2nd,Satsuki Sho J,19 Apr 1987,Sakura Star O,,Nakayama,Turf,2000,G1,https://db.netkeiba.com/race/198706030810/,https://www.jbis.or.jp/race/result/19870419/106/10/
gold-city,14,6,6th,Spring Stakes J,29 Mar 1987,Material,,Nakayama,Turf,1800,G2,https://db.netkeiba.com/race/198706030211/,https://www.jbis.or.jp/race/result/19870329/106/11/
gold-city,15,1,1st,Hanshin Sansai Stakes J,14 Dec 1986,Gold City,,Hanshin,Turf,1600,G1,https://db.netkeiba.com/race/198609050610/,https://www.jbis.or.jp/race/result/19861214/109/10/
gold-city,16,1,1st,Cosmos Sho J,20 Sept 1986,Gold City,,Hakodate,Turf,1700,OP,https://db.netkeiba.com/race/198602020707/,https://www.jbis.or.jp/race/result/19860920/102/07/
gold-city,17,2,2nd,Sapporo Sansai Stakes J,27 Jul 1986,Gal Dancer,,Sapporo,Dirt,1200,G3,https://db.netkeiba.com/race/198601020810/,https://www.jbis.or.jp/race/result/19860727/101/10/
gold-city,18,1,1st,2yo Maiden Race J,12 Jul 1986,Gold City,,Sapporo,Dirt,1200,Maiden,https://db.netkeiba.com/race/198601020301/,https://www.jbis.or.jp/race/result/19860712/101/01/
gold-city,19,2,2nd,2yo Newcomer Race J,29 Jun 1986,Kyoei Yuki,,Sapporo,Dirt,1200,Debut,https://db.netkeiba.com/race/198601010802/,https://www.jbis.or.jp/race/result/19860629/101/02/
gold-city,20,5,5th,2yo Newcomer Race J,15 Jun 1986,Miho Best,,Sapporo,Dirt,1000,Debut,https://db.netkeiba.com/race/198601010402/,https://www.jbis.or.jp/race/result/19860615/101/02/
sakura-bakushin-o,1,1,1st,Sprinters Stakes J,18 Dec 1994,Sakura Bakushin O,,Nakayama,Turf,1200,G1,https://db.netkeiba.com/race/199406050610/,https://www.jbis.or.jp/race/result/19941218/106/10/
sakura-bakushin-o,2,2,2nd,Mile Championship J,20 Nov 1994,North Flight,north-flight,Kyoto,Turf,1600,G1,https://db.netkeiba.com/race/199408010611/,https://www.jbis.or.jp/race/result/19941120/108/11/
sakura-bakushin-o,3,1,1st,Swan Stakes J,29 Oct 1994,Sakura Bakushin O,,Hanshin,Turf,1400,G2,https://db.netkeiba.com/race/199409060711/,https://www.jbis.or.jp/race/result/19941029/109/11/
sakura-bakushin-o,4,4,4th,Mainichi Okan J,9 Oct 1994,Nehai Caesar,,Tokyo,Turf,1800,G2,https://db.netkeiba.com/race/199405040211/,https://www.jbis.or.jp/race/result/19941009/105/11/
sakura-bakushin-o,5,4,4th,Yasuda Kinen J,15 May 1994,North Flight,north-flight,Tokyo,Turf,1600,G1,https://db.netkeiba.com/race/199405020811/,https://www.jbis.or.jp/race/result/19940515/105/11/
sakura-bakushin-o,6,1,1st,Lord Derby Challenge Trophy J,3 Apr 1994,Sakura Bakushin O,,Nakayama,Turf,1200,G3,https://db.netkeiba.com/race/199406030411/,https://www.jbis.or.jp/race/result/19940403/106/11/
sakura-bakushin-o,7,1,1st,Sprinters Stakes J,19 Dec 1993,Sakura Bakushin O,,Nakayama,Turf,1200,G1,https://db.netkeiba.com/race/199306050610/,https://www.jbis.or.jp/race/result/19931219/106/10/
sakura-bakushin-o,8,1,1st,Capital Stakes J,27 Nov 1993,Sakura Bakushin O,,Tokyo,Turf,1400,OP,https://db.netkeiba.com/race/199305050711/,https://www.jbis.or.jp/race/result/19931127/105/11/
sakura-bakushin-o,9,4,4th,Ireland Trophy J,30 Oct 1993,Iide Zao,,Tokyo,Turf,1600,OP,https://db.netkeiba.com/race/199305040711/,https://www.jbis.or.jp/race/result/19931030/105/11/
sakura-bakushin-o,10,1,1st,Autumn Sprint Stakes J,2 Oct 1993,Sakura Bakushin O,,Nakayama,Turf,1200,OP,https://db.netkeiba.com/race/199306040711/,https://www.jbis.or.jp/race/result/19931002/106/11/
sakura-bakushin-o,11,6,6th,Sprinters Stakes J,20 Dec 1992,Nishino Flower,nishino-flower,Nakayama,Turf,1200,G1,https://db.netkeiba.com/race/199206050610/,https://www.jbis.or.jp/race/result/19921220/106/10/
sakura-bakushin-o,12,1,1st,Capital Stakes J,28 Nov 1992,Sakura Bakushin O,,Tokyo,Turf,1400,OP,https://db.netkeiba.com/race/199205050711/,https://www.jbis.or.jp/race/result/19921128/105/11/
sakura-bakushin-o,13,7,7th,Tamagawa Stakes J,31 Oct 1992,Kyoei Bonanza,,Tokyo,Turf,1600,OP,https://db.netkeiba.com/race/199205040710/,https://www.jbis.or.jp/race/result/19921031/105/10/
sakura-bakushin-o,14,3,3rd,Keio Hai Autumn Handicap J,13 Sept 1992,Toshi Green,,Nakayama,Turf,1600,G3,https://db.netkeiba.com/race/199206040211/,https://www.jbis.or.jp/race/result/19920913/106/11/
sakura-bakushin-o,15,7,7th,New Zealand Trophy Yonsai Stakes J,7 Jun 1992,Shinko Lovely,,Tokyo,Turf,1600,G2,https://db.netkeiba.com/race/199205030611/,https://www.jbis.or.jp/race/result/19920607/105/11/
sakura-bakushin-o,16,1,1st,Shobu Stakes J,9 May 1992,Sakura Bakushin O,,Tokyo,Turf,1400,OP,https://db.netkeiba.com/race/199205020509/,https://www.jbis.or.jp/race/result/19920509/105/09/
sakura-bakushin-o,17,1,1st,Crystal Cup J,18 Apr 1992,Sakura Bakushin O,,Nakayama,Turf,1200,G3,https://db.netkeiba.com/race/199206030711/,https://www.jbis.or.jp/race/result/19920418/106/11/
sakura-bakushin-o,18,12,12th,Spring Stakes J,29 Mar 1992,Mihono Bourbon,mihono-bourbon,Nakayama,Turf,1800,G2,https://db.netkeiba.com/race/199206030211/,https://www.jbis.or.jp/race/result/19920329/106/11/
sakura-bakushin-o,19,1,1st,Sakuraso Tokubetsu J,14 Mar 1992,Sakura Bakushin O,,Nakayama,Turf,1200,Pre-OP,https://db.netkeiba.com/race/199206020510/,https://www.jbis.or.jp/race/result/19920314/106/10/
sakura-bakushin-o,20,2,2nd,Kurochiku Sho J,26 Jan 1992,Meiner Coat,,Nakayama,Turf,1600,Pre-OP,https://db.netkeiba.com/race/199206010809/,https://www.jbis.or.jp/race/result/19920126/106/09/
sakura-bakushin-o,21,1,1st,3yo Newcomer Race J,12 Jan 1992,Sakura Bakushin O,,Nakayama,Dirt,1200,Debut,https://db.netkeiba.com/race/199206010404/,https://www.jbis.or.jp/race/result/19920112/106/04/
seeking-the-pearl,1,7,7th,Laurel Dash Stakes,17 Oct 1999,Grapeshot,,Laurel Park,Turf,1207,G3,,
seeking-the-pearl,2,4,4th,Noble Damsel Handicap,2 Oct 1999,Khumba Mela,,Belmont Park,Turf,1609,G3,,
seeking-the-pearl,3,3,3rd,Yasuda Kinen J,13 Jun 1999,Air Jihad,,Tokyo,Turf,1600,G1,https://db.netkeiba.com/race/199905030811/,https://www.jbis.or.jp/race/result/19990613/105/11/
seeking-the-pearl,4,2,2nd,Takamatsunomiya Kinen J,23 May 1999,Masa Lucky,,Chukyo,Turf,1200,G1,https://db.netkeiba.com/race/199907030211/,https://www.jbis.or.jp/race/result/19990523/107/11/
seeking-the-pearl,5,4,4th,Santa Monica Handicap,23 Jan 1999,Stop Traffic,,Santa Anita Park,Dirt,1408,G1,https://db.netkeiba.com/race/1999A4012307/,
seeking-the-pearl,6,2,2nd,Sprinters Stakes J,20 Dec 1998,Meiner Love,,Nakayama,Turf,1200,G1,https://db.netkeiba.com/race/199806050611/,https://www.jbis.or.jp/race/result/19981220/106/11/
seeking-the-pearl,7,8,8th,Mile Championship J,22 Nov 1998,Taiki Shuttle,taiki-shuttle,Kyoto,Turf,1600,G1,https://db.netkeiba.com/race/199808060611/,https://www.jbis.or.jp/race/result/19981122/108/11/
seeking-the-pearl,8,5,5th,Prix du Moulin de Longchamp,6 Sept 1998,Desert Prince,,Longchamp,Turf,1600,G1,https://db.netkeiba.com/race/1998A8090600/,
seeking-the-pearl,9,1,1st,Prix Maurice de Gheest,9 Aug 1998,Seeking the Pearl,,Deauville,Turf,1300,G1,https://db.netkeiba.com/race/1998A8080900/,
seeking-the-pearl,10,10,10th,Yasuda Kinen J,14 Jun 1998,Taiki Shuttle,taiki-shuttle,Tokyo,Turf,1600,G1,https://db.netkeiba.com/race/199805030811/,https://www.jbis.or.jp/race/result/19980614/105/11/
seeking-the-pearl,11,4,4th,Takamatsunomiya Kinen J,24 May 1998,Shinko Forest,,Chukyo,Turf,1200,G1,https://db.netkeiba.com/race/199807030211/,https://www.jbis.or.jp/race/result/19980524/107/11/
seeking-the-pearl,12,1,1st,Silk Road Stakes J,26 Apr 1998,Seeking the Pearl,,Kyoto,Turf,1200,G3,https://db.netkeiba.com/race/199808030211/,https://www.jbis.or.jp/race/result/19980426/108/11/
seeking-the-pearl,13,3,3rd,Rose Stakes J,21 Sept 1997,Kyoei March,,Hanshin,Turf,2000,G2,https://db.netkeiba.com/race/199709040611/,https://www.jbis.or.jp/race/result/19970921/109/11/
seeking-the-pearl,14,1,1st,NHK Mile Cup J,11 May 1997,Seeking the Pearl,,Tokyo,Turf,1600,G1,https://db.netkeiba.com/race/199705020811/,https://www.jbis.or.jp/race/result/19970511/105/11/
seeking-the-pearl,15,1,1st,New Zealand Trophy Yonsai Stakes J,20 Apr 1997,Seeking the Pearl,,Tokyo,Turf,1400,G2,https://db.netkeiba.com/race/199705020211/,https://www.jbis.or.jp/race/result/19970420/105/11/
seeking-the-pearl,16,1,1st,Flower Cup J,15 Mar 1997,Seeking the Pearl,,Nakayama,Turf,1800,G3,https://db.netkeiba.com/race/199706020711/,https://www.jbis.or.jp/race/result/19970315/106/11/
seeking-the-pearl,17,1,1st,Shinzan Kinen J,15 Jan 1997,Seeking the Pearl,,Kyoto,Turf,1600,G3,https://db.netkeiba.com/race/199708010611/,https://www.jbis.or.jp/race/result/19970115/108/11/
seeking-the-pearl,18,4,4th,Hanshin Sansai Himba Stakes J,1 Dec 1996,Mejiro Dober,mejiro-dober,Hanshin,Turf,1600,G1,https://db.netkeiba.com/race/199609050211/,https://www.jbis.or.jp/race/result/19961201/109/11/
seeking-the-pearl,19,1,1st,Daily Hai Sansai Stakes J,19 Oct 1996,Seeking the Pearl,,Kyoto,Turf,1400,G2,https://db.netkeiba.com/race/199608040511/,https://www.jbis.or.jp/race/result/19961019/108/11/
seeking-the-pearl,20,3,3rd,Niigata Sansai Stakes J,1 Sept 1996,Personality One,,Nakayama,Turf,1200,G3,https://db.netkeiba.com/race/199606040811/,https://www.jbis.or.jp/race/result/19960901/106/11/
seeking-the-pearl,21,1,1st,2yo Newcomer Race J,20 Jul 1996,Seeking the Pearl,,Kokura,Turf,1200,Debut,https://db.netkeiba.com/race/199610020305/,https://www.jbis.or.jp/race/result/19960720/110/05/
shinko-windy,1,4,4th,Nippon TV Hai J,15 Sept 1999,Snow Endeavor,,Funabashi,Dirt,1800,G3,https://db.netkeiba.com/race/199943091510/,https://www.jbis.or.jp/race/result/19990915/219/10/
shinko-windy,2,6,6th,Kanetsu Stakes J,14 Aug 1999,Gaily Magnum,,Niigata,Dirt,1700,OP,https://db.netkeiba.com/race/199904030111/,https://www.jbis.or.jp/race/result/19990814/104/11/
shinko-windy,3,5,5th,Nada Stakes J,4 Jul 1999,Magic Game,,Hanshin,Dirt,1800,OP,https://db.netkeiba.com/race/199909030611/,https://www.jbis.or.jp/race/result/19990704/109/11/
shinko-windy,4,13,13th,Yasuda Kinen J,13 Jun 1999,Air Jihad,,Tokyo,Turf,1600,G1,https://db.netkeiba.com/race/199905030811/,https://www.jbis.or.jp/race/result/19990613/105/11/
shinko-windy,5,7,7th,Teio Sho J,24 Jun 1997,Concert Boy,,Ooi,Dirt,2000,G1,https://db.netkeiba.com/race/199744062409/,https://www.jbis.or.jp/race/result/19970624/220/09/
shinko-windy,6,5,5th,Antares Stakes J,3 May 1997,M.I.Blanc,,Kyoto,Dirt,1800,G3,https://db.netkeiba.com/race/199708030511/,https://www.jbis.or.jp/race/result/19970503/108/11/
shinko-windy,7,1,1st,February Stakes J,16 Feb 1997,Shinko Windy,,Tokyo,Dirt,1600,G1,https://db.netkeiba.com/race/199705010811/,https://www.jbis.or.jp/race/result/19970216/105/11/
shinko-windy,8,1,1st,Heian Stakes J,6 Jan 1997,"Shinko Windy , Toyo Seattle",,Kyoto,Dirt,1800,G3,https://db.netkeiba.com/race/199708010211/,https://www.jbis.or.jp/race/result/19970106/108/11/
shinko-windy,9,3,3rd,Derby Grand Prix J,23 Nov 1996,Ishino Sunday,,Morioka,Dirt,2000,,https://db.netkeiba.com/race/199635112310/,https://www.jbis.or.jp/race/result/19961123/210/10/
shinko-windy,10,2,2nd,Super Dirt Derby J,1 Nov 1996,Sanlife Teio,,Ooi,Dirt,2000,,https://db.netkeiba.com/race/199644110109/,https://www.jbis.or.jp/race/result/19961101/220/09/
shinko-windy,11,1,1st,Unicorn Stakes J,28 Sept 1996,Shinko Windy,,Nakayama,Dirt,1800,G3,https://db.netkeiba.com/race/199606050711/,https://www.jbis.or.jp/race/result/19960928/106/11/
shinko-windy,12,2,2nd,Tateyama Tokubetsu J,31 Aug 1996,Daiwa Ocean,,Nakayama,Dirt,1800,Pre-OP,https://db.netkeiba.com/race/199606040710/,https://www.jbis.or.jp/race/result/19960831/106/10/
shinko-windy,13,1,1st,Asagao Sho J,29 Jun 1996,Shinko Windy,,Nakayama,Dirt,1800,Pre-OP,https://db.netkeiba.com/race/199606030509/,https://www.jbis.or.jp/race/result/19960629/106/09/
shinko-windy,14,4,4th,Hosenka Sho J,9 Jun 1996,Big Baillamont,,Tokyo,Turf,2000,Pre-OP,https://db.netkeiba.com/race/199605040807/,https://www.jbis.or.jp/race/result/19960609/105/07/
shinko-windy,15,2,2nd,Kokemomo Sho J,27 Apr 1996,Happy Woodman,,Niigata,Turf,2200,Pre-OP,https://db.netkeiba.com/race/199604010309/,https://www.jbis.or.jp/race/result/19960427/104/09/
shinko-windy,16,4,4th,Fukinoto Tokubetsu J,3 Mar 1996,Boston Emperor,,Chukyo,Turf,1800,Pre-OP,https://db.netkeiba.com/race/199607010209/,https://www.jbis.or.jp/race/result/19960303/107/09/
shinko-windy,17,1,1st,3yo Newcomer Race J,5 Jan 1996,Shinko Windy,,Tokyo,Dirt,1200,Debut,https://db.netkeiba.com/race/199605010102/,https://www.jbis.or.jp/race/result/19960105/105/02/
sweep-tosho,1,3,3rd,Queen Elizabeth II Cup J,11 Nov 2007,Daiwa Scarlet,daiwa-scarlet,Kyoto,Turf,2200,G1,https://db.netkeiba.com/race/200708050411/,https://www.jbis.or.jp/race/result/20071111/108/11/
sweep-tosho,2,4,4th,Swan Stakes J,27 Oct 2007,Super Hornet,,Kyoto,Turf,1400,G2,https://db.netkeiba.com/race/200708040811/,https://www.jbis.or.jp/race/result/20071027/108/11/
sweep-tosho,3,9,9th,Victoria Mile J,13 May 2007,Koiuta,,Tokyo,Turf,1600,Jpn1,https://db.netkeiba.com/race/200705020811/,https://www.jbis.or.jp/race/result/20070513/105/11/
sweep-tosho,4,2,2nd,Milers Cup J,14 Apr 2007,Kongo Rikishio,,Hanshin,Turf,1600,G2,https://db.netkeiba.com/race/200709020711/,https://www.jbis.or.jp/race/result/20070414/109/11/
sweep-tosho,5,10,10th,Arima Kinen J,24 Dec 2006,Deep Impact,,Nakayama,Turf,2500,G1,https://db.netkeiba.com/race/200606050809/,https://www.jbis.or.jp/race/result/20061224/106/09/
sweep-tosho,6,2,2nd,Queen Elizabeth II Cup J,12 Nov 2006,Fusaichi Pandora,fusaichi-pandora,Kyoto,Turf,2200,G1,https://db.netkeiba.com/race/200608060411/,https://www.jbis.or.jp/race/result/20061112/108/11/
sweep-tosho,7,5,5th,Tenno Sho (Autumn) J,29 Oct 2006,Daiwa Major,,Tokyo,Turf,2000,G1,https://db.netkeiba.com/race/200605040811/,https://www.jbis.or.jp/race/result/20061029/105/11/
sweep-tosho,8,1,1st,Kyoto Daishoten J,8 Oct 2006,Sweep Tosho,,Kyoto,Turf,2400,G2,https://db.netkeiba.com/race/200608050211/,https://www.jbis.or.jp/race/result/20061008/108/11/
sweep-tosho,9,1,1st,Queen Elizabeth II Cup J,13 Nov 2005,Sweep Tosho,,Kyoto,Turf,2200,G1,https://db.netkeiba.com/race/200508050411/,https://www.jbis.or.jp/race/result/20051113/108/11/
sweep-tosho,10,5,5th,Tenno Sho (Autumn) J,30 Oct 2005,Heavenly Romance,,Tokyo,Turf,2000,G1,https://db.netkeiba.com/race/200505040810/,https://www.jbis.or.jp/race/result/20051030/105/10/
sweep-tosho,11,6,6th,Mainichi Okan J,9 Oct 2005,Sunrise Pegasus,,Tokyo,Turf,1800,G2,https://db.netkeiba.com/race/200505040211/,https://www.jbis.or.jp/race/result/20051009/105/11/
sweep-tosho,12,1,1st,Takarazuka Kinen J,26 Jun 2005,Sweep Tosho,,Hanshin,Turf,2200,G1,https://db.netkeiba.com/race/200509030411/,https://www.jbis.or.jp/race/result/20050626/109/11/
sweep-tosho,13,2,2nd,Yasuda Kinen J,5 Jun 2005,Asakusa Den'en,,Tokyo,Turf,1600,G1,https://db.netkeiba.com/race/200505030611/,https://www.jbis.or.jp/race/result/20050605/105/11/
sweep-tosho,14,5,5th,Miyakooji Stakes J,8 May 2005,Keiai Guard,,Kyoto,Turf,1600,OP,https://db.netkeiba.com/race/200508030611/,https://www.jbis.or.jp/race/result/20050508/108/11/
sweep-tosho,15,5,5th,Queen Elizabeth II Cup J,14 Nov 2004,Admire Groove,admire-groove,Kyoto,Turf,2200,G1,https://db.netkeiba.com/race/200408050411/,https://www.jbis.or.jp/race/result/20041114/108/11/
sweep-tosho,16,1,1st,Shuka Sho J,17 Oct 2004,Sweep Tosho,,Kyoto,Turf,2000,G1,https://db.netkeiba.com/race/200408040411/,https://www.jbis.or.jp/race/result/20041017/108/11/
sweep-tosho,17,3,3rd,Rose Stakes J,19 Sept 2004,Les Clefs d'Or,,Hanshin,Turf,2000,G2,https://db.netkeiba.com/race/200409040311/,https://www.jbis.or.jp/race/result/20040919/109/11/
sweep-tosho,18,2,2nd,Japanese Oaks J,23 May 2004,Daiwa el Cielo,,Tokyo,Turf,2400,G1,https://db.netkeiba.com/race/200405030211/,https://www.jbis.or.jp/race/result/20040523/105/11/
sweep-tosho,19,5,5th,Oka Sho J,11 Apr 2004,Dance in the Mood,,Hanshin,Turf,1600,G1,https://db.netkeiba.com/race/200409020611/,https://www.jbis.or.jp/race/result/20040411/109/11/
sweep-tosho,20,1,1st,Tulip Sho J,6 Mar 2004,Sweep Tosho,,Hanshin,Turf,1600,G3,https://db.netkeiba.com/race/200409010311/,https://www.jbis.or.jp/race/result/20040306/109/11/
sweep-tosho,21,1,1st,Kobai Stakes J,18 Jan 2004,Sweep Tosho,,Kyoto,Turf,1400,OP,https://db.netkeiba.com/race/200408010610/,https://www.jbis.or.jp/race/result/20040118/108/10/
sweep-tosho,22,5,5th,Hanshin Juvenile Fillies J,7 Dec 2003,Yamanin Sucre,,Hanshin,Turf,1600,G1,https://db.netkeiba.com/race/200309050211/,https://www.jbis.or.jp/race/result/20031207/109/11/
sweep-tosho,23,1,1st,Fantasy Stakes J,9 Nov 2003,Sweep Tosho,,Kyoto,Turf,1400,G3,https://db.netkeiba.com/race/200308050211/,https://www.jbis.or.jp/race/result/20031109/108/11/
sweep-tosho,24,1,1st,2yo Newcomer Race J,18 Oct 2003,Sweep Tosho,,Kyoto,Turf,1400,Debut,https://db.netkeiba.com/race/200308040303/,https://www.jbis.or.jp/race/result/20031018/108/03/
super-creek,1,1,1st,Kyoto Daishoten J,7 Oct 1990,Super Creek,,Kyoto,Turf,2400,G2,https://db.netkeiba.com/race/199008030211/,https://www.jbis.or.jp/race/result/19901007/108/11/
super-creek,2,1,1st,Tenno Sho (Spring) J,29 Apr 1990,Super Creek,,Kyoto,Turf,3200,G1,https://db.netkeiba.com/race/199008020410/,https://www.jbis.or.jp/race/result/19900429/108/10/
super-creek,3,1,1st,Osaka Hai J,1 Apr 1990,Super Creek,,Hanshin,Turf,2000,G2,https://db.netkeiba.com/race/199009030411/,https://www.jbis.or.jp/race/result/19900401/109/11/
super-creek,4,2,2nd,Arima Kinen J,24 Dec 1989,Inari One,inari-one,Nakayama,Turf,2500,G1,https://db.netkeiba.com/race/198906050809/,https://www.jbis.or.jp/race/result/19891224/106/09/
super-creek,5,4,4th,Japan Cup J,26 Nov 1989,Horlicks,,Tokyo,Turf,2400,G1,https://db.netkeiba.com/race/198905050810/,https://www.jbis.or.jp/race/result/19891126/105/10/
super-creek,6,1,1st,Tenno Sho (Autumn) J,29 Oct 1989,Super Creek,,Tokyo,Turf,2000,G1,https://db.netkeiba.com/race/198905040810/,https://www.jbis.or.jp/race/result/19891029/105/10/
super-creek,7,1,1st,Kyoto Daishoten J,8 Oct 1989,Super Creek,,Kyoto,Turf,2400,G2,https://db.netkeiba.com/race/198908040211/,https://www.jbis.or.jp/race/result/19891008/108/11/
super-creek,8,,DQ,Arima Kinen J,25 Dec 1988,Oguri Cap,oguri-cap,Nakayama,Turf,2500,G1,https://db.netkeiba.com/race/198806020809/,https://www.jbis.or.jp/race/result/19881225/106/09/
super-creek,9,1,1st,Kikuka Sho J,6 Nov 1988,Super Creek,,Kyoto,Turf,3000,G1,https://db.netkeiba.com/race/198808050210/,https://www.jbis.or.jp/race/result/19881106/108/10/
super-creek,10,6,6th,Kyoto Shimbun Hai J,16 Oct 1988,Yaeno Muteki,yaeno-muteki,Kyoto,Turf,2200,G2,https://db.netkeiba.com/race/198808040411/,https://www.jbis.or.jp/race/result/19881016/108/11/
super-creek,11,3,3rd,Kobe Shimbun Hai J,25 Sept 1988,Yaeno Dia,,Hanshin,Turf,2000,G2,https://db.netkeiba.com/race/198809040611/,https://www.jbis.or.jp/race/result/19880925/109/11/
super-creek,12,1,1st,Sumire Sho J,19 Mar 1988,Super Creek,,Hanshin,Turf,2200,OP,https://db.netkeiba.com/race/198809010710/,https://www.jbis.or.jp/race/result/19880319/109/10/
super-creek,13,3,3rd,Kisaragi Sho J,14 Feb 1988,Meiner Frische,,Kyoto,Turf,2000,G3,https://db.netkeiba.com/race/198808020611/,https://www.jbis.or.jp/race/result/19880214/108/11/
super-creek,14,4,4th,Fukujuso Tokubetsu J,5 Jan 1988,Meiner Frische,,Kyoto,Turf,2000,Pre-OP,https://db.netkeiba.com/race/198808010109/,https://www.jbis.or.jp/race/result/19880105/108/09/
super-creek,15,1,1st,2yo Newcomer Race J,26 Dec 1987,Super Creek,,Hanshin,Turf,2000,Debut,https://db.netkeiba.com/race/198709050706/,https://www.jbis.or.jp/race/result/19871226/109/06/
super-creek,16,2,2nd,2yo Newcomer Race J,5 Dec 1987,Foundry Dictor,,Hanshin,Turf,2000,Debut,https://db.netkeiba.com/race/198709050106/,https://www.jbis.or.jp/race/result/19871205/109/06/
smart-falcon,1,10,10th,Dubai World Cup,31 Mar 2012,Monterosso,,Meydan,Synthetic,2000,G1,https://db.netkeiba.com/race/2012C7a00809/,
smart-falcon,2,1,1st,Kawasaki Kinen J,25 Jan 2012,Smart Falcon,,Kawasaki,Dirt,2100,Jpn1,https://db.netkeiba.com/race/201245012511/,https://www.jbis.or.jp/race/result/20120125/221/11/
smart-falcon,3,1,1st,Tokyo Daishoten J,29 Dec 2011,Smart Falcon,,Ooi,Dirt,2000,G1,https://db.netkeiba.com/race/201144122910/,https://www.jbis.or.jp/race/result/20111229/220/10/
smart-falcon,4,1,1st,JBC Classic J,3 Nov 2011,Smart Falcon,,Ooi,Dirt,2000,Jpn1,https://db.netkeiba.com/race/201144110311/,https://www.jbis.or.jp/race/result/20111103/220/11/
smart-falcon,5,1,1st,Nippon TV Hai J,23 Sept 2011,Smart Falcon,,Funabashi,Dirt,1800,Jpn2,https://db.netkeiba.com/race/201143092311/,https://www.jbis.or.jp/race/result/20110923/219/11/
smart-falcon,6,1,1st,Teio Sho J,29 Jun 2011,Smart Falcon,,Ooi,Dirt,2000,Jpn1,https://db.netkeiba.com/race/201144062911/,https://www.jbis.or.jp/race/result/20110629/220/11/
smart-falcon,7,1,1st,Diolite Kinen J,2 May 2011,Smart Falcon,,Funabashi,Dirt,2400,Jpn2,https://db.netkeiba.com/race/201143050210/,https://www.jbis.or.jp/race/result/20110502/219/10/
smart-falcon,8,1,1st,Tokyo Daishoten J,29 Dec 2010,Smart Falcon,,Ooi,Dirt,2000,Jpn1,https://db.netkeiba.com/race/201044122910/,https://www.jbis.or.jp/race/result/20101229/220/10/
smart-falcon,9,1,1st,Urawa Kinen J,24 Nov 2010,Smart Falcon,,Urawa,Dirt,2000,Jpn2,https://db.netkeiba.com/race/201042112410/,https://www.jbis.or.jp/race/result/20101124/218/10/
smart-falcon,10,1,1st,JBC Classic J,3 Nov 2010,Smart Falcon,,Funabashi,Dirt,1800,Jpn1,https://db.netkeiba.com/race/201043110310/,https://www.jbis.or.jp/race/result/20101103/219/10/
smart-falcon,11,3,3rd,Nippon TV Hai J,23 Sept 2010,Furioso,furioso,Funabashi,Dirt,1800,Jpn2,https://db.netkeiba.com/race/201043092311/,https://www.jbis.or.jp/race/result/20100923/219/11/
smart-falcon,12,6,6th,Teio Sho J,30 Jun 2010,Furioso,furioso,Ooi,Dirt,2000,Jpn1,https://db.netkeiba.com/race/201044063011/,https://www.jbis.or.jp/race/result/20100630/220/11/
smart-falcon,13,1,1st,Sakitama Hai J,26 May 2010,Smart Falcon,,Urawa,Dirt,1400,Jpn3,https://db.netkeiba.com/race/201042052611/,https://www.jbis.or.jp/race/result/20100526/218/11/
smart-falcon,14,1,1st,Kakitsubata Kinen J,3 May 2010,Smart Falcon,,Nagoya,Dirt,1400,Jpn3,https://db.netkeiba.com/race/201048050310/,https://www.jbis.or.jp/race/result/20100503/224/10/
smart-falcon,15,7,7th,Urawa Kinen J,25 Nov 2009,Blue Lad,,Urawa,Dirt,2000,Jpn2,https://db.netkeiba.com/race/200942112510/,https://www.jbis.or.jp/race/result/20091125/218/10/
smart-falcon,16,1,1st,Breeders' Gold Cup J,13 Aug 2009,Smart Falcon,,Mombetsu,Dirt,2000,Jpn2,https://db.netkeiba.com/race/200930081310/,https://www.jbis.or.jp/race/result/20090813/236/10/
smart-falcon,17,2,2nd,Mercury Cup J,20 Jul 2009,Makoto Sparviero,,Morioka,Dirt,2000,Jpn3,https://db.netkeiba.com/race/200935072009/,https://www.jbis.or.jp/race/result/20090720/210/09/
smart-falcon,18,1,1st,Sakitama Hai J,27 May 2009,Smart Falcon,,Urawa,Dirt,1400,Jpn3,https://db.netkeiba.com/race/200942052710/,https://www.jbis.or.jp/race/result/20090527/218/10/
smart-falcon,19,1,1st,Kakitsubata Kinen J,4 May 2009,Smart Falcon,,Nagoya,Dirt,1400,Jpn3,https://db.netkeiba.com/race/200948050410/,https://www.jbis.or.jp/race/result/20090504/224/10/
smart-falcon,20,1,1st,Nagoya Daishoten J,25 Mar 2009,Smart Falcon,,Nagoya,Dirt,1900,Jpn3,https://db.netkeiba.com/race/200948032509/,https://www.jbis.or.jp/race/result/20090325/224/09/
smart-falcon,21,1,1st,Saga Kinen J,11 Feb 2009,Smart Falcon,,Saga,Dirt,2000,Jpn3,https://db.netkeiba.com/race/200955021110/,https://www.jbis.or.jp/race/result/20090211/232/10/
smart-falcon,22,1,1st,Hyogo Gold Trophy J,25 Dec 2008,Smart Falcon,,Sonoda,Dirt,1400,Jpn3,https://db.netkeiba.com/race/200850122510/,https://www.jbis.or.jp/race/result/20081225/227/10/
smart-falcon,23,1,1st,Sainokuni Urawa Kinen J,26 Nov 2008,Smart Falcon,,Urawa,Dirt,2000,Jpn2,https://db.netkeiba.com/race/200842112610/,https://www.jbis.or.jp/race/result/20081126/218/10/
smart-falcon,24,2,2nd,JBC Sprint J,3 Nov 2008,Bamboo Ere,,Sonoda,Dirt,1400,Jpn1,https://db.netkeiba.com/race/200850110309/,https://www.jbis.or.jp/race/result/20081103/227/09/
smart-falcon,25,1,1st,Hakusan Daishoten J,7 Oct 2008,Smart Falcon,,Kanazawa,Dirt,2100,Jpn3,https://db.netkeiba.com/race/200846100710/,https://www.jbis.or.jp/race/result/20081007/222/10/
smart-falcon,26,1,1st,KBC Hai J,10 Aug 2008,Smart Falcon,,Kokura,Dirt,1700,OP,https://db.netkeiba.com/race/200810020810/,https://www.jbis.or.jp/race/result/20080810/110/10/
smart-falcon,27,2,2nd,Japan Dirt Derby J,9 Jul 2008,Success Brocken,,Ooi,Dirt,2000,Jpn1,https://db.netkeiba.com/race/200844070911/,https://www.jbis.or.jp/race/result/20080709/220/11/
smart-falcon,28,18,18th,Satsuki Sho J,20 Apr 2008,Captain Thule,,Nakayama,Turf,2000,Jpn1,https://db.netkeiba.com/race/200806030811/,https://www.jbis.or.jp/race/result/20080420/106/11/
smart-falcon,29,10,10th,Arlington Cup J,1 Mar 2008,Dantsu Kissui,,Hanshin,Turf,1600,Jpn3,https://db.netkeiba.com/race/200809010111/,https://www.jbis.or.jp/race/result/20080301/109/11/
smart-falcon,30,7,7th,Kyodo News Hai J,11 Feb 2008,Shonan Alba,,Tokyo,Turf,1800,Jpn3,https://db.netkeiba.com/race/200805010411/,https://www.jbis.or.jp/race/result/20080211/105/11/
smart-falcon,31,1,1st,Junior Cup J,6 Jan 2008,Smart Falcon,,Nakayama,Turf,1600,OP,https://db.netkeiba.com/race/200806010209/,https://www.jbis.or.jp/race/result/20080106/106/09/
smart-falcon,32,1,1st,2yo Allowance (¥5m & Less) J,16 Dec 2007,Smart Falcon,,Nakayama,Dirt,1800,Pre-OP,https://db.netkeiba.com/race/200706050607/,https://www.jbis.or.jp/race/result/20071216/106/07/
smart-falcon,33,2,2nd,2yo Allowance (¥5m & Less) J,25 Nov 2007,Ceres Hunt,,Tokyo,Dirt,1600,Pre-OP,https://db.netkeiba.com/race/200705050805/,https://www.jbis.or.jp/race/result/20071125/105/05/
smart-falcon,34,1,1st,2yo Newcomer Race J,28 Oct 2007,Smart Falcon,,Tokyo,Dirt,1600,Debut,https://db.netkeiba.com/race/200705040903/,https://www.jbis.or.jp/race/result/20071028/105/03/
zenno-rob-roy,1,8,8th,Arima Kinen J,25 Dec 2005,Heart's Cry,,Nakayama,Turf,2500,G1,https://db.netkeiba.com/race/200506050809/,https://www.jbis.or.jp/race/result/20051225/106/09/
zenno-rob-roy,2,3,3rd,Japan Cup J,27 Nov 2005,Alkaased,,Tokyo,Turf,2400,G1,https://db.netkeiba.com/race/200505050810/,https://www.jbis.or.jp/race/result/20051127/105/10/
zenno-rob-roy,3,2,2nd,Tenno Sho (Autumn) J,30 Oct 2005,Heavenly Romance,,Tokyo,Turf,2000,G1,https://db.netkeiba.com/race/200505040810/,https://www.jbis.or.jp/race/result/20051030/105/10/
zenno-rob-roy,4,2,2nd,International Stakes,16 Aug 2005,Electrocutionist,,York,Turf,2080,G1,https://db.netkeiba.com/race/2005A6081604/,
zenno-rob-roy,5,3,3rd,Takarazuka Kinen J,26 Jun 2005,Sweep Tosho,sweep-tosho,Hanshin,Turf,2200,G1,https://db.netkeiba.com/race/200509030411/,https://www.jbis.or.jp/race/result/20050626/109/11/
zenno-rob-roy,6,1,1st,Arima Kinen J,26 Dec 2004,Zenno Rob Roy,,Nakayama,Turf,2500,G1,https://db.netkeiba.com/race/200406050809/,https://www.jbis.or.jp/race/result/20041226/106/09/
zenno-rob-roy,7,1,1st,Japan Cup J,28 Nov 2004,Zenno Rob Roy,,Tokyo,Turf,2400,G1,https://db.netkeiba.com/race/200405050811/,https://www.jbis.or.jp/race/result/20041128/105/11/
zenno-rob-roy,8,1,1st,Tenno Sho (Autumn) J,31 Oct 2004,Zenno Rob Roy,,Tokyo,Turf,2000,G1,https://db.netkeiba.com/race/200405040811/,https://www.jbis.or.jp/race/result/20041031/105/11/
zenno-rob-roy,9,2,2nd,Kyoto Daishoten J,10 Oct 2004,Narita Century,,Kyoto,Turf,2400,G2,https://db.netkeiba.com/race/200408040211/,https://www.jbis.or.jp/race/result/20041010/108/11/
zenno-rob-roy,10,4,4th,Takarazuka Kinen J,27 Jun 2004,Tap Dance City,tap-dance-city,Hanshin,Turf,2200,G1,https://db.netkeiba.com/race/200409030411/,https://www.jbis.or.jp/race/result/20040627/109/11/
zenno-rob-roy,11,2,2nd,Tenno Sho (Spring) J,2 May 2004,Ingrandire,,Kyoto,Turf,3200,G1,https://db.netkeiba.com/race/200408030411/,https://www.jbis.or.jp/race/result/20040502/108/11/
zenno-rob-roy,12,2,2nd,Nikkei Sho J,27 Mar 2004,Win Generale,,Nakayama,Turf,2500,G2,https://db.netkeiba.com/race/200406030111/,https://www.jbis.or.jp/race/result/20040327/106/11/
zenno-rob-roy,13,3,3rd,Arima Kinen J,28 Dec 2003,Symboli Kris S,symboli-kris-s,Nakayama,Turf,2500,G1,https://db.netkeiba.com/race/200306060809/,https://www.jbis.or.jp/race/result/20031228/106/09/
zenno-rob-roy,14,4,4th,Kikuka Sho J,26 Oct 2003,That's the Plenty,,Kyoto,Turf,3000,G1,https://db.netkeiba.com/race/200308040611/,https://www.jbis.or.jp/race/result/20031026/108/11/
zenno-rob-roy,15,1,1st,Kobe Shimbun Hai J,28 Sept 2003,Zenno Rob Roy,,Hanshin,Turf,2000,G2,https://db.netkeiba.com/race/200309040611/,https://www.jbis.or.jp/race/result/20030928/109/11/
zenno-rob-roy,16,2,2nd,Tokyo Yushun (Japanese Derby) J,1 Jun 2003,Neo Universe,neo-universe,Tokyo,Turf,2400,G1,https://db.netkeiba.com/race/200305020410/,https://www.jbis.or.jp/race/result/20030601/105/10/
zenno-rob-roy,17,1,1st,Aoba Sho J,3 May 2003,Zenno Rob Roy,,Tokyo,Turf,2400,G2,https://db.netkeiba.com/race/200305010311/,https://www.jbis.or.jp/race/result/20030503/105/11/
zenno-rob-roy,18,1,1st,Yamabuki Sho J,12 Apr 2003,Zenno Rob Roy,,Nakayama,Turf,2200,Pre-OP,https://db.netkeiba.com/race/200306040509/,https://www.jbis.or.jp/race/result/20030412/106/09/
zenno-rob-roy,19,3,3rd,Sumire Stakes J,2 Mar 2003,Lincoln,,Hanshin,Turf,2200,OP,https://db.netkeiba.com/race/200309010209/,https://www.jbis.or.jp/race/result/20030302/109/09/
zenno-rob-roy,20,1,1st,3yo Newcomer Race J,9 Feb 2003,Zenno Rob Roy,,Nakayama,Turf,1600,Debut,https://db.netkeiba.com/race/200306020406/,https://www.jbis.or.jp/race/result/20030209/106/06/
tosen-jordan,1,14,14th,Japan Cup J,30 Nov 2014,Epiphaneia,epiphaneia,Tokyo,Turf,2400,G1,https://db.netkeiba.com/race/201405050911/,https://www.jbis.or.jp/race/result/20141130/105/11/
tosen-jordan,2,17,17th,Tenno Sho (Autumn) J,2 Nov 2014,Spielberg,,Tokyo,Turf,2000,G1,https://db.netkeiba.com/race/201405040911/,https://www.jbis.or.jp/race/result/20141102/105/11/
tosen-jordan,3,10,10th,Takarazuka Kinen J,29 Jun 2014,Gold Ship,gold-ship,Hanshin,Turf,2200,G1,https://db.netkeiba.com/race/201409030811/,https://www.jbis.or.jp/race/result/20140629/109/11/
tosen-jordan,4,8,8th,Naruo Kinen J,7 Jun 2014,Air Saumur,,Hanshin,Turf,2000,G3,https://db.netkeiba.com/race/201409030111/,https://www.jbis.or.jp/race/result/20140607/109/11/
tosen-jordan,5,14,14th,Arima Kinen J,22 Dec 2013,Orfevre,orfevre,Nakayama,Turf,2500,G1,https://db.netkeiba.com/race/201306050810/,https://www.jbis.or.jp/race/result/20131222/106/10/
tosen-jordan,6,3,3rd,Japan Cup J,24 Nov 2013,Gentildonna,gentildonna,Tokyo,Turf,2400,G1,https://db.netkeiba.com/race/201305050811/,https://www.jbis.or.jp/race/result/20131124/105/11/
tosen-jordan,7,11,11th,Tenno Sho (Autumn) J,27 Oct 2013,Just a Way,,Tokyo,Turf,2000,G1,https://db.netkeiba.com/race/201305040911/,https://www.jbis.or.jp/race/result/20131027/105/11/
tosen-jordan,8,13,13th,Sapporo Kinen J,18 Aug 2013,Tokei Halo,,Hakodate,Turf,2000,G2,https://db.netkeiba.com/race/201302040211/,https://www.jbis.or.jp/race/result/20130818/102/11/
tosen-jordan,9,6,6th,Japan Cup J,25 Nov 2012,Gentildonna,gentildonna,Tokyo,Turf,2400,G1,https://db.netkeiba.com/race/201205050811/,https://www.jbis.or.jp/race/result/20121125/105/11/
tosen-jordan,10,13,13th,Tenno Sho (Autumn) J,28 Oct 2012,Eishin Flash,eishin-flash,Tokyo,Turf,2000,G1,https://db.netkeiba.com/race/201205040911/,https://www.jbis.or.jp/race/result/20121028/105/11/
tosen-jordan,11,2,2nd,Tenno Sho (Spring) J,29 Apr 2012,Beat Black,,Kyoto,Turf,3200,G1,https://db.netkeiba.com/race/201208030411/,https://www.jbis.or.jp/race/result/20120429/108/11/
tosen-jordan,12,3,3rd,Osaka Hai J,1 Apr 2012,Shonan Mighty,,Hanshin,Turf,2000,G2,https://db.netkeiba.com/race/201209020411/,https://www.jbis.or.jp/race/result/20120401/109/11/
tosen-jordan,13,5,5th,Arima Kinen J,25 Dec 2011,Orfevre,orfevre,Nakayama,Turf,2500,G1,https://db.netkeiba.com/race/201106050810/,https://www.jbis.or.jp/race/result/20111225/106/10/
tosen-jordan,14,2,2nd,Japan Cup J,27 Nov 2011,Buena Vista,buena-vista,Tokyo,Turf,2400,G1,https://db.netkeiba.com/race/201105050810/,https://www.jbis.or.jp/race/result/20111127/105/10/
tosen-jordan,15,1,1st,Tenno Sho (Autumn) J,30 Oct 2011,Tosen Jordan,,Tokyo,Turf,2000,G1,https://db.netkeiba.com/race/201105040911/,https://www.jbis.or.jp/race/result/20111030/105/11/
tosen-jordan,16,1,1st,Sapporo Kinen J,21 Aug 2011,Tosen Jordan,,Sapporo,Turf,2000,G2,https://db.netkeiba.com/race/201101010411/,https://www.jbis.or.jp/race/result/20110821/101/11/
tosen-jordan,17,9,9th,Takarazuka Kinen J,26 Jun 2011,Earnestly,,Hanshin,Turf,2200,G1,https://db.netkeiba.com/race/201109040411/,https://www.jbis.or.jp/race/result/20110626/109/11/
tosen-jordan,18,,DNS,Hanshin Daishoten J,20 Mar 2011,Namura Crescent,,Hanshin,Turf,3000,G2,https://db.netkeiba.com/race/201109010811/,https://www.jbis.or.jp/race/result/20110320/109/11/
tosen-jordan,19,1,1st,American JCC J,23 Jan 2011,Tosen Jordan,,Nakayama,Turf,2200,G2,https://db.netkeiba.com/race/201106010811/,https://www.jbis.or.jp/race/result/20110123/106/11/
tosen-jordan,20,5,5th,Arima Kinen J,26 Dec 2010,Victoire Pisa,victoire-pisa,Nakayama,Turf,2500,G1,https://db.netkeiba.com/race/201006050810/,https://www.jbis.or.jp/race/result/20101226/106/10/
tosen-jordan,21,1,1st,Copa Republica Argentina J,7 Nov 2010,Tosen Jordan,,Tokyo,Turf,2500,G2,https://db.netkeiba.com/race/201005050211/,https://www.jbis.or.jp/race/result/20101107/105/11/
tosen-jordan,22,1,1st,Ireland Trophy J,16 Oct 2010,Tosen Jordan,,Tokyo,Turf,2000,OP,https://db.netkeiba.com/race/201005040311/,https://www.jbis.or.jp/race/result/20101016/105/11/
tosen-jordan,23,1,1st,Isaribi Stakes J,31 Jul 2010,Tosen Jordan,,Hakodate,Turf,1800,Pre-OP,https://db.netkeiba.com/race/201002020509/,https://www.jbis.or.jp/race/result/20100731/102/09/
tosen-jordan,24,5,5th,Goryokaku Stakes J,4 Jul 2010,Meiner Kirov,,Hakodate,Turf,2000,Pre-OP,https://db.netkeiba.com/race/201002010611/,https://www.jbis.or.jp/race/result/20100704/102/11/
tosen-jordan,25,4,4th,Chunichi Shimbun Hai J,12 Dec 2009,Earnestly,,Chukyo,Turf,2000,G3,https://db.netkeiba.com/race/200907040111/,https://www.jbis.or.jp/race/result/20091212/107/11/
tosen-jordan,26,2,2nd,Andromeda Stakes J,14 Nov 2009,Namura Crescent,,Kyoto,Turf,2000,OP,https://db.netkeiba.com/race/200908050311/,https://www.jbis.or.jp/race/result/20091114/108/11/
tosen-jordan,27,2,2nd,Kyodo News Hai J,8 Feb 2009,Break Run Out,,Tokyo,Turf,1800,G3,https://db.netkeiba.com/race/200905010411/,https://www.jbis.or.jp/race/result/20090208/105/11/
tosen-jordan,28,1,1st,Hopeful Stakes J,28 Dec 2008,Tosen Jordan,,Nakayama,Turf,2000,OP,https://db.netkeiba.com/race/200806050807/,https://www.jbis.or.jp/race/result/20081228/106/07/
tosen-jordan,29,1,1st,Habotan Sho J,6 Dec 2008,Tosen Jordan,,Nakayama,Turf,2000,Pre-OP,https://db.netkeiba.com/race/200806050110/,https://www.jbis.or.jp/race/result/20081206/106/10/
tosen-jordan,30,1,1st,2yo Maiden Race J,16 Nov 2008,Tosen Jordan,,Fukushima,Turf,2000,Maiden,https://db.netkeiba.com/race/200803030802/,https://www.jbis.or.jp/race/result/20081116/103/02/
tosen-jordan,31,6,6th,2yo Newcomer Race J,1 Nov 2008,Familism,,Kyoto,Turf,2000,Debut,https://db.netkeiba.com/race/200808040706/,https://www.jbis.or.jp/race/result/20081101/108/06/
nakayama-festa,1,11,11th,Prix de l'Arc de Triomphe,2 Oct 2011,Danedream,,Longchamp,Turf,2400,G1,https://db.netkeiba.com/race/2011A8a00706/,
nakayama-festa,2,4,4th,Prix Foy,11 Sept 2011,Sarafina,,Longchamp,Turf,2400,G2,https://db.netkeiba.com/race/2011A8a00202/,
nakayama-festa,3,14,14th,Japan Cup J,28 Nov 2010,Rose Kingdom,rose-kingdom,Tokyo,Turf,2400,G1,https://db.netkeiba.com/race/201005050810/,https://www.jbis.or.jp/race/result/20101128/105/10/
nakayama-festa,4,2,2nd,Prix de l'Arc de Triomphe,3 Oct 2010,Workforce,,Longchamp,Turf,2400,G1,https://db.netkeiba.com/race/2010A8a00206/,
nakayama-festa,5,2,2nd,Prix Foy,12 Sept 2010,Duncan,,Longchamp,Turf,2400,G2,https://db.netkeiba.com/race/2010A8a00107/,
nakayama-festa,6,1,1st,Takarazuka Kinen J,27 Jun 2010,Nakayama Festa,,Hanshin,Turf,2200,G1,https://db.netkeiba.com/race/201009030410/,https://www.jbis.or.jp/race/result/20100627/109/10/
nakayama-festa,7,1,1st,Metropolitan Stakes J,24 Apr 2010,Nakayama Festa,,Tokyo,Turf,2400,OP,https://db.netkeiba.com/race/201005020111/,https://www.jbis.or.jp/race/result/20100424/105/11/
nakayama-festa,8,13,13th,Chunichi Shimbun Hai J,12 Dec 2009,Earnestly,,Chukyo,Turf,2000,G3,https://db.netkeiba.com/race/200907040111/,https://www.jbis.or.jp/race/result/20091212/107/11/
nakayama-festa,9,12,12th,Kikuka Sho J,25 Oct 2009,Three Rolls,,Kyoto,Turf,3000,Jpn1,https://db.netkeiba.com/race/200908040611/,https://www.jbis.or.jp/race/result/20091025/108/11/
nakayama-festa,10,1,1st,St. Lite Kinen J,20 Sept 2009,Nakayama Festa,,Nakayama,Turf,2200,Jpn2,https://db.netkeiba.com/race/200906040411/,https://www.jbis.or.jp/race/result/20090920/106/11/
nakayama-festa,11,4,4th,Tokyo Yushun (Japanese Derby) J,31 May 2009,Logi Universe,,Tokyo,Turf,2400,Jpn1,https://db.netkeiba.com/race/200905030410/,https://www.jbis.or.jp/race/result/20090531/105/10/
nakayama-festa,12,8,8th,Satsuki Sho J,19 Apr 2009,Unrivaled,,Nakayama,Turf,2000,Jpn1,https://db.netkeiba.com/race/200906030811/,https://www.jbis.or.jp/race/result/20090419/106/11/
nakayama-festa,13,2,2nd,Keisei Hai J,18 Jan 2009,Early Robusto,,Nakayama,Turf,2000,G3,https://db.netkeiba.com/race/200906010611/,https://www.jbis.or.jp/race/result/20090118/106/11/
nakayama-festa,14,1,1st,Tokyo Sports Hai Nisai Stakes J,22 Nov 2008,Nakayama Festa,,Tokyo,Turf,1800,Jpn3,https://db.netkeiba.com/race/200805050511/,https://www.jbis.or.jp/race/result/20081122/105/11/
nakayama-festa,15,1,1st,2yo Newcomer Race J,2 Nov 2008,Nakayama Festa,,Tokyo,Turf,1600,Debut,https://db.netkeiba.com/race/200805040804/,https://www.jbis.or.jp/race/result/20081102/105/04/
narita-taishin,1,16,16th,Takarazuka Kinen J,4 Jun 1995,Dantsu Seattle,,Kyoto,Turf,2200,G1,https://db.netkeiba.com/race/199508010810/,https://www.jbis.or.jp/race/result/19950604/108/10/
narita-taishin,2,2,2nd,Tenno Sho (Spring) J,24 Apr 1994,Biwa Hayahide,biwa-hayahide,Hanshin,Turf,3200,G1,https://db.netkeiba.com/race/199409040210/,https://www.jbis.or.jp/race/result/19940424/109/10/
narita-taishin,3,1,1st,Meguro Kinen J,20 Feb 1994,Narita Taishin,,Tokyo,Turf,2500,G2,https://db.netkeiba.com/race/199405010811/,https://www.jbis.or.jp/race/result/19940220/105/11/
narita-taishin,4,17,17th,Kikuka Sho J,7 Nov 1993,Biwa Hayahide,biwa-hayahide,Kyoto,Turf,3000,G1,https://db.netkeiba.com/race/199308060210/,https://www.jbis.or.jp/race/result/19931107/108/10/
narita-taishin,5,2,2nd,Takamatsunomiya Hai J,11 Jul 1993,Longchamp Boy,,Kyoto,Turf,2000,G2,https://db.netkeiba.com/race/199308040811/,https://www.jbis.or.jp/race/result/19930711/108/11/
narita-taishin,6,3,3rd,Tokyo Yushun (Japanese Derby) J,30 May 1993,Winning Ticket,winning-ticket,Tokyo,Turf,2400,G1,https://db.netkeiba.com/race/199305030409/,https://www.jbis.or.jp/race/result/19930530/105/09/
narita-taishin,7,1,1st,Satsuki Sho J,18 Apr 1993,Narita Taishin,,Nakayama,Turf,2000,G1,https://db.netkeiba.com/race/199306030810/,https://www.jbis.or.jp/race/result/19930418/106/10/
narita-taishin,8,2,2nd,Yayoi Sho J,7 Mar 1993,Winning Ticket,winning-ticket,Nakayama,Turf,2000,G2,https://db.netkeiba.com/race/199306020411/,https://www.jbis.or.jp/race/result/19930307/106/11/
narita-taishin,9,2,2nd,Shinzan Kinen J,17 Jan 1993,Amber Lion,,Kyoto,Turf,1600,G3,https://db.netkeiba.com/race/199308010611/,https://www.jbis.or.jp/race/result/19930117/108/11/
narita-taishin,10,1,1st,Radio Tampa Hai Sansai Stakes J,26 Dec 1992,Narita Taishin,,Hanshin,Turf,2000,G3,https://db.netkeiba.com/race/199209050711/,https://www.jbis.or.jp/race/result/19921226/109/11/
narita-taishin,11,2,2nd,Senryo Sho J,19 Dec 1992,Grand Shingeki,,Hanshin,Turf,1600,Pre-OP,https://db.netkeiba.com/race/199209050509/,https://www.jbis.or.jp/race/result/19921219/109/09/
narita-taishin,12,2,2nd,Fukushima Sansai Stakes J,21 Nov 1992,Saint Glory,,Fukushima,Turf,1200,OP,https://db.netkeiba.com/race/199203030709/,https://www.jbis.or.jp/race/result/19921121/103/09/
narita-taishin,13,6,6th,Kimmokusei Tokubetsu J,25 Oct 1992,Mayano Galaxy,,Fukushima,Turf,1700,Pre-OP,https://db.netkeiba.com/race/199203020809/,https://www.jbis.or.jp/race/result/19921025/103/09/
narita-taishin,14,1,1st,2yo Maiden Race J,10 Oct 1992,Narita Taishin,,Fukushima,Turf,1700,Maiden,https://db.netkeiba.com/race/199203020301/,https://www.jbis.or.jp/race/result/19921010/103/01/
narita-taishin,15,6,6th,2yo Newcomer Race J,11 Jul 1992,Meiner Rockabilly,,Sapporo,Turf,1000,Debut,https://db.netkeiba.com/race/199201020106/,https://www.jbis.or.jp/race/result/19920711/101/06/
nishino-flower,1,3,3rd,Sprinters Stakes J,19 Dec 1993,Sakura Bakushin O,sakura-bakushin-o,Nakayama,Turf,1200,G1,https://db.netkeiba.com/race/199306050610/,https://www.jbis.or.jp/race/result/19931219/106/10/
nishino-flower,2,13,13th,Mile Championship J,21 Nov 1993,Shinko Lovely,,Kyoto,Turf,1600,G1,https://db.netkeiba.com/race/199308060610/,https://www.jbis.or.jp/race/result/19931121/108/10/
nishino-flower,3,3,3rd,Swan Stakes J,30 Oct 1993,Shinko Lovely,,Kyoto,Turf,1400,G2,https://db.netkeiba.com/race/199308050711/,https://www.jbis.or.jp/race/result/19931030/108/11/
nishino-flower,4,8,8th,Takarazuka Kinen J,13 Jun 1993,Mejiro McQueen,mejiro-mcqueen,Hanshin,Turf,2200,G1,https://db.netkeiba.com/race/199309030810/,https://www.jbis.or.jp/race/result/19930613/109/10/
nishino-flower,5,10,10th,Yasuda Kinen J,16 May 1993,Yamanin Zephyr,yamanin-zephyr,Tokyo,Turf,1600,G1,https://db.netkeiba.com/race/199305020810/,https://www.jbis.or.jp/race/result/19930516/105/10/
nishino-flower,6,1,1st,Milers Cup J,28 Feb 1993,Nishino Flower,,Hanshin,Turf,1600,G2,https://db.netkeiba.com/race/199309010211/,https://www.jbis.or.jp/race/result/19930228/109/11/
nishino-flower,7,1,1st,Sprinters Stakes J,20 Dec 1992,Nishino Flower,,Nakayama,Turf,1200,G1,https://db.netkeiba.com/race/199206050610/,https://www.jbis.or.jp/race/result/19921220/106/10/
nishino-flower,8,3,3rd,Queen Elizabeth II Cup J,15 Nov 1992,Takeno Velvet,,Kyoto,Turf,2400,G1,https://db.netkeiba.com/race/199208050410/,https://www.jbis.or.jp/race/result/19921115/108/10/
nishino-flower,9,4,4th,Rose Stakes J,25 Oct 1992,El Casa River,,Kyoto,Turf,2000,G2,https://db.netkeiba.com/race/199208040611/,https://www.jbis.or.jp/race/result/19921025/108/11/
nishino-flower,10,7,7th,Japanese Oaks J,24 May 1992,Adorable,,Tokyo,Turf,2400,G1,https://db.netkeiba.com/race/199205030210/,https://www.jbis.or.jp/race/result/19920524/105/10/
nishino-flower,11,1,1st,Oka Sho J,12 Apr 1992,Nishino Flower,,Hanshin,Turf,1600,G1,https://db.netkeiba.com/race/199209020610/,https://www.jbis.or.jp/race/result/19920412/109/10/
nishino-flower,12,2,2nd,Tulip Sho J,15 Mar 1992,Adorable,,Hanshin,Turf,1600,OP,https://db.netkeiba.com/race/199209010610/,https://www.jbis.or.jp/race/result/19920315/109/10/
nishino-flower,13,1,1st,Hanshin Sansai Himba Stakes J,1 Dec 1991,Nishino Flower,,Hanshin,Turf,1600,G1,https://db.netkeiba.com/race/199109010210/,https://www.jbis.or.jp/race/result/19911201/109/10/
nishino-flower,14,1,1st,Daily Hai Sansai Stakes J,2 Nov 1991,Nishino Flower,,Kyoto,Turf,1400,G2,https://db.netkeiba.com/race/199108070111/,https://www.jbis.or.jp/race/result/19911102/108/11/
nishino-flower,15,1,1st,Sapporo Sansai Stakes J,28 Jul 1991,Nishino Flower,,Sapporo,Turf,1200,G3,https://db.netkeiba.com/race/199101020811/,https://www.jbis.or.jp/race/result/19910728/101/11/
nishino-flower,16,1,1st,2yo Newcomer Race J,7 Jul 1991,Nishino Flower,,Sapporo,Dirt,1000,Debut,https://db.netkeiba.com/race/199101020204/,https://www.jbis.or.jp/race/result/19910707/101/04/
haru-urara,1,5,5th,Haru Urara Challenge Cup J,3 Aug 2004,Onozomi Dori,,Kochi,Dirt,1300,,https://db.netkeiba.com/race/200454080309/,https://www.jbis.or.jp/race/result/20040803/231/09/
haru-urara,2,4,4th,URARA Summer Rainbow Special J,11 Jul 2004,Many Memory,,Kochi,Dirt,1300,,https://db.netkeiba.com/race/200454071109/,https://www.jbis.or.jp/race/result/20040711/231/09/
haru-urara,3,5,5th,A Man's Badge of Honor ☆ Doing My Best Special J,27 Jun 2004,Rainbow Shuttle,,Kochi,Dirt,1300,,https://db.netkeiba.com/race/200454062709/,https://www.jbis.or.jp/race/result/20040627/231/09/
haru-urara,4,3,3rd,From the Deep Sea to the Eternal Sky Special J,13 Jun 2004,Suzu Masaru,,Kochi,Dirt,1300,,https://db.netkeiba.com/race/200454061309/,https://www.jbis.or.jp/race/result/20040613/231/09/
haru-urara,5,2,2nd,"""Hymn to Haru Urara"" Release Commemorative Special J",23 May 2004,Green Cereza,,Kochi,Dirt,1300,,https://db.netkeiba.com/race/200454052309/,https://www.jbis.or.jp/race/result/20040523/231/09/
haru-urara,6,6,6th,Lovely Spring… Asunaro Special J,5 May 2004,Suzu Masaru,,Kochi,Dirt,1300,,https://db.netkeiba.com/race/200454050508/,https://www.jbis.or.jp/race/result/20040505/231/08/
haru-urara,7,5,5th,Everyone's Doing Their Best! Special J,18 Apr 2004,Canyon Taikan,,Kochi,Dirt,1300,,https://db.netkeiba.com/race/200454041808/,https://www.jbis.or.jp/race/result/20040418/231/08/
haru-urara,8,10,10th,YS Derby Jockey Special J,22 Mar 2004,Fast Bounce,,Kochi,Dirt,1300,,https://db.netkeiba.com/race/200454032210/,https://www.jbis.or.jp/race/result/20040322/231/10/
haru-urara,9,9,9th,No Room for Halfhearted Effort! Special J,29 Feb 2004,Grail Mining,,Kochi,Dirt,1300,,https://db.netkeiba.com/race/200454022908/,https://www.jbis.or.jp/race/result/20040229/231/08/
haru-urara,10,7,7th,Enjoy All of Kochi Special J,15 Feb 2004,Grail Mining,,Kochi,Dirt,1300,,https://db.netkeiba.com/race/200454021509/,https://www.jbis.or.jp/race/result/20040215/231/09/
haru-urara,11,6,6th,Haru Urara Tourism Merit Award Special J,1 Feb 2004,Kanetoshi Freedom,,Kochi,Dirt,1300,,https://db.netkeiba.com/race/200454020111/,https://www.jbis.or.jp/race/result/20040201/231/11/
haru-urara,12,10,10th,"Keep Going, Kochi Racing! Special J",11 Jan 2004,Sea Riant,,Kochi,Dirt,1300,,https://db.netkeiba.com/race/200454011107/,https://www.jbis.or.jp/race/result/20040111/231/07/
haru-urara,13,7,7th,"""Let's Go Home CLUB"" Commemorative Special J",2 Jan 2004,Takano Bakushin,,Kochi,Dirt,1300,,https://db.netkeiba.com/race/200454010207/,https://www.jbis.or.jp/race/result/20040102/231/07/
haru-urara,14,9,9th,Haru Urara 100th Race Commemorative Special J,14 Dec 2003,Kanekome Hikari,,Kochi,Dirt,1300,,https://db.netkeiba.com/race/200354121407/,https://www.jbis.or.jp/race/result/20031214/231/07/
haru-urara,15,3,3rd,Urara Book Publication Set for January 2004 Special J,30 Nov 2003,Zenno Takamoku,,Kochi,Dirt,1300,,https://db.netkeiba.com/race/200354113005/,https://www.jbis.or.jp/race/result/20031130/231/05/
haru-urara,16,3,3rd,"""Let's Go Home CLUB"" Commemorative Special J",9 Nov 2003,News Flash,,Kochi,Dirt,1300,,https://db.netkeiba.com/race/200354110903/,https://www.jbis.or.jp/race/result/20031109/231/03/
haru-urara,17,7,7th,Urara Birthday Commemorative Special J,25 Oct 2003,Marutaka Crafty,,Kochi,Dirt,1300,,https://db.netkeiba.com/race/200354102503/,https://www.jbis.or.jp/race/result/20031025/231/03/
haru-urara,18,6,6th,F-5 J,13 Oct 2003,Corbin Swan,,Kochi,Dirt,1300,,https://db.netkeiba.com/race/200354101303/,https://www.jbis.or.jp/race/result/20031013/231/03/
haru-urara,19,5,5th,Kiyoshi Shigematsu Cheers on Haru Urara Special J,28 Sept 2003,Turf in Flight,,Kochi,Dirt,1300,,https://db.netkeiba.com/race/200354092803/,https://www.jbis.or.jp/race/result/20030928/231/03/
haru-urara,20,9,9th,"Go, Haru Urara and Haruka! Special J",7 Sept 2003,Corbin Swan,,Kochi,Dirt,1300,,https://db.netkeiba.com/race/200354090704/,https://www.jbis.or.jp/race/result/20030907/231/04/
haru-urara,21,8,8th,G-2 J,24 Aug 2003,Minono Tonosama,,Kochi,Dirt,1000,,https://db.netkeiba.com/race/200354082405/,https://www.jbis.or.jp/race/result/20030824/231/05/
haru-urara,22,5,5th,G-2 J,10 Aug 2003,Yamahisa Teio,,Kochi,Dirt,1300,,https://db.netkeiba.com/race/200354081003/,https://www.jbis.or.jp/race/result/20030810/231/03/
haru-urara,23,7,7th,G-2 J,27 Jul 2003,Meiner Vintage,,Kochi,Dirt,1300,,https://db.netkeiba.com/race/200354072704/,https://www.jbis.or.jp/race/result/20030727/231/04/
haru-urara,24,8,8th,G-2 J,5 Jul 2003,Jono Jimbaran,,Kochi,Dirt,1300,,https://db.netkeiba.com/race/200354070502/,https://www.jbis.or.jp/race/result/20030705/231/02/
haru-urara,25,8,8th,G-5 (Second Run) J,21 Jun 2003,Yugiri Jo,,Kochi,Dirt,1300,,https://db.netkeiba.com/race/200354062101/,https://www.jbis.or.jp/race/result/20030621/231/01/
haru-urara,26,6,6th,G-3 J,7 Jun 2003,Meiner Trust,,Kochi,Dirt,1300,,https://db.netkeiba.com/race/200354060704/,https://www.jbis.or.jp/race/result/20030607/231/04/
haru-urara,27,4,4th,G-3 J,17 May 2003,Y B Surf,,Kochi,Dirt,1300,,https://db.netkeiba.com/race/200354051701/,https://www.jbis.or.jp/race/result/20030517/231/01/
haru-urara,28,7,7th,G-3 J,10 May 2003,Titanic O,,Kochi,Dirt,1300,,https://db.netkeiba.com/race/200354051001/,https://www.jbis.or.jp/race/result/20030510/231/01/
haru-urara,29,6,6th,G-3 J,27 Apr 2003,Heisei Kagura,,Kochi,Dirt,1300,,https://db.netkeiba.com/race/200354042702/,https://www.jbis.or.jp/race/result/20030427/231/02/
haru-urara,30,7,7th,E-9 J,17 Mar 2003,Kamui Fujin,,Kochi,Dirt,1400,,https://db.netkeiba.com/race/200354031703/,https://www.jbis.or.jp/race/result/20030317/231/03/
haru-urara,31,6,6th,E-13 (Second Run) J,10 Mar 2003,Marutaka Blizzard,,Kochi,Dirt,1300,,https://db.netkeiba.com/race/200354031001/,https://www.jbis.or.jp/race/result/20030310/231/01/
haru-urara,32,7,7th,E-9 J,1 Mar 2003,Meiner Pensee,,Kochi,Dirt,1300,,https://db.netkeiba.com/race/200354030103/,https://www.jbis.or.jp/race/result/20030301/231/03/
haru-urara,33,6,6th,E-8 J,10 Feb 2003,Silk Ability,,Kochi,Dirt,1300,,https://db.netkeiba.com/race/200354021004/,https://www.jbis.or.jp/race/result/20030210/231/04/
haru-urara,34,8,8th,E-7 J,18 Jan 2003,Crune,,Kochi,Dirt,1300,,https://db.netkeiba.com/race/200354011803/,https://www.jbis.or.jp/race/result/20030118/231/03/
haru-urara,35,5,5th,E-7 J,1 Jan 2003,Toshin Koban,,Kochi,Dirt,1400,,https://db.netkeiba.com/race/200354010101/,https://www.jbis.or.jp/race/result/20030101/231/01/
haru-urara,36,4,4th,E-7 J,22 Dec 2002,Hikaru Sazan Cross,,Kochi,Dirt,1300,,https://db.netkeiba.com/race/200254122203/,https://www.jbis.or.jp/race/result/20021222/231/03/
haru-urara,37,6,6th,E-7 J,7 Dec 2002,Divine Call,,Kochi,Dirt,1400,,https://db.netkeiba.com/race/200254120705/,https://www.jbis.or.jp/race/result/20021207/231/05/
haru-urara,38,7,7th,E-7 J,24 Nov 2002,Bamboo Byblos,,Kochi,Dirt,1300,,https://db.netkeiba.com/race/200254112406/,https://www.jbis.or.jp/race/result/20021124/231/06/
haru-urara,39,8,8th,E-6 J,29 Oct 2002,"San M.Papillon , First Flower",,Kochi,Dirt,1300,,https://db.netkeiba.com/race/200254102902/,https://www.jbis.or.jp/race/result/20021029/231/02/
haru-urara,40,7,7th,E-6 J,13 Oct 2002,Hatseps,,Kochi,Dirt,1400,,https://db.netkeiba.com/race/200254101304/,https://www.jbis.or.jp/race/result/20021013/231/04/
haru-urara,41,9,9th,E-5 J,14 Sept 2002,Tomoemour,,Kochi,Dirt,1400,,https://db.netkeiba.com/race/200254091403/,https://www.jbis.or.jp/race/result/20020914/231/03/
haru-urara,42,8,8th,E-5 J,31 Aug 2002,With Honesty,,Kochi,Dirt,1300,,https://db.netkeiba.com/race/200254083102/,https://www.jbis.or.jp/race/result/20020831/231/02/
haru-urara,43,2,2nd,E-6 J,12 Aug 2002,Namura Hiden,,Kochi,Dirt,1300,,https://db.netkeiba.com/race/200254081206/,https://www.jbis.or.jp/race/result/20020812/231/06/
haru-urara,44,4,4th,E-10 J,22 Jul 2002,Eishin Tempe,,Kochi,Dirt,1400,,https://db.netkeiba.com/race/200254072204/,https://www.jbis.or.jp/race/result/20020722/231/04/
haru-urara,45,7,7th,E-7 J,23 Jun 2002,Asahi Tation,,Kochi,Dirt,1400,,https://db.netkeiba.com/race/200254062303/,https://www.jbis.or.jp/race/result/20020623/231/03/
haru-urara,46,6,6th,E-6 J,26 May 2002,East Pegasus,,Kochi,Dirt,1400,,https://db.netkeiba.com/race/200254052603/,https://www.jbis.or.jp/race/result/20020526/231/03/
haru-urara,47,6,6th,E-8 J,13 May 2002,Remain Guts,,Kochi,Dirt,1300,,https://db.netkeiba.com/race/200254051302/,https://www.jbis.or.jp/race/result/20020513/231/02/
haru-urara,48,3,3rd,E-7 J,5 May 2002,Just Touch,,Kochi,Dirt,1300,,https://db.netkeiba.com/race/200254050504/,https://www.jbis.or.jp/race/result/20020505/231/04/
haru-urara,49,7,7th,E-7 J,28 Apr 2002,Lovely George,,Kochi,Dirt,1300,,https://db.netkeiba.com/race/200254042805/,https://www.jbis.or.jp/race/result/20020428/231/05/
haru-urara,50,8,8th,E-5 J,30 Mar 2002,Kijo Kodama,,Kochi,Dirt,1300,,https://db.netkeiba.com/race/200254033006/,https://www.jbis.or.jp/race/result/20020330/231/06/
haru-urara,51,6,6th,E-6 J,9 Mar 2002,Yu Bishop,,Kochi,Dirt,1300,,https://db.netkeiba.com/race/200254030904/,https://www.jbis.or.jp/race/result/20020309/231/04/
haru-urara,52,10,10th,E-5 J,16 Feb 2002,Ibuki Rise Up,,Kochi,Dirt,1300,,https://db.netkeiba.com/race/200254021604/,https://www.jbis.or.jp/race/result/20020216/231/04/
haru-urara,53,9,9th,E-5 J,19 Jan 2002,Aino Golden,,Kochi,Dirt,1300,,https://db.netkeiba.com/race/200254011901/,https://www.jbis.or.jp/race/result/20020119/231/01/
haru-urara,54,8,8th,E-5 J,31 Dec 2001,Feeling Raijin,,Kochi,Dirt,1300,,https://db.netkeiba.com/race/200154123102/,https://www.jbis.or.jp/race/result/20011231/231/02/
haru-urara,55,9,9th,E-4 J,15 Dec 2001,Meiner Gabe,,Kochi,Dirt,1300,,https://db.netkeiba.com/race/200154121503/,https://www.jbis.or.jp/race/result/20011215/231/03/
haru-urara,56,7,7th,E-4 J,23 Nov 2001,Kaiyo Heat,,Kochi,Dirt,1300,,https://db.netkeiba.com/race/200154112303/,https://www.jbis.or.jp/race/result/20011123/231/03/
haru-urara,57,8,8th,E-3 J,5 Nov 2001,Guiness Book,,Kochi,Dirt,1300,,https://db.netkeiba.com/race/200154110503/,https://www.jbis.or.jp/race/result/20011105/231/03/
haru-urara,58,2,2nd,E-5 J,20 Oct 2001,Kiyoraka Sparrow,,Kochi,Dirt,1300,,https://db.netkeiba.com/race/200154102003/,https://www.jbis.or.jp/race/result/20011020/231/03/
haru-urara,59,7,7th,E-4 J,7 Oct 2001,Very Very,,Kochi,Dirt,1300,,https://db.netkeiba.com/race/200154100704/,https://www.jbis.or.jp/race/result/20011007/231/04/
haru-urara,60,2,2nd,E-4 J,9 Sept 2001,Seto Brave,,Kochi,Dirt,1300,,https://db.netkeiba.com/race/200154090902/,https://www.jbis.or.jp/race/result/20010909/231/02/
haru-urara,61,4,4th,E-5 J,27 Aug 2001,Silk Sunshine,,Kochi,Dirt,1300,,https://db.netkeiba.com/race/200154082703/,https://www.jbis.or.jp/race/result/20010827/231/03/
haru-urara,62,9,9th,E-4 J,5 Aug 2001,Tosagin Win Be,,Kochi,Dirt,1300,,https://db.netkeiba.com/race/200154080505/,https://www.jbis.or.jp/race/result/20010805/231/05/
haru-urara,63,9,9th,E-4 J,15 Jul 2001,Sakura Asset,,Kochi,Dirt,1300,,https://db.netkeiba.com/race/200154071505/,https://www.jbis.or.jp/race/result/20010715/231/05/
haru-urara,64,3,3rd,E-6 J,1 Jul 2001,Advance Movie,,Kochi,Dirt,1300,,https://db.netkeiba.com/race/200154070103/,https://www.jbis.or.jp/race/result/20010701/231/03/
haru-urara,65,8,8th,E-5 J,3 Jun 2001,Gambarino,,Kochi,Dirt,1300,,https://db.netkeiba.com/race/200154060306/,https://www.jbis.or.jp/race/result/20010603/231/06/
haru-urara,66,9,9th,E-6 J,5 May 2001,Asakusa Tablet,,Kochi,Dirt,1300,,https://db.netkeiba.com/race/200154050507/,https://www.jbis.or.jp/race/result/20010505/231/07/
haru-urara,67,8,8th,E-6 J,23 Apr 2001,Tribune,,Kochi,Dirt,1300,,https://db.netkeiba.com/race/200154042305/,https://www.jbis.or.jp/race/result/20010423/231/05/
haru-urara,68,9,9th,E-6 J,2 Apr 2001,Tosano Big,,Kochi,Dirt,1300,,https://db.netkeiba.com/race/200154040204/,https://www.jbis.or.jp/race/result/20010402/231/04/
haru-urara,69,8,8th,C6-4 J,11 Mar 2001,Ibuki Cycle,,Kochi,Dirt,1300,,https://db.netkeiba.com/race/200154031103/,https://www.jbis.or.jp/race/result/20010311/231/03/
haru-urara,70,5,5th,C6-4 J,25 Feb 2001,Eishin Caerleon,,Kochi,Dirt,1300,,https://db.netkeiba.com/race/200154022502/,https://www.jbis.or.jp/race/result/20010225/231/02/
haru-urara,71,6,6th,C6-6 J,5 Feb 2001,Hama Okan,,Kochi,Dirt,1300,,https://db.netkeiba.com/race/200154020502/,https://www.jbis.or.jp/race/result/20010205/231/02/
haru-urara,72,10,10th,C6-4 J,22 Jan 2001,Kona Sunset,,Kochi,Dirt,1300,,https://db.netkeiba.com/race/200154012202/,https://www.jbis.or.jp/race/result/20010122/231/02/
haru-urara,73,8,8th,C6-3 J,30 Dec 2000,Golden Shake,,Kochi,Dirt,1300,,https://db.netkeiba.com/race/200054123003/,https://www.jbis.or.jp/race/result/20001230/231/03/
haru-urara,74,8,8th,C6-2 J,9 Dec 2000,Inter Shark,,Kochi,Dirt,1300,,https://db.netkeiba.com/race/200054120903/,https://www.jbis.or.jp/race/result/20001209/231/03/
haru-urara,75,5,5th,C6-2 J,26 Nov 2000,Inter Shark,,Kochi,Dirt,1300,,https://db.netkeiba.com/race/200054112603/,https://www.jbis.or.jp/race/result/20001126/231/03/
haru-urara,76,7,7th,C6-3 J,4 Nov 2000,Taiki Liberty,,Kochi,Dirt,1300,,https://db.netkeiba.com/race/200054110403/,https://www.jbis.or.jp/race/result/20001104/231/03/
haru-urara,77,6,6th,C6-4 J,16 Oct 2000,Taiki Liberty,,Kochi,Dirt,1300,,https://db.netkeiba.com/race/200054101601/,https://www.jbis.or.jp/race/result/20001016/231/01/
haru-urara,78,6,6th,C6-3 J,30 Sept 2000,Strong Max,,Kochi,Dirt,1300,,https://db.netkeiba.com/race/200054093001/,https://www.jbis.or.jp/race/result/20000930/231/01/
haru-urara,79,7,7th,C6-3 J,16 Sept 2000,Strong Max,,Kochi,Dirt,1300,,https://db.netkeiba.com/race/200054091602/,https://www.jbis.or.jp/race/result/20000916/231/02/
haru-urara,80,4,4th,C6-4 J,28 Aug 2000,Run for All,,Kochi,Dirt,1300,,https://db.netkeiba.com/race/200054082801/,https://www.jbis.or.jp/race/result/20000828/231/01/
haru-urara,81,4,4th,C6-5 J,7 Aug 2000,Golden Tolomeo,,Kochi,Dirt,1300,,https://db.netkeiba.com/race/200054080701/,https://www.jbis.or.jp/race/result/20000807/231/01/
haru-urara,82,5,5th,C6-3 J,16 Jul 2000,Golden Tolomeo,,Kochi,Dirt,1300,,https://db.netkeiba.com/race/200054071601/,https://www.jbis.or.jp/race/result/20000716/231/01/
haru-urara,83,6,6th,C6-3 J,2 Jul 2000,Bamboo Pino,,Kochi,Dirt,1300,,https://db.netkeiba.com/race/200054070201/,https://www.jbis.or.jp/race/result/20000702/231/01/
haru-urara,84,7,7th,C6-6 J,12 Jun 2000,Bamboo Pino,,Kochi,Dirt,1300,,https://db.netkeiba.com/race/200054061202/,https://www.jbis.or.jp/race/result/20000612/231/02/
haru-urara,85,7,7th,C6-7 J,14 May 2000,Land Atlas,,Kochi,Dirt,1300,,https://db.netkeiba.com/race/200054051401/,https://www.jbis.or.jp/race/result/20000514/231/01/
haru-urara,86,8,8th,C6-2 J,29 Apr 2000,Judi Urban,,Kochi,Dirt,1300,,https://db.netkeiba.com/race/200054042901/,https://www.jbis.or.jp/race/result/20000429/231/01/
haru-urara,87,5,5th,C6-7 J,23 Apr 2000,Kane Mizuki,,Kochi,Dirt,1300,,https://db.netkeiba.com/race/200054042301/,https://www.jbis.or.jp/race/result/20000423/231/01/
haru-urara,88,4,4th,C6-8 J,18 Mar 2000,Safety Arrow,,Kochi,Dirt,1300,,https://db.netkeiba.com/race/200054031801/,https://www.jbis.or.jp/race/result/20000318/231/01/
haru-urara,89,8,8th,C6-7 J,7 Feb 2000,Kanetoshi Ability,,Kochi,Dirt,1300,,https://db.netkeiba.com/race/200054020701/,https://www.jbis.or.jp/race/result/20000207/231/01/
haru-urara,90,7,7th,C6-8 J,16 Jan 2000,Safety Arrow,,Kochi,Dirt,1300,,https://db.netkeiba.com/race/200054011601/,https://www.jbis.or.jp/race/result/20000116/231/01/
haru-urara,91,4,4th,C6-7 J,30 Dec 1999,Blue Wembley,,Kochi,Dirt,1300,,https://db.netkeiba.com/race/199954123001/,https://www.jbis.or.jp/race/result/19991230/231/01/
haru-urara,92,5,5th,C6-7 J,19 Dec 1999,Kiyoraka Sparrow,,Kochi,Dirt,1300,,https://db.netkeiba.com/race/199954121901/,https://www.jbis.or.jp/race/result/19991219/231/01/
haru-urara,93,7,7th,C6-6 J,23 Nov 1999,Snark Sunrise,,Kochi,Dirt,1000,,https://db.netkeiba.com/race/199954112302/,https://www.jbis.or.jp/race/result/19991123/231/02/
haru-urara,94,6,6th,C6-5 J,2 Nov 1999,Hanano Euro,,Kochi,Dirt,1300,,https://db.netkeiba.com/race/199954110203/,https://www.jbis.or.jp/race/result/19991102/231/03/
haru-urara,95,2,2nd,C6-8 J,4 Oct 1999,Pot Man Dyna,,Kochi,Dirt,1300,,https://db.netkeiba.com/race/199954100402/,https://www.jbis.or.jp/race/result/19991004/231/02/
haru-urara,96,7,7th,C6-8 J,20 Sept 1999,Daiko Angel,,Kochi,Dirt,1300,,https://db.netkeiba.com/race/199954092002/,https://www.jbis.or.jp/race/result/19990920/231/02/
haru-urara,97,5,5th,3yo Race (Group 5) J,6 Sept 1999,Laurel Sniper,,Kochi,Dirt,1300,,https://db.netkeiba.com/race/199954090602/,https://www.jbis.or.jp/race/result/19990906/231/02/
haru-urara,98,6,6th,3yo Race (Group 4) J,28 Aug 1999,Eishin Malone,,Kochi,Dirt,1300,,https://db.netkeiba.com/race/199954082804/,https://www.jbis.or.jp/race/result/19990828/231/04/
haru-urara,99,8,8th,3yo Race (Group 4) J,7 Aug 1999,Kanetoshi True Bs,,Kochi,Dirt,1300,,https://db.netkeiba.com/race/199954080702/,https://www.jbis.or.jp/race/result/19990807/231/02/
haru-urara,100,6,6th,3yo Race (Group 4) J,10 Jul 1999,Easy King,,Kochi,Dirt,1300,,https://db.netkeiba.com/race/199954071002/,https://www.jbis.or.jp/race/result/19990710/231/02/
haru-urara,101,6,6th,3yo Race (Group 4) J,19 Jun 1999,Silver Touch,,Kochi,Dirt,1300,,https://db.netkeiba.com/race/199954061902/,https://www.jbis.or.jp/race/result/19990619/231/02/
haru-urara,102,5,5th,3yo Race (Group 4) J,22 May 1999,Tenjunoko,,Kochi,Dirt,1300,,https://db.netkeiba.com/race/199954052205/,https://www.jbis.or.jp/race/result/19990522/231/05/
haru-urara,103,3,3rd,3yo Race (Group 4) J,4 May 1999,Odaken Harmony,,Kochi,Dirt,1300,,https://db.netkeiba.com/race/199954050404/,https://www.jbis.or.jp/race/result/19990504/231/04/
haru-urara,104,4,4th,3yo Race (Group 4) J,19 Apr 1999,Wild Clover,,Kochi,Dirt,1300,,https://db.netkeiba.com/race/199954041903/,https://www.jbis.or.jp/race/result/19990419/231/03/
haru-urara,105,4,4th,3yo Race (Group 4) J,5 Apr 1999,Nissei Linden,,Kochi,Dirt,1300,,https://db.netkeiba.com/race/199954040503/,https://www.jbis.or.jp/race/result/19990405/231/03/
haru-urara,106,10,10th,3yo Race (Group 3) J,21 Mar 1999,Ebros Fit,,Kochi,Dirt,1300,,https://db.netkeiba.com/race/199954032102/,https://www.jbis.or.jp/race/result/19990321/231/02/
haru-urara,107,3,3rd,3yo Race (Group 4) J,27 Feb 1999,Tomino Chanel,,Kochi,Dirt,1300,,https://db.netkeiba.com/race/199954022701/,https://www.jbis.or.jp/race/result/19990227/231/01/
haru-urara,108,4,4th,3yo Race (Group 4) J,13 Feb 1999,Multi Ilseta,,Kochi,Dirt,1300,,https://db.netkeiba.com/race/199954021301/,https://www.jbis.or.jp/race/result/19990213/231/01/
haru-urara,109,6,6th,3yo Race (Group 4) J,30 Jan 1999,Harima Ichimonji,,Kochi,Dirt,1300,,https://db.netkeiba.com/race/199954013001/,https://www.jbis.or.jp/race/result/19990130/231/01/
haru-urara,110,5,5th,3yo Race (Group 4) J,10 Jan 1999,Sweet King,,Kochi,Dirt,1300,,https://db.netkeiba.com/race/199954011003/,https://www.jbis.or.jp/race/result/19990110/231/03/
haru-urara,111,6,6th,2yo Race (Group 4) J,31 Dec 1998,Easy King,,Kochi,Dirt,1000,,https://db.netkeiba.com/race/199854123101/,https://www.jbis.or.jp/race/result/19981231/231/01/
haru-urara,112,5,5th,2yo Race (Group 4) J,13 Dec 1998,Easy Queen,,Kochi,Dirt,1000,,https://db.netkeiba.com/race/199854121301/,https://www.jbis.or.jp/race/result/19981213/231/01/
haru-urara,113,5,5th,2yo Race (Group 3) J,17 Nov 1998,Gallopsky,,Kochi,Dirt,1000,,https://db.netkeiba.com/race/199854111701/,https://www.jbis.or.jp/race/result/19981117/231/01/
bamboo-memory,1,8,8th,Mile Championship J,17 Nov 1991,Daitaku Helios,daitaku-helios,Kyoto,Turf,1600,G1,https://db.netkeiba.com/race/199108070610/,https://www.jbis.or.jp/race/result/19911117/108/10/
bamboo-memory,2,8,8th,Swan Stakes J,26 Oct 1991,K.S.Miracle,ksmiracle,Kyoto,Turf,1400,G2,https://db.netkeiba.com/race/199108060711/,https://www.jbis.or.jp/race/result/19911026/108/11/
bamboo-memory,3,6,6th,Mainichi Okan J,6 Oct 1991,Prekrasnie,,Tokyo,Turf,1800,G2,https://db.netkeiba.com/race/199105040211/,https://www.jbis.or.jp/race/result/19911006/105/11/
bamboo-memory,4,9,9th,CBC Sho J,23 Jun 1991,Fame of Lass,,Chukyo,Turf,1200,G2,https://db.netkeiba.com/race/199107020411/,https://www.jbis.or.jp/race/result/19910623/107/11/
bamboo-memory,5,10,10th,Takarazuka Kinen J,9 Jun 1991,Mejiro Ryan,mejiro-ryan,Kyoto,Turf,2200,G1,https://db.netkeiba.com/race/199108050810/,https://www.jbis.or.jp/race/result/19910609/108/10/
bamboo-memory,6,3,3rd,Yasuda Kinen J,12 May 1991,Daiichi Ruby,daiichi-ruby,Tokyo,Turf,1600,G1,https://db.netkeiba.com/race/199105020810/,https://www.jbis.or.jp/race/result/19910512/105/10/
bamboo-memory,7,4,4th,Keio Hai Spring Cup J,21 Apr 1991,Daiichi Ruby,daiichi-ruby,Tokyo,Turf,1400,G2,https://db.netkeiba.com/race/199105020211/,https://www.jbis.or.jp/race/result/19910421/105/11/
bamboo-memory,8,1,1st,Sprinters Stakes J,16 Dec 1990,Bamboo Memory,,Nakayama,Turf,1200,G1,https://db.netkeiba.com/race/199006050610/,https://www.jbis.or.jp/race/result/19901216/106/10/
bamboo-memory,9,2,2nd,Mile Championship J,18 Nov 1990,Passing Shot,,Kyoto,Turf,1600,G1,https://db.netkeiba.com/race/199008040610/,https://www.jbis.or.jp/race/result/19901118/108/10/
bamboo-memory,10,3,3rd,Tenno Sho (Autumn) J,28 Oct 1990,Yaeno Muteki,yaeno-muteki,Tokyo,Turf,2000,G1,https://db.netkeiba.com/race/199005040810/,https://www.jbis.or.jp/race/result/19901028/105/10/
bamboo-memory,11,5,5th,Mainichi Okan J,7 Oct 1990,Lucky Guerlain,,Tokyo,Turf,1800,G2,https://db.netkeiba.com/race/199005040210/,https://www.jbis.or.jp/race/result/19901007/105/10/
bamboo-memory,12,1,1st,Takamatsunomiya Hai J,8 Jul 1990,Bamboo Memory,,Chukyo,Turf,2000,G2,https://db.netkeiba.com/race/199007020811/,https://www.jbis.or.jp/race/result/19900708/107/11/
bamboo-memory,13,2,2nd,CBC Sho J,24 Jun 1990,Passing Shot,,Chukyo,Turf,1200,G2,https://db.netkeiba.com/race/199007020411/,https://www.jbis.or.jp/race/result/19900624/107/11/
bamboo-memory,14,6,6th,Takarazuka Kinen J,10 Jun 1990,Osaichi George,,Hanshin,Turf,2200,G1,https://db.netkeiba.com/race/199009040810/,https://www.jbis.or.jp/race/result/19900610/109/10/
bamboo-memory,15,6,6th,Yasuda Kinen J,13 May 1990,Oguri Cap,oguri-cap,Tokyo,Turf,1600,G1,https://db.netkeiba.com/race/199005020810/,https://www.jbis.or.jp/race/result/19900513/105/10/
bamboo-memory,16,5,5th,Keio Hai Spring Cup J,22 Apr 1990,Shin Wind,,Tokyo,Turf,1400,G2,https://db.netkeiba.com/race/199005020211/,https://www.jbis.or.jp/race/result/19900422/105/11/
bamboo-memory,17,,DNS,Kimpai (West) J,5 Jan 1990,Osaichi George,,Kyoto,Turf,2000,G3,https://db.netkeiba.com/race/199008010111/,https://www.jbis.or.jp/race/result/19900105/108/11/
bamboo-memory,18,13,13th,Japan Cup J,26 Nov 1989,Horlicks,,Tokyo,Turf,2400,G1,https://db.netkeiba.com/race/198905050810/,https://www.jbis.or.jp/race/result/19891126/105/10/
bamboo-memory,19,2,2nd,Mile Championship J,19 Nov 1989,Oguri Cap,oguri-cap,Kyoto,Turf,1600,G1,https://db.netkeiba.com/race/198908050610/,https://www.jbis.or.jp/race/result/19891119/108/10/
bamboo-memory,20,1,1st,Swan Stakes J,29 Oct 1989,Bamboo Memory,,Kyoto,Turf,1400,G2,https://db.netkeiba.com/race/198908040811/,https://www.jbis.or.jp/race/result/19891029/108/11/
bamboo-memory,21,2,2nd,Takamatsunomiya Hai J,9 Jul 1989,Mejiro Ardan,mejiro-ardan,Chukyo,Turf,2000,G2,https://db.netkeiba.com/race/198907020811/,https://www.jbis.or.jp/race/result/19890709/107/11/
bamboo-memory,22,5,5th,Takarazuka Kinen J,11 Jun 1989,Inari One,inari-one,Hanshin,Turf,2200,G1,https://db.netkeiba.com/race/198909030810/,https://www.jbis.or.jp/race/result/19890611/109/10/
bamboo-memory,23,1,1st,Yasuda Kinen J,14 May 1989,Bamboo Memory,,Tokyo,Turf,1600,G1,https://db.netkeiba.com/race/198905020810/,https://www.jbis.or.jp/race/result/19890514/105/10/
bamboo-memory,24,3,3rd,Silk Road Stakes J,6 May 1989,Shiyono Roman,,Kyoto,Turf,1600,OP,https://db.netkeiba.com/race/198908030511/,https://www.jbis.or.jp/race/result/19890506/108/11/
bamboo-memory,25,1,1st,Dotonbori Stakes J,8 Apr 1989,Bamboo Memory,,Hanshin,Turf,1600,Pre-OP,https://db.netkeiba.com/race/198909020511/,https://www.jbis.or.jp/race/result/19890408/109/11/
bamboo-memory,26,12,12th,Naruto Stakes J,5 Mar 1989,Nostalgia,,Hanshin,Dirt,1800,Pre-OP,https://db.netkeiba.com/race/198909010409/,https://www.jbis.or.jp/race/result/19890305/109/09/
bamboo-memory,27,4,4th,Kashihara Stakes J,12 Feb 1989,Taka Raiden,,Kyoto,Dirt,1800,Pre-OP,https://db.netkeiba.com/race/198908020610/,https://www.jbis.or.jp/race/result/19890212/108/10/
bamboo-memory,28,4,4th,Rashomon Stakes J,28 Jan 1989,Dancing Sam,,Kyoto,Dirt,1400,Pre-OP,https://db.netkeiba.com/race/198908020111/,https://www.jbis.or.jp/race/result/19890128/108/11/
bamboo-memory,29,7,7th,Kadomatsu Stakes J,13 Jan 1989,Wonder Teio,,Kyoto,Dirt,1400,Pre-OP,https://db.netkeiba.com/race/198908010211/,https://www.jbis.or.jp/race/result/19890113/108/11/
bamboo-memory,30,14,14th,Santa Claus Handicap J,25 Dec 1988,Dokanjo,,Hanshin,Dirt,1800,Pre-OP,https://db.netkeiba.com/race/198809050810/,https://www.jbis.or.jp/race/result/19881225/109/10/
bamboo-memory,31,5,5th,Port Island Stakes J,10 Dec 1988,Wonder Dresser,,Hanshin,Dirt,1200,Pre-OP,https://db.netkeiba.com/race/198809050311/,https://www.jbis.or.jp/race/result/19881210/109/11/
bamboo-memory,32,1,1st,Momoyama Tokubetsu J,27 Nov 1988,Bamboo Memory,,Kyoto,Dirt,1400,Pre-OP,https://db.netkeiba.com/race/198808050810/,https://www.jbis.or.jp/race/result/19881127/108/10/
bamboo-memory,33,3,3rd,Tennozan Tokubetsu J,6 Nov 1988,Dyna Agatha,,Kyoto,Dirt,1400,Pre-OP,https://db.netkeiba.com/race/198808050209/,https://www.jbis.or.jp/race/result/19881106/108/09/
bamboo-memory,34,1,1st,3yo Allowance (¥4m & Less) J,6 Mar 1988,Bamboo Memory,,Hanshin,Dirt,1200,Pre-OP,https://db.netkeiba.com/race/198809010407/,https://www.jbis.or.jp/race/result/19880306/109/07/
bamboo-memory,35,2,2nd,3yo Allowance (¥4m & Less) J,6 Feb 1988,Otemba Gal,,Kyoto,Dirt,1200,Pre-OP,https://db.netkeiba.com/race/198808020307/,https://www.jbis.or.jp/race/result/19880206/108/07/
bamboo-memory,36,3,3rd,Shiraume Sho J,16 Jan 1988,Eiko Caesar,,Kyoto,Dirt,1200,Pre-OP,https://db.netkeiba.com/race/198808010509/,https://www.jbis.or.jp/race/result/19880116/108/09/
bamboo-memory,37,2,2nd,3yo Allowance (¥4m & Less) J,9 Jan 1988,Naru Ace,,Kyoto,Dirt,1400,Pre-OP,https://db.netkeiba.com/race/198808010307/,https://www.jbis.or.jp/race/result/19880109/108/07/
bamboo-memory,38,1,1st,2yo Maiden Race J,27 Dec 1987,Bamboo Memory,,Hanshin,Dirt,1200,Maiden,https://db.netkeiba.com/race/198709050801/,https://www.jbis.or.jp/race/result/19871227/109/01/
bamboo-memory,39,2,2nd,2yo Newcomer Race J,28 Nov 1987,Marubutsu Moses,,Kyoto,Dirt,1400,Debut,https://db.netkeiba.com/race/198708050703/,https://www.jbis.or.jp/race/result/19871128/108/03/
bamboo-memory,40,5,5th,2yo Newcomer Race J,14 Nov 1987,Slew O' Best,,Kyoto,Dirt,1200,Debut,https://db.netkeiba.com/race/198708050303/,https://www.jbis.or.jp/race/result/19871114/108/03/
biko-pegasus,1,13,13th,Yasuda Kinen J,14 Jun 1998,Taiki Shuttle,taiki-shuttle,Tokyo,Turf,1600,G1,https://db.netkeiba.com/race/199805030811/,https://www.jbis.or.jp/race/result/19980614/105/11/
biko-pegasus,2,6,6th,Takamatsunomiya Kinen J,24 May 1998,Shinko Forest,,Chukyo,Turf,1200,G1,https://db.netkeiba.com/race/199807030211/,https://www.jbis.or.jp/race/result/19980524/107/11/
biko-pegasus,3,11,11th,Milers Cup J,8 Mar 1998,Big Sunday,,Hanshin,Turf,1600,G2,https://db.netkeiba.com/race/199809010411/,https://www.jbis.or.jp/race/result/19980308/109/11/
biko-pegasus,4,6,6th,Yasuda Kinen J,8 Jun 1997,Taiki Blizzard,,Tokyo,Turf,1600,G1,https://db.netkeiba.com/race/199705030811/,https://www.jbis.or.jp/race/result/19970608/105/11/
biko-pegasus,5,10,10th,Takamatsunomiya Hai J,18 May 1997,Shinko King,,Chukyo,Turf,1200,G1,https://db.netkeiba.com/race/199707020211/,https://www.jbis.or.jp/race/result/19970518/107/11/
biko-pegasus,6,2,2nd,Silk Road Stakes J,20 Apr 1997,Eishin Berlin,,Kyoto,Turf,1200,G3,https://db.netkeiba.com/race/199708030211/,https://www.jbis.or.jp/race/result/19970420/108/11/
biko-pegasus,7,4,4th,February Stakes J,16 Feb 1997,Shinko Windy,shinko-windy,Tokyo,Dirt,1600,G1,https://db.netkeiba.com/race/199705010811/,https://www.jbis.or.jp/race/result/19970216/105/11/
biko-pegasus,8,7,7th,Sprinters Stakes J,15 Dec 1996,Flower Park,,Nakayama,Turf,1200,G1,https://db.netkeiba.com/race/199606060611/,https://www.jbis.or.jp/race/result/19961215/106/11/
biko-pegasus,9,9,9th,Mile Championship J,17 Nov 1996,Genuine,,Kyoto,Turf,1600,G1,https://db.netkeiba.com/race/199608050611/,https://www.jbis.or.jp/race/result/19961117/108/11/
biko-pegasus,10,2,2nd,Swan Stakes J,26 Oct 1996,Sugino Hayakaze,,Kyoto,Turf,1400,G2,https://db.netkeiba.com/race/199608040711/,https://www.jbis.or.jp/race/result/19961026/108/11/
biko-pegasus,11,5,5th,Yasuda Kinen J,9 Jun 1996,Trot Thunder,,Tokyo,Turf,1600,G1,https://db.netkeiba.com/race/199605040811/,https://www.jbis.or.jp/race/result/19960609/105/11/
biko-pegasus,12,2,2nd,Takamatsunomiya Hai J,19 May 1996,Flower Park,,Chukyo,Turf,1200,G1,https://db.netkeiba.com/race/199607020211/,https://www.jbis.or.jp/race/result/19960519/107/11/
biko-pegasus,13,3,3rd,Lord Derby Challenge Trophy J,6 Apr 1996,Fujino Makken O,,Nakayama,Turf,1600,G3,https://db.netkeiba.com/race/199606020511/,https://www.jbis.or.jp/race/result/19960406/106/11/
biko-pegasus,14,2,2nd,Sprinters Stakes J,17 Dec 1995,Hishi Akebono,hishi-akebono,Nakayama,Turf,1200,G1,https://db.netkeiba.com/race/199506050610/,https://www.jbis.or.jp/race/result/19951217/106/10/
biko-pegasus,15,4,4th,Mile Championship J,19 Nov 1995,Trot Thunder,,Kyoto,Turf,1600,G1,https://db.netkeiba.com/race/199508080611/,https://www.jbis.or.jp/race/result/19951119/108/11/
biko-pegasus,16,1,1st,Centaur Stakes J,1 Oct 1995,Biko Pegasus,,Kyoto,Turf,1400,G3,https://db.netkeiba.com/race/199508060811/,https://www.jbis.or.jp/race/result/19951001/108/11/
biko-pegasus,17,12,12th,Hankyu Hai J,3 Jun 1995,Bodyguard,,Kyoto,Turf,1400,G3,https://db.netkeiba.com/race/199508010711/,https://www.jbis.or.jp/race/result/19950603/108/11/
biko-pegasus,18,4,4th,Yasuda Kinen J,14 May 1995,Heart Lake,,Tokyo,Turf,1600,G1,https://db.netkeiba.com/race/199505020811/,https://www.jbis.or.jp/race/result/19950514/105/11/
biko-pegasus,19,7,7th,Ritto Stakes J,22 Apr 1995,Marutaka Toko,,Kyoto,Dirt,1400,OP,https://db.netkeiba.com/race/199508050111/,https://www.jbis.or.jp/race/result/19950422/108/11/
biko-pegasus,20,2,2nd,Sprinters Stakes J,18 Dec 1994,Sakura Bakushin O,sakura-bakushin-o,Nakayama,Turf,1200,G1,https://db.netkeiba.com/race/199406050610/,https://www.jbis.or.jp/race/result/19941218/106/10/
biko-pegasus,21,5,5th,Mile Championship J,20 Nov 1994,North Flight,north-flight,Kyoto,Turf,1600,G1,https://db.netkeiba.com/race/199408010611/,https://www.jbis.or.jp/race/result/19941120/108/11/
biko-pegasus,22,7,7th,Swan Stakes J,29 Oct 1994,Sakura Bakushin O,sakura-bakushin-o,Hanshin,Turf,1400,G2,https://db.netkeiba.com/race/199409060711/,https://www.jbis.or.jp/race/result/19941029/109/11/
biko-pegasus,23,2,2nd,Chunichi Sports Sho Yonsai Stakes J,2 Jul 1994,Inazuma Takao,,Chukyo,Turf,1800,G3,https://db.netkeiba.com/race/199407020511/,https://www.jbis.or.jp/race/result/19940702/107/11/
biko-pegasus,24,3,3rd,New Zealand Trophy Yonsai Stakes J,5 Jun 1994,Hishi Amazon,hishi-amazon,Tokyo,Turf,1600,G2,https://db.netkeiba.com/race/199405030611/,https://www.jbis.or.jp/race/result/19940605/105/11/
biko-pegasus,25,1,1st,Keisei Hai J,9 Jan 1994,Biko Pegasus,,Nakayama,Turf,1600,G3,https://db.netkeiba.com/race/199406010411/,https://www.jbis.or.jp/race/result/19940109/106/11/
biko-pegasus,26,1,1st,Sazanka Sho J,26 Dec 1993,Biko Pegasus,,Hanshin,Dirt,1400,Pre-OP,https://db.netkeiba.com/race/199309050809/,https://www.jbis.or.jp/race/result/19931226/109/09/
biko-pegasus,27,1,1st,2yo Newcomer Race J,6 Nov 1993,Biko Pegasus,,Kyoto,Dirt,1200,Debut,https://db.netkeiba.com/race/199308060103/,https://www.jbis.or.jp/race/result/19931106/108/03/
marvelous-sunday,1,2,2nd,Arima Kinen J,21 Dec 1997,Silk Justice,,Nakayama,Turf,2500,G1,https://db.netkeiba.com/race/199706050809/,https://www.jbis.or.jp/race/result/19971221/106/09/
marvelous-sunday,2,1,1st,Takarazuka Kinen J,6 Jul 1997,Marvelous Sunday,,Hanshin,Turf,2200,G1,https://db.netkeiba.com/race/199709030810/,https://www.jbis.or.jp/race/result/19970706/109/10/
marvelous-sunday,3,3,3rd,Tenno Sho (Spring) J,27 Apr 1997,Mayano Top Gun,mayano-top-gun,Kyoto,Turf,3200,G1,https://db.netkeiba.com/race/199708030410/,https://www.jbis.or.jp/race/result/19970427/108/10/
marvelous-sunday,4,1,1st,Osaka Hai J,30 Mar 1997,Marvelous Sunday,,Hanshin,Turf,2000,G2,https://db.netkeiba.com/race/199709020411/,https://www.jbis.or.jp/race/result/19970330/109/11/
marvelous-sunday,5,2,2nd,Arima Kinen J,22 Dec 1996,Sakura Laurel,sakura-laurel,Nakayama,Turf,2500,G1,https://db.netkeiba.com/race/199606060809/,https://www.jbis.or.jp/race/result/19961222/106/09/
marvelous-sunday,6,4,4th,Tenno Sho (Autumn) J,27 Oct 1996,Bubble Gum Fellow,bubble-gum-fellow,Tokyo,Turf,2000,G1,https://db.netkeiba.com/race/199605050810/,https://www.jbis.or.jp/race/result/19961027/105/10/
marvelous-sunday,7,1,1st,Kyoto Daishoten J,6 Oct 1996,Marvelous Sunday,,Kyoto,Turf,2400,G2,https://db.netkeiba.com/race/199608040211/,https://www.jbis.or.jp/race/result/19961006/108/11/
marvelous-sunday,8,1,1st,Challenge Cup J,8 Sept 1996,Marvelous Sunday,,Hanshin,Turf,2000,G3,https://db.netkeiba.com/race/199609040211/,https://www.jbis.or.jp/race/result/19960908/109/11/
marvelous-sunday,9,1,1st,Sapporo Kinen J,30 Jun 1996,Marvelous Sunday,,Sapporo,Turf,2000,G3,https://db.netkeiba.com/race/199601010811/,https://www.jbis.or.jp/race/result/19960630/101/11/
marvelous-sunday,10,1,1st,Epsom Cup J,1 Jun 1996,Marvelous Sunday,,Tokyo,Turf,1800,G3,https://db.netkeiba.com/race/199605040511/,https://www.jbis.or.jp/race/result/19960601/105/11/
marvelous-sunday,11,1,1st,Okehazama Stakes J,18 May 1996,Marvelous Sunday,,Chukyo,Turf,1800,Pre-OP,https://db.netkeiba.com/race/199607020111/,https://www.jbis.or.jp/race/result/19960518/107/11/
marvelous-sunday,12,1,1st,Kamogawa Tokubetsu J,5 May 1996,Marvelous Sunday,,Kyoto,Turf,1800,Pre-OP,https://db.netkeiba.com/race/199608030609/,https://www.jbis.or.jp/race/result/19960505/108/09/
marvelous-sunday,13,4,4th,Akashi Tokubetsu J,13 Apr 1996,Miller's Eight,,Hanshin,Turf,2000,Pre-OP,https://db.netkeiba.com/race/199609020710/,https://www.jbis.or.jp/race/result/19960413/109/10/
marvelous-sunday,14,1,1st,Yukiyanagi Sho J,5 Mar 1995,Marvelous Sunday,,Kyoto,Turf,2000,Pre-OP,https://db.netkeiba.com/race/199508030410/,https://www.jbis.or.jp/race/result/19950305/108/10/
marvelous-sunday,15,1,1st,3yo Newcomer Race J,4 Feb 1995,Marvelous Sunday,,Kyoto,Dirt,1800,Debut,https://db.netkeiba.com/race/199508020303/,https://www.jbis.or.jp/race/result/19950204/108/03/
matikanefukukitaru,1,8,8th,Takarazuka Kinen J,25 Jun 2000,TM Opera O,tm-opera-o,Hanshin,Turf,2200,G1,https://db.netkeiba.com/race/200009030411/,https://www.jbis.or.jp/race/result/20000625/109/11/
matikanefukukitaru,2,10,10th,Kinko Sho J,27 May 2000,Meisho Doto,meisho-doto,Chukyo,Turf,2000,G2,https://db.netkeiba.com/race/200007020311/,https://www.jbis.or.jp/race/result/20000527/107/11/
matikanefukukitaru,3,7,7th,Sapporo Kinen J,22 Aug 1999,Seiun Sky,seiun-sky,Sapporo,Turf,2000,G2,https://db.netkeiba.com/race/199901010611/,https://www.jbis.or.jp/race/result/19990822/101/11/
matikanefukukitaru,4,5,5th,Takarazuka Kinen J,11 Jul 1999,Grass Wonder,grass-wonder,Hanshin,Turf,2200,G1,https://db.netkeiba.com/race/199909030811/,https://www.jbis.or.jp/race/result/19990711/109/11/
matikanefukukitaru,5,7,7th,Tenno Sho (Spring) J,2 May 1999,Special Week,special-week,Kyoto,Turf,3200,G1,https://db.netkeiba.com/race/199908030411/,https://www.jbis.or.jp/race/result/19990502/108/11/
matikanefukukitaru,6,2,2nd,Osaka Hai J,4 Apr 1999,Silent Hunter,,Hanshin,Turf,2000,G2,https://db.netkeiba.com/race/199909020411/,https://www.jbis.or.jp/race/result/19990404/109/11/
matikanefukukitaru,7,11,11th,Milers Cup J,7 Mar 1999,Egao o Misete,,Hanshin,Turf,1600,G2,https://db.netkeiba.com/race/199909010411/,https://www.jbis.or.jp/race/result/19990307/109/11/
matikanefukukitaru,8,2,2nd,Kyoto Kinen J,14 Feb 1999,Emocion,,Kyoto,Turf,2200,G2,https://db.netkeiba.com/race/199908020611/,https://www.jbis.or.jp/race/result/19990214/108/11/
matikanefukukitaru,9,13,13th,Arima Kinen J,27 Dec 1998,Grass Wonder,grass-wonder,Nakayama,Turf,2500,G1,https://db.netkeiba.com/race/199806050809/,https://www.jbis.or.jp/race/result/19981227/106/09/
matikanefukukitaru,10,8,8th,Naruo Kinen J,21 Jun 1998,Sunrise Flag,,Hanshin,Turf,2000,G2,https://db.netkeiba.com/race/199809030211/,https://www.jbis.or.jp/race/result/19980621/109/11/
matikanefukukitaru,11,6,6th,Kinko Sho J,30 May 1998,Silence Suzuka,silence-suzuka,Chukyo,Turf,2000,G2,https://db.netkeiba.com/race/199807030311/,https://www.jbis.or.jp/race/result/19980530/107/11/
matikanefukukitaru,12,1,1st,Kikuka Sho J,2 Nov 1997,Matikanefukukitaru,,Kyoto,Turf,3000,G1,https://db.netkeiba.com/race/199708050210/,https://www.jbis.or.jp/race/result/19971102/108/10/
matikanefukukitaru,13,1,1st,Kyoto Shimbun Hai J,12 Oct 1997,Matikanefukukitaru,,Kyoto,Turf,2200,G2,https://db.netkeiba.com/race/199708040411/,https://www.jbis.or.jp/race/result/19971012/108/11/
matikanefukukitaru,14,1,1st,Kobe Shimbun Hai J,14 Sept 1997,Matikanefukukitaru,,Hanshin,Turf,2000,G2,https://db.netkeiba.com/race/199709040411/,https://www.jbis.or.jp/race/result/19970914/109/11/
matikanefukukitaru,15,1,1st,Sakurambo Stakes J,5 Jul 1997,Matikanefukukitaru,,Fukushima,Turf,1700,Pre-OP,https://db.netkeiba.com/race/199703010710/,https://www.jbis.or.jp/race/result/19970705/103/10/
matikanefukukitaru,16,7,7th,Tokyo Yushun (Japanese Derby) J,1 Jun 1997,Sunny Brian,,Tokyo,Turf,2400,G1,https://db.netkeiba.com/race/199705030609/,https://www.jbis.or.jp/race/result/19970601/105/09/
matikanefukukitaru,17,2,2nd,Principal Stakes J,10 May 1997,Silence Suzuka,silence-suzuka,Tokyo,Turf,2200,OP,https://db.netkeiba.com/race/199705020710/,https://www.jbis.or.jp/race/result/19970510/105/10/
matikanefukukitaru,18,1,1st,Moonee Valley Racing Club Sho J,19 Apr 1997,Matikanefukukitaru,,Kyoto,Turf,1800,Pre-OP,https://db.netkeiba.com/race/199708030108/,https://www.jbis.or.jp/race/result/19970419/108/08/
matikanefukukitaru,19,2,2nd,Kunshiran Sho J,6 Apr 1997,Premium Thunder,,Hanshin,Turf,1600,Pre-OP,https://db.netkeiba.com/race/199709020606/,https://www.jbis.or.jp/race/result/19970406/109/06/
matikanefukukitaru,20,1,1st,3yo Maiden Race J,15 Mar 1997,Matikanefukukitaru,,Hanshin,Dirt,1800,Maiden,https://db.netkeiba.com/race/199709010701/,https://www.jbis.or.jp/race/result/19970315/109/01/
matikanefukukitaru,21,4,4th,2yo Newcomer Race J,21 Dec 1996,Osumi Giant,,Hanshin,Turf,1600,Debut,https://db.netkeiba.com/race/199609050705/,https://www.jbis.or.jp/race/result/19961221/109/05/
matikanefukukitaru,22,3,3rd,2yo Newcomer Race J,30 Nov 1996,Kyoei March,,Hanshin,Dirt,1200,Debut,https://db.netkeiba.com/race/199609050104/,https://www.jbis.or.jp/race/result/19961130/109/04/
mr-cb,1,5,5th,Tenno Sho (Spring),29 Apr 1985,Symboli Rudolf,symboli-rudolf,Kyoto,Turf,3200,G1,https://db.netkeiba.com/race/198508030410/,
mr-cb,2,2,2nd,Osaka Hai,31 Mar 1985,State Jaguar,,Hanshin,Turf,2000,G2,https://db.netkeiba.com/race/198509020411/,
mr-cb,3,3,3rd,Arima Kinen,23 Dec 1984,Symboli Rudolf,symboli-rudolf,Nakayama,Turf,2500,G1,https://db.netkeiba.com/race/198406050810/,
mr-cb,4,10,10th,Japan Cup,25 Nov 1984,Katsuragi Ace,katsuragi-ace,Tokyo,Turf,2400,G1,https://db.netkeiba.com/race/198405050810/,
mr-cb,5,1,1st,Tenno Sho (Autumn),28 Oct 1984,Mr. C.B.,,Tokyo,Turf,2000,G1,https://db.netkeiba.com/race/198405040810/,
mr-cb,6,2,2nd,Mainichi Okan,7 Oct 1984,Katsuragi Ace,katsuragi-ace,Tokyo,Turf,1800,G2,https://db.netkeiba.com/race/198405040210/,
mr-cb,7,1,1st,Kikuka Sho,13 Nov 1983,Mr. C.B.,,Kyoto,Turf,3000,OP,https://db.netkeiba.com/race/198308050410/,
mr-cb,8,4,4th,Kyoto Shimbun Hai,23 Oct 1983,Katsuragi Ace,katsuragi-ace,Kyoto,Turf,2000,OP,https://db.netkeiba.com/race/198308040611/,
mr-cb,9,1,1st,Tokyo Yushun (Japanese Derby),29 May 1983,Mr. C.B.,,Tokyo,Turf,2400,OP,https://db.netkeiba.com/race/198305030409/,
mr-cb,10,1,1st,Satsuki Sho,17 Apr 1983,Mr. C.B.,,Nakayama,Turf,2000,OP,https://db.netkeiba.com/race/198306030810/,
mr-cb,11,1,1st,Yayoi Sho,6 Mar 1983,Mr. C.B.,,Nakayama,Turf,1800,OP,https://db.netkeiba.com/race/198306020411/,
mr-cb,12,1,1st,Kyodo News Service Hai Yonsai Stakes,13 Feb 1983,Mr. C.B.,,Tokyo,Turf,1800,OP,https://db.netkeiba.com/race/198305010611/,
mr-cb,13,2,2nd,Hiiragi Sho,25 Dec 1982,Umeno Shin O,,Nakayama,Turf,1800,Pre-OP,https://db.netkeiba.com/race/198206050709/,
mr-cb,14,1,1st,Kuromatsu Sho,4 Dec 1982,Mr. C.B.,,Nakayama,Turf,1600,Pre-OP,https://db.netkeiba.com/race/198206050109/,
mr-cb,15,1,1st,2yo Newcomer Race,6 Nov 1982,Mr. C.B.,,Tokyo,Turf,1600,Debut,https://db.netkeiba.com/race/198205050103/,
meisho-doto,1,4,4th,Arima Kinen J,23 Dec 2001,Manhattan Cafe,manhattan-cafe,Nakayama,Turf,2500,G1,https://db.netkeiba.com/race/200106050809/,https://www.jbis.or.jp/race/result/20011223/106/09/
meisho-doto,2,5,5th,Japan Cup J,25 Nov 2001,Jungle Pocket,jungle-pocket,Tokyo,Turf,2400,G1,https://db.netkeiba.com/race/200105050810/,https://www.jbis.or.jp/race/result/20011125/105/10/
meisho-doto,3,3,3rd,Tenno Sho (Autumn) J,28 Oct 2001,Agnes Digital,agnes-digital,Tokyo,Turf,2000,G1,https://db.netkeiba.com/race/200105040811/,https://www.jbis.or.jp/race/result/20011028/105/11/
meisho-doto,4,1,1st,Takarazuka Kinen J,24 Jun 2001,Meisho Doto,,Hanshin,Turf,2200,G1,https://db.netkeiba.com/race/200109030411/,https://www.jbis.or.jp/race/result/20010624/109/11/
meisho-doto,5,2,2nd,Tenno Sho (Spring) J,29 Apr 2001,TM Opera O,tm-opera-o,Kyoto,Turf,3200,G1,https://db.netkeiba.com/race/200108030411/,https://www.jbis.or.jp/race/result/20010429/108/11/
meisho-doto,6,1,1st,Nikkei Sho J,24 Mar 2001,Meisho Doto,,Nakayama,Turf,2500,G2,https://db.netkeiba.com/race/200106030111/,https://www.jbis.or.jp/race/result/20010324/106/11/
meisho-doto,7,2,2nd,Arima Kinen J,24 Dec 2000,TM Opera O,tm-opera-o,Nakayama,Turf,2500,G1,https://db.netkeiba.com/race/200006060809/,https://www.jbis.or.jp/race/result/20001224/106/09/
meisho-doto,8,2,2nd,Japan Cup J,26 Nov 2000,TM Opera O,tm-opera-o,Tokyo,Turf,2400,G1,https://db.netkeiba.com/race/200005060810/,https://www.jbis.or.jp/race/result/20001126/105/10/
meisho-doto,9,2,2nd,Tenno Sho (Autumn) J,29 Oct 2000,TM Opera O,tm-opera-o,Tokyo,Turf,2000,G1,https://db.netkeiba.com/race/200005050811/,https://www.jbis.or.jp/race/result/20001029/105/11/
meisho-doto,10,1,1st,All Comers J,24 Sept 2000,Meisho Doto,,Nakayama,Turf,2200,G2,https://db.netkeiba.com/race/200006050611/,https://www.jbis.or.jp/race/result/20000924/106/11/
meisho-doto,11,2,2nd,Takarazuka Kinen J,25 Jun 2000,TM Opera O,tm-opera-o,Hanshin,Turf,2200,G1,https://db.netkeiba.com/race/200009030411/,https://www.jbis.or.jp/race/result/20000625/109/11/
meisho-doto,12,1,1st,Kinko Sho J,27 May 2000,Meisho Doto,,Chukyo,Turf,2000,G2,https://db.netkeiba.com/race/200007020311/,https://www.jbis.or.jp/race/result/20000527/107/11/
meisho-doto,13,1,1st,Metropolitan Stakes J,29 Apr 2000,Meisho Doto,,Tokyo,Turf,2300,OP,https://db.netkeiba.com/race/200005020309/,https://www.jbis.or.jp/race/result/20000429/105/09/
meisho-doto,14,3,3rd,Nikkei Sho J,26 Mar 2000,Leo Ryuho,,Nakayama,Turf,2500,G2,https://db.netkeiba.com/race/200006030211/,https://www.jbis.or.jp/race/result/20000326/106/11/
meisho-doto,15,1,1st,Chukyo Kinen J,5 Mar 2000,Meisho Doto,,Chukyo,Turf,2000,G3,https://db.netkeiba.com/race/200007010211/,https://www.jbis.or.jp/race/result/20000305/107/11/
meisho-doto,16,2,2nd,Nikkei Shinshun Hai J,16 Jan 2000,Marvelous Timer,,Kyoto,Turf,2400,G2,https://db.netkeiba.com/race/200008010611/,https://www.jbis.or.jp/race/result/20000116/108/11/
meisho-doto,17,11,11th,Rokko Stakes J,26 Dec 1999,Tunante,,Hanshin,Turf,2000,OP,https://db.netkeiba.com/race/199909050811/,https://www.jbis.or.jp/race/result/19991226/109/11/
meisho-doto,18,1,1st,Doncaster Stakes J,14 Nov 1999,Meisho Doto,,Kyoto,Turf,1800,Pre-OP,https://db.netkeiba.com/race/199908050409/,https://www.jbis.or.jp/race/result/19991114/108/09/
meisho-doto,19,1,1st,Sagano Tokubetsu J,16 Oct 1999,Meisho Doto,,Kyoto,Turf,2000,Pre-OP,https://db.netkeiba.com/race/199908040309/,https://www.jbis.or.jp/race/result/19991016/108/09/
meisho-doto,20,2,2nd,Doshin Sports Sho J,25 Sept 1999,Erimo Pure,,Sapporo,Turf,2000,Pre-OP,https://db.netkeiba.com/race/199901020710/,https://www.jbis.or.jp/race/result/19990925/101/10/
meisho-doto,21,4,4th,Okurayama Tokubetsu J,18 Sept 1999,Cheers Beauty,,Sapporo,Turf,1800,Pre-OP,https://db.netkeiba.com/race/199901020511/,https://www.jbis.or.jp/race/result/19990918/101/11/
meisho-doto,22,8,8th,Poplar Stakes J,5 Sept 1999,Princess Carla,,Sapporo,Turf,1500,Pre-OP,https://db.netkeiba.com/race/199901020210/,https://www.jbis.or.jp/race/result/19990905/101/10/
meisho-doto,23,8,8th,Hong Kong Jockey Club Trophy J,23 May 1999,My Season,,Chukyo,Dirt,1700,OP,https://db.netkeiba.com/race/199907030212/,https://www.jbis.or.jp/race/result/19990523/107/12/
meisho-doto,24,1,1st,Kaido Sho J,18 Apr 1999,Meisho Doto,,Chukyo,Dirt,1700,Pre-OP,https://db.netkeiba.com/race/199907020810/,https://www.jbis.or.jp/race/result/19990418/107/10/
meisho-doto,25,4,4th,3yo Allowance (¥5m & Less) J,20 Mar 1999,Tai Robbery,,Hanshin,Dirt,1800,Pre-OP,https://db.netkeiba.com/race/199909010707/,https://www.jbis.or.jp/race/result/19990320/109/07/
meisho-doto,26,1,1st,3yo Newcomer Race J,16 Jan 1999,Meisho Doto,,Kyoto,Dirt,1800,Debut,https://db.netkeiba.com/race/199908010504/,https://www.jbis.or.jp/race/result/19990116/108/04/
meisho-doto,27,2,2nd,3yo Newcomer Race J,6 Jan 1999,Tai Sosa,,Kyoto,Dirt,1800,Debut,https://db.netkeiba.com/race/199908010204/,https://www.jbis.or.jp/race/result/19990106/108/04/
mejiro-dober,1,1,1st,Queen Elizabeth II Cup J,14 Nov 1999,Mejiro Dober,,Kyoto,Turf,2200,G1,https://db.netkeiba.com/race/199908050411/,https://www.jbis.or.jp/race/result/19991114/108/11/
mejiro-dober,2,6,6th,Mainichi Okan J,10 Oct 1999,Grass Wonder,grass-wonder,Tokyo,Turf,1800,G2,https://db.netkeiba.com/race/199905040211/,https://www.jbis.or.jp/race/result/19991010/105/11/
mejiro-dober,3,2,2nd,Nakayama Himba Stakes J,28 Feb 1999,Narita Luna Park,,Nakayama,Turf,1800,G3,https://db.netkeiba.com/race/199906020211/,https://www.jbis.or.jp/race/result/19990228/106/11/
mejiro-dober,4,9,9th,Arima Kinen J,27 Dec 1998,Grass Wonder,grass-wonder,Nakayama,Turf,2500,G1,https://db.netkeiba.com/race/199806050809/,https://www.jbis.or.jp/race/result/19981227/106/09/
mejiro-dober,5,1,1st,Queen Elizabeth II Cup J,15 Nov 1998,Mejiro Dober,,Kyoto,Turf,2200,G1,https://db.netkeiba.com/race/199808060411/,https://www.jbis.or.jp/race/result/19981115/108/11/
mejiro-dober,6,1,1st,Fuchu Himba Stakes J,18 Oct 1998,Mejiro Dober,,Tokyo,Turf,1800,G3,https://db.netkeiba.com/race/199805040411/,https://www.jbis.or.jp/race/result/19981018/105/11/
mejiro-dober,7,5,5th,Takarazuka Kinen J,12 Jul 1998,Silence Suzuka,silence-suzuka,Hanshin,Turf,2200,G1,https://db.netkeiba.com/race/199809030811/,https://www.jbis.or.jp/race/result/19980712/109/11/
mejiro-dober,8,5,5th,Meguro Kinen J,13 Jun 1998,Going Suzuka,,Tokyo,Turf,2500,G2,https://db.netkeiba.com/race/199805030711/,https://www.jbis.or.jp/race/result/19980613/105/11/
mejiro-dober,9,2,2nd,Osaka Hai J,5 Apr 1998,Air Groove,air-groove,Hanshin,Turf,2000,G2,https://db.netkeiba.com/race/199809020411/,https://www.jbis.or.jp/race/result/19980405/109/11/
mejiro-dober,10,8,8th,Nikkei Shinshun Hai J,25 Jan 1998,Erimo Dandy,,Kyoto,Turf,2400,G2,https://db.netkeiba.com/race/199808010811/,https://www.jbis.or.jp/race/result/19980125/108/11/
mejiro-dober,11,8,8th,Arima Kinen J,21 Dec 1997,Silk Justice,,Nakayama,Turf,2500,G1,https://db.netkeiba.com/race/199706050809/,https://www.jbis.or.jp/race/result/19971221/106/09/
mejiro-dober,12,1,1st,Shuka Sho J,19 Oct 1997,Mejiro Dober,,Kyoto,Turf,2000,G1,https://db.netkeiba.com/race/199708040611/,https://www.jbis.or.jp/race/result/19971019/108/11/
mejiro-dober,13,1,1st,All Comers J,14 Sept 1997,Mejiro Dober,,Nakayama,Turf,2200,G2,https://db.netkeiba.com/race/199706040411/,https://www.jbis.or.jp/race/result/19970914/106/11/
mejiro-dober,14,1,1st,Japanese Oaks J,25 May 1997,Mejiro Dober,,Tokyo,Turf,2400,G1,https://db.netkeiba.com/race/199705030410/,https://www.jbis.or.jp/race/result/19970525/105/10/
mejiro-dober,15,2,2nd,Oka Sho J,6 Apr 1997,Kyoei March,,Hanshin,Turf,1600,G1,https://db.netkeiba.com/race/199709020610/,https://www.jbis.or.jp/race/result/19970406/109/10/
mejiro-dober,16,3,3rd,Tulip Sho J,1 Mar 1997,Orange Peel,,Hanshin,Turf,1600,G3,https://db.netkeiba.com/race/199709010311/,https://www.jbis.or.jp/race/result/19970301/109/11/
mejiro-dober,17,1,1st,Hanshin Sansai Himba Stakes J,1 Dec 1996,Mejiro Dober,,Hanshin,Turf,1600,G1,https://db.netkeiba.com/race/199609050211/,https://www.jbis.or.jp/race/result/19961201/109/11/
mejiro-dober,18,1,1st,Icho Stakes J,27 Oct 1996,Mejiro Dober,,Tokyo,Turf,1600,OP,https://db.netkeiba.com/race/199605050806/,https://www.jbis.or.jp/race/result/19961027/105/06/
mejiro-dober,19,1,1st,Saffron Sho J,6 Oct 1996,Mejiro Dober,,Tokyo,Turf,1400,Pre-OP,https://db.netkeiba.com/race/199605050209/,https://www.jbis.or.jp/race/result/19961006/105/09/
mejiro-dober,20,5,5th,Niigata Sansai Stakes J,1 Sept 1996,Personality One,,Nakayama,Turf,1200,G3,https://db.netkeiba.com/race/199606040811/,https://www.jbis.or.jp/race/result/19960901/106/11/
mejiro-dober,21,1,1st,2yo Newcomer Race J,13 Jul 1996,Mejiro Dober,,Niigata,Turf,1000,Debut,https://db.netkeiba.com/race/199604020107/,https://www.jbis.or.jp/race/result/19960713/104/07/
nice-nature,1,15,15th,Copa Republica Argentina J,16 Nov 1996,L-Way Win,,Tokyo,Turf,2500,G2,https://db.netkeiba.com/race/199605060511/,https://www.jbis.or.jp/race/result/19961116/105/11/
nice-nature,2,10,10th,Tenno Sho (Autumn) J,27 Oct 1996,Bubble Gum Fellow,bubble-gum-fellow,Tokyo,Turf,2000,G1,https://db.netkeiba.com/race/199605050810/,https://www.jbis.or.jp/race/result/19961027/105/10/
nice-nature,3,8,8th,Keihan Hai J,11 May 1996,Dance Partner,,Kyoto,Turf,2200,G3,https://db.netkeiba.com/race/199608030711/,https://www.jbis.or.jp/race/result/19960511/108/11/
nice-nature,4,6,6th,Lord Derby Challenge Trophy J,6 Apr 1996,Fujino Makken O,,Nakayama,Turf,1600,G3,https://db.netkeiba.com/race/199606020511/,https://www.jbis.or.jp/race/result/19960406/106/11/
nice-nature,5,4,4th,Chukyo Kinen J,17 Mar 1996,Inazuma Takao,,Chukyo,Turf,2000,G3,https://db.netkeiba.com/race/199607010611/,https://www.jbis.or.jp/race/result/19960317/107/11/
nice-nature,6,9,9th,Arima Kinen J,24 Dec 1995,Mayano Top Gun,mayano-top-gun,Nakayama,Turf,2500,G1,https://db.netkeiba.com/race/199506050809/,https://www.jbis.or.jp/race/result/19951224/106/09/
nice-nature,7,13,13th,Japan Cup J,26 Nov 1995,Lando,,Tokyo,Turf,2400,G1,https://db.netkeiba.com/race/199505050810/,https://www.jbis.or.jp/race/result/19951126/105/10/
nice-nature,8,8,8th,Kyoto Daishoten J,8 Oct 1995,Hishi Amazon,hishi-amazon,Kyoto,Turf,2400,G2,https://db.netkeiba.com/race/199508070211/,https://www.jbis.or.jp/race/result/19951008/108/11/
nice-nature,9,2,2nd,Kyoto Kinen J,12 Feb 1995,Wako Chikako,,Kyoto,Turf,2200,G2,https://db.netkeiba.com/race/199508020611/,https://www.jbis.or.jp/race/result/19950212/108/11/
nice-nature,10,5,5th,Arima Kinen J,25 Dec 1994,Narita Brian,narita-brian,Nakayama,Turf,2500,G1,https://db.netkeiba.com/race/199406050809/,https://www.jbis.or.jp/race/result/19941225/106/09/
nice-nature,11,8,8th,Japan Cup J,27 Nov 1994,Marvelous Crown,,Tokyo,Turf,2400,G1,https://db.netkeiba.com/race/199405050810/,https://www.jbis.or.jp/race/result/19941127/105/10/
nice-nature,12,7,7th,Tenno Sho (Autumn) J,30 Oct 1994,Nehai Caesar,,Tokyo,Turf,2000,G1,https://db.netkeiba.com/race/199405040810/,https://www.jbis.or.jp/race/result/19941030/105/10/
nice-nature,13,6,6th,Mainichi Okan J,9 Oct 1994,Nehai Caesar,,Tokyo,Turf,1800,G2,https://db.netkeiba.com/race/199405040211/,https://www.jbis.or.jp/race/result/19941009/105/11/
nice-nature,14,1,1st,Takamatsunomiya Hai J,10 Jul 1994,Nice Nature,,Chukyo,Turf,2000,G2,https://db.netkeiba.com/race/199407020811/,https://www.jbis.or.jp/race/result/19940710/107/11/
nice-nature,15,4,4th,Takarazuka Kinen J,12 Jun 1994,Biwa Hayahide,biwa-hayahide,Hanshin,Turf,2200,G1,https://db.netkeiba.com/race/199409050810/,https://www.jbis.or.jp/race/result/19940612/109/10/
nice-nature,16,4,4th,Tenno Sho (Spring) J,24 Apr 1994,Biwa Hayahide,biwa-hayahide,Hanshin,Turf,3200,G1,https://db.netkeiba.com/race/199409040210/,https://www.jbis.or.jp/race/result/19940424/109/10/
nice-nature,17,2,2nd,Osaka Hai J,3 Apr 1994,Nehai Caesar,,Hanshin,Turf,2000,G2,https://db.netkeiba.com/race/199409030411/,https://www.jbis.or.jp/race/result/19940403/109/11/
nice-nature,18,7,7th,American JCC J,23 Jan 1994,Matikanetannhauser,matikanetannhauser,Nakayama,Turf,2200,G2,https://db.netkeiba.com/race/199406010811/,https://www.jbis.or.jp/race/result/19940123/106/11/
nice-nature,19,3,3rd,Arima Kinen J,26 Dec 1993,Tokai Teio,tokai-teio,Nakayama,Turf,2500,G1,https://db.netkeiba.com/race/199306050809/,https://www.jbis.or.jp/race/result/19931226/106/09/
nice-nature,20,7,7th,Japan Cup J,28 Nov 1993,Legacy World,,Tokyo,Turf,2400,G1,https://db.netkeiba.com/race/199305050810/,https://www.jbis.or.jp/race/result/19931128/105/10/
nice-nature,21,15,15th,Tenno Sho (Autumn) J,31 Oct 1993,Yamanin Zephyr,yamanin-zephyr,Tokyo,Turf,2000,G1,https://db.netkeiba.com/race/199305040810/,https://www.jbis.or.jp/race/result/19931031/105/10/
nice-nature,22,3,3rd,Mainichi Okan J,10 Oct 1993,Shinko Lovely,,Tokyo,Turf,1800,G2,https://db.netkeiba.com/race/199305040210/,https://www.jbis.or.jp/race/result/19931010/105/10/
nice-nature,23,2,2nd,Osaka Hai J,4 Apr 1993,Mejiro McQueen,mejiro-mcqueen,Hanshin,Turf,2000,G2,https://db.netkeiba.com/race/199309020411/,https://www.jbis.or.jp/race/result/19930404/109/11/
nice-nature,24,3,3rd,Hanshin Daishoten J,14 Mar 1993,Mejiro Palmer,mejiro-palmer,Hanshin,Turf,3000,G2,https://db.netkeiba.com/race/199309010611/,https://www.jbis.or.jp/race/result/19930314/109/11/
nice-nature,25,2,2nd,Nikkei Shinshun Hai J,24 Jan 1993,El Casa River,,Kyoto,Turf,2200,G2,https://db.netkeiba.com/race/199308010811/,https://www.jbis.or.jp/race/result/19930124/108/11/
nice-nature,26,3,3rd,Arima Kinen J,27 Dec 1992,Mejiro Palmer,mejiro-palmer,Nakayama,Turf,2500,G1,https://db.netkeiba.com/race/199206050809/,https://www.jbis.or.jp/race/result/19921227/106/09/
nice-nature,27,3,3rd,Mile Championship J,22 Nov 1992,Daitaku Helios,daitaku-helios,Kyoto,Turf,1600,G1,https://db.netkeiba.com/race/199208050610/,https://www.jbis.or.jp/race/result/19921122/108/10/
nice-nature,28,4,4th,Tenno Sho (Autumn) J,1 Nov 1992,Let's Go Tarquin,,Tokyo,Turf,2000,G1,https://db.netkeiba.com/race/199205040810/,https://www.jbis.or.jp/race/result/19921101/105/10/
nice-nature,29,3,3rd,Mainichi Okan J,11 Oct 1992,Daitaku Helios,daitaku-helios,Tokyo,Turf,1800,G2,https://db.netkeiba.com/race/199205040210/,https://www.jbis.or.jp/race/result/19921011/105/10/
nice-nature,30,3,3rd,Arima Kinen J,22 Dec 1991,Dai Yusaku,,Nakayama,Turf,2500,G1,https://db.netkeiba.com/race/199106050809/,https://www.jbis.or.jp/race/result/19911222/106/09/
nice-nature,31,1,1st,Naruo Kinen J,8 Dec 1991,Nice Nature,,Hanshin,Turf,2500,G2,https://db.netkeiba.com/race/199109010411/,https://www.jbis.or.jp/race/result/19911208/109/11/
nice-nature,32,4,4th,Kikuka Sho J,3 Nov 1991,Leo Durban,,Kyoto,Turf,3000,G1,https://db.netkeiba.com/race/199108070210/,https://www.jbis.or.jp/race/result/19911103/108/10/
nice-nature,33,1,1st,Kyoto Shimbun Hai J,13 Oct 1991,Nice Nature,,Kyoto,Turf,2200,G2,https://db.netkeiba.com/race/199108060411/,https://www.jbis.or.jp/race/result/19911013/108/11/
nice-nature,34,1,1st,Kokura Kinen J,25 Aug 1991,Nice Nature,,Kokura,Turf,2000,G3,https://db.netkeiba.com/race/199110040611/,https://www.jbis.or.jp/race/result/19910825/110/11/
nice-nature,35,1,1st,Hazuki Sho J,10 Aug 1991,Nice Nature,,Kokura,Turf,1800,Pre-OP,https://db.netkeiba.com/race/199110040111/,https://www.jbis.or.jp/race/result/19910810/110/11/
nice-nature,36,1,1st,Shiranui Tokubetsu J,28 Jul 1991,Nice Nature,,Kokura,Turf,1800,Pre-OP,https://db.netkeiba.com/race/199110030609/,https://www.jbis.or.jp/race/result/19910728/110/09/
nice-nature,37,2,2nd,Nadeshiko Sho J,6 Jul 1991,Shirokita Teio,,Chukyo,Turf,1800,Pre-OP,https://db.netkeiba.com/race/199107020709/,https://www.jbis.or.jp/race/result/19910706/107/09/
nice-nature,38,3,3rd,Wakagoma Stakes J,19 Jan 1991,Tokai Teio,tokai-teio,Kyoto,Turf,2000,OP,https://db.netkeiba.com/race/199108010709/,https://www.jbis.or.jp/race/result/19910119/108/09/
nice-nature,39,6,6th,Fukujuso Tokubetsu J,5 Jan 1991,Sister Tosho,,Kyoto,Turf,2000,Pre-OP,https://db.netkeiba.com/race/199108010109/,https://www.jbis.or.jp/race/result/19910105/108/09/
nice-nature,40,1,1st,2yo Newcomer Race J,15 Dec 1990,Nice Nature,,Kyoto,Dirt,1400,Debut,https://db.netkeiba.com/race/199008050504/,https://www.jbis.or.jp/race/result/19901215/108/04/
nice-nature,41,2,2nd,2yo Newcomer Race J,2 Dec 1990,Koei Royal,,Kyoto,Turf,1200,Debut,https://db.netkeiba.com/race/199008050204/,https://www.jbis.or.jp/race/result/19901202/108/04/
king-halo,1,4,4th,Arima Kinen J,24 Dec 2000,TM Opera O,tm-opera-o,Nakayama,Turf,2500,G1,https://db.netkeiba.com/race/200006060809/,https://www.jbis.or.jp/race/result/20001224/106/09/
king-halo,2,7,7th,Mile Championship J,19 Nov 2000,Agnes Digital,agnes-digital,Kyoto,Turf,1600,G1,https://db.netkeiba.com/race/200008050611/,https://www.jbis.or.jp/race/result/20001119/108/11/
king-halo,3,12,12th,Swan Stakes J,28 Oct 2000,Daitaku Yamato,,Kyoto,Turf,1400,G2,https://db.netkeiba.com/race/200008040711/,https://www.jbis.or.jp/race/result/20001028/108/11/
king-halo,4,7,7th,Sprinters Stakes J,1 Oct 2000,Daitaku Yamato,,Nakayama,Turf,1200,G1,https://db.netkeiba.com/race/200006050811/,https://www.jbis.or.jp/race/result/20001001/106/11/
king-halo,5,3,3rd,Yasuda Kinen J,4 Jun 2000,Fairy King Prawn,,Tokyo,Turf,1600,G1,https://db.netkeiba.com/race/200005030611/,https://www.jbis.or.jp/race/result/20000604/105/11/
king-halo,6,11,11th,Keio Hai Spring Cup J,14 May 2000,Stinger,,Tokyo,Turf,1400,G2,https://db.netkeiba.com/race/200005020811/,https://www.jbis.or.jp/race/result/20000514/105/11/
king-halo,7,1,1st,Takamatsunomiya Kinen J,26 Mar 2000,King Halo,,Chukyo,Turf,1200,G1,https://db.netkeiba.com/race/200007010811/,https://www.jbis.or.jp/race/result/20000326/107/11/
king-halo,8,13,13th,February Stakes J,20 Feb 2000,Wing Arrow,,Tokyo,Dirt,1600,G1,https://db.netkeiba.com/race/200005010811/,https://www.jbis.or.jp/race/result/20000220/105/11/
king-halo,9,3,3rd,Sprinters Stakes J,19 Dec 1999,Black Hawk,,Nakayama,Turf,1200,G1,https://db.netkeiba.com/race/199906050611/,https://www.jbis.or.jp/race/result/19991219/106/11/
king-halo,10,2,2nd,Mile Championship J,21 Nov 1999,Air Jihad,,Kyoto,Turf,1600,G1,https://db.netkeiba.com/race/199908050611/,https://www.jbis.or.jp/race/result/19991121/108/11/
king-halo,11,7,7th,Tenno Sho (Autumn) J,31 Oct 1999,Special Week,special-week,Tokyo,Turf,2000,G1,https://db.netkeiba.com/race/199905040811/,https://www.jbis.or.jp/race/result/19991031/105/11/
king-halo,12,5,5th,Mainichi Okan J,10 Oct 1999,Grass Wonder,grass-wonder,Tokyo,Turf,1800,G2,https://db.netkeiba.com/race/199905040211/,https://www.jbis.or.jp/race/result/19991010/105/11/
king-halo,13,8,8th,Takarazuka Kinen J,11 Jul 1999,Grass Wonder,grass-wonder,Hanshin,Turf,2200,G1,https://db.netkeiba.com/race/199909030811/,https://www.jbis.or.jp/race/result/19990711/109/11/
king-halo,14,11,11th,Yasuda Kinen J,13 Jun 1999,Air Jihad,,Tokyo,Turf,1600,G1,https://db.netkeiba.com/race/199905030811/,https://www.jbis.or.jp/race/result/19990613/105/11/
king-halo,15,1,1st,Nakayama Kinen J,14 Mar 1999,King Halo,,Nakayama,Turf,1800,G2,https://db.netkeiba.com/race/199906020611/,https://www.jbis.or.jp/race/result/19990314/106/11/
king-halo,16,1,1st,Tokyo Shimbun Hai J,7 Feb 1999,King Halo,,Tokyo,Turf,1600,G3,https://db.netkeiba.com/race/199905010411/,https://www.jbis.or.jp/race/result/19990207/105/11/
king-halo,17,6,6th,Arima Kinen J,27 Dec 1998,Grass Wonder,grass-wonder,Nakayama,Turf,2500,G1,https://db.netkeiba.com/race/199806050809/,https://www.jbis.or.jp/race/result/19981227/106/09/
king-halo,18,5,5th,Kikuka Sho J,8 Nov 1998,Seiun Sky,seiun-sky,Kyoto,Turf,3000,G1,https://db.netkeiba.com/race/199808060211/,https://www.jbis.or.jp/race/result/19981108/108/11/
king-halo,19,2,2nd,Kyoto Shimbun Hai J,18 Oct 1998,Special Week,special-week,Kyoto,Turf,2200,G2,https://db.netkeiba.com/race/199808050411/,https://www.jbis.or.jp/race/result/19981018/108/11/
king-halo,20,3,3rd,Kobe Shimbun Hai J,20 Sept 1998,Kanetoshi Governor,,Hanshin,Turf,2000,G2,https://db.netkeiba.com/race/199809050411/,https://www.jbis.or.jp/race/result/19980920/109/11/
king-halo,21,14,14th,Tokyo Yushun (Japanese Derby) J,7 Jun 1998,Special Week,special-week,Tokyo,Turf,2400,G1,https://db.netkeiba.com/race/199805030609/,https://www.jbis.or.jp/race/result/19980607/105/09/
king-halo,22,2,2nd,Satsuki Sho J,19 Apr 1998,Seiun Sky,seiun-sky,Nakayama,Turf,2000,G1,https://db.netkeiba.com/race/199806030811/,https://www.jbis.or.jp/race/result/19980419/106/11/
king-halo,23,3,3rd,Yayoi Sho J,8 Mar 1998,Special Week,special-week,Nakayama,Turf,2000,G2,https://db.netkeiba.com/race/199806020411/,https://www.jbis.or.jp/race/result/19980308/106/11/
king-halo,24,2,2nd,Radio Tampa Hai Sansai Stakes J,20 Dec 1997,Lord Ax,,Hanshin,Turf,2000,G3,https://db.netkeiba.com/race/199709050711/,https://www.jbis.or.jp/race/result/19971220/109/11/
king-halo,25,1,1st,Tokyo Sports Hai Sansai Stakes J,15 Nov 1997,King Halo,,Tokyo,Turf,1800,G3,https://db.netkeiba.com/race/199705050511/,https://www.jbis.or.jp/race/result/19971115/105/11/
king-halo,26,1,1st,Kigiku Sho J,25 Oct 1997,King Halo,,Kyoto,Turf,1800,Pre-OP,https://db.netkeiba.com/race/199708040709/,https://www.jbis.or.jp/race/result/19971025/108/09/
king-halo,27,1,1st,2yo Newcomer Race J,5 Oct 1997,King Halo,,Kyoto,Turf,1600,Debut,https://db.netkeiba.com/race/199708040202/,https://www.jbis.or.jp/race/result/19971005/108/02/
matikanetannhauser,1,7,7th,Stayers Stakes J,9 Dec 1995,Stage Champ,,Nakayama,Turf,3600,G3,https://db.netkeiba.com/race/199506050311/,https://www.jbis.or.jp/race/result/19951209/106/11/
matikanetannhauser,2,12,12th,Japan Cup J,26 Nov 1995,Lando,,Tokyo,Turf,2400,G1,https://db.netkeiba.com/race/199505050810/,https://www.jbis.or.jp/race/result/19951126/105/10/
matikanetannhauser,3,6,6th,Tenno Sho (Autumn) J,29 Oct 1995,Sakura Chitose O,sakura-chitose-o,Tokyo,Turf,2000,G1,https://db.netkeiba.com/race/199505040810/,https://www.jbis.or.jp/race/result/19951029/105/10/
matikanetannhauser,4,8,8th,Hakodate Kinen J,20 Aug 1995,Inter My Way,,Hakodate,Turf,2000,G3,https://db.netkeiba.com/race/199502010611/,https://www.jbis.or.jp/race/result/19950820/102/11/
matikanetannhauser,5,1,1st,Takamatsunomiya Hai J,9 Jul 1995,Matikanetannhauser,,Chukyo,Turf,2000,G2,https://db.netkeiba.com/race/199507030811/,https://www.jbis.or.jp/race/result/19950709/107/11/
matikanetannhauser,6,,DNS,Arima Kinen J,25 Dec 1994,Narita Brian,narita-brian,Nakayama,Turf,2500,G1,https://db.netkeiba.com/race/199406050809/,https://www.jbis.or.jp/race/result/19941225/106/09/
matikanetannhauser,7,,ER,Japan Cup J,27 Nov 1994,Marvelous Crown,,Tokyo,Turf,2400,G1,https://db.netkeiba.com/race/199405050810/,https://www.jbis.or.jp/race/result/19941127/105/10/
matikanetannhauser,8,4,4th,Tenno Sho (Autumn) J,30 Oct 1994,Nehai Caesar,,Tokyo,Turf,2000,G1,https://db.netkeiba.com/race/199405040810/,https://www.jbis.or.jp/race/result/19941030/105/10/
matikanetannhauser,9,5,5th,Mainichi Okan J,9 Oct 1994,Nehai Caesar,,Tokyo,Turf,1800,G2,https://db.netkeiba.com/race/199405040211/,https://www.jbis.or.jp/race/result/19941009/105/11/
matikanetannhauser,10,9,9th,Takarazuka Kinen J,12 Jun 1994,Biwa Hayahide,biwa-hayahide,Hanshin,Turf,2200,G1,https://db.netkeiba.com/race/199409050810/,https://www.jbis.or.jp/race/result/19940612/109/10/
matikanetannhauser,11,5,5th,Keihan Hai J,14 May 1994,Nehai Caesar,,Hanshin,Turf,2000,G3,https://db.netkeiba.com/race/199409040711/,https://www.jbis.or.jp/race/result/19940514/109/11/
matikanetannhauser,12,5,5th,Tenno Sho (Spring) J,24 Apr 1994,Biwa Hayahide,biwa-hayahide,Hanshin,Turf,3200,G1,https://db.netkeiba.com/race/199409040210/,https://www.jbis.or.jp/race/result/19940424/109/10/
matikanetannhauser,13,3,3rd,Nikkei Sho J,20 Mar 1994,Stage Champ,,Nakayama,Turf,2500,G2,https://db.netkeiba.com/race/199406020811/,https://www.jbis.or.jp/race/result/19940320/106/11/
matikanetannhauser,14,1,1st,American JCC J,23 Jan 1994,Matikanetannhauser,,Nakayama,Turf,2200,G2,https://db.netkeiba.com/race/199406010811/,https://www.jbis.or.jp/race/result/19940123/106/11/
matikanetannhauser,15,4,4th,Arima Kinen J,26 Dec 1993,Tokai Teio,tokai-teio,Nakayama,Turf,2500,G1,https://db.netkeiba.com/race/199306050809/,https://www.jbis.or.jp/race/result/19931226/106/09/
matikanetannhauser,16,15,15th,Japan Cup J,28 Nov 1993,Legacy World,,Tokyo,Turf,2400,G1,https://db.netkeiba.com/race/199305050810/,https://www.jbis.or.jp/race/result/19931128/105/10/
matikanetannhauser,17,1,1st,Fuji Stakes J,14 Nov 1993,Matikanetannhauser,,Tokyo,Turf,1800,OP,https://db.netkeiba.com/race/199305050411/,https://www.jbis.or.jp/race/result/19931114/105/11/
matikanetannhauser,18,4,4th,Takamatsunomiya Hai J,11 Jul 1993,Longchamp Boy,,Kyoto,Turf,2000,G2,https://db.netkeiba.com/race/199308040811/,https://www.jbis.or.jp/race/result/19930711/108/11/
matikanetannhauser,19,1,1st,May Stakes J,29 May 1993,Matikanetannhauser,,Tokyo,Turf,2400,OP,https://db.netkeiba.com/race/199305030311/,https://www.jbis.or.jp/race/result/19930529/105/11/
matikanetannhauser,20,4,4th,Tenno Sho (Spring) J,25 Apr 1993,Rice Shower,rice-shower,Kyoto,Turf,3200,G1,https://db.netkeiba.com/race/199308030210/,https://www.jbis.or.jp/race/result/19930425/108/10/
matikanetannhauser,21,1,1st,Meguro Kinen J,21 Feb 1993,Matikanetannhauser,,Tokyo,Turf,2500,G2,https://db.netkeiba.com/race/199305010811/,https://www.jbis.or.jp/race/result/19930221/105/11/
matikanetannhauser,22,1,1st,Diamond Stakes J,30 Jan 1993,Matikanetannhauser,,Tokyo,Turf,3200,G3,https://db.netkeiba.com/race/199305010111/,https://www.jbis.or.jp/race/result/19930130/105/11/
matikanetannhauser,23,8,8th,Kimpai (East) J,5 Jan 1993,Sekitei Ryu O,,Nakayama,Turf,2000,G3,https://db.netkeiba.com/race/199306010111/,https://www.jbis.or.jp/race/result/19930105/106/11/
matikanetannhauser,24,3,3rd,Kikuka Sho J,8 Nov 1992,Rice Shower,rice-shower,Kyoto,Turf,3000,G1,https://db.netkeiba.com/race/199208050210/,https://www.jbis.or.jp/race/result/19921108/108/10/
matikanetannhauser,25,2,2nd,Cassiopeia Stakes J,24 Oct 1992,Victory Hauler,,Kyoto,Turf,1800,OP,https://db.netkeiba.com/race/199208040511/,https://www.jbis.or.jp/race/result/19921024/108/11/
matikanetannhauser,26,4,4th,Tokyo Yushun (Japanese Derby) J,31 May 1992,Mihono Bourbon,mihono-bourbon,Tokyo,Turf,2400,G1,https://db.netkeiba.com/race/199205030409/,https://www.jbis.or.jp/race/result/19920531/105/09/
matikanetannhauser,27,2,2nd,NHK Hai J,10 May 1992,Narita Taisei,,Tokyo,Turf,2000,G2,https://db.netkeiba.com/race/199205020611/,https://www.jbis.or.jp/race/result/19920510/105/11/
matikanetannhauser,28,7,7th,Satsuki Sho J,19 Apr 1992,Mihono Bourbon,mihono-bourbon,Nakayama,Turf,2000,G1,https://db.netkeiba.com/race/199206030810/,https://www.jbis.or.jp/race/result/19920419/106/10/
matikanetannhauser,29,5,5th,Spring Stakes J,29 Mar 1992,Mihono Bourbon,mihono-bourbon,Nakayama,Turf,1800,G2,https://db.netkeiba.com/race/199206030211/,https://www.jbis.or.jp/race/result/19920329/106/11/
matikanetannhauser,30,4,4th,Kyodo News Service Hai Yonsai Stakes J,16 Feb 1992,Air Jordan,,Tokyo,Turf,1800,G3,https://db.netkeiba.com/race/199205010611/,https://www.jbis.or.jp/race/result/19920216/105/11/
matikanetannhauser,31,4,4th,Asahi Hai Sansai Stakes J,8 Dec 1991,Mihono Bourbon,mihono-bourbon,Nakayama,Turf,1600,G1,https://db.netkeiba.com/race/199106050411/,https://www.jbis.or.jp/race/result/19911208/106/11/
matikanetannhauser,32,1,1st,Fuchu Sansai Stakes J,17 Nov 1991,Matikanetannhauser,,Tokyo,Turf,1800,OP,https://db.netkeiba.com/race/199105050609/,https://www.jbis.or.jp/race/result/19911117/105/09/
matikanetannhauser,33,4,4th,Icho Stakes J,27 Oct 1991,Sanei Thank You,,Tokyo,Turf,1600,OP,https://db.netkeiba.com/race/199105040808/,https://www.jbis.or.jp/race/result/19911027/105/08/
matikanetannhauser,34,1,1st,2yo Newcomer Race J,15 Sept 1991,Matikanetannhauser,,Chukyo,Turf,1700,Debut,https://db.netkeiba.com/race/199107030406/,https://www.jbis.or.jp/race/result/19910915/107/06/
ikuno-dictus,1,8,8th,Fuji Stakes J,14 Nov 1993,Matikanetannhauser,matikanetannhauser,Tokyo,Turf,1800,OP,https://db.netkeiba.com/race/199305050411/,https://www.jbis.or.jp/race/result/19931114/105/11/
ikuno-dictus,2,10,10th,Tenno Sho (Autumn) J,31 Oct 1993,Yamanin Zephyr,yamanin-zephyr,Tokyo,Turf,2000,G1,https://db.netkeiba.com/race/199305040810/,https://www.jbis.or.jp/race/result/19931031/105/10/
ikuno-dictus,3,7,7th,Mainichi Okan J,10 Oct 1993,Shinko Lovely,,Tokyo,Turf,1800,G2,https://db.netkeiba.com/race/199305040210/,https://www.jbis.or.jp/race/result/19931010/105/10/
ikuno-dictus,4,7,7th,All Comers J,19 Sept 1993,Twin Turbo,twin-turbo,Nakayama,Turf,2200,G3,https://db.netkeiba.com/race/199306040411/,https://www.jbis.or.jp/race/result/19930919/106/11/
ikuno-dictus,5,1,1st,TV Aichi Open J,26 Jun 1993,Ikuno Dictus,,Kyoto,Turf,2000,OP,https://db.netkeiba.com/race/199308040311/,https://www.jbis.or.jp/race/result/19930626/108/11/
ikuno-dictus,6,2,2nd,Takarazuka Kinen J,13 Jun 1993,Mejiro McQueen,mejiro-mcqueen,Hanshin,Turf,2200,G1,https://db.netkeiba.com/race/199309030810/,https://www.jbis.or.jp/race/result/19930613/109/10/
ikuno-dictus,7,2,2nd,Yasuda Kinen J,16 May 1993,Yamanin Zephyr,yamanin-zephyr,Tokyo,Turf,1600,G1,https://db.netkeiba.com/race/199305020810/,https://www.jbis.or.jp/race/result/19930516/105/10/
ikuno-dictus,8,9,9th,Tenno Sho (Spring) J,25 Apr 1993,Rice Shower,rice-shower,Kyoto,Turf,3200,G1,https://db.netkeiba.com/race/199308030210/,https://www.jbis.or.jp/race/result/19930425/108/10/
ikuno-dictus,9,6,6th,Osaka Hai J,4 Apr 1993,Mejiro McQueen,mejiro-mcqueen,Hanshin,Turf,2000,G2,https://db.netkeiba.com/race/199309020411/,https://www.jbis.or.jp/race/result/19930404/109/11/
ikuno-dictus,10,6,6th,Nikkei Sho J,21 Mar 1993,Rice Shower,rice-shower,Nakayama,Turf,2500,G2,https://db.netkeiba.com/race/199306020811/,https://www.jbis.or.jp/race/result/19930321/106/11/
ikuno-dictus,11,7,7th,Arima Kinen J,27 Dec 1992,Mejiro Palmer,mejiro-palmer,Nakayama,Turf,2500,G1,https://db.netkeiba.com/race/199206050809/,https://www.jbis.or.jp/race/result/19921227/106/09/
ikuno-dictus,12,9,9th,Japan Cup J,29 Nov 1992,Tokai Teio,tokai-teio,Tokyo,Turf,2400,G1,https://db.netkeiba.com/race/199205050810/,https://www.jbis.or.jp/race/result/19921129/105/10/
ikuno-dictus,13,9,9th,Mile Championship J,22 Nov 1992,Daitaku Helios,daitaku-helios,Kyoto,Turf,1600,G1,https://db.netkeiba.com/race/199208050610/,https://www.jbis.or.jp/race/result/19921122/108/10/
ikuno-dictus,14,9,9th,Tenno Sho (Autumn) J,1 Nov 1992,Let's Go Tarquin,,Tokyo,Turf,2000,G1,https://db.netkeiba.com/race/199205040810/,https://www.jbis.or.jp/race/result/19921101/105/10/
ikuno-dictus,15,2,2nd,Mainichi Okan J,11 Oct 1992,Daitaku Helios,daitaku-helios,Tokyo,Turf,1800,G2,https://db.netkeiba.com/race/199205040210/,https://www.jbis.or.jp/race/result/19921011/105/10/
ikuno-dictus,16,1,1st,All Comers J,20 Sept 1992,Ikuno Dictus,,Nakayama,Turf,2200,G3,https://db.netkeiba.com/race/199206040411/,https://www.jbis.or.jp/race/result/19920920/106/11/
ikuno-dictus,17,1,1st,Kokura Kinen J,30 Aug 1992,Ikuno Dictus,,Kokura,Turf,2000,G3,https://db.netkeiba.com/race/199210030611/,https://www.jbis.or.jp/race/result/19920830/110/11/
ikuno-dictus,18,12,12th,Takamatsunomiya Hai J,12 Jul 1992,Mr.Spain,,Chukyo,Turf,2000,G2,https://db.netkeiba.com/race/199207020811/,https://www.jbis.or.jp/race/result/19920712/107/11/
ikuno-dictus,19,1,1st,Kinko Sho J,21 Jun 1992,Ikuno Dictus,,Chukyo,Turf,1800,G3,https://db.netkeiba.com/race/199207020211/,https://www.jbis.or.jp/race/result/19920621/107/11/
ikuno-dictus,20,1,1st,Emerald Stakes J,30 May 1992,Ikuno Dictus,,Hanshin,Turf,2500,OP,https://db.netkeiba.com/race/199209030311/,https://www.jbis.or.jp/race/result/19920530/109/11/
ikuno-dictus,21,4,4th,Niigata Daishoten J,17 May 1992,Mejiro Palmer,mejiro-palmer,Niigata,Turf,2200,G3,https://db.netkeiba.com/race/199204010811/,https://www.jbis.or.jp/race/result/19920517/104/11/
ikuno-dictus,22,2,2nd,Metropolitan Stakes J,3 May 1992,Kamino Sword,,Tokyo,Turf,2300,OP,https://db.netkeiba.com/race/199205020410/,https://www.jbis.or.jp/race/result/19920503/105/10/
ikuno-dictus,23,4,4th,Osaka Hai J,5 Apr 1992,Tokai Teio,tokai-teio,Hanshin,Turf,2000,G2,https://db.netkeiba.com/race/199209020411/,https://www.jbis.or.jp/race/result/19920405/109/11/
ikuno-dictus,24,8,8th,Chukyo Kinen J,22 Mar 1992,Movie Star,,Chukyo,Turf,2000,G3,https://db.netkeiba.com/race/199207010611/,https://www.jbis.or.jp/race/result/19920322/107/11/
ikuno-dictus,25,10,10th,Kokura Daishoten J,23 Feb 1992,Wide Battle,,Kokura,Turf,1800,G3,https://db.netkeiba.com/race/199210010811/,https://www.jbis.or.jp/race/result/19920223/110/11/
ikuno-dictus,26,2,2nd,Kammonkyo Stakes J,2 Feb 1992,Mr.Spain,,Kokura,Turf,2000,OP,https://db.netkeiba.com/race/199210010211/,https://www.jbis.or.jp/race/result/19920202/110/11/
ikuno-dictus,27,2,2nd,Challenge Cup J,15 Sept 1991,Nuevo Tosho,,Chukyo,Turf,2000,G3,https://db.netkeiba.com/race/199107030411/,https://www.jbis.or.jp/race/result/19910915/107/11/
ikuno-dictus,28,3,3rd,Kokura Kinen J,25 Aug 1991,Nice Nature,nice-nature,Kokura,Turf,2000,G3,https://db.netkeiba.com/race/199110040611/,https://www.jbis.or.jp/race/result/19910825/110/11/
ikuno-dictus,29,2,2nd,Kitakyushu Kinen J,4 Aug 1991,Movie Star,,Kokura,Turf,1800,G3,https://db.netkeiba.com/race/199110030811/,https://www.jbis.or.jp/race/result/19910804/110/11/
ikuno-dictus,30,3,3rd,Kokura Nikkei Sho J,14 Jul 1991,Hokusei Ciboulette,,Kokura,Turf,1700,OP,https://db.netkeiba.com/race/199110030211/,https://www.jbis.or.jp/race/result/19910714/110/11/
ikuno-dictus,31,7,7th,Kinko Sho J,16 Jun 1991,Movie Star,,Chukyo,Turf,1800,G3,https://db.netkeiba.com/race/199107020211/,https://www.jbis.or.jp/race/result/19910616/107/11/
ikuno-dictus,32,10,10th,Hankyu Hai J,2 Jun 1991,Jo Roaring,,Kyoto,Turf,1400,G3,https://db.netkeiba.com/race/199108050611/,https://www.jbis.or.jp/race/result/19910602/108/11/
ikuno-dictus,33,1,1st,Keihan Hai J,12 May 1991,Ikuno Dictus,,Kyoto,Turf,2000,G3,https://db.netkeiba.com/race/199108040811/,https://www.jbis.or.jp/race/result/19910512/108/11/
ikuno-dictus,34,11,11th,Keio Hai Spring Cup J,21 Apr 1991,Daiichi Ruby,daiichi-ruby,Tokyo,Turf,1400,G2,https://db.netkeiba.com/race/199105020211/,https://www.jbis.or.jp/race/result/19910421/105/11/
ikuno-dictus,35,1,1st,Coral Stakes J,23 Mar 1991,Ikuno Dictus,,Kyoto,Turf,1400,OP,https://db.netkeiba.com/race/199108030111/,https://www.jbis.or.jp/race/result/19910323/108/11/
ikuno-dictus,36,3,3rd,Milers Cup J,24 Feb 1991,Daitaku Helios,daitaku-helios,Chukyo,Turf,1700,G2,https://db.netkeiba.com/race/199107010211/,https://www.jbis.or.jp/race/result/19910224/107/11/
ikuno-dictus,37,4,4th,Subaru Stakes J,9 Feb 1991,Mr.Aromac,,Kyoto,Turf,2000,OP,https://db.netkeiba.com/race/199108020511/,https://www.jbis.or.jp/race/result/19910209/108/11/
ikuno-dictus,38,7,7th,Kyoto Himba Tokubetsu J,27 Jan 1991,Daiichi Ruby,daiichi-ruby,Kyoto,Turf,1600,G3,https://db.netkeiba.com/race/199108020211/,https://www.jbis.or.jp/race/result/19910127/108/11/
ikuno-dictus,39,4,4th,Queen Elizabeth II Cup J,11 Nov 1990,Kyoei Tap,,Kyoto,Turf,2400,G1,https://db.netkeiba.com/race/199008040410/,https://www.jbis.or.jp/race/result/19901111/108/10/
ikuno-dictus,40,2,2nd,Rose Stakes J,21 Oct 1990,Katsuno Jo O,,Kyoto,Turf,2000,G2,https://db.netkeiba.com/race/199008030611/,https://www.jbis.or.jp/race/result/19901021/108/11/
ikuno-dictus,41,3,3rd,Sapphire Stakes J,30 Sept 1990,Nuevo Tosho,,Chukyo,Turf,1700,G3,https://db.netkeiba.com/race/199007030811/,https://www.jbis.or.jp/race/result/19900930/107/11/
ikuno-dictus,42,9,9th,Japanese Oaks J,20 May 1990,Eishin Sunny,,Tokyo,Turf,2400,G1,https://db.netkeiba.com/race/199005030210/,https://www.jbis.or.jp/race/result/19900520/105/10/
ikuno-dictus,43,6,6th,Yonsai Himba Tokubetsu (Japanese Oaks Trial) J,29 Apr 1990,Kyoei Tap,,Tokyo,Turf,2000,G2,https://db.netkeiba.com/race/199005020411/,https://www.jbis.or.jp/race/result/19900429/105/11/
ikuno-dictus,44,11,11th,Oka Sho J,8 Apr 1990,Agnes Flora,,Hanshin,Turf,1600,G1,https://db.netkeiba.com/race/199009030610/,https://www.jbis.or.jp/race/result/19900408/109/10/
ikuno-dictus,45,11,11th,Yonsai Himba Tokubetsu (Japanese 1000 Guineas Trial) J,18 Mar 1990,Eishin Sunny,,Hanshin,Turf,1400,G2,https://db.netkeiba.com/race/199009020811/,https://www.jbis.or.jp/race/result/19900318/109/11/
ikuno-dictus,46,3,3rd,Sansai Himba Stakes (West) J,10 Dec 1989,Legacy Wice,,Hanshin,Turf,1600,G3,https://db.netkeiba.com/race/198909050410/,https://www.jbis.or.jp/race/result/19891210/109/10/
ikuno-dictus,47,5,5th,Daily Hai Sansai Stakes J,11 Nov 1989,Yamanin Global,,Kyoto,Turf,1400,G2,https://db.netkeiba.com/race/198908050311/,https://www.jbis.or.jp/race/result/19891111/108/11/
ikuno-dictus,48,6,6th,Hagi Stakes J,14 Oct 1989,Heisei Tomi O,,Kyoto,Turf,1200,OP,https://db.netkeiba.com/race/198908040309/,https://www.jbis.or.jp/race/result/19891014/108/09/
ikuno-dictus,49,9,9th,Kokura Sansai Stakes J,3 Sept 1989,Hagino High Touch,,Kokura,Turf,1200,G3,https://db.netkeiba.com/race/198910030810/,https://www.jbis.or.jp/race/result/19890903/110/10/
ikuno-dictus,50,1,1st,Phoenix Sho J,19 Aug 1989,Ikuno Dictus,,Kokura,Turf,1200,OP,https://db.netkeiba.com/race/198910030310/,https://www.jbis.or.jp/race/result/19890819/110/10/
ikuno-dictus,51,1,1st,2yo Newcomer Race J,23 Jul 1989,Ikuno Dictus,,Kokura,Turf,1000,Debut,https://db.netkeiba.com/race/198910020405/,https://www.jbis.or.jp/race/result/19890723/110/05/
mejiro-palmer,1,2,2nd,Nikkei Shinshun Hai J,23 Jan 1994,Monsieur Siecle,,Hanshin,Turf,2500,G2,https://db.netkeiba.com/race/199409010811/,https://www.jbis.or.jp/race/result/19940123/109/11/
mejiro-palmer,2,6,6th,Arima Kinen J,26 Dec 1993,Tokai Teio,tokai-teio,Nakayama,Turf,2500,G1,https://db.netkeiba.com/race/199306050809/,https://www.jbis.or.jp/race/result/19931226/106/09/
mejiro-palmer,3,10,10th,Japan Cup J,28 Nov 1993,Legacy World,,Tokyo,Turf,2400,G1,https://db.netkeiba.com/race/199305050810/,https://www.jbis.or.jp/race/result/19931128/105/10/
mejiro-palmer,4,11,11th,Swan Stakes J,30 Oct 1993,Shinko Lovely,,Kyoto,Turf,1400,G2,https://db.netkeiba.com/race/199308050711/,https://www.jbis.or.jp/race/result/19931030/108/11/
mejiro-palmer,5,9,9th,Kyoto Daishoten J,10 Oct 1993,Mejiro McQueen,mejiro-mcqueen,Kyoto,Turf,2400,G2,https://db.netkeiba.com/race/199308050211/,https://www.jbis.or.jp/race/result/19931010/108/11/
mejiro-palmer,6,10,10th,Takarazuka Kinen J,13 Jun 1993,Mejiro McQueen,mejiro-mcqueen,Hanshin,Turf,2200,G1,https://db.netkeiba.com/race/199309030810/,https://www.jbis.or.jp/race/result/19930613/109/10/
mejiro-palmer,7,3,3rd,Tenno Sho (Spring) J,25 Apr 1993,Rice Shower,rice-shower,Kyoto,Turf,3200,G1,https://db.netkeiba.com/race/199308030210/,https://www.jbis.or.jp/race/result/19930425/108/10/
mejiro-palmer,8,1,1st,Hanshin Daishoten J,14 Mar 1993,Mejiro Palmer,,Hanshin,Turf,3000,G2,https://db.netkeiba.com/race/199309010611/,https://www.jbis.or.jp/race/result/19930314/109/11/
mejiro-palmer,9,1,1st,Arima Kinen J,27 Dec 1992,Mejiro Palmer,,Nakayama,Turf,2500,G1,https://db.netkeiba.com/race/199206050809/,https://www.jbis.or.jp/race/result/19921227/106/09/
mejiro-palmer,10,17,17th,Tenno Sho (Autumn) J,1 Nov 1992,Let's Go Tarquin,,Tokyo,Turf,2000,G1,https://db.netkeiba.com/race/199205040810/,https://www.jbis.or.jp/race/result/19921101/105/10/
mejiro-palmer,11,9,9th,Kyoto Daishoten J,11 Oct 1992,Osumi Roch,,Kyoto,Turf,2400,G2,https://db.netkeiba.com/race/199208040211/,https://www.jbis.or.jp/race/result/19921011/108/11/
mejiro-palmer,12,1,1st,Takarazuka Kinen J,14 Jun 1992,Mejiro Palmer,,Hanshin,Turf,2200,G1,https://db.netkeiba.com/race/199209030810/,https://www.jbis.or.jp/race/result/19920614/109/10/
mejiro-palmer,13,1,1st,Niigata Daishoten J,17 May 1992,Mejiro Palmer,,Niigata,Turf,2200,G3,https://db.netkeiba.com/race/199204010811/,https://www.jbis.or.jp/race/result/19920517/104/11/
mejiro-palmer,14,7,7th,Tenno Sho (Spring) J,26 Apr 1992,Mejiro McQueen,mejiro-mcqueen,Kyoto,Turf,3200,G1,https://db.netkeiba.com/race/199208030210/,https://www.jbis.or.jp/race/result/19920426/108/10/
mejiro-palmer,15,4,4th,Coral Stakes J,29 Mar 1992,Bamboo Passion,,Hanshin,Turf,1400,OP,https://db.netkeiba.com/race/199209020210/,https://www.jbis.or.jp/race/result/19920329/109/10/
mejiro-palmer,16,2,2nd,3yo+ Allowance (¥4m & Less) J,1 Dec 1991,Ein Kaiser,,Hanshin,Turf → Dirt,3150,Pre-OP,https://db.netkeiba.com/race/199109010205/,https://www.jbis.or.jp/race/result/19911201/109/05/
mejiro-palmer,17,1,1st,3yo+ Maiden Race J,2 Nov 1991,Mejiro Palmer,,Kyoto,Turf → Dirt,3000,Maiden,https://db.netkeiba.com/race/199108070105/,https://www.jbis.or.jp/race/result/19911102/108/05/
mejiro-palmer,18,7,7th,Kyoto Daishoten J,6 Oct 1991,Mejiro McQueen,mejiro-mcqueen,Kyoto,Turf,2400,G2,https://db.netkeiba.com/race/199108060211/,https://www.jbis.or.jp/race/result/19911006/108/11/
mejiro-palmer,19,5,5th,Hakodate Kinen J,18 Aug 1991,Mejiro Marsyas,,Hakodate,Turf,2000,G3,https://db.netkeiba.com/race/199102010610/,https://www.jbis.or.jp/race/result/19910818/102/10/
mejiro-palmer,20,6,6th,Tomoe Sho J,4 Aug 1991,Tsurumai Nus,,Hakodate,Turf,1800,OP,https://db.netkeiba.com/race/199102010210/,https://www.jbis.or.jp/race/result/19910804/102/10/
mejiro-palmer,21,1,1st,Sapporo Kinen J,30 Jun 1991,Mejiro Palmer,,Sapporo,Turf,2000,G3,https://db.netkeiba.com/race/199101010810/,https://www.jbis.or.jp/race/result/19910630/101/10/
mejiro-palmer,22,1,1st,Tokachidake Tokubetsu J,22 Jun 1991,Mejiro Palmer,,Sapporo,Turf,1800,Pre-OP,https://db.netkeiba.com/race/199101010507/,https://www.jbis.or.jp/race/result/19910622/101/07/
mejiro-palmer,23,2,2nd,Niseko Tokubetsu J,8 Jun 1991,Super Shinzan,,Sapporo,Turf,1800,Pre-OP,https://db.netkeiba.com/race/199101010109/,https://www.jbis.or.jp/race/result/19910608/101/09/
mejiro-palmer,24,13,13th,Tenno Sho (Spring) J,28 Apr 1991,Mejiro McQueen,mejiro-mcqueen,Kyoto,Turf,3200,G1,https://db.netkeiba.com/race/199108040410/,https://www.jbis.or.jp/race/result/19910428/108/10/
mejiro-palmer,25,4,4th,Osakajo Stakes J,6 Apr 1991,Erimo Passer,,Kyoto,Turf,2400,OP,https://db.netkeiba.com/race/199108030511/,https://www.jbis.or.jp/race/result/19910406/108/11/
mejiro-palmer,26,3,3rd,Ohara Stakes J,24 Mar 1991,Tai Eagle,,Kyoto,Turf,2400,Pre-OP,https://db.netkeiba.com/race/199108030210/,https://www.jbis.or.jp/race/result/19910324/108/10/
mejiro-palmer,27,12,12th,Suzuka Stakes J,2 Mar 1991,Golden Rikka,,Chukyo,Turf,1200,Pre-OP,https://db.netkeiba.com/race/199107010311/,https://www.jbis.or.jp/race/result/19910302/107/11/
mejiro-palmer,28,7,7th,Hakodate Kinen J,19 Aug 1990,Lucky Guerlain,,Hakodate,Turf,2000,G3,https://db.netkeiba.com/race/199002010610/,https://www.jbis.or.jp/race/result/19900819/102/10/
mejiro-palmer,29,8,8th,Tomoe Sho J,5 Aug 1990,Lucky Guerlain,,Hakodate,Turf,1800,OP,https://db.netkeiba.com/race/199002010210/,https://www.jbis.or.jp/race/result/19900805/102/10/
mejiro-palmer,30,5,5th,Doshin Hai J,22 Jul 1990,Uto Time,,Sapporo,Turf,1800,OP,https://db.netkeiba.com/race/199001020610/,https://www.jbis.or.jp/race/result/19900722/101/10/
mejiro-palmer,31,6,6th,Daisetsu Handicap J,8 Jul 1990,Shin Noble,,Sapporo,Dirt,1700,Pre-OP,https://db.netkeiba.com/race/199001020210/,https://www.jbis.or.jp/race/result/19900708/101/10/
mejiro-palmer,32,5,5th,Elm Stakes J,17 Jun 1990,Uto Time,,Sapporo,Turf,1800,Pre-OP,https://db.netkeiba.com/race/199001010409/,https://www.jbis.or.jp/race/result/19900617/101/09/
mejiro-palmer,33,8,8th,Kyoto Sansai Stakes J,25 Nov 1989,Nichido Thunder,,Kyoto,Turf,1600,OP,https://db.netkeiba.com/race/198908050710/,https://www.jbis.or.jp/race/result/19891125/108/10/
mejiro-palmer,34,9,9th,Hagi Stakes J,14 Oct 1989,Heisei Tomi O,,Kyoto,Turf,1200,OP,https://db.netkeiba.com/race/198908040309/,https://www.jbis.or.jp/race/result/19891014/108/09/
mejiro-palmer,35,1,1st,Cosmos Sho J,23 Sept 1989,Mejiro Palmer,,Hakodate,Turf,1700,OP,https://db.netkeiba.com/race/198902030705/,https://www.jbis.or.jp/race/result/19890923/102/05/
mejiro-palmer,36,1,1st,2yo Maiden Race J,9 Sept 1989,Mejiro Palmer,,Hakodate,Turf,1200,Maiden,https://db.netkeiba.com/race/198902030302/,https://www.jbis.or.jp/race/result/19890909/102/02/
mejiro-palmer,37,2,2nd,2yo Newcomer Race J,26 Aug 1989,Golden Stella,,Hakodate,Turf,1000,Debut,https://db.netkeiba.com/race/198902020703/,https://www.jbis.or.jp/race/result/19890826/102/03/
mejiro-palmer,38,2,2nd,2yo Newcomer Race J,12 Aug 1989,Zogebune Megami,,Hakodate,Turf,1000,Debut,https://db.netkeiba.com/race/198902020302/,https://www.jbis.or.jp/race/result/19890812/102/02/
daitaku-helios,1,12,12th,Arima Kinen J,27 Dec 1992,Mejiro Palmer,mejiro-palmer,Nakayama,Turf,2500,G1,https://db.netkeiba.com/race/199206050809/,https://www.jbis.or.jp/race/result/19921227/106/09/
daitaku-helios,2,4,4th,Sprinters Stakes J,20 Dec 1992,Nishino Flower,nishino-flower,Nakayama,Turf,1200,G1,https://db.netkeiba.com/race/199206050610/,https://www.jbis.or.jp/race/result/19921220/106/10/
daitaku-helios,3,1,1st,Mile Championship J,22 Nov 1992,Daitaku Helios,,Kyoto,Turf,1600,G1,https://db.netkeiba.com/race/199208050610/,https://www.jbis.or.jp/race/result/19921122/108/10/
daitaku-helios,4,8,8th,Tenno Sho (Autumn) J,1 Nov 1992,Let's Go Tarquin,,Tokyo,Turf,2000,G1,https://db.netkeiba.com/race/199205040810/,https://www.jbis.or.jp/race/result/19921101/105/10/
daitaku-helios,5,1,1st,Mainichi Okan J,11 Oct 1992,Daitaku Helios,,Tokyo,Turf,1800,G2,https://db.netkeiba.com/race/199205040210/,https://www.jbis.or.jp/race/result/19921011/105/10/
daitaku-helios,6,5,5th,Takarazuka Kinen J,14 Jun 1992,Mejiro Palmer,mejiro-palmer,Hanshin,Turf,2200,G1,https://db.netkeiba.com/race/199209030810/,https://www.jbis.or.jp/race/result/19920614/109/10/
daitaku-helios,7,6,6th,Yasuda Kinen J,17 May 1992,Yamanin Zephyr,yamanin-zephyr,Tokyo,Turf,1600,G1,https://db.netkeiba.com/race/199205020810/,https://www.jbis.or.jp/race/result/19920517/105/10/
daitaku-helios,8,4,4th,Keio Hai Spring Cup J,25 Apr 1992,Dynamite Daddy,,Tokyo,Turf,1400,G2,https://db.netkeiba.com/race/199205020111/,https://www.jbis.or.jp/race/result/19920425/105/11/
daitaku-helios,9,1,1st,Milers Cup J,1 Mar 1992,Daitaku Helios,,Hanshin,Turf,1600,G2,https://db.netkeiba.com/race/199209010211/,https://www.jbis.or.jp/race/result/19920301/109/11/
daitaku-helios,10,5,5th,Arima Kinen J,22 Dec 1991,Dai Yusaku,,Nakayama,Turf,2500,G1,https://db.netkeiba.com/race/199106050809/,https://www.jbis.or.jp/race/result/19911222/106/09/
daitaku-helios,11,1,1st,Mile Championship J,17 Nov 1991,Daitaku Helios,,Kyoto,Turf,1600,G1,https://db.netkeiba.com/race/199108070610/,https://www.jbis.or.jp/race/result/19911117/108/10/
daitaku-helios,12,9,9th,Swan Stakes J,26 Oct 1991,K.S.Miracle,ksmiracle,Kyoto,Turf,1400,G2,https://db.netkeiba.com/race/199108060711/,https://www.jbis.or.jp/race/result/19911026/108/11/
daitaku-helios,13,2,2nd,Mainichi Okan J,6 Oct 1991,Prekrasnie,,Tokyo,Turf,1800,G2,https://db.netkeiba.com/race/199105040211/,https://www.jbis.or.jp/race/result/19911006/105/11/
daitaku-helios,14,1,1st,Takamatsunomiya Hai J,7 Jul 1991,Daitaku Helios,,Chukyo,Turf,2000,G2,https://db.netkeiba.com/race/199107020811/,https://www.jbis.or.jp/race/result/19910707/107/11/
daitaku-helios,15,5,5th,CBC Sho J,23 Jun 1991,Fame of Lass,,Chukyo,Turf,1200,G2,https://db.netkeiba.com/race/199107020411/,https://www.jbis.or.jp/race/result/19910623/107/11/
daitaku-helios,16,2,2nd,Yasuda Kinen J,12 May 1991,Daiichi Ruby,daiichi-ruby,Tokyo,Turf,1600,G1,https://db.netkeiba.com/race/199105020810/,https://www.jbis.or.jp/race/result/19910512/105/10/
daitaku-helios,17,6,6th,Keio Hai Spring Cup J,21 Apr 1991,Daiichi Ruby,daiichi-ruby,Tokyo,Turf,1400,G2,https://db.netkeiba.com/race/199105020211/,https://www.jbis.or.jp/race/result/19910421/105/11/
daitaku-helios,18,4,4th,Lord Derby Challenge Trophy J,17 Mar 1991,Nice Power,,Nakayama,Turf,1200,G3,https://db.netkeiba.com/race/199106020811/,https://www.jbis.or.jp/race/result/19910317/106/11/
daitaku-helios,19,1,1st,Milers Cup J,24 Feb 1991,Daitaku Helios,,Chukyo,Turf,1700,G2,https://db.netkeiba.com/race/199107010211/,https://www.jbis.or.jp/race/result/19910224/107/11/
daitaku-helios,20,4,4th,Yodo Tankyori Stakes J,3 Feb 1991,Gloria Tosho,,Kyoto,Turf,1200,OP,https://db.netkeiba.com/race/199108020411/,https://www.jbis.or.jp/race/result/19910203/108/11/
daitaku-helios,21,5,5th,Sprinters Stakes J,16 Dec 1990,Bamboo Memory,bamboo-memory,Nakayama,Turf,1200,G1,https://db.netkeiba.com/race/199006050610/,https://www.jbis.or.jp/race/result/19901216/106/10/
daitaku-helios,22,4,4th,Sirius Stakes J,2 Dec 1990,Horino Winner,,Chukyo,Turf,1200,OP,https://db.netkeiba.com/race/199007040411/,https://www.jbis.or.jp/race/result/19901202/107/11/
daitaku-helios,23,17,17th,Mile Championship J,18 Nov 1990,Passing Shot,,Kyoto,Turf,1600,G1,https://db.netkeiba.com/race/199008040610/,https://www.jbis.or.jp/race/result/19901118/108/10/
daitaku-helios,24,2,2nd,New Zealand Trophy Yonsai Stakes J,3 Jun 1990,Music Time J.,,Tokyo,Turf,1600,G2,https://db.netkeiba.com/race/199005030611/,https://www.jbis.or.jp/race/result/19900603/105/11/
daitaku-helios,25,1,1st,Aoi Stakes J,13 May 1990,Daitaku Helios,,Kyoto,Turf,1400,OP,https://db.netkeiba.com/race/199008020810/,https://www.jbis.or.jp/race/result/19900513/108/10/
daitaku-helios,26,1,1st,Crystal Cup J,14 Apr 1990,Daitaku Helios,,Nakayama,Turf,1200,G3,https://db.netkeiba.com/race/199006030711/,https://www.jbis.or.jp/race/result/19900414/106/11/
daitaku-helios,27,11,11th,Spring Stakes J,25 Mar 1990,Azuma East,,Nakayama,Turf,1800,G2,https://db.netkeiba.com/race/199006030211/,https://www.jbis.or.jp/race/result/19900325/106/11/
daitaku-helios,28,6,6th,Kisaragi Sho J,11 Feb 1990,Haku Taisei,,Hanshin,Turf,2000,G3,https://db.netkeiba.com/race/199009010611/,https://www.jbis.or.jp/race/result/19900211/109/11/
daitaku-helios,29,2,2nd,Shinzan Kinen J,14 Jan 1990,Nichido Thunder,,Kyoto,Turf,1600,G3,https://db.netkeiba.com/race/199008010511/,https://www.jbis.or.jp/race/result/19900114/108/11/
daitaku-helios,30,2,2nd,Hanshin Sansai Stakes J,17 Dec 1989,Kogane Taifu,,Hanshin,Turf,1600,G1,https://db.netkeiba.com/race/198909050611/,https://www.jbis.or.jp/race/result/19891217/109/11/
daitaku-helios,31,1,1st,Sazanka Sho J,9 Dec 1989,Daitaku Helios,,Hanshin,Turf,1400,Pre-OP,https://db.netkeiba.com/race/198909050309/,https://www.jbis.or.jp/race/result/19891209/109/09/
daitaku-helios,32,4,4th,Daily Hai Sansai Stakes J,11 Nov 1989,Yamanin Global,,Kyoto,Turf,1400,G2,https://db.netkeiba.com/race/198908050311/,https://www.jbis.or.jp/race/result/19891111/108/11/
daitaku-helios,33,1,1st,2yo Newcomer Race J,29 Oct 1989,Daitaku Helios,,Kyoto,Turf,1600,Debut,https://db.netkeiba.com/race/198908040804/,https://www.jbis.or.jp/race/result/19891029/108/04/
daitaku-helios,34,2,2nd,2yo Newcomer Race J,21 Oct 1989,Nichido Thunder,,Kyoto,Dirt,1200,Debut,https://db.netkeiba.com/race/198908040503/,https://www.jbis.or.jp/race/result/19891021/108/03/
daitaku-helios,35,3,3rd,2yo Newcomer Race J,7 Oct 1989,Osumi Roch,,Kyoto,Turf,1400,Debut,https://db.netkeiba.com/race/198908040104/,https://www.jbis.or.jp/race/result/19891007/108/04/
twin-turbo,1,11,11th,Cluster Cup J,13 Aug 1996,Tokio Crafty,,Morioka,Dirt,1200,,https://db.netkeiba.com/race/199635081310/,https://www.jbis.or.jp/race/result/19960813/210/10/
twin-turbo,2,7,7th,A2 J,22 Jul 1996,Namura Create,,Kaminoyama,Dirt,1700,,,https://www.jbis.or.jp/race/result/19960722/212/07/
twin-turbo,3,7,7th,Fumizuki Special J,9 Jul 1996,Tannhauser,,Kaminoyama,Dirt,1800,,,https://www.jbis.or.jp/race/result/19960709/212/10/
twin-turbo,4,9,9th,Minazuki Special J,10 Jun 1996,Kagarisky,,Kaminoyama,Dirt,1700,,https://db.netkeiba.com/race/199637061009/,https://www.jbis.or.jp/race/result/19960610/212/09/
twin-turbo,5,9,9th,A1 J,29 Apr 1996,Noiseless Winner,,Kaminoyama,Dirt,1800,,https://db.netkeiba.com/race/199637042908/,https://www.jbis.or.jp/race/result/19960429/212/08/
twin-turbo,6,9,9th,A1 J,16 Apr 1996,Hokusai Roller,,Kaminoyama,Dirt,1800,,https://db.netkeiba.com/race/199637041608/,https://www.jbis.or.jp/race/result/19960416/212/08/
twin-turbo,7,,ER,A2 J,26 Nov 1995,Lilliput Queen,,Kaminoyama,Dirt,1700,,https://db.netkeiba.com/race/199537112608/,https://www.jbis.or.jp/race/result/19951126/212/08/
twin-turbo,8,9,9th,A1 J,31 Oct 1995,Air in Heart,,Kaminoyama,Dirt,1800,,https://db.netkeiba.com/race/199537103108/,https://www.jbis.or.jp/race/result/19951031/212/08/
twin-turbo,9,9,9th,Kannazuki Special J,15 Oct 1995,Hokusai Roller,,Kaminoyama,Dirt,1700,,https://db.netkeiba.com/race/199537101510/,https://www.jbis.or.jp/race/result/19951015/212/10/
twin-turbo,10,10,10th,Nagatsuki Special J,19 Sept 1995,Takeden Mangetsu,,Kaminoyama,Dirt,1800,,https://db.netkeiba.com/race/199537091910/,https://www.jbis.or.jp/race/result/19950919/212/10/
twin-turbo,11,7,7th,A2 J,3 Sept 1995,Air in Heart,,Kaminoyama,Dirt,1700,,https://db.netkeiba.com/race/199537090308/,https://www.jbis.or.jp/race/result/19950903/212/08/
twin-turbo,12,9,9th,A2 J,20 Aug 1995,Tiger Berg,,Kaminoyama,Dirt,1700,,https://db.netkeiba.com/race/199537082008/,https://www.jbis.or.jp/race/result/19950820/212/08/
twin-turbo,13,1,1st,Fumizuki Special J,23 Jul 1995,Twin Turbo,,Kaminoyama,Dirt,1700,,https://db.netkeiba.com/race/199537a00209/,https://www.jbis.or.jp/race/result/19950723/212/09/
twin-turbo,14,11,11th,Niigata Daishoten J,14 May 1995,Irish Dance,,Fukushima,Turf,2000,G3,https://db.netkeiba.com/race/199503010811/,https://www.jbis.or.jp/race/result/19950514/103/11/
twin-turbo,15,15,15th,Teio Sho J,13 Apr 1995,Lively Mount,,Ooi,Dirt,2000,,https://db.netkeiba.com/race/199544041309/,https://www.jbis.or.jp/race/result/19950413/220/09/
twin-turbo,16,10,10th,American JCC J,22 Jan 1995,Sakura Chitose O,sakura-chitose-o,Nakayama,Turf,2200,G2,https://db.netkeiba.com/race/199506010811/,https://www.jbis.or.jp/race/result/19950122/106/11/
twin-turbo,17,13,13th,Arima Kinen J,25 Dec 1994,Narita Brian,narita-brian,Nakayama,Turf,2500,G1,https://db.netkeiba.com/race/199406050809/,https://www.jbis.or.jp/race/result/19941225/106/09/
twin-turbo,18,8,8th,Fukushima Kinen J,20 Nov 1994,Silk Grayish,,Fukushima,Turf,2000,G3,https://db.netkeiba.com/race/199403030811/,https://www.jbis.or.jp/race/result/19941120/103/11/
twin-turbo,19,11,11th,Hakodate Kinen J,21 Aug 1994,Wako Chikako,,Sapporo,Turf,2000,G3,https://db.netkeiba.com/race/199401030611/,https://www.jbis.or.jp/race/result/19940821/101/11/
twin-turbo,20,6,6th,Nikkei Sho J,20 Mar 1994,Stage Champ,,Nakayama,Turf,2500,G2,https://db.netkeiba.com/race/199406020811/,https://www.jbis.or.jp/race/result/19940320/106/11/
twin-turbo,21,6,6th,American JCC J,23 Jan 1994,Matikanetannhauser,matikanetannhauser,Nakayama,Turf,2200,G2,https://db.netkeiba.com/race/199406010811/,https://www.jbis.or.jp/race/result/19940123/106/11/
twin-turbo,22,17,17th,Tenno Sho (Autumn) J,31 Oct 1993,Yamanin Zephyr,yamanin-zephyr,Tokyo,Turf,2000,G1,https://db.netkeiba.com/race/199305040810/,https://www.jbis.or.jp/race/result/19931031/105/10/
twin-turbo,23,1,1st,All Comers J,19 Sept 1993,Twin Turbo,,Nakayama,Turf,2200,G3,https://db.netkeiba.com/race/199306040411/,https://www.jbis.or.jp/race/result/19930919/106/11/
twin-turbo,24,1,1st,Tanabata Sho J,11 Jul 1993,Twin Turbo,,Fukushima,Turf,2000,G3,https://db.netkeiba.com/race/199303010811/,https://www.jbis.or.jp/race/result/19930711/103/11/
twin-turbo,25,8,8th,Niigata Daishoten J,16 May 1993,Hashino Kenshiro,,Niigata,Turf,2200,G3,https://db.netkeiba.com/race/199304010811/,https://www.jbis.or.jp/race/result/19930516/104/11/
twin-turbo,26,6,6th,Nakayama Kinen J,14 Mar 1993,Movie Star,,Nakayama,Turf,1800,G2,https://db.netkeiba.com/race/199306020611/,https://www.jbis.or.jp/race/result/19930314/106/11/
twin-turbo,27,6,6th,Kimpai (East) J,5 Jan 1993,Sekitei Ryu O,,Nakayama,Turf,2000,G3,https://db.netkeiba.com/race/199306010111/,https://www.jbis.or.jp/race/result/19930105/106/11/
twin-turbo,28,10,10th,Fukushima Minyu Cup J,8 Nov 1992,Rabbit Ball,,Fukushima,Turf,1800,OP,https://db.netkeiba.com/race/199203030411/,https://www.jbis.or.jp/race/result/19921108/103/11/
twin-turbo,29,14,14th,Arima Kinen J,22 Dec 1991,Dai Yusaku,,Nakayama,Turf,2500,G1,https://db.netkeiba.com/race/199106050809/,https://www.jbis.or.jp/race/result/19911222/106/09/
twin-turbo,30,2,2nd,Fukushima Kinen J,17 Nov 1991,Yagura Stella,,Fukushima,Turf,2000,G3,https://db.netkeiba.com/race/199103030811/,https://www.jbis.or.jp/race/result/19911117/103/11/
twin-turbo,31,2,2nd,St. Lite Kinen J,22 Sept 1991,Strong Kaiser,,Nakayama,Turf,2200,G2,https://db.netkeiba.com/race/199106040611/,https://www.jbis.or.jp/race/result/19910922/106/11/
twin-turbo,32,1,1st,Radio Tampa Sho J,30 Jun 1991,Twin Turbo,,Fukushima,Turf,1800,G3,https://db.netkeiba.com/race/199103010611/,https://www.jbis.or.jp/race/result/19910630/103/11/
twin-turbo,33,5,5th,Komakusa Sho J,26 May 1991,Strong Kaiser,,Tokyo,Turf,2000,Pre-OP,https://db.netkeiba.com/race/199105030405/,https://www.jbis.or.jp/race/result/19910526/105/05/
twin-turbo,34,9,9th,Aoba Sho J,27 Apr 1991,Leo Durban,,Tokyo,Turf,2400,OP,https://db.netkeiba.com/race/199105020311/,https://www.jbis.or.jp/race/result/19910427/105/11/
twin-turbo,35,1,1st,Mokuren Sho J,24 Mar 1991,Twin Turbo,,Nakayama,Turf,2000,Pre-OP,https://db.netkeiba.com/race/199106030209/,https://www.jbis.or.jp/race/result/19910324/106/09/
twin-turbo,36,1,1st,3yo Newcomer Race J,2 Mar 1991,Twin Turbo,,Nakayama,Dirt,1800,Debut,https://db.netkeiba.com/race/199106020303/,https://www.jbis.or.jp/race/result/19910302/106/03/
satono-diamond,1,6,6th,Arima Kinen J,23 Dec 2018,Blast Onepiece,blast-onepiece,Nakayama,Turf,2500,G1,https://db.netkeiba.com/race/201806050811/,https://www.jbis.or.jp/race/result/20181223/106/11/
satono-diamond,2,6,6th,Japan Cup J,25 Nov 2018,Almond Eye,almond-eye,Tokyo,Turf,2400,G1,https://db.netkeiba.com/race/201805050811/,https://www.jbis.or.jp/race/result/20181125/105/11/
satono-diamond,3,1,1st,Kyoto Daishoten J,8 Oct 2018,Satono Diamond,,Kyoto,Turf,2400,G2,https://db.netkeiba.com/race/201808040311/,https://www.jbis.or.jp/race/result/20181008/108/11/
satono-diamond,4,6,6th,Takarazuka Kinen J,24 Jun 2018,Mikki Rocket,,Hanshin,Turf,2200,G1,https://db.netkeiba.com/race/201809030811/,https://www.jbis.or.jp/race/result/20180624/109/11/
satono-diamond,5,7,7th,Osaka Hai J,1 Apr 2018,Suave Richard,,Hanshin,Turf,2000,G1,https://db.netkeiba.com/race/201809020411/,https://www.jbis.or.jp/race/result/20180401/109/11/
satono-diamond,6,3,3rd,Kinko Sho J,11 Mar 2018,Suave Richard,,Chukyo,Turf,2000,G2,https://db.netkeiba.com/race/201807020211/,https://www.jbis.or.jp/race/result/20180311/107/11/
satono-diamond,7,15,15th,Prix de l'Arc de Triomphe,1 Oct 2017,Enable,,Chantilly,Turf,2400,G1,https://db.netkeiba.com/race/2017C5100104/,
satono-diamond,8,4,4th,Prix Foy,10 Sept 2017,Dschingis Secret,,Chantilly,Turf,2400,G2,https://db.netkeiba.com/race/2017C5a00707/,
satono-diamond,9,3,3rd,Tenno Sho (Spring) J,30 Apr 2017,Kitasan Black,kitasan-black,Kyoto,Turf,3200,G1,https://db.netkeiba.com/race/201708030411/,https://www.jbis.or.jp/race/result/20170430/108/11/
satono-diamond,10,1,1st,Hanshin Daishoten J,19 Mar 2017,Satono Diamond,,Hanshin,Turf,3000,G2,https://db.netkeiba.com/race/201709010811/,https://www.jbis.or.jp/race/result/20170319/109/11/
satono-diamond,11,1,1st,Arima Kinen J,25 Dec 2016,Satono Diamond,,Nakayama,Turf,2500,G1,https://db.netkeiba.com/race/201606050910/,https://www.jbis.or.jp/race/result/20161225/106/10/
satono-diamond,12,1,1st,Kikuka Sho J,23 Oct 2016,Satono Diamond,,Kyoto,Turf,3000,G1,https://db.netkeiba.com/race/201608040711/,https://www.jbis.or.jp/race/result/20161023/108/11/
satono-diamond,13,1,1st,Kobe Shimbun Hai J,25 Sept 2016,Satono Diamond,,Hanshin,Turf,2400,G2,https://db.netkeiba.com/race/201609040611/,https://www.jbis.or.jp/race/result/20160925/109/11/
satono-diamond,14,2,2nd,Tokyo Yushun (Japanese Derby) J,29 May 2016,Makahiki,,Tokyo,Turf,2400,G1,https://db.netkeiba.com/race/201605021210/,https://www.jbis.or.jp/race/result/20160529/105/10/
satono-diamond,15,3,3rd,Satsuki Sho J,17 Apr 2016,Dee Majesty,,Nakayama,Turf,2000,G1,https://db.netkeiba.com/race/201606030811/,https://www.jbis.or.jp/race/result/20160417/106/11/
satono-diamond,16,1,1st,Kisaragi Sho J,7 Feb 2016,Satono Diamond,,Kyoto,Turf,1800,G3,https://db.netkeiba.com/race/201608020411/,https://www.jbis.or.jp/race/result/20160207/108/11/
satono-diamond,17,1,1st,2yo Allowance (¥5m & Less) J,26 Dec 2015,Satono Diamond,,Hanshin,Turf,2000,Pre-OP,https://db.netkeiba.com/race/201509050707/,https://www.jbis.or.jp/race/result/20151226/109/07/
satono-diamond,18,1,1st,2yo Newcomer Race J,8 Nov 2015,Satono Diamond,,Kyoto,Turf,2000,Debut,https://db.netkeiba.com/race/201508050205/,https://www.jbis.or.jp/race/result/20151108/108/05/
kitasan-black,1,1,1st,Arima Kinen J,24 Dec 2017,Kitasan Black,,Nakayama,Turf,2500,G1,https://db.netkeiba.com/race/201706050811/,https://www.jbis.or.jp/race/result/20171224/106/11/
kitasan-black,2,3,3rd,Japan Cup J,26 Nov 2017,Cheval Grand,cheval-grand,Tokyo,Turf,2400,G1,https://db.netkeiba.com/race/201705050811/,https://www.jbis.or.jp/race/result/20171126/105/11/
kitasan-black,3,1,1st,Tenno Sho (Autumn) J,29 Oct 2017,Kitasan Black,,Tokyo,Turf,2000,G1,https://db.netkeiba.com/race/201705040911/,https://www.jbis.or.jp/race/result/20171029/105/11/
kitasan-black,4,9,9th,Takarazuka Kinen J,25 Jun 2017,Satono Crown,satono-crown,Hanshin,Turf,2200,G1,https://db.netkeiba.com/race/201709030811/,https://www.jbis.or.jp/race/result/20170625/109/11/
kitasan-black,5,1,1st,Tenno Sho (Spring) J,30 Apr 2017,Kitasan Black,,Kyoto,Turf,3200,G1,https://db.netkeiba.com/race/201708030411/,https://www.jbis.or.jp/race/result/20170430/108/11/
kitasan-black,6,1,1st,Osaka Hai J,2 Apr 2017,Kitasan Black,,Hanshin,Turf,2000,G1,https://db.netkeiba.com/race/201709020411/,https://www.jbis.or.jp/race/result/20170402/109/11/
kitasan-black,7,2,2nd,Arima Kinen J,25 Dec 2016,Satono Diamond,satono-diamond,Nakayama,Turf,2500,G1,https://db.netkeiba.com/race/201606050910/,https://www.jbis.or.jp/race/result/20161225/106/10/
kitasan-black,8,1,1st,Japan Cup J,27 Nov 2016,Kitasan Black,,Tokyo,Turf,2400,G1,https://db.netkeiba.com/race/201605050811/,https://www.jbis.or.jp/race/result/20161127/105/11/
kitasan-black,9,1,1st,Kyoto Daishoten J,10 Oct 2016,Kitasan Black,,Kyoto,Turf,2400,G2,https://db.netkeiba.com/race/201608040311/,https://www.jbis.or.jp/race/result/20161010/108/11/
kitasan-black,10,3,3rd,Takarazuka Kinen J,26 Jun 2016,Marialite,,Hanshin,Turf,2200,G1,https://db.netkeiba.com/race/201609030811/,https://www.jbis.or.jp/race/result/20160626/109/11/
kitasan-black,11,1,1st,Tenno Sho (Spring) J,1 May 2016,Kitasan Black,,Kyoto,Turf,3200,G1,https://db.netkeiba.com/race/201608030411/,https://www.jbis.or.jp/race/result/20160501/108/11/
kitasan-black,12,2,2nd,Osaka Hai J,3 Apr 2016,Ambitious,,Hanshin,Turf,2000,G2,https://db.netkeiba.com/race/201609020411/,https://www.jbis.or.jp/race/result/20160403/109/11/
kitasan-black,13,3,3rd,Arima Kinen J,27 Dec 2015,Gold Actor,,Nakayama,Turf,2500,G1,https://db.netkeiba.com/race/201506050810/,https://www.jbis.or.jp/race/result/20151227/106/10/
kitasan-black,14,1,1st,Kikuka Sho J,25 Oct 2015,Kitasan Black,,Kyoto,Turf,3000,G1,https://db.netkeiba.com/race/201508040711/,https://www.jbis.or.jp/race/result/20151025/108/11/
kitasan-black,15,1,1st,St. Lite Kinen J,21 Sept 2015,Kitasan Black,,Nakayama,Turf,2200,G2,https://db.netkeiba.com/race/201506040511/,https://www.jbis.or.jp/race/result/20150921/106/11/
kitasan-black,16,14,14th,Tokyo Yushun (Japanese Derby) J,31 May 2015,Duramente,duramente,Tokyo,Turf,2400,G1,https://db.netkeiba.com/race/201505021210/,https://www.jbis.or.jp/race/result/20150531/105/10/
kitasan-black,17,3,3rd,Satsuki Sho J,19 Apr 2015,Duramente,duramente,Nakayama,Turf,2000,G1,https://db.netkeiba.com/race/201506030811/,https://www.jbis.or.jp/race/result/20150419/106/11/
kitasan-black,18,1,1st,Spring Stakes J,22 Mar 2015,Kitasan Black,,Nakayama,Turf,1800,G2,https://db.netkeiba.com/race/201506020811/,https://www.jbis.or.jp/race/result/20150322/106/11/
kitasan-black,19,1,1st,3yo Allowance (¥5m & Less) J,22 Feb 2015,Kitasan Black,,Tokyo,Turf,2000,Pre-OP,https://db.netkeiba.com/race/201505010807/,https://www.jbis.or.jp/race/result/20150222/105/07/
kitasan-black,20,1,1st,3yo Newcomer Race J,31 Jan 2015,Kitasan Black,,Tokyo,Turf,1800,Debut,https://db.netkeiba.com/race/201505010105/,https://www.jbis.or.jp/race/result/20150131/105/05/
sakura-chiyono-o,1,16,16th,Takarazuka Kinen J,11 Jun 1989,Inari One,inari-one,Hanshin,Turf,2200,G1,https://db.netkeiba.com/race/198909030810/,https://www.jbis.or.jp/race/result/19890611/109/10/
sakura-chiyono-o,2,16,16th,Yasuda Kinen J,14 May 1989,Bamboo Memory,bamboo-memory,Tokyo,Turf,1600,G1,https://db.netkeiba.com/race/198905020810/,https://www.jbis.or.jp/race/result/19890514/105/10/
sakura-chiyono-o,3,1,1st,Tokyo Yushun (Japanese Derby) J,29 May 1988,Sakura Chiyono O,,Tokyo,Turf,2400,G1,https://db.netkeiba.com/race/198805050410/,https://www.jbis.or.jp/race/result/19880529/105/10/
sakura-chiyono-o,4,3,3rd,Satsuki Sho J,17 Apr 1988,Yaeno Muteki,yaeno-muteki,Tokyo,Turf,2000,G1,https://db.netkeiba.com/race/198805030810/,https://www.jbis.or.jp/race/result/19880417/105/10/
sakura-chiyono-o,5,1,1st,Yayoi Sho J,6 Mar 1988,Sakura Chiyono O,,Tokyo,Turf,2000,G2,https://db.netkeiba.com/race/198805020411/,https://www.jbis.or.jp/race/result/19880306/105/11/
sakura-chiyono-o,6,4,4th,Kyodo News Service Hai Yonsai Stakes J,14 Feb 1988,Muguet Royal,,Tokyo,Turf,1800,G3,https://db.netkeiba.com/race/198805010611/,https://www.jbis.or.jp/race/result/19880214/105/11/
sakura-chiyono-o,7,1,1st,Asahi Hai Sansai Stakes J,20 Dec 1987,Sakura Chiyono O,,Nakayama,Turf,1600,G1,https://db.netkeiba.com/race/198706050611/,https://www.jbis.or.jp/race/result/19871220/106/11/
sakura-chiyono-o,8,2,2nd,Icho Stakes J,31 Oct 1987,Meiner Logik,,Tokyo,Turf,1600,OP,https://db.netkeiba.com/race/198705040708/,https://www.jbis.or.jp/race/result/19871031/105/08/
sakura-chiyono-o,9,1,1st,Fuyo Stakes J,3 Oct 1987,Sakura Chiyono O,,Nakayama,Turf,1600,OP,https://db.netkeiba.com/race/198706040709/,https://www.jbis.or.jp/race/result/19871003/106/09/
sakura-chiyono-o,10,1,1st,2yo Newcomer Race J,8 Aug 1987,Sakura Chiyono O,,Hakodate,Turf,1000,Debut,https://db.netkeiba.com/race/198702010102/,https://www.jbis.or.jp/race/result/19870808/102/02/
sirius-symboli,1,7,7th,Tenno Sho (Autumn) J,30 Oct 1988,Tamamo Cross,tamamo-cross,Tokyo,Turf,2000,G1,https://db.netkeiba.com/race/198805060810/,https://www.jbis.or.jp/race/result/19881030/105/10/
sirius-symboli,2,2,2nd,Mainichi Okan J,9 Oct 1988,Oguri Cap,oguri-cap,Tokyo,Turf,1800,G2,https://db.netkeiba.com/race/198805060210/,https://www.jbis.or.jp/race/result/19881009/105/10/
sirius-symboli,3,4,4th,Hakodate Kinen J,21 Aug 1988,Soccer Boy,,Hakodate,Turf,2000,G3,https://db.netkeiba.com/race/198802010610/,https://www.jbis.or.jp/race/result/19880821/102/10/
sirius-symboli,4,2,2nd,Seikan Tunnel Opening Commemorative J,7 Aug 1988,Bold Northman,,Hakodate,Turf,1800,OP,https://db.netkeiba.com/race/198802010210/,https://www.jbis.or.jp/race/result/19880807/102/10/
sirius-symboli,5,9,9th,Tenno Sho (Autumn) J,1 Nov 1987,Nippo Teio,,Tokyo,Turf,2000,G1,https://db.netkeiba.com/race/198705040810/,https://www.jbis.or.jp/race/result/19871101/105/10/
sirius-symboli,6,8,8th,Mainichi Okan J,11 Oct 1987,Dyna Actress,,Tokyo,Turf,1800,G2,https://db.netkeiba.com/race/198705040210/,https://www.jbis.or.jp/race/result/19871011/105/10/
sirius-symboli,7,7,7th,Prix Ganay,3 May 1987,Unknown,,Longchamp,Turf,2100,G1,https://db.netkeiba.com/race/1987A8050300/,
sirius-symboli,8,7,7th,Prix d'Harcourt,12 Apr 1987,Unknown,,Longchamp,Turf,2000,G2,https://db.netkeiba.com/race/1987A8041200/,
sirius-symboli,9,4,4th,Prix Edmond Blanc,28 Mar 1987,Unknown,,Saint-Cloud,Turf,1600,G3,https://db.netkeiba.com/race/1987A8032800/,
sirius-symboli,10,4,4th,Prix du Conseil de Paris,19 Oct 1986,Unknown,,Longchamp,Turf,2400,G2,https://db.netkeiba.com/race/1986A8101900/,
sirius-symboli,11,14,14th,Prix de l'Arc de Triomphe,6 Oct 1986,Unknown,,Longchamp,Turf,2400,G1,https://db.netkeiba.com/race/1986A8100600/,
sirius-symboli,12,2,2nd,Prix Foy,14 Sept 1986,Unknown,,Longchamp,Turf,2400,G3,https://db.netkeiba.com/race/1986A8091400/,
sirius-symboli,13,4,4th,Prix Gontaut-Biron,16 Aug 1986,Unknown,,Deauville,Turf,2000,G3,https://db.netkeiba.com/race/1986A8081600/,
sirius-symboli,14,5,5th,Gran Premio di Milano,8 Jun 1986,Unknown,,San Siro,Turf,2400,G1,https://db.netkeiba.com/race/1986C0060800/,
sirius-symboli,15,3,3rd,Prix Sea Sick,6 May 1986,Unknown,,Maisons-Laffitte,Turf,2000,OP,https://db.netkeiba.com/race/1986A8050600/,
sirius-symboli,16,5,5th,Prix d'Hédouville,20 Apr 1986,Unknown,,Longchamp,Turf,2400,G3,https://db.netkeiba.com/race/1986A8042000/,
sirius-symboli,17,1,1st,Tokyo Yushun (Japanese Derby),26 May 1985,Sirius Symboli,,Tokyo,Turf,2400,G1,https://db.netkeiba.com/race/198505030410/,
sirius-symboli,18,1,1st,Wakaba Stakes,30 Mar 1985,Sirius Symboli,,Nakayama,Turf,2200,OP,https://db.netkeiba.com/race/198506030309/,
sirius-symboli,19,1,1st,Fuchu Sansai Stakes,18 Nov 1984,Sirius Symboli,,Tokyo,Turf,1800,OP,https://db.netkeiba.com/race/198405050609/,
sirius-symboli,20,2,2nd,Icho Stakes,27 Oct 1984,Road Quilter,,Tokyo,Turf,1600,OP,https://db.netkeiba.com/race/198405040708/,
sirius-symboli,21,10,10th,Fuyo Stakes,29 Sept 1984,Bingo Timur,,Nakayama,Turf,1600,OP,https://db.netkeiba.com/race/198406040709/,
sirius-symboli,22,1,1st,2yo Newcomer Race,16 Sept 1984,Sirius Symboli,,Nakayama,Turf,1600,Debut,https://db.netkeiba.com/race/198406040403/,
mejiro-ardan,1,14,14th,Japan Cup J,24 Nov 1991,Golden Pheasant,,Tokyo,Turf,2400,G1,https://db.netkeiba.com/race/199105050810/,https://www.jbis.or.jp/race/result/19911124/105/10/
mejiro-ardan,2,6,6th,Fuji Stakes J,10 Nov 1991,Stabilizer,,Tokyo,Turf,1800,OP,https://db.netkeiba.com/race/199105050410/,https://www.jbis.or.jp/race/result/19911110/105/10/
mejiro-ardan,3,4,4th,Nikkei Shinshun Hai J,20 Jan 1991,Merci Atla,,Kyoto,Turf,2200,G2,https://db.netkeiba.com/race/199108010811/,https://www.jbis.or.jp/race/result/19910120/108/11/
mejiro-ardan,4,10,10th,Arima Kinen J,23 Dec 1990,Oguri Cap,oguri-cap,Nakayama,Turf,2500,G1,https://db.netkeiba.com/race/199006050809/,https://www.jbis.or.jp/race/result/19901223/106/09/
mejiro-ardan,5,2,2nd,Tenno Sho (Autumn) J,28 Oct 1990,Yaeno Muteki,yaeno-muteki,Tokyo,Turf,2000,G1,https://db.netkeiba.com/race/199005040810/,https://www.jbis.or.jp/race/result/19901028/105/10/
mejiro-ardan,6,4,4th,All Comers J,16 Sept 1990,Racketball,,Nakayama,Turf,2200,G3,https://db.netkeiba.com/race/199006040411/,https://www.jbis.or.jp/race/result/19900916/106/11/
mejiro-ardan,7,3,3rd,Tenno Sho (Autumn) J,29 Oct 1989,Super Creek,super-creek,Tokyo,Turf,2000,G1,https://db.netkeiba.com/race/198905040810/,https://www.jbis.or.jp/race/result/19891029/105/10/
mejiro-ardan,8,3,3rd,Mainichi Okan J,8 Oct 1989,Oguri Cap,oguri-cap,Tokyo,Turf,1800,G2,https://db.netkeiba.com/race/198905040210/,https://www.jbis.or.jp/race/result/19891008/105/10/
mejiro-ardan,9,1,1st,Takamatsunomiya Hai J,9 Jul 1989,Mejiro Ardan,,Chukyo,Turf,2000,G2,https://db.netkeiba.com/race/198907020811/,https://www.jbis.or.jp/race/result/19890709/107/11/
mejiro-ardan,10,1,1st,May Stakes J,27 May 1989,Mejiro Ardan,,Tokyo,Turf,2400,OP,https://db.netkeiba.com/race/198905030311/,https://www.jbis.or.jp/race/result/19890527/105/11/
mejiro-ardan,11,2,2nd,Tokyo Yushun (Japanese Derby) J,29 May 1988,Sakura Chiyono O,sakura-chiyono-o,Tokyo,Turf,2400,G1,https://db.netkeiba.com/race/198805050410/,https://www.jbis.or.jp/race/result/19880529/105/10/
mejiro-ardan,12,2,2nd,NHK Hai J,8 May 1988,Meiner Glauben,,Tokyo,Turf,2000,G2,https://db.netkeiba.com/race/198805040611/,https://www.jbis.or.jp/race/result/19880508/105/11/
mejiro-ardan,13,1,1st,Yamafuji Sho J,17 Apr 1988,Mejiro Ardan,,Tokyo,Turf,1800,Pre-OP,https://db.netkeiba.com/race/198805030808/,https://www.jbis.or.jp/race/result/19880417/105/08/
mejiro-ardan,14,1,1st,3yo Unraced Race J,27 Mar 1988,Mejiro Ardan,,Tokyo,Dirt,1200,,https://db.netkeiba.com/race/198805030202/,https://www.jbis.or.jp/race/result/19880327/105/02/
yaeno-muteki,1,7,7th,Arima Kinen J,23 Dec 1990,Oguri Cap,oguri-cap,Nakayama,Turf,2500,G1,https://db.netkeiba.com/race/199006050809/,https://www.jbis.or.jp/race/result/19901223/106/09/
yaeno-muteki,2,6,6th,Japan Cup J,25 Nov 1990,Better Loosen Up,,Tokyo,Turf,2400,G1,https://db.netkeiba.com/race/199005050810/,https://www.jbis.or.jp/race/result/19901125/105/10/
yaeno-muteki,3,1,1st,Tenno Sho (Autumn) J,28 Oct 1990,Yaeno Muteki,,Tokyo,Turf,2000,G1,https://db.netkeiba.com/race/199005040810/,https://www.jbis.or.jp/race/result/19901028/105/10/
yaeno-muteki,4,3,3rd,Takarazuka Kinen J,10 Jun 1990,Osaichi George,,Hanshin,Turf,2200,G1,https://db.netkeiba.com/race/199009040810/,https://www.jbis.or.jp/race/result/19900610/109/10/
yaeno-muteki,5,2,2nd,Yasuda Kinen J,13 May 1990,Oguri Cap,oguri-cap,Tokyo,Turf,1600,G1,https://db.netkeiba.com/race/199005020810/,https://www.jbis.or.jp/race/result/19900513/105/10/
yaeno-muteki,6,3,3rd,Osaka Hai J,1 Apr 1990,Super Creek,super-creek,Hanshin,Turf,2000,G2,https://db.netkeiba.com/race/199009030411/,https://www.jbis.or.jp/race/result/19900401/109/11/
yaeno-muteki,7,3,3rd,Milers Cup J,25 Feb 1990,Mejiro Worth,,Hanshin,Turf,1600,G2,https://db.netkeiba.com/race/199009020211/,https://www.jbis.or.jp/race/result/19900225/109/11/
yaeno-muteki,8,2,2nd,Nikkei Shinshun Hai J,21 Jan 1990,Towa Triple,,Kyoto,Turf,2200,G2,https://db.netkeiba.com/race/199008010811/,https://www.jbis.or.jp/race/result/19900121/108/11/
yaeno-muteki,9,6,6th,Arima Kinen J,24 Dec 1989,Inari One,inari-one,Nakayama,Turf,2500,G1,https://db.netkeiba.com/race/198906050809/,https://www.jbis.or.jp/race/result/19891224/106/09/
yaeno-muteki,10,4,4th,Tenno Sho (Autumn) J,29 Oct 1989,Super Creek,super-creek,Tokyo,Turf,2000,G1,https://db.netkeiba.com/race/198905040810/,https://www.jbis.or.jp/race/result/19891029/105/10/
yaeno-muteki,11,7,7th,Takarazuka Kinen J,11 Jun 1989,Inari One,inari-one,Hanshin,Turf,2200,G1,https://db.netkeiba.com/race/198909030810/,https://www.jbis.or.jp/race/result/19890611/109/10/
yaeno-muteki,12,1,1st,Osaka Hai J,2 Apr 1989,Yaeno Muteki,,Hanshin,Turf,2000,G2,https://db.netkeiba.com/race/198909020411/,https://www.jbis.or.jp/race/result/19890402/109/11/
yaeno-muteki,13,2,2nd,Nikkei Shinshun Hai J,22 Jan 1989,Land Hiryu,,Kyoto,Turf,2200,G2,https://db.netkeiba.com/race/198908010811/,https://www.jbis.or.jp/race/result/19890122/108/11/
yaeno-muteki,14,1,1st,Naruo Kinen J,4 Dec 1988,Yaeno Muteki,,Hanshin,Turf,2500,G2,https://db.netkeiba.com/race/198809050210/,https://www.jbis.or.jp/race/result/19881204/109/10/
yaeno-muteki,15,10,10th,Kikuka Sho J,6 Nov 1988,Super Creek,super-creek,Kyoto,Turf,3000,G1,https://db.netkeiba.com/race/198808050210/,https://www.jbis.or.jp/race/result/19881106/108/10/
yaeno-muteki,16,1,1st,Kyoto Shimbun Hai J,16 Oct 1988,Yaeno Muteki,,Kyoto,Turf,2200,G2,https://db.netkeiba.com/race/198808040411/,https://www.jbis.or.jp/race/result/19881016/108/11/
yaeno-muteki,17,1,1st,UHB Hai J,11 Sept 1988,Yaeno Muteki,,Hakodate,Turf,1800,OP,https://db.netkeiba.com/race/198802020409/,https://www.jbis.or.jp/race/result/19880911/102/09/
yaeno-muteki,18,2,2nd,Chunichi Sports Sho Yonsai Stakes J,3 Jul 1988,Soccer Boy,,Chukyo,Turf,1800,G3,https://db.netkeiba.com/race/198807020611/,https://www.jbis.or.jp/race/result/19880703/107/11/
yaeno-muteki,19,4,4th,Tokyo Yushun (Japanese Derby) J,29 May 1988,Sakura Chiyono O,sakura-chiyono-o,Tokyo,Turf,2400,G1,https://db.netkeiba.com/race/198805050410/,https://www.jbis.or.jp/race/result/19880529/105/10/
yaeno-muteki,20,1,1st,Satsuki Sho J,17 Apr 1988,Yaeno Muteki,,Tokyo,Turf,2000,G1,https://db.netkeiba.com/race/198805030810/,https://www.jbis.or.jp/race/result/19880417/105/10/
yaeno-muteki,21,4,4th,Mainichi Hai J,27 Mar 1988,Oguri Cap,oguri-cap,Hanshin,Turf,2000,G3,https://db.netkeiba.com/race/198809020211/,https://www.jbis.or.jp/race/result/19880327/109/11/
yaeno-muteki,22,1,1st,Jinchoge Sho J,19 Mar 1988,Yaeno Muteki,,Chukyo,Dirt,1700,Pre-OP,https://db.netkeiba.com/race/198807010507/,https://www.jbis.or.jp/race/result/19880319/107/07/
yaeno-muteki,23,1,1st,3yo Newcomer Race J,27 Feb 1988,Yaeno Muteki,,Hanshin,Dirt,1700,Debut,https://db.netkeiba.com/race/198809010106/,https://www.jbis.or.jp/race/result/19880227/109/06/
tsurumaru-tsuyoshi,1,,DNF,Arima Kinen J,24 Dec 2000,TM Opera O,tm-opera-o,Nakayama,Turf,2500,G1,https://db.netkeiba.com/race/200006060809/,https://www.jbis.or.jp/race/result/20001224/106/09/
tsurumaru-tsuyoshi,2,6,6th,Kyoto Daishoten J,8 Oct 2000,TM Opera O,tm-opera-o,Kyoto,Turf,2400,G2,https://db.netkeiba.com/race/200008040211/,https://www.jbis.or.jp/race/result/20001008/108/11/
tsurumaru-tsuyoshi,3,4,4th,Arima Kinen J,26 Dec 1999,Grass Wonder,grass-wonder,Nakayama,Turf,2500,G1,https://db.netkeiba.com/race/199906050809/,https://www.jbis.or.jp/race/result/19991226/106/09/
tsurumaru-tsuyoshi,4,8,8th,Tenno Sho (Autumn) J,31 Oct 1999,Special Week,special-week,Tokyo,Turf,2000,G1,https://db.netkeiba.com/race/199905040811/,https://www.jbis.or.jp/race/result/19991031/105/11/
tsurumaru-tsuyoshi,5,1,1st,Kyoto Daishoten J,10 Oct 1999,Tsurumaru Tsuyoshi,,Kyoto,Turf,2400,G2,https://db.netkeiba.com/race/199908040211/,https://www.jbis.or.jp/race/result/19991010/108/11/
tsurumaru-tsuyoshi,6,1,1st,Challenge Cup J,12 Sept 1999,Tsurumaru Tsuyoshi,,Hanshin,Turf,2000,G3,https://db.netkeiba.com/race/199909040211/,https://www.jbis.or.jp/race/result/19990912/109/11/
tsurumaru-tsuyoshi,7,3,3rd,Kitakyushu Kinen J,25 Jul 1999,Eishin Vincennes,,Kokura,Turf,1800,G3,https://db.netkeiba.com/race/199910010411/,https://www.jbis.or.jp/race/result/19990725/110/11/
tsurumaru-tsuyoshi,8,1,1st,Mikawa Tokubetsu J,6 Jun 1999,Tsurumaru Tsuyoshi,,Chukyo,Turf,1800,Pre-OP,https://db.netkeiba.com/race/199907030610/,https://www.jbis.or.jp/race/result/19990606/107/10/
tsurumaru-tsuyoshi,9,,DNS,Inari Tokubetsu J,17 Jan 1999,Suehiro Commander,,Kyoto,Turf,2000,Pre-OP,https://db.netkeiba.com/race/199908010609/,https://www.jbis.or.jp/race/result/19990117/108/09/
tsurumaru-tsuyoshi,10,1,1st,Inuyama Tokubetsu J,28 Nov 1998,Tsurumaru Tsuyoshi,,Chukyo,Turf,2000,Pre-OP,https://db.netkeiba.com/race/199807040109/,https://www.jbis.or.jp/race/result/19981128/107/09/
tsurumaru-tsuyoshi,11,5,5th,Osakayama Tokubetsu J,8 Nov 1998,Sunday Sarah,,Kyoto,Turf,1800,Pre-OP,https://db.netkeiba.com/race/199808060208/,https://www.jbis.or.jp/race/result/19981108/108/08/
tsurumaru-tsuyoshi,12,1,1st,3yo Maiden Race J,2 May 1998,Tsurumaru Tsuyoshi,,Kyoto,Dirt,1400,Maiden,https://db.netkeiba.com/race/199808030301/,https://www.jbis.or.jp/race/result/19980502/108/01/
mejiro-bright,1,8,8th,Kyoto Daishoten J,8 Oct 2000,TM Opera O,tm-opera-o,Kyoto,Turf,2400,G2,https://db.netkeiba.com/race/200008040211/,https://www.jbis.or.jp/race/result/20001008/108/11/
mejiro-bright,2,5,5th,Arima Kinen J,26 Dec 1999,Grass Wonder,grass-wonder,Nakayama,Turf,2500,G1,https://db.netkeiba.com/race/199906050809/,https://www.jbis.or.jp/race/result/19991226/106/09/
mejiro-bright,3,11,11th,Tenno Sho (Autumn) J,31 Oct 1999,Special Week,special-week,Tokyo,Turf,2000,G1,https://db.netkeiba.com/race/199905040811/,https://www.jbis.or.jp/race/result/19991031/105/11/
mejiro-bright,4,2,2nd,Kyoto Daishoten J,10 Oct 1999,Tsurumaru Tsuyoshi,tsurumaru-tsuyoshi,Kyoto,Turf,2400,G2,https://db.netkeiba.com/race/199908040211/,https://www.jbis.or.jp/race/result/19991010/108/11/
mejiro-bright,5,2,2nd,Tenno Sho (Spring) J,2 May 1999,Special Week,special-week,Kyoto,Turf,3200,G1,https://db.netkeiba.com/race/199908030411/,https://www.jbis.or.jp/race/result/19990502/108/11/
mejiro-bright,6,2,2nd,Hanshin Daishoten J,21 Mar 1999,Special Week,special-week,Hanshin,Turf,3000,G2,https://db.netkeiba.com/race/199909010811/,https://www.jbis.or.jp/race/result/19990321/109/11/
mejiro-bright,7,1,1st,Nikkei Shinshun Hai J,24 Jan 1999,Mejiro Bright,,Kyoto,Turf,2400,G2,https://db.netkeiba.com/race/199908010811/,https://www.jbis.or.jp/race/result/19990124/108/11/
mejiro-bright,8,2,2nd,Arima Kinen J,27 Dec 1998,Grass Wonder,grass-wonder,Nakayama,Turf,2500,G1,https://db.netkeiba.com/race/199806050809/,https://www.jbis.or.jp/race/result/19981227/106/09/
mejiro-bright,9,5,5th,Tenno Sho (Autumn) J,1 Nov 1998,Offside Trap,,Tokyo,Turf,2000,G1,https://db.netkeiba.com/race/199805040811/,https://www.jbis.or.jp/race/result/19981101/105/11/
mejiro-bright,10,2,2nd,Kyoto Daishoten J,11 Oct 1998,Seiun Sky,seiun-sky,Kyoto,Turf,2400,G2,https://db.netkeiba.com/race/199808050211/,https://www.jbis.or.jp/race/result/19981011/108/11/
mejiro-bright,11,11,11th,Takarazuka Kinen J,12 Jul 1998,Silence Suzuka,silence-suzuka,Hanshin,Turf,2200,G1,https://db.netkeiba.com/race/199809030811/,https://www.jbis.or.jp/race/result/19980712/109/11/
mejiro-bright,12,1,1st,Tenno Sho (Spring) J,3 May 1998,Mejiro Bright,,Kyoto,Turf,3200,G1,https://db.netkeiba.com/race/199808030411/,https://www.jbis.or.jp/race/result/19980503/108/11/
mejiro-bright,13,1,1st,Hanshin Daishoten J,22 Mar 1998,Mejiro Bright,,Hanshin,Turf,3000,G2,https://db.netkeiba.com/race/199809010811/,https://www.jbis.or.jp/race/result/19980322/109/11/
mejiro-bright,14,1,1st,American JCC J,25 Jan 1998,Mejiro Bright,,Nakayama,Turf,2200,G2,https://db.netkeiba.com/race/199806010811/,https://www.jbis.or.jp/race/result/19980125/106/11/
mejiro-bright,15,1,1st,Stayers Stakes J,29 Nov 1997,Mejiro Bright,,Nakayama,Turf,3600,G2,https://db.netkeiba.com/race/199706050111/,https://www.jbis.or.jp/race/result/19971129/106/11/
mejiro-bright,16,3,3rd,Kikuka Sho J,2 Nov 1997,Matikanefukukitaru,matikanefukukitaru,Kyoto,Turf,3000,G1,https://db.netkeiba.com/race/199708050210/,https://www.jbis.or.jp/race/result/19971102/108/10/
mejiro-bright,17,3,3rd,Kyoto Shimbun Hai J,12 Oct 1997,Matikanefukukitaru,matikanefukukitaru,Kyoto,Turf,2200,G2,https://db.netkeiba.com/race/199708040411/,https://www.jbis.or.jp/race/result/19971012/108/11/
mejiro-bright,18,3,3rd,Tokyo Yushun (Japanese Derby) J,1 Jun 1997,Sunny Brian,,Tokyo,Turf,2400,G1,https://db.netkeiba.com/race/199705030609/,https://www.jbis.or.jp/race/result/19970601/105/09/
mejiro-bright,19,4,4th,Satsuki Sho J,13 Apr 1997,Sunny Brian,,Nakayama,Turf,2000,G1,https://db.netkeiba.com/race/199706030810/,https://www.jbis.or.jp/race/result/19970413/106/10/
mejiro-bright,20,2,2nd,Spring Stakes J,16 Mar 1997,Big Sunday,,Nakayama,Turf,1800,G2,https://db.netkeiba.com/race/199706020811/,https://www.jbis.or.jp/race/result/19970316/106/11/
mejiro-bright,21,1,1st,Kyodo News Service Hai Yonsai Stakes J,9 Feb 1997,Mejiro Bright,,Tokyo,Turf,1800,G3,https://db.netkeiba.com/race/199705010611/,https://www.jbis.or.jp/race/result/19970209/105/11/
mejiro-bright,22,1,1st,Radio Tampa Hai Sansai Stakes J,21 Dec 1996,Mejiro Bright,,Hanshin,Turf,2000,G3,https://db.netkeiba.com/race/199609050711/,https://www.jbis.or.jp/race/result/19961221/109/11/
mejiro-bright,23,2,2nd,Daily Hai Sansai Stakes J,19 Oct 1996,Seeking the Pearl,seeking-the-pearl,Kyoto,Turf,1400,G2,https://db.netkeiba.com/race/199608040511/,https://www.jbis.or.jp/race/result/19961019/108/11/
mejiro-bright,24,2,2nd,Suzuran Sho J,22 Sept 1996,Spring Diana,,Hakodate,Turf,1800,OP,https://db.netkeiba.com/race/199602020810/,https://www.jbis.or.jp/race/result/19960922/102/10/
mejiro-bright,25,1,1st,2yo Newcomer Race J,31 Aug 1996,Mejiro Bright,,Hakodate,Turf,1800,Debut,https://db.netkeiba.com/race/199602020105/,https://www.jbis.or.jp/race/result/19960831/102/05/
daring-tact,1,4,4th,Japan Cup J,27 Nov 2022,Vela Azul,,Tokyo,Turf,2400,G1,https://db.netkeiba.com/race/202205050812/,https://www.jbis.or.jp/race/result/20221127/105/12/
daring-tact,2,6,6th,Queen Elizabeth Cup J,13 Nov 2022,Geraldina,,Hanshin,Turf,2200,G1,https://db.netkeiba.com/race/202209050411/,https://www.jbis.or.jp/race/result/20221113/109/11/
daring-tact,3,6,6th,All Comers J,25 Sept 2022,Geraldina,,Nakayama,Turf,2200,G2,https://db.netkeiba.com/race/202206040711/,https://www.jbis.or.jp/race/result/20220925/106/11/
daring-tact,4,3,3rd,Takarazuka Kinen J,26 Jun 2022,Titleholder,titleholder,Hanshin,Turf,2200,G1,https://db.netkeiba.com/race/202209030411/,https://www.jbis.or.jp/race/result/20220626/109/11/
daring-tact,5,6,6th,Victoria Mile J,15 May 2022,Sodashi,,Tokyo,Turf,1600,G1,https://db.netkeiba.com/race/202205020811/,https://www.jbis.or.jp/race/result/20220515/105/11/
daring-tact,6,3,3rd,Queen Elizabeth II Cup,25 Apr 2021,Loves Only You,loves-only-you,Sha Tin,Turf,2000,G1,https://db.netkeiba.com/race/2021H1042508/,
daring-tact,7,2,2nd,Kinko Sho J,14 Mar 2021,Gibeon,,Chukyo,Turf,2000,G2,https://db.netkeiba.com/race/202107020211/,https://www.jbis.or.jp/race/result/20210314/107/11/
daring-tact,8,3,3rd,Japan Cup J,29 Nov 2020,Almond Eye,almond-eye,Tokyo,Turf,2400,G1,https://db.netkeiba.com/race/202005050912/,https://www.jbis.or.jp/race/result/20201129/105/12/
daring-tact,9,1,1st,Shuka Sho J,18 Oct 2020,Daring Tact,,Kyoto,Turf,2000,G1,https://db.netkeiba.com/race/202008040411/,https://www.jbis.or.jp/race/result/20201018/108/11/
daring-tact,10,1,1st,Japanese Oaks J,24 May 2020,Daring Tact,,Tokyo,Turf,2400,G1,https://db.netkeiba.com/race/202005021011/,https://www.jbis.or.jp/race/result/20200524/105/11/
daring-tact,11,1,1st,Oka Sho J,12 Apr 2020,Daring Tact,,Hanshin,Turf,1600,G1,https://db.netkeiba.com/race/202009020611/,https://www.jbis.or.jp/race/result/20200412/109/11/
daring-tact,12,1,1st,Elfin Stakes J,8 Feb 2020,Daring Tact,,Kyoto,Turf,1600,L,https://db.netkeiba.com/race/202008020310/,https://www.jbis.or.jp/race/result/20200208/108/10/
daring-tact,13,1,1st,2yo Newcomer Race J,16 Nov 2019,Daring Tact,,Kyoto,Turf,1600,Debut,https://db.netkeiba.com/race/201908050505/,https://www.jbis.or.jp/race/result/20191116/108/05/
sakura-laurel,1,8,8th,Prix Foy,14 Sept 1997,Yokohama,,Longchamp,Turf,2400,G3,https://db.netkeiba.com/race/1997A8091400/,
sakura-laurel,2,2,2nd,Tenno Sho (Spring) J,27 Apr 1997,Mayano Top Gun,mayano-top-gun,Kyoto,Turf,3200,G1,https://db.netkeiba.com/race/199708030410/,https://www.jbis.or.jp/race/result/19970427/108/10/
sakura-laurel,3,1,1st,Arima Kinen J,22 Dec 1996,Sakura Laurel,,Nakayama,Turf,2500,G1,https://db.netkeiba.com/race/199606060809/,https://www.jbis.or.jp/race/result/19961222/106/09/
sakura-laurel,4,3,3rd,Tenno Sho (Autumn) J,27 Oct 1996,Bubble Gum Fellow,bubble-gum-fellow,Tokyo,Turf,2000,G1,https://db.netkeiba.com/race/199605050810/,https://www.jbis.or.jp/race/result/19961027/105/10/
sakura-laurel,5,1,1st,All Comers J,15 Sept 1996,Sakura Laurel,,Nakayama,Turf,2200,G2,https://db.netkeiba.com/race/199606050411/,https://www.jbis.or.jp/race/result/19960915/106/11/
sakura-laurel,6,1,1st,Tenno Sho (Spring) J,21 Apr 1996,Sakura Laurel,,Kyoto,Turf,3200,G1,https://db.netkeiba.com/race/199608030210/,https://www.jbis.or.jp/race/result/19960421/108/10/
sakura-laurel,7,1,1st,Nakayama Kinen J,10 Mar 1996,Sakura Laurel,,Nakayama,Turf,1800,G2,https://db.netkeiba.com/race/199606010611/,https://www.jbis.or.jp/race/result/19960310/106/11/
sakura-laurel,8,2,2nd,Meguro Kinen J,19 Feb 1995,Hagino Real King,,Tokyo,Turf,2500,G2,https://db.netkeiba.com/race/199505010811/,https://www.jbis.or.jp/race/result/19950219/105/11/
sakura-laurel,9,1,1st,Kimpai (East) J,5 Jan 1995,Sakura Laurel,,Nakayama,Turf,2000,G3,https://db.netkeiba.com/race/199506010111/,https://www.jbis.or.jp/race/result/19950105/106/11/
sakura-laurel,10,1,1st,Toji Stakes J,18 Dec 1994,Sakura Laurel,,Nakayama,Turf,2500,Pre-OP,https://db.netkeiba.com/race/199406050609/,https://www.jbis.or.jp/race/result/19941218/106/09/
sakura-laurel,11,1,1st,Hirasan Tokubetsu J,20 Nov 1994,Sakura Laurel,,Kyoto,Turf,2200,Pre-OP,https://db.netkeiba.com/race/199408010607/,https://www.jbis.or.jp/race/result/19941120/108/07/
sakura-laurel,12,2,2nd,Shukyo Tokubetsu J,30 Oct 1994,Brand Michele,,Tokyo,Turf,2000,Pre-OP,https://db.netkeiba.com/race/199405040808/,https://www.jbis.or.jp/race/result/19941030/105/08/
sakura-laurel,13,2,2nd,Rokusha Tokubetsu J,15 Oct 1994,Birthroot,,Tokyo,Turf,1800,Pre-OP,https://db.netkeiba.com/race/199405040310/,https://www.jbis.or.jp/race/result/19941015/105/10/
sakura-laurel,14,8,8th,St. Lite Kinen J,25 Sept 1994,Wind Fields,,Nakayama,Turf,2200,G2,https://db.netkeiba.com/race/199406040611/,https://www.jbis.or.jp/race/result/19940925/106/11/
sakura-laurel,15,3,3rd,Sado Stakes J,4 Sept 1994,Daigo Soul,,Niigata,Turf,2000,Pre-OP,https://db.netkeiba.com/race/199404030810/,https://www.jbis.or.jp/race/result/19940904/104/10/
sakura-laurel,16,3,3rd,Aoba Sho J,30 Apr 1994,Air Dublin,,Tokyo,Turf,2400,G3,https://db.netkeiba.com/race/199405020311/,https://www.jbis.or.jp/race/result/19940430/105/11/
sakura-laurel,17,1,1st,3yo Allowance (¥5m & Less) J,26 Mar 1994,Sakura Laurel,,Nakayama,Dirt,1800,Pre-OP,https://db.netkeiba.com/race/199406030108/,https://www.jbis.or.jp/race/result/19940326/106/08/
sakura-laurel,18,2,2nd,3yo Allowance (¥5m & Less) J,6 Mar 1994,Taiki Blizzard,,Nakayama,Dirt,1800,Pre-OP,https://db.netkeiba.com/race/199406020403/,https://www.jbis.or.jp/race/result/19940306/106/03/
sakura-laurel,19,6,6th,Haruna Sho J,19 Feb 1994,Indeed Slew,,Tokyo,Turf,1600,Pre-OP,https://db.netkeiba.com/race/199405010709/,https://www.jbis.or.jp/race/result/19940219/105/09/
sakura-laurel,20,1,1st,3yo Maiden Race J,30 Jan 1994,Sakura Laurel,,Tokyo,Dirt,1400,Maiden,https://db.netkeiba.com/race/199405010202/,https://www.jbis.or.jp/race/result/19940130/105/02/
sakura-laurel,21,3,3rd,3yo Newcomer Race J,15 Jan 1994,Matsu Brillante,,Nakayama,Turf,1600,Debut,https://db.netkeiba.com/race/199406010506/,https://www.jbis.or.jp/race/result/19940115/106/06/
sakura-laurel,22,9,9th,3yo Newcomer Race J,6 Jan 1994,Shine Ford,,Nakayama,Turf,1600,Debut,https://db.netkeiba.com/race/199406010206/,https://www.jbis.or.jp/race/result/19940106/106/06/
narita-top-road,1,4,4th,Arima Kinen J,22 Dec 2002,Symboli Kris S,symboli-kris-s,Nakayama,Turf,2500,G1,https://db.netkeiba.com/race/200206050809/,https://www.jbis.or.jp/race/result/20021222/106/09/
narita-top-road,2,10,10th,Japan Cup J,24 Nov 2002,Falbrav,,Nakayama,Turf,2200,G1,https://db.netkeiba.com/race/200206040810/,https://www.jbis.or.jp/race/result/20021124/106/10/
narita-top-road,3,2,2nd,Tenno Sho (Autumn) J,27 Oct 2002,Symboli Kris S,symboli-kris-s,Nakayama,Turf,2000,G1,https://db.netkeiba.com/race/200206030811/,https://www.jbis.or.jp/race/result/20021027/106/11/
narita-top-road,4,1,1st,Kyoto Daishoten J,6 Oct 2002,Narita Top Road,,Kyoto,Turf,2400,G2,https://db.netkeiba.com/race/200208040211/,https://www.jbis.or.jp/race/result/20021006/108/11/
narita-top-road,5,3,3rd,Tenno Sho (Spring) J,28 Apr 2002,Manhattan Cafe,manhattan-cafe,Kyoto,Turf,3200,G1,https://db.netkeiba.com/race/200208030411/,https://www.jbis.or.jp/race/result/20020428/108/11/
narita-top-road,6,1,1st,Hanshin Daishoten J,17 Mar 2002,Narita Top Road,,Hanshin,Turf,3000,G2,https://db.netkeiba.com/race/200209010811/,https://www.jbis.or.jp/race/result/20020317/109/11/
narita-top-road,7,1,1st,Kyoto Kinen J,16 Feb 2002,Narita Top Road,,Kyoto,Turf,2200,G2,https://db.netkeiba.com/race/200208020711/,https://www.jbis.or.jp/race/result/20020216/108/11/
narita-top-road,8,10,10th,Arima Kinen J,23 Dec 2001,Manhattan Cafe,manhattan-cafe,Nakayama,Turf,2500,G1,https://db.netkeiba.com/race/200106050809/,https://www.jbis.or.jp/race/result/20011223/106/09/
narita-top-road,9,3,3rd,Japan Cup J,25 Nov 2001,Jungle Pocket,jungle-pocket,Tokyo,Turf,2400,G1,https://db.netkeiba.com/race/200105050810/,https://www.jbis.or.jp/race/result/20011125/105/10/
narita-top-road,10,,DNF,Kyoto Daishoten J,7 Oct 2001,TM Opera O,tm-opera-o,Kyoto,Turf,2400,G2,https://db.netkeiba.com/race/200108040211/,https://www.jbis.or.jp/race/result/20011007/108/11/
narita-top-road,11,3,3rd,Tenno Sho (Spring) J,29 Apr 2001,TM Opera O,tm-opera-o,Kyoto,Turf,3200,G1,https://db.netkeiba.com/race/200108030411/,https://www.jbis.or.jp/race/result/20010429/108/11/
narita-top-road,12,1,1st,Hanshin Daishoten J,18 Mar 2001,Narita Top Road,,Hanshin,Turf,3000,G2,https://db.netkeiba.com/race/200109010811/,https://www.jbis.or.jp/race/result/20010318/109/11/
narita-top-road,13,3,3rd,Kyoto Kinen J,17 Feb 2001,Maquereau,,Kyoto,Turf,2200,G2,https://db.netkeiba.com/race/200108020711/,https://www.jbis.or.jp/race/result/20010217/108/11/
narita-top-road,14,9,9th,Arima Kinen J,24 Dec 2000,TM Opera O,tm-opera-o,Nakayama,Turf,2500,G1,https://db.netkeiba.com/race/200006060809/,https://www.jbis.or.jp/race/result/20001224/106/09/
narita-top-road,15,4,4th,Stayers Stakes J,2 Dec 2000,Hot Secret,,Nakayama,Turf,3600,G2,https://db.netkeiba.com/race/200006060111/,https://www.jbis.or.jp/race/result/20001202/106/11/
narita-top-road,16,5,5th,Tenno Sho (Autumn) J,29 Oct 2000,TM Opera O,tm-opera-o,Tokyo,Turf,2000,G1,https://db.netkeiba.com/race/200005050811/,https://www.jbis.or.jp/race/result/20001029/105/11/
narita-top-road,17,2,2nd,Kyoto Daishoten J,8 Oct 2000,TM Opera O,tm-opera-o,Kyoto,Turf,2400,G2,https://db.netkeiba.com/race/200008040211/,https://www.jbis.or.jp/race/result/20001008/108/11/
narita-top-road,18,3,3rd,Tenno Sho (Spring) J,30 Apr 2000,TM Opera O,tm-opera-o,Kyoto,Turf,3200,G1,https://db.netkeiba.com/race/200008030411/,https://www.jbis.or.jp/race/result/20000430/108/11/
narita-top-road,19,3,3rd,Hanshin Daishoten J,19 Mar 2000,TM Opera O,tm-opera-o,Hanshin,Turf,3000,G2,https://db.netkeiba.com/race/200009010811/,https://www.jbis.or.jp/race/result/20000319/109/11/
narita-top-road,20,2,2nd,Kyoto Kinen J,20 Feb 2000,TM Opera O,tm-opera-o,Kyoto,Turf,2200,G2,https://db.netkeiba.com/race/200008020811/,https://www.jbis.or.jp/race/result/20000220/108/11/
narita-top-road,21,7,7th,Arima Kinen J,26 Dec 1999,Grass Wonder,grass-wonder,Nakayama,Turf,2500,G1,https://db.netkeiba.com/race/199906050809/,https://www.jbis.or.jp/race/result/19991226/106/09/
narita-top-road,22,1,1st,Kikuka Sho J,7 Nov 1999,Narita Top Road,,Kyoto,Turf,3000,G1,https://db.netkeiba.com/race/199908050211/,https://www.jbis.or.jp/race/result/19991107/108/11/
narita-top-road,23,2,2nd,Kyoto Shimbun Hai J,17 Oct 1999,Admire Vega,admire-vega,Kyoto,Turf,2200,G2,https://db.netkeiba.com/race/199908040411/,https://www.jbis.or.jp/race/result/19991017/108/11/
narita-top-road,24,2,2nd,Tokyo Yushun (Japanese Derby) J,6 Jun 1999,Admire Vega,admire-vega,Tokyo,Turf,2400,G1,https://db.netkeiba.com/race/199905030609/,https://www.jbis.or.jp/race/result/19990606/105/09/
narita-top-road,25,3,3rd,Satsuki Sho J,18 Apr 1999,TM Opera O,tm-opera-o,Nakayama,Turf,2000,G1,https://db.netkeiba.com/race/199906030811/,https://www.jbis.or.jp/race/result/19990418/106/11/
narita-top-road,26,1,1st,Yayoi Sho J,7 Mar 1999,Narita Top Road,,Nakayama,Turf,2000,G2,https://db.netkeiba.com/race/199906020411/,https://www.jbis.or.jp/race/result/19990307/106/11/
narita-top-road,27,1,1st,Kisaragi Sho J,7 Feb 1999,Narita Top Road,,Kyoto,Turf,1800,G3,https://db.netkeiba.com/race/199908020411/,https://www.jbis.or.jp/race/result/19990207/108/11/
narita-top-road,28,3,3rd,Fukujuso Tokubetsu J,10 Jan 1999,Thrilling Sunday,,Kyoto,Turf,2000,Pre-OP,https://db.netkeiba.com/race/199908010409/,https://www.jbis.or.jp/race/result/19990110/108/09/
narita-top-road,29,1,1st,2yo Newcomer Race J,27 Dec 1998,Narita Top Road,,Hanshin,Turf,2000,Debut,https://db.netkeiba.com/race/199809060804/,https://www.jbis.or.jp/race/result/19981227/109/04/
narita-top-road,30,2,2nd,2yo Newcomer Race J,5 Dec 1998,Meiner Success,,Hanshin,Turf,2000,Debut,https://db.netkeiba.com/race/199809060104/,https://www.jbis.or.jp/race/result/19981205/109/04/
yamanin-zephyr,1,2,2nd,Sprinters Stakes J,19 Dec 1993,Sakura Bakushin O,sakura-bakushin-o,Nakayama,Turf,1200,G1,https://db.netkeiba.com/race/199306050610/,https://www.jbis.or.jp/race/result/19931219/106/10/
yamanin-zephyr,2,1,1st,Tenno Sho (Autumn) J,31 Oct 1993,Yamanin Zephyr,,Tokyo,Turf,2000,G1,https://db.netkeiba.com/race/199305040810/,https://www.jbis.or.jp/race/result/19931031/105/10/
yamanin-zephyr,3,6,6th,Mainichi Okan J,10 Oct 1993,Shinko Lovely,,Tokyo,Turf,1800,G2,https://db.netkeiba.com/race/199305040210/,https://www.jbis.or.jp/race/result/19931010/105/10/
yamanin-zephyr,4,1,1st,Yasuda Kinen J,16 May 1993,Yamanin Zephyr,,Tokyo,Turf,1600,G1,https://db.netkeiba.com/race/199305020810/,https://www.jbis.or.jp/race/result/19930516/105/10/
yamanin-zephyr,5,1,1st,Keio Hai Spring Cup J,24 Apr 1993,Yamanin Zephyr,,Tokyo,Turf,1400,G2,https://db.netkeiba.com/race/199305020111/,https://www.jbis.or.jp/race/result/19930424/105/11/
yamanin-zephyr,6,4,4th,Nakayama Kinen J,14 Mar 1993,Movie Star,,Nakayama,Turf,1800,G2,https://db.netkeiba.com/race/199306020611/,https://www.jbis.or.jp/race/result/19930314/106/11/
yamanin-zephyr,7,2,2nd,Milers Cup J,28 Feb 1993,Nishino Flower,nishino-flower,Hanshin,Turf,1600,G2,https://db.netkeiba.com/race/199309010211/,https://www.jbis.or.jp/race/result/19930228/109/11/
yamanin-zephyr,8,2,2nd,Sprinters Stakes J,20 Dec 1992,Nishino Flower,nishino-flower,Nakayama,Turf,1200,G1,https://db.netkeiba.com/race/199206050610/,https://www.jbis.or.jp/race/result/19921220/106/10/
yamanin-zephyr,9,5,5th,Mile Championship J,22 Nov 1992,Daitaku Helios,daitaku-helios,Kyoto,Turf,1600,G1,https://db.netkeiba.com/race/199208050610/,https://www.jbis.or.jp/race/result/19921122/108/10/
yamanin-zephyr,10,2,2nd,Centaur Stakes J,13 Sept 1992,My Super Man,,Hanshin,Turf,1400,G3,https://db.netkeiba.com/race/199209040211/,https://www.jbis.or.jp/race/result/19920913/109/11/
yamanin-zephyr,11,1,1st,Yasuda Kinen J,17 May 1992,Yamanin Zephyr,,Tokyo,Turf,1600,G1,https://db.netkeiba.com/race/199205020810/,https://www.jbis.or.jp/race/result/19920517/105/10/
yamanin-zephyr,12,3,3rd,Keio Hai Spring Cup J,25 Apr 1992,Dynamite Daddy,,Tokyo,Turf,1400,G2,https://db.netkeiba.com/race/199205020111/,https://www.jbis.or.jp/race/result/19920425/105/11/
yamanin-zephyr,13,1,1st,Rashomon Stakes J,2 Feb 1992,Yamanin Zephyr,,Kyoto,Dirt,1200,Pre-OP,https://db.netkeiba.com/race/199208020210/,https://www.jbis.or.jp/race/result/19920202/108/10/
yamanin-zephyr,14,2,2nd,Sunrise Stakes J,6 Jan 1992,Symboli Garuda,,Nakayama,Dirt,1200,Pre-OP,https://db.netkeiba.com/race/199206010211/,https://www.jbis.or.jp/race/result/19920106/106/11/
yamanin-zephyr,15,7,7th,Sprinters Stakes J,15 Dec 1991,Daiichi Ruby,daiichi-ruby,Nakayama,Turf,1200,G1,https://db.netkeiba.com/race/199106050610/,https://www.jbis.or.jp/race/result/19911215/106/10/
yamanin-zephyr,16,1,1st,3yo+ Allowance (¥9m & Less) J,1 Dec 1991,Yamanin Zephyr,,Nakayama,Dirt,1200,Pre-OP,https://db.netkeiba.com/race/199106050212/,https://www.jbis.or.jp/race/result/19911201/106/12/
yamanin-zephyr,17,7,7th,3yo+ Allowance (¥9m & Less) J,26 Oct 1991,Kyoei Brand,,Tokyo,Dirt,1200,Pre-OP,https://db.netkeiba.com/race/199105040712/,https://www.jbis.or.jp/race/result/19911026/105/12/
yamanin-zephyr,18,3,3rd,Crystal Cup J,13 Apr 1991,Kalista Glory,,Nakayama,Turf,1200,G3,https://db.netkeiba.com/race/199106030711/,https://www.jbis.or.jp/race/result/19910413/106/11/
yamanin-zephyr,19,1,1st,3yo Allowance (¥5m & Less) J,30 Mar 1991,Yamanin Zephyr,,Nakayama,Dirt,1200,Pre-OP,https://db.netkeiba.com/race/199106030307/,https://www.jbis.or.jp/race/result/19910330/106/07/
yamanin-zephyr,20,1,1st,3yo Newcomer Race J,9 Mar 1991,Yamanin Zephyr,,Nakayama,Dirt,1200,Debut,https://db.netkeiba.com/race/199106020507/,https://www.jbis.or.jp/race/result/19910309/106/07/
furioso,1,6,6th,Tokyo Daishoten J,29 Dec 2012,Roman Legend,,Ooi,Dirt,2000,G1,https://db.netkeiba.com/race/201244122910/,https://www.jbis.or.jp/race/result/20121229/220/10/
furioso,2,2,2nd,Kashiwa Kinen J,2 May 2012,Espoir City,espoir-city,Funabashi,Dirt,1600,Jpn1,https://db.netkeiba.com/race/201243050210/,https://www.jbis.or.jp/race/result/20120502/219/10/
furioso,3,5,5th,Diolite Kinen J,14 Mar 2012,Renforcer,,Funabashi,Dirt,2400,Jpn2,https://db.netkeiba.com/race/201243031411/,https://www.jbis.or.jp/race/result/20120314/219/11/
furioso,4,3,3rd,Kawasaki Kinen J,25 Jan 2012,Smart Falcon,smart-falcon,Kawasaki,Dirt,2100,Jpn1,https://db.netkeiba.com/race/201245012511/,https://www.jbis.or.jp/race/result/20120125/221/11/
furioso,5,,ER,Nippon TV Hai J,23 Sept 2011,Smart Falcon,smart-falcon,Funabashi,Dirt,1800,Jpn2,https://db.netkeiba.com/race/201143092311/,https://www.jbis.or.jp/race/result/20110923/219/11/
furioso,6,1,1st,Kashiwa Kinen J,5 May 2011,Furioso,,Funabashi,Dirt,1600,Jpn1,https://db.netkeiba.com/race/201143050510/,https://www.jbis.or.jp/race/result/20110505/219/10/
furioso,7,2,2nd,February Stakes J,20 Feb 2011,Transcend,transcend,Tokyo,Dirt,1600,G1,https://db.netkeiba.com/race/201105010811/,https://www.jbis.or.jp/race/result/20110220/105/11/
furioso,8,1,1st,Kawasaki Kinen J,26 Jan 2011,Furioso,,Kawasaki,Dirt,2100,Jpn1,https://db.netkeiba.com/race/201145012611/,https://www.jbis.or.jp/race/result/20110126/221/11/
furioso,9,2,2nd,Tokyo Daishoten J,29 Dec 2010,Smart Falcon,smart-falcon,Ooi,Dirt,2000,Jpn1,https://db.netkeiba.com/race/201044122910/,https://www.jbis.or.jp/race/result/20101229/220/10/
furioso,10,2,2nd,JBC Classic J,3 Nov 2010,Smart Falcon,smart-falcon,Funabashi,Dirt,1800,Jpn1,https://db.netkeiba.com/race/201043110310/,https://www.jbis.or.jp/race/result/20101103/219/10/
furioso,11,1,1st,Nippon TV Hai J,23 Sept 2010,Furioso,,Funabashi,Dirt,1800,Jpn2,https://db.netkeiba.com/race/201043092311/,https://www.jbis.or.jp/race/result/20100923/219/11/
furioso,12,1,1st,Teio Sho J,30 Jun 2010,Furioso,,Ooi,Dirt,2000,Jpn1,https://db.netkeiba.com/race/201044063011/,https://www.jbis.or.jp/race/result/20100630/220/11/
furioso,13,2,2nd,Kashiwa Kinen J,5 May 2010,Espoir City,espoir-city,Funabashi,Dirt,1600,Jpn1,https://db.netkeiba.com/race/201043050510/,https://www.jbis.or.jp/race/result/20100505/219/10/
furioso,14,5,5th,Diolite Kinen J,10 Mar 2010,Fusaichi Seven,,Funabashi,Dirt,2400,Jpn2,https://db.netkeiba.com/race/201043031010/,https://www.jbis.or.jp/race/result/20100310/219/10/
furioso,15,2,2nd,Kawasaki Kinen J,27 Jan 2010,Vermilion,,Kawasaki,Dirt,2100,Jpn1,https://db.netkeiba.com/race/201045012711/,https://www.jbis.or.jp/race/result/20100127/221/11/
furioso,16,7,7th,Tokyo Daishoten J,29 Dec 2009,Success Brocken,,Ooi,Dirt,2000,Jpn1,https://db.netkeiba.com/race/200944122910/,https://www.jbis.or.jp/race/result/20091229/220/10/
furioso,17,4,4th,Breeders' Gold Cup J,13 Aug 2009,Smart Falcon,smart-falcon,Mombetsu,Dirt,2000,Jpn2,https://db.netkeiba.com/race/200930081310/,https://www.jbis.or.jp/race/result/20090813/236/10/
furioso,18,2,2nd,Teio Sho J,24 Jun 2009,Vermilion,,Ooi,Dirt,2000,Jpn1,https://db.netkeiba.com/race/200944062411/,https://www.jbis.or.jp/race/result/20090624/220/11/
furioso,19,5,5th,Kashiwa Kinen J,5 May 2009,Espoir City,espoir-city,Funabashi,Dirt,1600,Jpn1,https://db.netkeiba.com/race/200943050510/,https://www.jbis.or.jp/race/result/20090505/219/10/
furioso,20,1,1st,Diolite Kinen J,11 Mar 2009,Furioso,,Funabashi,Dirt,2400,Jpn2,https://db.netkeiba.com/race/200943031110/,https://www.jbis.or.jp/race/result/20090311/219/10/
furioso,21,2,2nd,Kawasaki Kinen J,28 Jan 2009,Kane Hekili,,Kawasaki,Dirt,2100,Jpn1,https://db.netkeiba.com/race/200945012810/,https://www.jbis.or.jp/race/result/20090128/221/10/
furioso,22,5,5th,Tokyo Daishoten J,29 Dec 2008,Kane Hekili,,Ooi,Dirt,2000,Jpn1,https://db.netkeiba.com/race/200844122910/,https://www.jbis.or.jp/race/result/20081229/220/10/
furioso,23,7,7th,Japan Cup Dirt J,7 Dec 2008,Kane Hekili,,Hanshin,Dirt,1800,G1,https://db.netkeiba.com/race/200809050211/,https://www.jbis.or.jp/race/result/20081207/109/11/
furioso,24,4,4th,JBC Classic J,3 Nov 2008,Vermilion,,Sonoda,Dirt,1870,Jpn1,https://db.netkeiba.com/race/200850110310/,https://www.jbis.or.jp/race/result/20081103/227/10/
furioso,25,2,2nd,Nippon TV Hai J,23 Sept 2008,Bonneville Record,,Funabashi,Dirt,1800,Jpn2,https://db.netkeiba.com/race/200843092310/,https://www.jbis.or.jp/race/result/20080923/219/10/
furioso,26,1,1st,Teio Sho J,25 Jun 2008,Furioso,,Ooi,Dirt,2000,Jpn1,https://db.netkeiba.com/race/200844062511/,https://www.jbis.or.jp/race/result/20080625/220/11/
furioso,27,1,1st,Diolite Kinen J,5 Mar 2008,Furioso,,Funabashi,Dirt,2400,Jpn2,https://db.netkeiba.com/race/200843030510/,https://www.jbis.or.jp/race/result/20080305/219/10/
furioso,28,2,2nd,Kawasaki Kinen J,30 Jan 2008,Field Rouge,,Kawasaki,Dirt,2100,Jpn1,https://db.netkeiba.com/race/200845013010/,https://www.jbis.or.jp/race/result/20080130/221/10/
furioso,29,2,2nd,Tokyo Daishoten J,29 Dec 2007,Vermilion,,Ooi,Dirt,2000,Jpn1,https://db.netkeiba.com/race/200744122910/,https://www.jbis.or.jp/race/result/20071229/220/10/
furioso,30,10,10th,Japan Cup Dirt J,24 Nov 2007,Vermilion,,Tokyo,Dirt,2100,G1,https://db.netkeiba.com/race/200705050711/,https://www.jbis.or.jp/race/result/20071124/105/11/
furioso,31,2,2nd,JBC Classic J,31 Oct 2007,Vermilion,,Ooi,Dirt,2000,Jpn1,https://db.netkeiba.com/race/200744103111/,https://www.jbis.or.jp/race/result/20071031/220/11/
furioso,32,1,1st,Japan Dirt Derby J,11 Jul 2007,Furioso,,Ooi,Dirt,2000,Jpn1,https://db.netkeiba.com/race/200744071111/,https://www.jbis.or.jp/race/result/20070711/220/11/
furioso,33,2,2nd,Tokyo Derby J,6 Jun 2007,Ampersand,,Ooi,Dirt,2000,,https://db.netkeiba.com/race/200744060611/,https://www.jbis.or.jp/race/result/20070606/220/11/
furioso,34,3,3rd,Haneda Hai J,9 May 2007,Top Sabaton,,Ooi,Dirt,1800,,https://db.netkeiba.com/race/200744050910/,https://www.jbis.or.jp/race/result/20070509/220/10/
furioso,35,11,11th,Spring Stakes J,18 Mar 2007,Flying Apple,,Nakayama,Turf,1800,Jpn2,https://db.netkeiba.com/race/200706020811/,https://www.jbis.or.jp/race/result/20070318/106/11/
furioso,36,7,7th,Kyodo News Hai J,4 Feb 2007,Fusaichi Ho O,,Tokyo,Turf,1800,Jpn3,https://db.netkeiba.com/race/200705010411/,https://www.jbis.or.jp/race/result/20070204/105/11/
furioso,37,1,1st,Zen-Nippon Nisai Yushun J,13 Dec 2006,Furioso,,Kawasaki,Dirt,1600,G1,https://db.netkeiba.com/race/200645121310/,https://www.jbis.or.jp/race/result/20061213/221/10/
furioso,38,2,2nd,Heiwa Sho J,25 Oct 2006,Kinno Raicho,,Funabashi,Dirt,1600,,https://db.netkeiba.com/race/200643102509/,https://www.jbis.or.jp/race/result/20061025/219/09/
furioso,39,1,1st,Nad Al Sheba Racecourse Cup J,20 Sept 2006,Furioso,,Funabashi,Dirt,1600,,https://db.netkeiba.com/race/200643092011/,https://www.jbis.or.jp/race/result/20060920/219/11/
furioso,40,1,1st,Newcomer Race J,28 Jul 2006,Furioso,,Funabashi,Dirt,1400,Debut,https://db.netkeiba.com/race/200643072804/,https://www.jbis.or.jp/race/result/20060728/219/04/
transcend,1,7,7th,Tokyo Daishoten J,29 Dec 2012,Roman Legend,,Ooi,Dirt,2000,G1,https://db.netkeiba.com/race/201244122910/,https://www.jbis.or.jp/race/result/20121229/220/10/
transcend,2,16,16th,Japan Cup Dirt J,2 Dec 2012,Nihonpiro Ours,,Hanshin,Dirt,1800,G1,https://db.netkeiba.com/race/201209050211/,https://www.jbis.or.jp/race/result/20121202/109/11/
transcend,3,3,3rd,JBC Classic J,5 Nov 2012,Wonder Acute,wonder-acute,Kawasaki,Dirt,2100,Jpn1,https://db.netkeiba.com/race/201245110511/,https://www.jbis.or.jp/race/result/20121105/221/11/
transcend,4,13,13th,Dubai World Cup,31 Mar 2012,Monterosso,,Meydan,Synthetic,2000,G1,https://db.netkeiba.com/race/2012C7a00809/,
transcend,5,7,7th,February Stakes J,19 Feb 2012,Testa Matta,,Tokyo,Dirt,1600,G1,https://db.netkeiba.com/race/201205010811/,https://www.jbis.or.jp/race/result/20120219/105/11/
transcend,6,1,1st,Japan Cup Dirt J,4 Dec 2011,Transcend,,Hanshin,Dirt,1800,G1,https://db.netkeiba.com/race/201109060211/,https://www.jbis.or.jp/race/result/20111204/109/11/
transcend,7,2,2nd,JBC Classic J,3 Nov 2011,Smart Falcon,smart-falcon,Ooi,Dirt,2000,Jpn1,https://db.netkeiba.com/race/201144110311/,https://www.jbis.or.jp/race/result/20111103/220/11/
transcend,8,1,1st,Mile Championship Nambu Hai J,10 Oct 2011,Transcend,,Tokyo,Dirt,1600,Jpn1,https://db.netkeiba.com/race/201105040311/,https://www.jbis.or.jp/race/result/20111010/105/11/
transcend,9,2,2nd,Dubai World Cup,26 Mar 2011,Victoire Pisa,victoire-pisa,Meydan,Synthetic,2000,G1,https://db.netkeiba.com/race/2011C7a00203/,
transcend,10,1,1st,February Stakes J,20 Feb 2011,Transcend,,Tokyo,Dirt,1600,G1,https://db.netkeiba.com/race/201105010811/,https://www.jbis.or.jp/race/result/20110220/105/11/
transcend,11,1,1st,Japan Cup Dirt J,5 Dec 2010,Transcend,,Hanshin,Dirt,1800,G1,https://db.netkeiba.com/race/201009050211/,https://www.jbis.or.jp/race/result/20101205/109/11/
transcend,12,1,1st,Miyako Stakes J,7 Nov 2010,Transcend,,Kyoto,Dirt,1800,G3,https://db.netkeiba.com/race/201008060211/,https://www.jbis.or.jp/race/result/20101107/108/11/
transcend,13,2,2nd,Nippon TV Hai J,23 Sept 2010,Furioso,furioso,Funabashi,Dirt,1800,Jpn2,https://db.netkeiba.com/race/201043092311/,https://www.jbis.or.jp/race/result/20100923/219/11/
transcend,14,2,2nd,Tokai Stakes J,23 May 2010,Silk Mobius,,Kyoto,Dirt,1900,G2,https://db.netkeiba.com/race/201008040210/,https://www.jbis.or.jp/race/result/20100523/108/10/
transcend,15,8,8th,Antares Stakes J,25 Apr 2010,Daishin Orange,,Kyoto,Dirt,1800,G3,https://db.netkeiba.com/race/201008030210/,https://www.jbis.or.jp/race/result/20100425/108/10/
transcend,16,1,1st,Aldebaran Stakes J,13 Feb 2010,Transcend,,Kyoto,Dirt,1900,OP,https://db.netkeiba.com/race/201008020511/,https://www.jbis.or.jp/race/result/20100213/108/11/
transcend,17,6,6th,Musashino Stakes J,7 Nov 2009,Wonder Acute,wonder-acute,Tokyo,Dirt,1600,G3,https://db.netkeiba.com/race/200905050111/,https://www.jbis.or.jp/race/result/20091107/105/11/
transcend,18,4,4th,Elm Stakes J,21 Sept 2009,Machikanenihombare,,Niigata,Dirt,1800,G3,https://db.netkeiba.com/race/200904040411/,https://www.jbis.or.jp/race/result/20090921/104/11/
transcend,19,1,1st,Leopard Stakes J,23 Aug 2009,Transcend,,Niigata,Dirt,1800,,https://db.netkeiba.com/race/200904030411/,https://www.jbis.or.jp/race/result/20090823/104/11/
transcend,20,1,1st,Kirinzan Tokubetsu J,26 Jul 2009,Transcend,,Niigata,Dirt,1800,Pre-OP,https://db.netkeiba.com/race/200904020410/,https://www.jbis.or.jp/race/result/20090726/104/10/
transcend,21,9,9th,Kyoto Shimbun Hai J,9 May 2009,Best Member,,Kyoto,Turf,2200,G2,https://db.netkeiba.com/race/200908030510/,https://www.jbis.or.jp/race/result/20090509/108/10/
transcend,22,1,1st,3yo Allowance (¥5m & Less) J,25 Apr 2009,Transcend,,Kyoto,Dirt,1800,Pre-OP,https://db.netkeiba.com/race/200908030107/,https://www.jbis.or.jp/race/result/20090425/108/07/
transcend,23,1,1st,3yo Maiden Race J,11 Apr 2009,Transcend,,Hanshin,Dirt,1800,Maiden,https://db.netkeiba.com/race/200909020502/,https://www.jbis.or.jp/race/result/20090411/109/02/
transcend,24,,DNS,3yo Maiden Race J,1 Mar 2009,Triumph March,,Hanshin,Turf,1600,Maiden,https://db.netkeiba.com/race/200909010203/,https://www.jbis.or.jp/race/result/20090301/109/03/
transcend,25,2,2nd,3yo Newcomer Race J,14 Feb 2009,Admire Again,,Kyoto,Turf,1800,Debut,https://db.netkeiba.com/race/200908020506/,https://www.jbis.or.jp/race/result/20090214/108/06/
espoir-city,1,7,7th,Japan Cup Dirt J,1 Dec 2013,Belshazzar,,Hanshin,Dirt,1800,G1,https://db.netkeiba.com/race/201309050211/,https://www.jbis.or.jp/race/result/20131201/109/11/
espoir-city,2,1,1st,JBC Sprint J,4 Nov 2013,Espoir City,,Kanazawa,Dirt,1400,Jpn1,https://db.netkeiba.com/race/201346110409/,https://www.jbis.or.jp/race/result/20131104/222/09/
espoir-city,3,1,1st,M.C. Nambu Hai J,14 Oct 2013,Espoir City,,Morioka,Dirt,1600,Jpn1,https://db.netkeiba.com/race/201335101411/,https://www.jbis.or.jp/race/result/20131014/210/11/
espoir-city,4,2,2nd,Kashiwa Kinen J,6 May 2013,Hokko Tarumae,hokko-tarumae,Funabashi,Dirt,1600,Jpn1,https://db.netkeiba.com/race/201343050611/,https://www.jbis.or.jp/race/result/20130506/219/11/
espoir-city,5,2,2nd,February Stakes J,17 Feb 2013,Grape Brandy,,Tokyo,Dirt,1600,G1,https://db.netkeiba.com/race/201305010811/,https://www.jbis.or.jp/race/result/20130217/105/11/
espoir-city,6,5,5th,Tokyo Daishoten J,29 Dec 2012,Roman Legend,,Ooi,Dirt,2000,G1,https://db.netkeiba.com/race/201244122910/,https://www.jbis.or.jp/race/result/20121229/220/10/
espoir-city,7,10,10th,Japan Cup Dirt J,2 Dec 2012,Nihonpiro Ours,,Hanshin,Dirt,1800,G1,https://db.netkeiba.com/race/201209050211/,https://www.jbis.or.jp/race/result/20121202/109/11/
espoir-city,8,1,1st,M.C. Nambu Hai J,8 Oct 2012,Espoir City,,Morioka,Dirt,1600,Jpn1,https://db.netkeiba.com/race/201235100811/,https://www.jbis.or.jp/race/result/20121008/210/11/
espoir-city,9,2,2nd,Elm Stakes J,25 Aug 2012,Roman Legend,,Sapporo,Dirt,1700,G3,https://db.netkeiba.com/race/201201020311/,https://www.jbis.or.jp/race/result/20120825/101/11/
espoir-city,10,2,2nd,Teio Sho J,27 Jun 2012,Gold Blitz,,Ooi,Dirt,2000,Jpn1,https://db.netkeiba.com/race/201244062711/,https://www.jbis.or.jp/race/result/20120627/220/11/
espoir-city,11,1,1st,Kashiwa Kinen J,2 May 2012,Espoir City,,Funabashi,Dirt,1600,Jpn1,https://db.netkeiba.com/race/201243050210/,https://www.jbis.or.jp/race/result/20120502/219/10/
espoir-city,12,5,5th,February Stakes J,19 Feb 2012,Testa Matta,,Tokyo,Dirt,1600,G1,https://db.netkeiba.com/race/201205010811/,https://www.jbis.or.jp/race/result/20120219/105/11/
espoir-city,13,2,2nd,Heian Stakes J,22 Jan 2012,Hiraboku King,,Kyoto,Dirt,1800,G3,https://db.netkeiba.com/race/201208010711/,https://www.jbis.or.jp/race/result/20120122/108/11/
espoir-city,14,3,3rd,Japan Cup Dirt J,4 Dec 2011,Transcend,transcend,Hanshin,Dirt,1800,G1,https://db.netkeiba.com/race/201109060211/,https://www.jbis.or.jp/race/result/20111204/109/11/
espoir-city,15,1,1st,Miyako Stakes J,6 Nov 2011,Espoir City,,Kyoto,Dirt,1800,G3,https://db.netkeiba.com/race/201108060211/,https://www.jbis.or.jp/race/result/20111106/108/11/
espoir-city,16,4,4th,Mile Championship Nambu Hai J,10 Oct 2011,Transcend,transcend,Tokyo,Dirt,1600,Jpn1,https://db.netkeiba.com/race/201105040311/,https://www.jbis.or.jp/race/result/20111010/105/11/
espoir-city,17,2,2nd,Teio Sho J,29 Jun 2011,Smart Falcon,smart-falcon,Ooi,Dirt,2000,Jpn1,https://db.netkeiba.com/race/201144062911/,https://www.jbis.or.jp/race/result/20110629/220/11/
espoir-city,18,3,3rd,Kashiwa Kinen J,5 May 2011,Furioso,furioso,Funabashi,Dirt,1600,Jpn1,https://db.netkeiba.com/race/201143050510/,https://www.jbis.or.jp/race/result/20110505/219/10/
espoir-city,19,1,1st,Nagoya Daishoten J,21 Mar 2011,Espoir City,,Nagoya,Dirt,1900,Jpn3,https://db.netkeiba.com/race/201148032110/,https://www.jbis.or.jp/race/result/20110321/224/10/
espoir-city,20,10,10th,Breeders' Cup Classic,6 Nov 2010,Blame,,Churchill Downs,Dirt,2012,G1,https://db.netkeiba.com/race/2010A4a00601/,
espoir-city,21,2,2nd,M.C. Nambu Hai J,11 Oct 2010,Oro Meister,,Morioka,Dirt,1600,Jpn1,https://db.netkeiba.com/race/201035101110/,https://www.jbis.or.jp/race/result/20101011/210/10/
espoir-city,22,1,1st,Kashiwa Kinen J,5 May 2010,Espoir City,,Funabashi,Dirt,1600,Jpn1,https://db.netkeiba.com/race/201043050510/,https://www.jbis.or.jp/race/result/20100505/219/10/
espoir-city,23,1,1st,February Stakes J,21 Feb 2010,Espoir City,,Tokyo,Dirt,1600,G1,https://db.netkeiba.com/race/201005010811/,https://www.jbis.or.jp/race/result/20100221/105/11/
espoir-city,24,1,1st,Japan Cup Dirt J,6 Dec 2009,Espoir City,,Hanshin,Dirt,1800,G1,https://db.netkeiba.com/race/200909050211/,https://www.jbis.or.jp/race/result/20091206/109/11/
espoir-city,25,1,1st,M.C. Nambu Hai J,12 Oct 2009,Espoir City,,Morioka,Dirt,1600,Jpn1,https://db.netkeiba.com/race/200935101210/,https://www.jbis.or.jp/race/result/20091012/210/10/
espoir-city,26,1,1st,Kashiwa Kinen J,5 May 2009,Espoir City,,Funabashi,Dirt,1600,Jpn1,https://db.netkeiba.com/race/200943050510/,https://www.jbis.or.jp/race/result/20090505/219/10/
espoir-city,27,1,1st,March Stakes J,29 Mar 2009,Espoir City,,Nakayama,Dirt,1800,G3,https://db.netkeiba.com/race/200906030212/,https://www.jbis.or.jp/race/result/20090329/106/12/
espoir-city,28,4,4th,February Stakes J,22 Feb 2009,Success Brocken,,Tokyo,Dirt,1600,G1,https://db.netkeiba.com/race/200905010811/,https://www.jbis.or.jp/race/result/20090222/105/11/
espoir-city,29,2,2nd,Heian Stakes J,25 Jan 2009,Wonder Speed,,Kyoto,Dirt,1800,G3,https://db.netkeiba.com/race/200908010811/,https://www.jbis.or.jp/race/result/20090125/108/11/
espoir-city,30,1,1st,Topaz Stakes J,24 Nov 2008,Espoir City,,Kyoto,Dirt,1800,OP,https://db.netkeiba.com/race/200808050611/,https://www.jbis.or.jp/race/result/20081124/108/11/
espoir-city,31,1,1st,Kinshu Stakes J,2 Nov 2008,Espoir City,,Tokyo,Dirt,1600,Pre-OP,https://db.netkeiba.com/race/200805040810/,https://www.jbis.or.jp/race/result/20081102/105/10/
espoir-city,32,1,1st,Nishiwaki Tokubetsu J,27 Sept 2008,Espoir City,,Hanshin,Dirt,1800,Pre-OP,https://db.netkeiba.com/race/200809040509/,https://www.jbis.or.jp/race/result/20080927/109/09/
espoir-city,33,1,1st,3yo+ Allowance (¥5m & Less) J,30 Aug 2008,Espoir City,,Kokura,Dirt,1700,Pre-OP,https://db.netkeiba.com/race/200810030508/,https://www.jbis.or.jp/race/result/20080830/110/08/
espoir-city,34,7,7th,Akiyoshidai Tokubetsu J,10 Aug 2008,Fixias,,Kokura,Turf,1200,Pre-OP,https://db.netkeiba.com/race/200810020811/,https://www.jbis.or.jp/race/result/20080810/110/11/
espoir-city,35,1,1st,3yo Maiden Race J,20 Jul 2008,Espoir City,,Kokura,Turf,1200,Maiden,https://db.netkeiba.com/race/200810020206/,https://www.jbis.or.jp/race/result/20080720/110/06/
espoir-city,36,2,2nd,3yo Maiden Race J,21 Jun 2008,Tamamo Nice Play,,Hanshin,Turf,1400,Maiden,https://db.netkeiba.com/race/200809030107/,https://www.jbis.or.jp/race/result/20080621/109/07/
espoir-city,37,6,6th,3yo Maiden Race J,3 May 2008,Tagano Erushiko,,Kyoto,Turf,1600,Maiden,https://db.netkeiba.com/race/200808030305/,https://www.jbis.or.jp/race/result/20080503/108/05/
espoir-city,38,5,5th,3yo Maiden Race J,20 Apr 2008,Southern General,,Fukushima,Turf,1800,Maiden,https://db.netkeiba.com/race/200803010403/,https://www.jbis.or.jp/race/result/20080420/103/03/
espoir-city,39,2,2nd,3yo Maiden Race J,29 Mar 2008,Blast Off,,Hanshin,Turf,1400,Maiden,https://db.netkeiba.com/race/200809020106/,https://www.jbis.or.jp/race/result/20080329/109/06/
espoir-city,40,3,3rd,3yo Newcomer Race J,9 Mar 2008,Agnes Minuet,,Hanshin,Turf,1600,Debut,https://db.netkeiba.com/race/200809010406/,https://www.jbis.or.jp/race/result/20080309/109/06/
north-flight,1,1,1st,Mile Championship J,20 Nov 1994,North Flight,,Kyoto,Turf,1600,G1,https://db.netkeiba.com/race/199408010611/,https://www.jbis.or.jp/race/result/19941120/108/11/
north-flight,2,2,2nd,Swan Stakes J,29 Oct 1994,Sakura Bakushin O,sakura-bakushin-o,Hanshin,Turf,1400,G2,https://db.netkeiba.com/race/199409060711/,https://www.jbis.or.jp/race/result/19941029/109/11/
north-flight,3,1,1st,Yasuda Kinen J,15 May 1994,North Flight,,Tokyo,Turf,1600,G1,https://db.netkeiba.com/race/199405020811/,https://www.jbis.or.jp/race/result/19940515/105/11/
north-flight,4,1,1st,Milers Cup J,6 Mar 1994,North Flight,,Chukyo,Turf,1700,G2,https://db.netkeiba.com/race/199407010411/,https://www.jbis.or.jp/race/result/19940306/107/11/
north-flight,5,1,1st,Kyoto Himba Tokubetsu J,30 Jan 1994,North Flight,,Hanshin,Turf,1600,G3,https://db.netkeiba.com/race/199409020211/,https://www.jbis.or.jp/race/result/19940130/109/11/
north-flight,6,1,1st,Hanshin Himba Tokubetsu J,19 Dec 1993,North Flight,,Hanshin,Turf,2000,G3,https://db.netkeiba.com/race/199309050611/,https://www.jbis.or.jp/race/result/19931219/109/11/
north-flight,7,2,2nd,Queen Elizabeth II Cup J,14 Nov 1993,Hokuto Vega,,Kyoto,Turf,2400,G1,https://db.netkeiba.com/race/199308060410/,https://www.jbis.or.jp/race/result/19931114/108/10/
north-flight,8,1,1st,Fuchu Himba Stakes J,17 Oct 1993,North Flight,,Tokyo,Turf,1600,G3,https://db.netkeiba.com/race/199305040411/,https://www.jbis.or.jp/race/result/19931017/105/11/
north-flight,9,5,5th,Shubun Tokubetsu J,18 Sept 1993,Shimano Yamahime,,Hanshin,Turf,2000,Pre-OP,https://db.netkeiba.com/race/199309040310/,https://www.jbis.or.jp/race/result/19930918/109/10/
north-flight,10,1,1st,Adachiyama Tokubetsu J,25 Jul 1993,North Flight,,Kokura,Turf,1700,Pre-OP,https://db.netkeiba.com/race/199310030410/,https://www.jbis.or.jp/race/result/19930725/110/10/
north-flight,11,1,1st,3yo Unraced Race J,1 May 1993,North Flight,,Niigata,Turf,1600,,https://db.netkeiba.com/race/199304010303/,https://www.jbis.or.jp/race/result/19930501/104/03/
symboli-kris-s,1,1,1st,Arima Kinen J,28 Dec 2003,Symboli Kris S,,Nakayama,Turf,2500,G1,https://db.netkeiba.com/race/200306060809/,https://www.jbis.or.jp/race/result/20031228/106/09/
symboli-kris-s,2,3,3rd,Japan Cup J,30 Nov 2003,Tap Dance City,tap-dance-city,Tokyo,Turf,2400,G1,https://db.netkeiba.com/race/200305040810/,https://www.jbis.or.jp/race/result/20031130/105/10/
symboli-kris-s,3,1,1st,Tenno Sho (Autumn) J,2 Nov 2003,Symboli Kris S,,Tokyo,Turf,2000,G1,https://db.netkeiba.com/race/200305030811/,https://www.jbis.or.jp/race/result/20031102/105/11/
symboli-kris-s,4,5,5th,Takarazuka Kinen J,29 Jun 2003,Hishi Miracle,hishi-miracle,Hanshin,Turf,2200,G1,https://db.netkeiba.com/race/200309030411/,https://www.jbis.or.jp/race/result/20030629/109/11/
symboli-kris-s,5,1,1st,Arima Kinen J,22 Dec 2002,Symboli Kris S,,Nakayama,Turf,2500,G1,https://db.netkeiba.com/race/200206050809/,https://www.jbis.or.jp/race/result/20021222/106/09/
symboli-kris-s,6,3,3rd,Japan Cup J,24 Nov 2002,Falbrav,,Nakayama,Turf,2200,G1,https://db.netkeiba.com/race/200206040810/,https://www.jbis.or.jp/race/result/20021124/106/10/
symboli-kris-s,7,1,1st,Tenno Sho (Autumn) J,27 Oct 2002,Symboli Kris S,,Nakayama,Turf,2000,G1,https://db.netkeiba.com/race/200206030811/,https://www.jbis.or.jp/race/result/20021027/106/11/
symboli-kris-s,8,1,1st,Kobe Shimbun Hai J,22 Sept 2002,Symboli Kris S,,Hanshin,Turf,2000,G2,https://db.netkeiba.com/race/200209040611/,https://www.jbis.or.jp/race/result/20020922/109/11/
symboli-kris-s,9,2,2nd,Tokyo Yushun (Japanese Derby) J,26 May 2002,Tanino Gimlet,tanino-gimlet,Tokyo,Turf,2400,G1,https://db.netkeiba.com/race/200205040410/,https://www.jbis.or.jp/race/result/20020526/105/10/
symboli-kris-s,10,1,1st,Aoba Sho J,27 Apr 2002,Symboli Kris S,,Tokyo,Turf,2400,G2,https://db.netkeiba.com/race/200205030311/,https://www.jbis.or.jp/race/result/20020427/105/11/
symboli-kris-s,11,1,1st,Yamabuki Sho J,6 Apr 2002,Symboli Kris S,,Nakayama,Turf,2200,Pre-OP,https://db.netkeiba.com/race/200206020509/,https://www.jbis.or.jp/race/result/20020406/106/09/
symboli-kris-s,12,3,3rd,3yo Allowance (¥5m & Less) J,10 Mar 2002,Meiner Liberty,,Nakayama,Turf,1800,Pre-OP,https://db.netkeiba.com/race/200206010607/,https://www.jbis.or.jp/race/result/20020310/106/07/
symboli-kris-s,13,3,3rd,Yurikamome Sho J,9 Feb 2002,Tokai Arrow,,Tokyo,Turf,2400,Pre-OP,https://db.netkeiba.com/race/200205020509/,https://www.jbis.or.jp/race/result/20020209/105/09/
symboli-kris-s,14,2,2nd,Saintpaulia Sho J,27 Jan 2002,Timeless World,,Tokyo,Turf,1800,Pre-OP,https://db.netkeiba.com/race/200205020209/,https://www.jbis.or.jp/race/result/20020127/105/09/
symboli-kris-s,15,1,1st,2yo Newcomer Race J,13 Oct 2001,Symboli Kris S,,Tokyo,Turf,1600,Debut,https://db.netkeiba.com/race/200105040302/,https://www.jbis.or.jp/race/result/20011013/105/02/
tanino-gimlet,1,1,1st,Tokyo Yushun (Japanese Derby) J,26 May 2002,Tanino Gimlet,,Tokyo,Turf,2400,G1,https://db.netkeiba.com/race/200205040410/,https://www.jbis.or.jp/race/result/20020526/105/10/
tanino-gimlet,2,3,3rd,NHK Mile Cup J,4 May 2002,Telegnosis,,Tokyo,Turf,1600,G1,https://db.netkeiba.com/race/200205030611/,https://www.jbis.or.jp/race/result/20020504/105/11/
tanino-gimlet,3,3,3rd,Satsuki Sho J,14 Apr 2002,No Reason,no-reason,Nakayama,Turf,2000,G1,https://db.netkeiba.com/race/200206020811/,https://www.jbis.or.jp/race/result/20020414/106/11/
tanino-gimlet,4,1,1st,Spring Stakes J,17 Mar 2002,Tanino Gimlet,,Nakayama,Turf,1800,G2,https://db.netkeiba.com/race/200206010811/,https://www.jbis.or.jp/race/result/20020317/106/11/
tanino-gimlet,5,1,1st,Arlington Cup J,23 Feb 2002,Tanino Gimlet,,Hanshin,Turf,1600,G3,https://db.netkeiba.com/race/200209010111/,https://www.jbis.or.jp/race/result/20020223/109/11/
tanino-gimlet,6,1,1st,Shinzan Kinen J,14 Jan 2002,Tanino Gimlet,,Kyoto,Turf,1600,G3,https://db.netkeiba.com/race/200208010611/,https://www.jbis.or.jp/race/result/20020114/108/11/
tanino-gimlet,7,1,1st,2yo Maiden Race J,22 Dec 2001,Tanino Gimlet,,Hanshin,Turf,1600,Maiden,https://db.netkeiba.com/race/200109050703/,https://www.jbis.or.jp/race/result/20011222/109/03/
tanino-gimlet,8,2,2nd,2yo Newcomer Race J,5 Aug 2001,Rare Pearl,,Sapporo,Dirt,1000,Debut,https://db.netkeiba.com/race/200101010205/,https://www.jbis.or.jp/race/result/20010805/101/05/
daiichi-ruby,1,15,15th,Yasuda Kinen J,17 May 1992,Yamanin Zephyr,yamanin-zephyr,Tokyo,Turf,1600,G1,https://db.netkeiba.com/race/199205020810/,https://www.jbis.or.jp/race/result/19920517/105/10/
daiichi-ruby,2,5,5th,Keio Hai Spring Cup J,25 Apr 1992,Dynamite Daddy,,Tokyo,Turf,1400,G2,https://db.netkeiba.com/race/199205020111/,https://www.jbis.or.jp/race/result/19920425/105/11/
daiichi-ruby,3,6,6th,Milers Cup J,1 Mar 1992,Daitaku Helios,daitaku-helios,Hanshin,Turf,1600,G2,https://db.netkeiba.com/race/199209010211/,https://www.jbis.or.jp/race/result/19920301/109/11/
daiichi-ruby,4,1,1st,Sprinters Stakes J,15 Dec 1991,Daiichi Ruby,,Nakayama,Turf,1200,G1,https://db.netkeiba.com/race/199106050610/,https://www.jbis.or.jp/race/result/19911215/106/10/
daiichi-ruby,5,2,2nd,Mile Championship J,17 Nov 1991,Daitaku Helios,daitaku-helios,Kyoto,Turf,1600,G1,https://db.netkeiba.com/race/199108070610/,https://www.jbis.or.jp/race/result/19911117/108/10/
daiichi-ruby,6,2,2nd,Swan Stakes J,26 Oct 1991,K.S.Miracle,ksmiracle,Kyoto,Turf,1400,G2,https://db.netkeiba.com/race/199108060711/,https://www.jbis.or.jp/race/result/19911026/108/11/
daiichi-ruby,7,2,2nd,Takamatsunomiya Hai J,7 Jul 1991,Daitaku Helios,daitaku-helios,Chukyo,Turf,2000,G2,https://db.netkeiba.com/race/199107020811/,https://www.jbis.or.jp/race/result/19910707/107/11/
daiichi-ruby,8,1,1st,Yasuda Kinen J,12 May 1991,Daiichi Ruby,,Tokyo,Turf,1600,G1,https://db.netkeiba.com/race/199105020810/,https://www.jbis.or.jp/race/result/19910512/105/10/
daiichi-ruby,9,1,1st,Keio Hai Spring Cup J,21 Apr 1991,Daiichi Ruby,,Tokyo,Turf,1400,G2,https://db.netkeiba.com/race/199105020211/,https://www.jbis.or.jp/race/result/19910421/105/11/
daiichi-ruby,10,3,3rd,Nakayama Himba Stakes J,24 Feb 1991,Yukino Sunrise,,Nakayama,Turf,1800,G3,https://db.netkeiba.com/race/199106020211/,https://www.jbis.or.jp/race/result/19910224/106/11/
daiichi-ruby,11,1,1st,Kyoto Himba Tokubetsu J,27 Jan 1991,Daiichi Ruby,,Kyoto,Turf,1600,G3,https://db.netkeiba.com/race/199108020211/,https://www.jbis.or.jp/race/result/19910127/108/11/
daiichi-ruby,12,2,2nd,Rakuyo Stakes J,7 Jan 1991,Pretty Hat,,Kyoto,Turf,1600,OP,https://db.netkeiba.com/race/199108010311/,https://www.jbis.or.jp/race/result/19910107/108/11/
daiichi-ruby,13,5,5th,Rose Stakes J,21 Oct 1990,Katsuno Jo O,,Kyoto,Turf,2000,G2,https://db.netkeiba.com/race/199008030611/,https://www.jbis.or.jp/race/result/19901021/108/11/
daiichi-ruby,14,5,5th,Japanese Oaks J,20 May 1990,Eishin Sunny,,Tokyo,Turf,2400,G1,https://db.netkeiba.com/race/199005030210/,https://www.jbis.or.jp/race/result/19900520/105/10/
daiichi-ruby,15,2,2nd,Yonsai Himba Tokubetsu (Japanese Oaks Trial) J,29 Apr 1990,Kyoei Tap,,Tokyo,Turf,2000,G2,https://db.netkeiba.com/race/199005020411/,https://www.jbis.or.jp/race/result/19900429/105/11/
daiichi-ruby,16,2,2nd,Wasurenagusa Sho J,8 Apr 1990,Towa Ruby,,Hanshin,Turf,2000,OP,https://db.netkeiba.com/race/199009030607/,https://www.jbis.or.jp/race/result/19900408/109/07/
daiichi-ruby,17,1,1st,Anemone Sho J,24 Mar 1990,Daiichi Ruby,,Hanshin,Turf,1600,Pre-OP,https://db.netkeiba.com/race/199009030109/,https://www.jbis.or.jp/race/result/19900324/109/09/
daiichi-ruby,18,1,1st,3yo Newcomer Race J,25 Feb 1990,Daiichi Ruby,,Hanshin,Turf,1600,Debut,https://db.netkeiba.com/race/199009020204/,https://www.jbis.or.jp/race/result/19900225/109/04/
mejiro-ramonu,1,9,9th,Arima Kinen J,21 Dec 1986,Dyna Gulliver,,Nakayama,Turf,2500,G1,https://db.netkeiba.com/race/198606050810/,https://www.jbis.or.jp/race/result/19861221/106/10/
mejiro-ramonu,2,1,1st,Queen Elizabeth II Cup J,2 Nov 1986,Mejiro Ramonu,,Kyoto,Turf,2400,G1,https://db.netkeiba.com/race/198608050210/,https://www.jbis.or.jp/race/result/19861102/108/10/
mejiro-ramonu,3,1,1st,Rose Stakes J,12 Oct 1986,Mejiro Ramonu,,Kyoto,Turf,2000,G2,https://db.netkeiba.com/race/198608040411/,https://www.jbis.or.jp/race/result/19861012/108/11/
mejiro-ramonu,4,1,1st,Japanese Oaks J,18 May 1986,Mejiro Ramonu,,Tokyo,Turf,2400,G1,https://db.netkeiba.com/race/198605030210/,https://www.jbis.or.jp/race/result/19860518/105/10/
mejiro-ramonu,5,1,1st,Yonsai Himba Tokubetsu (Japanese Oaks Trial) J,27 Apr 1986,Mejiro Ramonu,,Tokyo,Turf,1800,G2,https://db.netkeiba.com/race/198605020311/,https://www.jbis.or.jp/race/result/19860427/105/11/
mejiro-ramonu,6,1,1st,Oka Sho J,6 Apr 1986,Mejiro Ramonu,,Hanshin,Turf,1600,G1,https://db.netkeiba.com/race/198609020610/,https://www.jbis.or.jp/race/result/19860406/109/10/
mejiro-ramonu,7,1,1st,Yonsai Himba Tokubetsu (Japanese 1000 Guineas Trial) J,16 Mar 1986,Mejiro Ramonu,,Hanshin,Turf,1400,G2,https://db.netkeiba.com/race/198609010811/,https://www.jbis.or.jp/race/result/19860316/109/11/
mejiro-ramonu,8,4,4th,Queen Cup J,26 Jan 1986,Super Shot,,Tokyo,Turf,1600,G3,https://db.netkeiba.com/race/198605010211/,https://www.jbis.or.jp/race/result/19860126/105/11/
mejiro-ramonu,9,1,1st,Sansai Himba Stakes (East),14 Dec 1985,Mejiro Ramonu,,Nakayama,Turf,1600,G3,https://db.netkeiba.com/race/198506050511/,
mejiro-ramonu,10,1,1st,Kangiku Sho,30 Nov 1985,Mejiro Ramonu,,Nakayama,Turf,1600,Pre-OP,https://db.netkeiba.com/race/198506050109/,
mejiro-ramonu,11,4,4th,Keisei Hai Sansai Stakes,3 Nov 1985,Daishin Fubuki,,Tokyo,Turf,1400,G2,https://db.netkeiba.com/race/198505050211/,
mejiro-ramonu,12,1,1st,2yo Newcomer Race,13 Oct 1985,Mejiro Ramonu,,Tokyo,Dirt,1400,Debut,https://db.netkeiba.com/race/198505040403/,
aston-machan,1,10,10th,Silk Road Stakes J,10 Feb 2008,Fine Grain,,Kyoto,Turf,1200,G3,https://db.netkeiba.com/race/200808020411/,https://www.jbis.or.jp/race/result/20080210/108/11/
aston-machan,2,14,14th,Swan Stakes J,27 Oct 2007,Super Hornet,,Kyoto,Turf,1400,G2,https://db.netkeiba.com/race/200708040811/,https://www.jbis.or.jp/race/result/20071027/108/11/
aston-machan,3,1,1st,Sprinters Stakes J,30 Sept 2007,Aston Machan,,Nakayama,Turf,1200,G1,https://db.netkeiba.com/race/200706040811/,https://www.jbis.or.jp/race/result/20070930/106/11/
aston-machan,4,6,6th,Kitakyushu Kinen J,12 Aug 2007,Kyowa Roaring,,Kokura,Turf,1200,Jpn3,https://db.netkeiba.com/race/200710030210/,https://www.jbis.or.jp/race/result/20070812/110/10/
aston-machan,5,7,7th,Oka Sho J,8 Apr 2007,Daiwa Scarlet,daiwa-scarlet,Hanshin,Turf,1600,Jpn1,https://db.netkeiba.com/race/200709020611/,https://www.jbis.or.jp/race/result/20070408/109/11/
aston-machan,6,1,1st,Fillies' Revue J,11 Mar 2007,Aston Machan,,Hanshin,Turf,1400,Jpn2,https://db.netkeiba.com/race/200709010611/,https://www.jbis.or.jp/race/result/20070311/109/11/
aston-machan,7,2,2nd,Hanshin Juvenile Fillies J,3 Dec 2006,Vodka,vodka,Hanshin,Turf,1600,G1,https://db.netkeiba.com/race/200609030211/,https://www.jbis.or.jp/race/result/20061203/109/11/
aston-machan,8,1,1st,Fantasy Stakes J,5 Nov 2006,Aston Machan,,Kyoto,Turf,1400,G3,https://db.netkeiba.com/race/200608060211/,https://www.jbis.or.jp/race/result/20061105/108/11/
aston-machan,9,1,1st,Kokura Nisai Stakes J,3 Sept 2006,Aston Machan,,Kokura,Turf,1200,G3,https://db.netkeiba.com/race/200610030810/,https://www.jbis.or.jp/race/result/20060903/110/10/
aston-machan,10,1,1st,2yo Maiden Race J,6 Aug 2006,Aston Machan,,Kokura,Turf,1200,Maiden,https://db.netkeiba.com/race/200610020801/,https://www.jbis.or.jp/race/result/20060806/110/01/
aston-machan,11,2,2nd,2yo Newcomer Race J,22 Jul 2006,Charmant Reine,,Kokura,Turf,1200,Debut,https://db.netkeiba.com/race/200610020305/,https://www.jbis.or.jp/race/result/20060722/110/05/
satono-crown,1,9,9th,Japan Cup J,25 Nov 2018,Almond Eye,almond-eye,Tokyo,Turf,2400,G1,https://db.netkeiba.com/race/201805050811/,https://www.jbis.or.jp/race/result/20181125/105/11/
satono-crown,2,12,12th,Takarazuka Kinen J,24 Jun 2018,Mikki Rocket,,Hanshin,Turf,2200,G1,https://db.netkeiba.com/race/201809030811/,https://www.jbis.or.jp/race/result/20180624/109/11/
satono-crown,3,7,7th,Dubai Sheema Classic,31 Mar 2018,Hawkbill,,Meydan,Turf,2410,G1,https://db.netkeiba.com/race/2018J0033108/,
satono-crown,4,13,13th,Arima Kinen J,24 Dec 2017,Kitasan Black,kitasan-black,Nakayama,Turf,2500,G1,https://db.netkeiba.com/race/201706050811/,https://www.jbis.or.jp/race/result/20171224/106/11/
satono-crown,5,10,10th,Japan Cup J,26 Nov 2017,Cheval Grand,cheval-grand,Tokyo,Turf,2400,G1,https://db.netkeiba.com/race/201705050811/,https://www.jbis.or.jp/race/result/20171126/105/11/
satono-crown,6,2,2nd,Tenno Sho (Autumn) J,29 Oct 2017,Kitasan Black,kitasan-black,Tokyo,Turf,2000,G1,https://db.netkeiba.com/race/201705040911/,https://www.jbis.or.jp/race/result/20171029/105/11/
satono-crown,7,1,1st,Takarazuka Kinen J,25 Jun 2017,Satono Crown,,Hanshin,Turf,2200,G1,https://db.netkeiba.com/race/201709030811/,https://www.jbis.or.jp/race/result/20170625/109/11/
satono-crown,8,6,6th,Osaka Hai J,2 Apr 2017,Kitasan Black,kitasan-black,Hanshin,Turf,2000,G1,https://db.netkeiba.com/race/201709020411/,https://www.jbis.or.jp/race/result/20170402/109/11/
satono-crown,9,1,1st,Kyoto Kinen J,12 Feb 2017,Satono Crown,,Kyoto,Turf,2200,G2,https://db.netkeiba.com/race/201708020611/,https://www.jbis.or.jp/race/result/20170212/108/11/
satono-crown,10,1,1st,Hong Kong Vase,11 Dec 2016,Satono Crown,,Sha Tin,Turf,2400,G1,https://db.netkeiba.com/race/2016H1121104/,
satono-crown,11,14,14th,Tenno Sho (Autumn) J,30 Oct 2016,Maurice,,Tokyo,Turf,2000,G1,https://db.netkeiba.com/race/201605040911/,https://www.jbis.or.jp/race/result/20161030/105/11/
satono-crown,12,6,6th,Takarazuka Kinen J,26 Jun 2016,Marialite,,Hanshin,Turf,2200,G1,https://db.netkeiba.com/race/201609030811/,https://www.jbis.or.jp/race/result/20160626/109/11/
satono-crown,13,12,12th,Queen Elizabeth II Cup,24 Apr 2016,Werther,,Sha Tin,Turf,2000,G1,https://db.netkeiba.com/race/2016G0a00808/,
satono-crown,14,1,1st,Kyoto Kinen J,14 Feb 2016,Satono Crown,,Kyoto,Turf,2200,G2,https://db.netkeiba.com/race/201608020611/,https://www.jbis.or.jp/race/result/20160214/108/11/
satono-crown,15,17,17th,Tenno Sho (Autumn) J,1 Nov 2015,Lovely Day,,Tokyo,Turf,2000,G1,https://db.netkeiba.com/race/201505040911/,https://www.jbis.or.jp/race/result/20151101/105/11/
satono-crown,16,3,3rd,Tokyo Yushun (Japanese Derby) J,31 May 2015,Duramente,duramente,Tokyo,Turf,2400,G1,https://db.netkeiba.com/race/201505021210/,https://www.jbis.or.jp/race/result/20150531/105/10/
satono-crown,17,6,6th,Satsuki Sho J,19 Apr 2015,Duramente,duramente,Nakayama,Turf,2000,G1,https://db.netkeiba.com/race/201506030811/,https://www.jbis.or.jp/race/result/20150419/106/11/
satono-crown,18,1,1st,Yayoi Sho J,8 Mar 2015,Satono Crown,,Nakayama,Turf,2000,G2,https://db.netkeiba.com/race/201506020411/,https://www.jbis.or.jp/race/result/20150308/106/11/
satono-crown,19,1,1st,Tokyo Sports Hai Nisai Stakes J,24 Nov 2014,Satono Crown,,Tokyo,Turf,1800,G3,https://db.netkeiba.com/race/201405050711/,https://www.jbis.or.jp/race/result/20141124/105/11/
satono-crown,20,1,1st,2yo Newcomer Race J,25 Oct 2014,Satono Crown,,Tokyo,Turf,1800,Debut,https://db.netkeiba.com/race/201405040605/,https://www.jbis.or.jp/race/result/20141025/105/05/
cheval-grand,1,6,6th,Arima Kinen J,22 Dec 2019,Lys Gracieux,,Nakayama,Turf,2500,G1,https://db.netkeiba.com/race/201906050811/,https://www.jbis.or.jp/race/result/20191222/106/11/
cheval-grand,2,9,9th,Japan Cup J,24 Nov 2019,Suave Richard,,Tokyo,Turf,2400,G1,https://db.netkeiba.com/race/201905050811/,https://www.jbis.or.jp/race/result/20191124/105/11/
cheval-grand,3,8,8th,International Stakes,21 Aug 2019,Japan,,York,Turf,2050,G1,https://db.netkeiba.com/race/2019AH082104/,
cheval-grand,4,6,6th,King George VI and Queen Elizabeth Stakes,27 Jul 2019,Enable,,Ascot,Turf,2390,G1,https://db.netkeiba.com/race/2019A0072704/,
cheval-grand,5,2,2nd,Dubai Sheema Classic,30 Mar 2019,Old Persian,,Meydan,Turf,2410,G1,https://db.netkeiba.com/race/2019J0033008/,
cheval-grand,6,3,3rd,Arima Kinen J,23 Dec 2018,Blast Onepiece,blast-onepiece,Nakayama,Turf,2500,G1,https://db.netkeiba.com/race/201806050811/,https://www.jbis.or.jp/race/result/20181223/106/11/
cheval-grand,7,4,4th,Japan Cup J,25 Nov 2018,Almond Eye,almond-eye,Tokyo,Turf,2400,G1,https://db.netkeiba.com/race/201805050811/,https://www.jbis.or.jp/race/result/20181125/105/11/
cheval-grand,8,4,4th,Kyoto Daishoten J,8 Oct 2018,Satono Diamond,satono-diamond,Kyoto,Turf,2400,G2,https://db.netkeiba.com/race/201808040311/,https://www.jbis.or.jp/race/result/20181008/108/11/
cheval-grand,9,2,2nd,Tenno Sho (Spring) J,29 Apr 2018,Rainbow Line,,Kyoto,Turf,3200,G1,https://db.netkeiba.com/race/201808030411/,https://www.jbis.or.jp/race/result/20180429/108/11/
cheval-grand,10,13,13th,Osaka Hai J,1 Apr 2018,Suave Richard,,Hanshin,Turf,2000,G1,https://db.netkeiba.com/race/201809020411/,https://www.jbis.or.jp/race/result/20180401/109/11/
cheval-grand,11,3,3rd,Arima Kinen J,24 Dec 2017,Kitasan Black,kitasan-black,Nakayama,Turf,2500,G1,https://db.netkeiba.com/race/201706050811/,https://www.jbis.or.jp/race/result/20171224/106/11/
cheval-grand,12,1,1st,Japan Cup J,26 Nov 2017,Cheval Grand,,Tokyo,Turf,2400,G1,https://db.netkeiba.com/race/201705050811/,https://www.jbis.or.jp/race/result/20171126/105/11/
cheval-grand,13,3,3rd,Kyoto Daishoten J,9 Oct 2017,Smart Layer,,Kyoto,Turf,2400,G2,https://db.netkeiba.com/race/201708040311/,https://www.jbis.or.jp/race/result/20171009/108/11/
cheval-grand,14,8,8th,Takarazuka Kinen J,25 Jun 2017,Satono Crown,satono-crown,Hanshin,Turf,2200,G1,https://db.netkeiba.com/race/201709030811/,https://www.jbis.or.jp/race/result/20170625/109/11/
cheval-grand,15,2,2nd,Tenno Sho (Spring) J,30 Apr 2017,Kitasan Black,kitasan-black,Kyoto,Turf,3200,G1,https://db.netkeiba.com/race/201708030411/,https://www.jbis.or.jp/race/result/20170430/108/11/
cheval-grand,16,2,2nd,Hanshin Daishoten J,19 Mar 2017,Satono Diamond,satono-diamond,Hanshin,Turf,3000,G2,https://db.netkeiba.com/race/201709010811/,https://www.jbis.or.jp/race/result/20170319/109/11/
cheval-grand,17,6,6th,Arima Kinen J,25 Dec 2016,Satono Diamond,satono-diamond,Nakayama,Turf,2500,G1,https://db.netkeiba.com/race/201606050910/,https://www.jbis.or.jp/race/result/20161225/106/10/
cheval-grand,18,3,3rd,Japan Cup J,27 Nov 2016,Kitasan Black,kitasan-black,Tokyo,Turf,2400,G1,https://db.netkeiba.com/race/201605050811/,https://www.jbis.or.jp/race/result/20161127/105/11/
cheval-grand,19,1,1st,Copa Republica Argentina J,6 Nov 2016,Cheval Grand,,Tokyo,Turf,2500,G2,https://db.netkeiba.com/race/201605050211/,https://www.jbis.or.jp/race/result/20161106/105/11/
cheval-grand,20,9,9th,Takarazuka Kinen J,26 Jun 2016,Marialite,,Hanshin,Turf,2200,G1,https://db.netkeiba.com/race/201609030811/,https://www.jbis.or.jp/race/result/20160626/109/11/
cheval-grand,21,3,3rd,Tenno Sho (Spring) J,1 May 2016,Kitasan Black,kitasan-black,Kyoto,Turf,3200,G1,https://db.netkeiba.com/race/201608030411/,https://www.jbis.or.jp/race/result/20160501/108/11/
cheval-grand,22,1,1st,Hanshin Daishoten J,20 Mar 2016,Cheval Grand,,Hanshin,Turf,3000,G2,https://db.netkeiba.com/race/201609010811/,https://www.jbis.or.jp/race/result/20160320/109/11/
cheval-grand,23,2,2nd,Nikkei Shinshun Hai J,17 Jan 2016,Reve Mistral,,Kyoto,Turf,2400,G2,https://db.netkeiba.com/race/201608010611/,https://www.jbis.or.jp/race/result/20160117/108/11/
cheval-grand,24,1,1st,Orion Stakes J,13 Dec 2015,Cheval Grand,,Hanshin,Turf,2400,Pre-OP,https://db.netkeiba.com/race/201509050410/,https://www.jbis.or.jp/race/result/20151213/109/10/
cheval-grand,25,1,1st,3yo+ Allowance (¥10m & Less) J,31 Oct 2015,Cheval Grand,,Kyoto,Turf,2400,Pre-OP,https://db.netkeiba.com/race/201508040807/,https://www.jbis.or.jp/race/result/20151031/108/07/
cheval-grand,26,1,1st,3yo+ Allowance (¥5m & Less) J,3 Oct 2015,Cheval Grand,,Hanshin,Turf,2400,Pre-OP,https://db.netkeiba.com/race/201509040807/,https://www.jbis.or.jp/race/result/20151003/109/07/
cheval-grand,27,2,2nd,3yo+ Allowance (¥5m & Less) J,30 Aug 2015,Albert,,Sapporo,Turf,2000,Pre-OP,https://db.netkeiba.com/race/201501020408/,https://www.jbis.or.jp/race/result/20150830/101/08/
cheval-grand,28,8,8th,Kyoto Shimbun Hai J,9 May 2015,Satono Rasen,,Kyoto,Turf,2200,G2,https://db.netkeiba.com/race/201508030511/,https://www.jbis.or.jp/race/result/20150509/108/11/
cheval-grand,29,5,5th,Mainichi Hai J,28 Mar 2015,Musee Alien,,Hanshin,Turf,1800,G3,https://db.netkeiba.com/race/201509020111/,https://www.jbis.or.jp/race/result/20150328/109/11/
cheval-grand,30,,DNS,Wakagoma Stakes J,24 Jan 2015,Adam's Bridge,,Kyoto,Turf,2000,OP,https://db.netkeiba.com/race/201508010810/,https://www.jbis.or.jp/race/result/20150124/108/10/
cheval-grand,31,3,3rd,Erica Sho J,27 Dec 2014,Beruf,,Hanshin,Turf,2000,Pre-OP,https://db.netkeiba.com/race/201409050709/,https://www.jbis.or.jp/race/result/20141227/109/09/
cheval-grand,32,3,3rd,Kyoto Nisai Stakes J,29 Nov 2014,Bell Lap,,Kyoto,Turf,2000,G3,https://db.netkeiba.com/race/201408050811/,https://www.jbis.or.jp/race/result/20141129/108/11/
cheval-grand,33,1,1st,2yo Maiden Race J,12 Oct 2014,Cheval Grand,,Kyoto,Turf,2000,Maiden,https://db.netkeiba.com/race/201408040202/,https://www.jbis.or.jp/race/result/20141012/108/02/
cheval-grand,34,2,2nd,2yo Newcomer Race J,21 Sept 2014,Dragon Verse,,Hanshin,Turf,2000,Debut,https://db.netkeiba.com/race/201409040405/,https://www.jbis.or.jp/race/result/20140921/109/05/
verxina,1,14,14th,Arima Kinen J,28 Dec 2014,Gentildonna,gentildonna,Nakayama,Turf,2500,G1,https://db.netkeiba.com/race/201406040810/,https://www.jbis.or.jp/race/result/20141228/106/10/
verxina,2,11,11th,Queen Elizabeth II Cup J,16 Nov 2014,Lachesis,,Kyoto,Turf,2200,G1,https://db.netkeiba.com/race/201408050411/,https://www.jbis.or.jp/race/result/20141116/108/11/
verxina,3,3,3rd,Takarazuka Kinen J,29 Jun 2014,Gold Ship,gold-ship,Hanshin,Turf,2200,G1,https://db.netkeiba.com/race/201409030811/,https://www.jbis.or.jp/race/result/20140629/109/11/
verxina,4,1,1st,Victoria Mile J,18 May 2014,Verxina,,Tokyo,Turf,1600,G1,https://db.netkeiba.com/race/201405020811/,https://www.jbis.or.jp/race/result/20140518/105/11/
verxina,5,11,11th,Hanshin Himba Stakes J,12 Apr 2014,Smart Layer,,Hanshin,Turf,1400,G2,https://db.netkeiba.com/race/201409020511/,https://www.jbis.or.jp/race/result/20140412/109/11/
verxina,6,11,11th,Tokyo Shimbun Hai J,17 Feb 2014,Whale Capture,,Tokyo,Turf,1600,G3,https://db.netkeiba.com/race/201405010411/,https://www.jbis.or.jp/race/result/20140217/105/11/
verxina,7,7,7th,Japan Cup J,24 Nov 2013,Gentildonna,gentildonna,Tokyo,Turf,2400,G1,https://db.netkeiba.com/race/201305050811/,https://www.jbis.or.jp/race/result/20131124/105/11/
verxina,8,10,10th,Queen Elizabeth II Cup J,10 Nov 2013,Meisho Mambo,,Kyoto,Turf,2200,G1,https://db.netkeiba.com/race/201308050411/,https://www.jbis.or.jp/race/result/20131110/108/11/
verxina,9,8,8th,Kyoto Daishoten J,6 Oct 2013,Hit the Target,,Kyoto,Turf,2400,G2,https://db.netkeiba.com/race/201308040211/,https://www.jbis.or.jp/race/result/20131006/108/11/
verxina,10,8,8th,Yasuda Kinen J,2 Jun 2013,Lord Kanaloa,,Tokyo,Turf,1600,G1,https://db.netkeiba.com/race/201305030211/,https://www.jbis.or.jp/race/result/20130602/105/11/
verxina,11,1,1st,Victoria Mile J,12 May 2013,Verxina,,Tokyo,Turf,1600,G1,https://db.netkeiba.com/race/201305020811/,https://www.jbis.or.jp/race/result/20130512/105/11/
verxina,12,6,6th,Osaka Hai J,31 Mar 2013,Orfevre,orfevre,Hanshin,Turf,2000,G2,https://db.netkeiba.com/race/201309020411/,https://www.jbis.or.jp/race/result/20130331/109/11/
verxina,13,2,2nd,Queen Elizabeth II Cup J,11 Nov 2012,Rainbow Dahlia,,Kyoto,Turf,2200,G1,https://db.netkeiba.com/race/201208050411/,https://www.jbis.or.jp/race/result/20121111/108/11/
verxina,14,2,2nd,Shuka Sho J,14 Oct 2012,Gentildonna,gentildonna,Kyoto,Turf,2000,G1,https://db.netkeiba.com/race/201208040511/,https://www.jbis.or.jp/race/result/20121014/108/11/
verxina,15,2,2nd,Rose Stakes J,16 Sept 2012,Gentildonna,gentildonna,Hanshin,Turf,1800,G2,https://db.netkeiba.com/race/201209040411/,https://www.jbis.or.jp/race/result/20120916/109/11/
verxina,16,2,2nd,Japanese Oaks J,20 May 2012,Gentildonna,gentildonna,Tokyo,Turf,2400,G1,https://db.netkeiba.com/race/201205021011/,https://www.jbis.or.jp/race/result/20120520/105/11/
verxina,17,2,2nd,Oka Sho J,8 Apr 2012,Gentildonna,gentildonna,Hanshin,Turf,1600,G1,https://db.netkeiba.com/race/201209020611/,https://www.jbis.or.jp/race/result/20120408/109/11/
verxina,18,1,1st,Queen Cup J,11 Feb 2012,Verxina,,Tokyo,Turf,1600,G3,https://db.netkeiba.com/race/201205010511/,https://www.jbis.or.jp/race/result/20120211/105/11/
verxina,19,1,1st,Erica Sho J,11 Dec 2011,Verxina,,Hanshin,Turf,2000,Pre-OP,https://db.netkeiba.com/race/201109060409/,https://www.jbis.or.jp/race/result/20111211/109/09/
verxina,20,3,3rd,Kigiku Sho J,13 Nov 2011,Brightline,,Kyoto,Turf,1800,Pre-OP,https://db.netkeiba.com/race/201108060409/,https://www.jbis.or.jp/race/result/20111113/108/09/
verxina,21,1,1st,2yo Newcomer Race J,28 Aug 2011,Verxina,,Sapporo,Turf,1800,Debut,https://db.netkeiba.com/race/201101010605/,https://www.jbis.or.jp/race/result/20110828/101/05/
vivlos,1,2,2nd,Dubai Turf,30 Mar 2019,Almond Eye,almond-eye,Meydan,Turf,1800,G1,https://db.netkeiba.com/race/2019J0033007/,
vivlos,2,2,2nd,Hong Kong Mile,9 Dec 2018,Beauty Generation,,Sha Tin,Turf,1600,G1,https://db.netkeiba.com/race/2018H1120907/,
vivlos,3,8,8th,Tenno Sho (Autumn) J,28 Oct 2018,Rey de Oro,,Tokyo,Turf,2000,G1,https://db.netkeiba.com/race/201805040911/,https://www.jbis.or.jp/race/result/20181028/105/11/
vivlos,4,4,4th,Takarazuka Kinen J,24 Jun 2018,Mikki Rocket,,Hanshin,Turf,2200,G1,https://db.netkeiba.com/race/201809030811/,https://www.jbis.or.jp/race/result/20180624/109/11/
vivlos,5,2,2nd,Dubai Turf,31 Mar 2018,Benbatl,,Meydan,Turf,1800,G1,https://db.netkeiba.com/race/2018J0033107/,
vivlos,6,8,8th,Nakayama Kinen J,25 Feb 2018,Win Bright,,Nakayama,Turf,1800,G2,https://db.netkeiba.com/race/201806020211/,https://www.jbis.or.jp/race/result/20180225/106/11/
vivlos,7,5,5th,Queen Elizabeth II Cup J,12 Nov 2017,Mozu Katchan,,Kyoto,Turf,2200,G1,https://db.netkeiba.com/race/201708050411/,https://www.jbis.or.jp/race/result/20171112/108/11/
vivlos,8,2,2nd,Ireland Trophy Fuchu Himba Stakes J,14 Oct 2017,Crocosmia,,Tokyo,Turf,1800,G2,https://db.netkeiba.com/race/201705040411/,https://www.jbis.or.jp/race/result/20171014/105/11/
vivlos,9,1,1st,Dubai Turf,25 Mar 2017,Vivlos,,Meydan,Turf,1800,G1,https://db.netkeiba.com/race/2017J0032507/,
vivlos,10,5,5th,Nakayama Kinen J,26 Feb 2017,Neorealism,,Nakayama,Turf,1800,G2,https://db.netkeiba.com/race/201706020211/,https://www.jbis.or.jp/race/result/20170226/106/11/
vivlos,11,1,1st,Shuka Sho J,16 Oct 2016,Vivlos,,Kyoto,Turf,2000,G1,https://db.netkeiba.com/race/201608040511/,https://www.jbis.or.jp/race/result/20161016/108/11/
vivlos,12,2,2nd,Shion Stakes J,10 Sept 2016,Biche,,Nakayama,Turf,2000,G3,https://db.netkeiba.com/race/201606040111/,https://www.jbis.or.jp/race/result/20160910/106/11/
vivlos,13,1,1st,3yo+ Allowance (¥5m & Less) J,24 Jul 2016,Vivlos,,Chukyo,Turf,2000,Pre-OP,https://db.netkeiba.com/race/201607030807/,https://www.jbis.or.jp/race/result/20160724/107/07/
vivlos,14,12,12th,Flower Cup J,21 Mar 2016,Angel Face,,Nakayama,Turf,1800,G3,https://db.netkeiba.com/race/201606020811/,https://www.jbis.or.jp/race/result/20160321/106/11/
vivlos,15,12,12th,Tulip Sho J,5 Mar 2016,Sinhalite,,Hanshin,Turf,1600,G3,https://db.netkeiba.com/race/201609010311/,https://www.jbis.or.jp/race/result/20160305/109/11/
vivlos,16,1,1st,2yo Maiden Race J,21 Nov 2015,Vivlos,,Kyoto,Turf,1800,Maiden,https://db.netkeiba.com/race/201508050503/,https://www.jbis.or.jp/race/result/20151121/108/03/
vivlos,17,2,2nd,2yo Newcomer Race J,24 Oct 2015,Classic Lydia,,Kyoto,Turf,1600,Debut,https://db.netkeiba.com/race/201508040605/,https://www.jbis.or.jp/race/result/20151024/108/05/
dantsu-flame,1,11,11th,Kawasaki Kinen J,26 Jan 2005,Time Paradox,,Kawasaki,Dirt,2100,G1,https://db.netkeiba.com/race/200545012610/,https://www.jbis.or.jp/race/result/20050126/221/10/
dantsu-flame,2,14,14th,Tokyo Daishoten J,29 Dec 2004,Adjudi Mitsuo,,Ooi,Dirt,2000,G1,https://db.netkeiba.com/race/200444122909/,https://www.jbis.or.jp/race/result/20041229/220/09/
dantsu-flame,3,9,9th,Sainokuni Urawa Kinen J,1 Dec 2004,Moere Treasure,,Urawa,Dirt,2000,G2,https://db.netkeiba.com/race/200442120110/,https://www.jbis.or.jp/race/result/20041201/218/10/
dantsu-flame,4,2,2nd,Kannazuki Tokubetsu J,20 Oct 2004,Shigeru Kaminari,,Arao,Dirt,1500,OP,https://db.netkeiba.com/race/200456102010/,https://www.jbis.or.jp/race/result/20041020/233/10/
dantsu-flame,5,7,7th,Takarazuka Kinen J,29 Jun 2003,Hishi Miracle,hishi-miracle,Hanshin,Turf,2200,G1,https://db.netkeiba.com/race/200309030411/,https://www.jbis.or.jp/race/result/20030629/109/11/
dantsu-flame,6,5,5th,Yasuda Kinen J,8 Jun 2003,Agnes Digital,agnes-digital,Tokyo,Turf,1600,G1,https://db.netkeiba.com/race/200305020611/,https://www.jbis.or.jp/race/result/20030608/105/11/
dantsu-flame,7,1,1st,Niigata Daishoten J,18 May 2003,Dantsu Flame,,Niigata,Turf,2000,G3,https://db.netkeiba.com/race/200304010611/,https://www.jbis.or.jp/race/result/20030518/104/11/
dantsu-flame,8,5,5th,Tenno Sho (Spring) J,4 May 2003,Hishi Miracle,hishi-miracle,Kyoto,Turf,3200,G1,https://db.netkeiba.com/race/200308030411/,https://www.jbis.or.jp/race/result/20030504/108/11/
dantsu-flame,9,4,4th,Milers Cup J,19 Apr 2003,Lohengrin,,Hanshin,Turf,1600,G2,https://db.netkeiba.com/race/200309020711/,https://www.jbis.or.jp/race/result/20030419/109/11/
dantsu-flame,10,17,17th,Mile Championship J,17 Nov 2002,Tokai Point,,Kyoto,Turf,1600,G1,https://db.netkeiba.com/race/200208050611/,https://www.jbis.or.jp/race/result/20021117/108/11/
dantsu-flame,11,14,14th,Tenno Sho (Autumn) J,27 Oct 2002,Symboli Kris S,symboli-kris-s,Nakayama,Turf,2000,G1,https://db.netkeiba.com/race/200206030811/,https://www.jbis.or.jp/race/result/20021027/106/11/
dantsu-flame,12,5,5th,Mainichi Okan J,6 Oct 2002,Magnaten,,Nakayama,Turf,1800,G2,https://db.netkeiba.com/race/200206030211/,https://www.jbis.or.jp/race/result/20021006/106/11/
dantsu-flame,13,1,1st,Takarazuka Kinen J,23 Jun 2002,Dantsu Flame,,Hanshin,Turf,2200,G1,https://db.netkeiba.com/race/200209030411/,https://www.jbis.or.jp/race/result/20020623/109/11/
dantsu-flame,14,2,2nd,Yasuda Kinen J,2 Jun 2002,Admire Cozzene,,Tokyo,Turf,1600,G1,https://db.netkeiba.com/race/200205040611/,https://www.jbis.or.jp/race/result/20020602/105/11/
dantsu-flame,15,4,4th,Keio Hai Spring Cup J,12 May 2002,God of Chance,,Tokyo,Turf,1400,G2,https://db.netkeiba.com/race/200205030811/,https://www.jbis.or.jp/race/result/20020512/105/11/
dantsu-flame,16,5,5th,Mile Championship J,18 Nov 2001,Zenno El Cid,,Kyoto,Turf,1600,G1,https://db.netkeiba.com/race/200108050611/,https://www.jbis.or.jp/race/result/20011118/108/11/
dantsu-flame,17,5,5th,Kikuka Sho J,21 Oct 2001,Manhattan Cafe,manhattan-cafe,Kyoto,Turf,3000,G1,https://db.netkeiba.com/race/200108040611/,https://www.jbis.or.jp/race/result/20011021/108/11/
dantsu-flame,18,4,4th,Kobe Shimbun Hai J,23 Sept 2001,Air Eminem,,Hanshin,Turf,2000,G2,https://db.netkeiba.com/race/200109040611/,https://www.jbis.or.jp/race/result/20010923/109/11/
dantsu-flame,19,2,2nd,Tokyo Yushun (Japanese Derby) J,27 May 2001,Jungle Pocket,jungle-pocket,Tokyo,Turf,2400,G1,https://db.netkeiba.com/race/200105030409/,https://www.jbis.or.jp/race/result/20010527/105/09/
dantsu-flame,20,2,2nd,Satsuki Sho J,15 Apr 2001,Agnes Tachyon,agnes-tachyon,Nakayama,Turf,2000,G1,https://db.netkeiba.com/race/200106030811/,https://www.jbis.or.jp/race/result/20010415/106/11/
dantsu-flame,21,1,1st,Arlington Cup J,24 Feb 2001,Dantsu Flame,,Hanshin,Turf,1600,G3,https://db.netkeiba.com/race/200109010111/,https://www.jbis.or.jp/race/result/20010224/109/11/
dantsu-flame,22,2,2nd,Kisaragi Sho J,11 Feb 2001,Agnes Gold,,Kyoto,Turf,1800,G3,https://db.netkeiba.com/race/200108020611/,https://www.jbis.or.jp/race/result/20010211/108/11/
dantsu-flame,23,1,1st,Nojigiku Stakes J,30 Sept 2000,Dantsu Flame,,Hanshin,Turf,1600,OP,https://db.netkeiba.com/race/200009040709/,https://www.jbis.or.jp/race/result/20000930/109/09/
dantsu-flame,24,1,1st,Kikyo Stakes J,16 Sept 2000,Dantsu Flame,,Hanshin,Turf,1400,OP,https://db.netkeiba.com/race/200009040308/,https://www.jbis.or.jp/race/result/20000916/109/08/
dantsu-flame,25,1,1st,2yo Newcomer Race J,1 Jul 2000,Dantsu Flame,,Hakodate,Dirt,1000,Debut,https://db.netkeiba.com/race/200002010705/,https://www.jbis.or.jp/race/result/20000701/102/05/
dantsu-flame,26,2,2nd,2yo Newcomer Race J,10 Jun 2000,Meiner Japan,,Hakodate,Dirt,1000,Debut,https://db.netkeiba.com/race/200002010105/,https://www.jbis.or.jp/race/result/20000610/102/05/
ksmiracle,1,,DNF,Sprinters Stakes J,15 Dec 1991,Daiichi Ruby,daiichi-ruby,Nakayama,Turf,1200,G1,https://db.netkeiba.com/race/199106050610/,https://www.jbis.or.jp/race/result/19911215/106/10/
ksmiracle,2,3,3rd,Mile Championship J,17 Nov 1991,Daitaku Helios,daitaku-helios,Kyoto,Turf,1600,G1,https://db.netkeiba.com/race/199108070610/,https://www.jbis.or.jp/race/result/19911117/108/10/
ksmiracle,3,1,1st,Swan Stakes J,26 Oct 1991,K.S.Miracle,,Kyoto,Turf,1400,G2,https://db.netkeiba.com/race/199108060711/,https://www.jbis.or.jp/race/result/19911026/108/11/
ksmiracle,4,1,1st,Opal Stakes J,5 Oct 1991,K.S.Miracle,,Kyoto,Turf,1200,OP,https://db.netkeiba.com/race/199108060111/,https://www.jbis.or.jp/race/result/19911005/108/11/
ksmiracle,5,13,13th,Centaur Stakes J,8 Sept 1991,Nifty Niece,,Chukyo,Turf,1200,G3,https://db.netkeiba.com/race/199107030211/,https://www.jbis.or.jp/race/result/19910908/107/11/
ksmiracle,6,1,1st,Moiwayama Tokubetsu J,22 Jun 1991,K.S.Miracle,,Sapporo,Turf,1200,Pre-OP,https://db.netkeiba.com/race/199101010509/,https://www.jbis.or.jp/race/result/19910622/101/09/
ksmiracle,7,1,1st,Ishikari Tokubetsu J,8 Jun 1991,K.S.Miracle,,Sapporo,Turf,1200,Pre-OP,https://db.netkeiba.com/race/199101010108/,https://www.jbis.or.jp/race/result/19910608/101/08/
ksmiracle,8,2,2nd,Warabi Sho J,11 May 1991,Board Sailing,,Niigata,Turf,1600,Pre-OP,https://db.netkeiba.com/race/199104010709/,https://www.jbis.or.jp/race/result/19910511/104/09/
ksmiracle,9,1,1st,3yo Unraced Race J,4 May 1991,K.S.Miracle,,Niigata,Turf,1400,,https://db.netkeiba.com/race/199104010602/,https://www.jbis.or.jp/race/result/19910504/104/02/
ksmiracle,10,2,2nd,3yo Unraced Race J,20 Apr 1991,Paris Harly,,Niigata,Turf,1600,,https://db.netkeiba.com/race/199104010104/,https://www.jbis.or.jp/race/result/19910420/104/04/
jungle-pocket,1,7,7th,Arima Kinen J,22 Dec 2002,Symboli Kris S,symboli-kris-s,Nakayama,Turf,2500,G1,https://db.netkeiba.com/race/200206050809/,https://www.jbis.or.jp/race/result/20021222/106/09/
jungle-pocket,2,5,5th,Japan Cup J,24 Nov 2002,Falbrav,,Nakayama,Turf,2200,G1,https://db.netkeiba.com/race/200206040810/,https://www.jbis.or.jp/race/result/20021124/106/10/
jungle-pocket,3,2,2nd,Tenno Sho (Spring) J,28 Apr 2002,Manhattan Cafe,manhattan-cafe,Kyoto,Turf,3200,G1,https://db.netkeiba.com/race/200208030411/,https://www.jbis.or.jp/race/result/20020428/108/11/
jungle-pocket,4,2,2nd,Hanshin Daishoten J,17 Mar 2002,Narita Top Road,narita-top-road,Hanshin,Turf,3000,G2,https://db.netkeiba.com/race/200209010811/,https://www.jbis.or.jp/race/result/20020317/109/11/
jungle-pocket,5,1,1st,Japan Cup J,25 Nov 2001,Jungle Pocket,,Tokyo,Turf,2400,G1,https://db.netkeiba.com/race/200105050810/,https://www.jbis.or.jp/race/result/20011125/105/10/
jungle-pocket,6,4,4th,Kikuka Sho J,21 Oct 2001,Manhattan Cafe,manhattan-cafe,Kyoto,Turf,3000,G1,https://db.netkeiba.com/race/200108040611/,https://www.jbis.or.jp/race/result/20011021/108/11/
jungle-pocket,7,3,3rd,Sapporo Kinen J,19 Aug 2001,Air Eminem,,Sapporo,Turf,2000,G2,https://db.netkeiba.com/race/200101010611/,https://www.jbis.or.jp/race/result/20010819/101/11/
jungle-pocket,8,1,1st,Tokyo Yushun (Japanese Derby) J,27 May 2001,Jungle Pocket,,Tokyo,Turf,2400,G1,https://db.netkeiba.com/race/200105030409/,https://www.jbis.or.jp/race/result/20010527/105/09/
jungle-pocket,9,3,3rd,Satsuki Sho J,15 Apr 2001,Agnes Tachyon,agnes-tachyon,Nakayama,Turf,2000,G1,https://db.netkeiba.com/race/200106030811/,https://www.jbis.or.jp/race/result/20010415/106/11/
jungle-pocket,10,1,1st,Kyodo News Hai J,4 Feb 2001,Jungle Pocket,,Tokyo,Turf,1800,G3,https://db.netkeiba.com/race/200105010411/,https://www.jbis.or.jp/race/result/20010204/105/11/
jungle-pocket,11,2,2nd,Radio Tampa Hai Sansai Stakes J,23 Dec 2000,Agnes Tachyon,agnes-tachyon,Hanshin,Turf,2000,G3,https://db.netkeiba.com/race/200009050711/,https://www.jbis.or.jp/race/result/20001223/109/11/
jungle-pocket,12,1,1st,Sapporo Sansai Stakes J,23 Sept 2000,Jungle Pocket,,Sapporo,Turf,1800,G3,https://db.netkeiba.com/race/200001020711/,https://www.jbis.or.jp/race/result/20000923/101/11/
jungle-pocket,13,1,1st,2yo Newcomer Race J,2 Sept 2000,Jungle Pocket,,Sapporo,Turf,1800,Debut,https://db.netkeiba.com/race/200001020105/,https://www.jbis.or.jp/race/result/20000902/101/05/
believe,1,2,2nd,Sprinters Stakes J,5 Oct 2003,Durandal,durandal,Nakayama,Turf,1200,G1,https://db.netkeiba.com/race/200306050811/,https://www.jbis.or.jp/race/result/20031005/106/11/
believe,2,2,2nd,Centaur Stakes J,14 Sept 2003,Tenshino Kiseki,,Hanshin,Turf,1200,G3,https://db.netkeiba.com/race/200309040211/,https://www.jbis.or.jp/race/result/20030914/109/11/
believe,3,1,1st,Hakodate Sprint Stakes J,6 Jul 2003,Believe,,Hakodate,Turf,1200,G3,https://db.netkeiba.com/race/200302010611/,https://www.jbis.or.jp/race/result/20030706/102/11/
believe,4,12,12th,Yasuda Kinen J,8 Jun 2003,Agnes Digital,agnes-digital,Tokyo,Turf,1600,G1,https://db.netkeiba.com/race/200305020611/,https://www.jbis.or.jp/race/result/20030608/105/11/
believe,5,8,8th,Keio Hai Spring Cup J,18 May 2003,Telegnosis,,Tokyo,Turf,1400,G2,https://db.netkeiba.com/race/200305010811/,https://www.jbis.or.jp/race/result/20030518/105/11/
believe,6,1,1st,Takamatsunomiya Kinen J,30 Mar 2003,Believe,,Chukyo,Turf,1200,G1,https://db.netkeiba.com/race/200307010811/,https://www.jbis.or.jp/race/result/20030330/107/11/
believe,7,9,9th,Hankyu Hai J,2 Mar 2003,Shonan Kampf,,Hanshin,Turf,1200,G3,https://db.netkeiba.com/race/200309010211/,https://www.jbis.or.jp/race/result/20030302/109/11/
believe,8,12,12th,Hong Kong Sprint,15 Dec 2002,ALL THRILLS TOO,,Sha Tin,Turf,1000,G1,https://db.netkeiba.com/race/2002G0121503/,
believe,9,1,1st,Sprinters Stakes J,29 Sept 2002,Believe,,Niigata,Turf,1200,G1,https://db.netkeiba.com/race/200204040811/,https://www.jbis.or.jp/race/result/20020929/104/11/
believe,10,1,1st,Centaur Stakes J,8 Sept 2002,Believe,,Hanshin,Turf,1200,G3,https://db.netkeiba.com/race/200209040211/,https://www.jbis.or.jp/race/result/20020908/109/11/
believe,11,1,1st,Kitakyushu Tankyori Stakes J,17 Aug 2002,Believe,,Kokura,Turf,1200,Pre-OP,https://db.netkeiba.com/race/200210030311/,https://www.jbis.or.jp/race/result/20020817/110/11/
believe,12,1,1st,Sasebo Stakes J,20 Jul 2002,Believe,,Kokura,Turf,1200,Pre-OP,https://db.netkeiba.com/race/200210020311/,https://www.jbis.or.jp/race/result/20020720/110/11/
believe,13,7,7th,TV Aichi Open J,8 Jun 2002,Native Heart,,Chukyo,Turf,1200,OP,https://db.netkeiba.com/race/200207020711/,https://www.jbis.or.jp/race/result/20020608/107/11/
believe,14,3,3rd,Keio Hai Spring Cup J,12 May 2002,God of Chance,,Tokyo,Turf,1400,G2,https://db.netkeiba.com/race/200205030811/,https://www.jbis.or.jp/race/result/20020512/105/11/
believe,15,1,1st,Yodoyabashi Stakes J,14 Apr 2002,Believe,,Hanshin,Turf,1200,Pre-OP,https://db.netkeiba.com/race/200209020811/,https://www.jbis.or.jp/race/result/20020414/109/11/
believe,16,3,3rd,Funabashi Stakes J,24 Mar 2002,Happy Maximum,,Nakayama,Turf,1200,Pre-OP,https://db.netkeiba.com/race/200206020210/,https://www.jbis.or.jp/race/result/20020324/106/10/
believe,17,3,3rd,Mukogawa Stakes J,10 Mar 2002,Grass World,,Hanshin,Turf,1600,Pre-OP,https://db.netkeiba.com/race/200209010610/,https://www.jbis.or.jp/race/result/20020310/109/10/
believe,18,2,2nd,Yamashiro Stakes J,17 Feb 2002,Shonan Kampf,,Kyoto,Turf,1200,Pre-OP,https://db.netkeiba.com/race/200208020811/,https://www.jbis.or.jp/race/result/20020217/108/11/
believe,19,3,3rd,Sakasegawa Stakes J,15 Dec 2001,Meisho Kio,,Hanshin,Turf,1600,Pre-OP,https://db.netkeiba.com/race/200109050511/,https://www.jbis.or.jp/race/result/20011215/109/11/
believe,20,1,1st,Daigo Tokubetsu J,10 Nov 2001,Believe,,Kyoto,Turf,1200,Pre-OP,https://db.netkeiba.com/race/200108050312/,https://www.jbis.or.jp/race/result/20011110/108/12/
believe,21,9,9th,Falcon Stakes J,10 Jun 2001,Rusunai Christie,,Chukyo,Turf,1200,G3,https://db.netkeiba.com/race/200107020811/,https://www.jbis.or.jp/race/result/20010610/107/11/
believe,22,1,1st,3yo Allowance (¥5m & Less) J,19 May 2001,Believe,,Chukyo,Turf,1200,Pre-OP,https://db.netkeiba.com/race/200107020106/,https://www.jbis.or.jp/race/result/20010519/107/06/
believe,23,3,3rd,Azusa Sho J,4 May 2001,Soleil Dance,,Kyoto,Turf,1600,Pre-OP,https://db.netkeiba.com/race/200108030509/,https://www.jbis.or.jp/race/result/20010504/108/09/
believe,24,8,8th,Flower Cup J,17 Mar 2001,Time Fair Lady,,Nakayama,Turf,1800,G3,https://db.netkeiba.com/race/200106020711/,https://www.jbis.or.jp/race/result/20010317/106/11/
believe,25,4,4th,Kanzakura Sho J,27 Jan 2001,Toyo Lincoln,,Kyoto,Turf,1200,Pre-OP,https://db.netkeiba.com/race/200108020109/,https://www.jbis.or.jp/race/result/20010127/108/09/
believe,26,9,9th,Wakana Sho J,6 Jan 2001,Koei Marvelous,,Kyoto,Dirt,1200,Pre-OP,https://db.netkeiba.com/race/200108010210/,https://www.jbis.or.jp/race/result/20010106/108/10/
believe,27,6,6th,2yo Allowance (¥5m & Less) J,10 Dec 2000,Millennium Bio,,Hanshin,Turf,1600,Pre-OP,https://db.netkeiba.com/race/200009050408/,https://www.jbis.or.jp/race/result/20001210/109/08/
believe,28,1,1st,2yo Newcomer Race J,11 Nov 2000,Believe,,Kyoto,Turf,1200,Debut,https://db.netkeiba.com/race/200008050304/,https://www.jbis.or.jp/race/result/20001111/108/04/
no-reason,1,11,11th,Challenge Cup J,11 Sept 2004,Suzuka Mambo,,Hanshin,Turf,2000,G3,https://db.netkeiba.com/race/200409040111/,https://www.jbis.or.jp/race/result/20040911/109/11/
no-reason,2,4,4th,Hanshin Daishoten J,23 Mar 2003,Daitaku Bertram,,Hanshin,Turf,3000,G2,https://db.netkeiba.com/race/200309010811/,https://www.jbis.or.jp/race/result/20030323/109/11/
no-reason,3,5,5th,Kyoto Kinen J,22 Feb 2003,My Sole Sound,,Kyoto,Turf,2200,G2,https://db.netkeiba.com/race/200308020711/,https://www.jbis.or.jp/race/result/20030222/108/11/
no-reason,4,6,6th,Arima Kinen J,22 Dec 2002,Symboli Kris S,symboli-kris-s,Nakayama,Turf,2500,G1,https://db.netkeiba.com/race/200206050809/,https://www.jbis.or.jp/race/result/20021222/106/09/
no-reason,5,8,8th,Japan Cup J,24 Nov 2002,Falbrav,,Nakayama,Turf,2200,G1,https://db.netkeiba.com/race/200206040810/,https://www.jbis.or.jp/race/result/20021124/106/10/
no-reason,6,,DNF,Kikuka Sho J,20 Oct 2002,Hishi Miracle,hishi-miracle,Kyoto,Turf,3000,G1,https://db.netkeiba.com/race/200208040611/,https://www.jbis.or.jp/race/result/20021020/108/11/
no-reason,7,2,2nd,Kobe Shimbun Hai J,22 Sept 2002,Symboli Kris S,symboli-kris-s,Hanshin,Turf,2000,G2,https://db.netkeiba.com/race/200209040611/,https://www.jbis.or.jp/race/result/20020922/109/11/
no-reason,8,8,8th,Tokyo Yushun (Japanese Derby) J,26 May 2002,Tanino Gimlet,tanino-gimlet,Tokyo,Turf,2400,G1,https://db.netkeiba.com/race/200205040410/,https://www.jbis.or.jp/race/result/20020526/105/10/
no-reason,9,1,1st,Satsuki Sho J,14 Apr 2002,No Reason,,Nakayama,Turf,2000,G1,https://db.netkeiba.com/race/200206020811/,https://www.jbis.or.jp/race/result/20020414/106/11/
no-reason,10,7,7th,Wakaba Stakes J,16 Mar 2002,Shigeru God Hand,,Hanshin,Turf,2000,OP,https://db.netkeiba.com/race/200209010711/,https://www.jbis.or.jp/race/result/20020316/109/11/
no-reason,11,1,1st,Kobushi Sho J,9 Feb 2002,No Reason,,Kyoto,Turf,1600,Pre-OP,https://db.netkeiba.com/race/200208020510/,https://www.jbis.or.jp/race/result/20020209/108/10/
no-reason,12,1,1st,3yo Newcomer Race J,5 Jan 2002,No Reason,,Kyoto,Turf,1800,Debut,https://db.netkeiba.com/race/200208010105/,https://www.jbis.or.jp/race/result/20020105/108/05/
still-in-love,1,17,17th,Fuchu Himba Stakes J,16 Oct 2005,Yamanin Alabaster,,Tokyo,Turf,1800,G3,https://db.netkeiba.com/race/200505040411/,https://www.jbis.or.jp/race/result/20051016/105/11/
still-in-love,2,9,9th,Takarazuka Kinen J,26 Jun 2005,Sweep Tosho,sweep-tosho,Hanshin,Turf,2200,G1,https://db.netkeiba.com/race/200509030411/,https://www.jbis.or.jp/race/result/20050626/109/11/
still-in-love,3,6,6th,Kinko Sho J,28 May 2005,Tap Dance City,tap-dance-city,Chukyo,Turf,2000,G2,https://db.netkeiba.com/race/200507020311/,https://www.jbis.or.jp/race/result/20050528/107/11/
still-in-love,4,9,9th,Queen Elizabeth II Cup J,14 Nov 2004,Admire Groove,admire-groove,Kyoto,Turf,2200,G1,https://db.netkeiba.com/race/200408050411/,https://www.jbis.or.jp/race/result/20041114/108/11/
still-in-love,5,3,3rd,Fuchu Himba Stakes J,17 Oct 2004,Osumi Haruka,,Tokyo,Turf,1800,G3,https://db.netkeiba.com/race/200405040411/,https://www.jbis.or.jp/race/result/20041017/105/11/
still-in-love,6,12,12th,Kitakyushu Kinen J,18 Jul 2004,Daitaku Bertram,,Kokura,Turf,1800,G3,https://db.netkeiba.com/race/200410020211/,https://www.jbis.or.jp/race/result/20040718/110/11/
still-in-love,7,8,8th,Takarazuka Kinen J,27 Jun 2004,Tap Dance City,tap-dance-city,Hanshin,Turf,2200,G1,https://db.netkeiba.com/race/200409030411/,https://www.jbis.or.jp/race/result/20040627/109/11/
still-in-love,8,8,8th,Kinko Sho J,29 May 2004,Tap Dance City,tap-dance-city,Chukyo,Turf,2000,G2,https://db.netkeiba.com/race/200407020311/,https://www.jbis.or.jp/race/result/20040529/107/11/
still-in-love,9,2,2nd,Queen Elizabeth II Cup J,16 Nov 2003,Admire Groove,admire-groove,Kyoto,Turf,2200,G1,https://db.netkeiba.com/race/200308050411/,https://www.jbis.or.jp/race/result/20031116/108/11/
still-in-love,10,1,1st,Shuka Sho J,19 Oct 2003,Still in Love,,Kyoto,Turf,2000,G1,https://db.netkeiba.com/race/200308040411/,https://www.jbis.or.jp/race/result/20031019/108/11/
still-in-love,11,5,5th,Rose Stakes J,21 Sept 2003,Admire Groove,admire-groove,Hanshin,Turf,2000,G2,https://db.netkeiba.com/race/200309040411/,https://www.jbis.or.jp/race/result/20030921/109/11/
still-in-love,12,1,1st,Japanese Oaks J,25 May 2003,Still in Love,,Tokyo,Turf,2400,G1,https://db.netkeiba.com/race/200305020211/,https://www.jbis.or.jp/race/result/20030525/105/11/
still-in-love,13,1,1st,Oka Sho J,13 Apr 2003,Still in Love,,Hanshin,Turf,1600,G1,https://db.netkeiba.com/race/200309020611/,https://www.jbis.or.jp/race/result/20030413/109/11/
still-in-love,14,2,2nd,Tulip Sho J,8 Mar 2003,Osumi Haruka,,Hanshin,Turf,1600,G3,https://db.netkeiba.com/race/200309010311/,https://www.jbis.or.jp/race/result/20030308/109/11/
still-in-love,15,1,1st,Kobai Stakes J,19 Jan 2003,Still in Love,,Kyoto,Turf,1400,OP,https://db.netkeiba.com/race/200308010609/,https://www.jbis.or.jp/race/result/20030119/108/09/
still-in-love,16,1,1st,2yo Newcomer Race J,30 Nov 2002,Still in Love,,Hanshin,Turf,1400,Debut,https://db.netkeiba.com/race/200209050103/,https://www.jbis.or.jp/race/result/20021130/109/03/
copano-rickey,1,1,1st,Tokyo Daishoten J,29 Dec 2017,Copano Rickey,,Ooi,Dirt,2000,G1,https://db.netkeiba.com/race/201744122910/,https://www.jbis.or.jp/race/result/20171229/220/10/
copano-rickey,2,3,3rd,Champions Cup J,3 Dec 2017,Gold Dream,,Chukyo,Dirt,1800,G1,https://db.netkeiba.com/race/201707040211/,https://www.jbis.or.jp/race/result/20171203/107/11/
copano-rickey,3,2,2nd,JBC Sprint J,3 Nov 2017,Nishiken Mononofu,,Ooi,Dirt,1200,Jpn1,https://db.netkeiba.com/race/201744110308/,https://www.jbis.or.jp/race/result/20171103/220/08/
copano-rickey,4,1,1st,M.C. Nambu Hai J,9 Oct 2017,Copano Rickey,,Morioka,Dirt,1600,Jpn1,https://db.netkeiba.com/race/201735100911/,https://www.jbis.or.jp/race/result/20171009/210/11/
copano-rickey,5,1,1st,Kashiwa Kinen J,5 May 2017,Copano Rickey,,Funabashi,Dirt,1600,Jpn1,https://db.netkeiba.com/race/201743050511/,https://www.jbis.or.jp/race/result/20170505/219/11/
copano-rickey,6,14,14th,February Stakes J,19 Feb 2017,Gold Dream,,Tokyo,Dirt,1600,G1,https://db.netkeiba.com/race/201705010811/,https://www.jbis.or.jp/race/result/20170219/105/11/
copano-rickey,7,5,5th,Tokyo Daishoten J,29 Dec 2016,Apollo Kentucky,,Ooi,Dirt,2000,G1,https://db.netkeiba.com/race/201644122910/,https://www.jbis.or.jp/race/result/20161229/220/10/
copano-rickey,8,13,13th,Champions Cup J,4 Dec 2016,Sound True,,Chukyo,Dirt,1800,G1,https://db.netkeiba.com/race/201607040211/,https://www.jbis.or.jp/race/result/20161204/107/11/
copano-rickey,9,5,5th,JBC Classic J,3 Nov 2016,Awardee,,Kawasaki,Dirt,2100,Jpn1,https://db.netkeiba.com/race/201645110311/,https://www.jbis.or.jp/race/result/20161103/221/11/
copano-rickey,10,1,1st,M.C. Nambu Hai J,10 Oct 2016,Copano Rickey,,Morioka,Dirt,1600,Jpn1,https://db.netkeiba.com/race/201635101011/,https://www.jbis.or.jp/race/result/20161010/210/11/
copano-rickey,11,1,1st,Teio Sho J,29 Jun 2016,Copano Rickey,,Ooi,Dirt,2000,Jpn1,https://db.netkeiba.com/race/201644062911/,https://www.jbis.or.jp/race/result/20160629/220/11/
copano-rickey,12,1,1st,Kashiwa Kinen J,5 May 2016,Copano Rickey,,Funabashi,Dirt,1600,Jpn1,https://db.netkeiba.com/race/201643050511/,https://www.jbis.or.jp/race/result/20160505/219/11/
copano-rickey,13,7,7th,February Stakes J,21 Feb 2016,Moanin,,Tokyo,Dirt,1600,G1,https://db.netkeiba.com/race/201605010811/,https://www.jbis.or.jp/race/result/20160221/105/11/
copano-rickey,14,4,4th,Tokyo Daishoten J,29 Dec 2015,Sound True,,Ooi,Dirt,2000,G1,https://db.netkeiba.com/race/201544122910/,https://www.jbis.or.jp/race/result/20151229/220/10/
copano-rickey,15,7,7th,Champions Cup J,6 Dec 2015,Sambista,,Chukyo,Dirt,1800,G1,https://db.netkeiba.com/race/201507040211/,https://www.jbis.or.jp/race/result/20151206/107/11/
copano-rickey,16,1,1st,JBC Classic J,3 Nov 2015,Copano Rickey,,Ooi,Dirt,2000,Jpn1,https://db.netkeiba.com/race/201544110310/,https://www.jbis.or.jp/race/result/20151103/220/10/
copano-rickey,17,3,3rd,Nippon TV Hai J,7 Oct 2015,Sound True,,Funabashi,Dirt,1800,Jpn2,https://db.netkeiba.com/race/201543100711/,https://www.jbis.or.jp/race/result/20151007/219/11/
copano-rickey,18,1,1st,February Stakes J,22 Feb 2015,Copano Rickey,,Tokyo,Dirt,1600,G1,https://db.netkeiba.com/race/201505010811/,https://www.jbis.or.jp/race/result/20150222/105/11/
copano-rickey,19,1,1st,Tokai Stakes J,25 Jan 2015,Copano Rickey,,Chukyo,Dirt,1800,G2,https://db.netkeiba.com/race/201507010411/,https://www.jbis.or.jp/race/result/20150125/107/11/
copano-rickey,20,2,2nd,Tokyo Daishoten J,29 Dec 2014,Hokko Tarumae,hokko-tarumae,Ooi,Dirt,2000,G1,https://db.netkeiba.com/race/201444122910/,https://www.jbis.or.jp/race/result/20141229/220/10/
copano-rickey,21,12,12th,Champions Cup J,7 Dec 2014,Hokko Tarumae,hokko-tarumae,Chukyo,Dirt,1800,G1,https://db.netkeiba.com/race/201407040211/,https://www.jbis.or.jp/race/result/20141207/107/11/
copano-rickey,22,1,1st,JBC Classic J,3 Nov 2014,Copano Rickey,,Morioka,Dirt,2000,Jpn1,https://db.netkeiba.com/race/201435110310/,https://www.jbis.or.jp/race/result/20141103/210/10/
copano-rickey,23,2,2nd,Teio Sho J,25 Jun 2014,Wonder Acute,wonder-acute,Ooi,Dirt,2000,Jpn1,https://db.netkeiba.com/race/201444062512/,https://www.jbis.or.jp/race/result/20140625/220/12/
copano-rickey,24,1,1st,Kashiwa Kinen J,5 May 2014,Copano Rickey,,Funabashi,Dirt,1600,Jpn1,https://db.netkeiba.com/race/201443050511/,https://www.jbis.or.jp/race/result/20140505/219/11/
copano-rickey,25,1,1st,February Stakes J,23 Feb 2014,Copano Rickey,,Tokyo,Dirt,1600,G1,https://db.netkeiba.com/race/201405010811/,https://www.jbis.or.jp/race/result/20140223/105/11/
copano-rickey,26,9,9th,Farewell Stakes J,23 Dec 2013,Jebel Musa,,Nakayama,Dirt,1800,OP,https://db.netkeiba.com/race/201306050911/,https://www.jbis.or.jp/race/result/20131223/106/11/
copano-rickey,27,10,10th,Shimotsuki Stakes J,17 Nov 2013,A Shin Top,,Tokyo,Dirt,1400,OP,https://db.netkeiba.com/race/201305050611/,https://www.jbis.or.jp/race/result/20131117/105/11/
copano-rickey,28,1,1st,Hyogo Championship J,2 May 2013,Copano Rickey,,Sonoda,Dirt,1870,Jpn2,https://db.netkeiba.com/race/201350050210/,https://www.jbis.or.jp/race/result/20130502/227/10/
copano-rickey,29,1,1st,Fukuryu Stakes J,31 Mar 2013,Copano Rickey,,Nakayama,Dirt,1800,OP,https://db.netkeiba.com/race/201306030410/,https://www.jbis.or.jp/race/result/20130331/106/10/
copano-rickey,30,3,3rd,Hyacinth Stakes J,17 Feb 2013,Charlie Brave,,Tokyo,Dirt,1600,OP,https://db.netkeiba.com/race/201305010809/,https://www.jbis.or.jp/race/result/20130217/105/09/
copano-rickey,31,1,1st,3yo Allowance (¥5m & Less) J,27 Jan 2013,Copano Rickey,,Tokyo,Dirt,1400,Pre-OP,https://db.netkeiba.com/race/201305010206/,https://www.jbis.or.jp/race/result/20130127/105/06/
copano-rickey,32,1,1st,3yo Maiden Race J,12 Jan 2013,Copano Rickey,,Kyoto,Dirt,1800,Maiden,https://db.netkeiba.com/race/201308010301/,https://www.jbis.or.jp/race/result/20130112/108/01/
copano-rickey,33,8,8th,2yo Newcomer Race J,22 Dec 2012,Hirono Emperor,,Hanshin,Dirt,1800,Debut,https://db.netkeiba.com/race/201209050706/,https://www.jbis.or.jp/race/result/20121222/109/06/
hokko-tarumae,1,2,2nd,JBC Classic J,3 Nov 2016,Awardee,,Kawasaki,Dirt,2100,Jpn1,https://db.netkeiba.com/race/201645110311/,https://www.jbis.or.jp/race/result/20161103/221/11/
hokko-tarumae,2,3,3rd,M.C. Nambu Hai J,10 Oct 2016,Copano Rickey,copano-rickey,Morioka,Dirt,1600,Jpn1,https://db.netkeiba.com/race/201635101011/,https://www.jbis.or.jp/race/result/20161010/210/11/
hokko-tarumae,3,4,4th,Teio Sho J,29 Jun 2016,Copano Rickey,copano-rickey,Ooi,Dirt,2000,Jpn1,https://db.netkeiba.com/race/201644062911/,https://www.jbis.or.jp/race/result/20160629/220/11/
hokko-tarumae,4,9,9th,Dubai World Cup,26 Mar 2016,California Chrome,,Meydan,Dirt,2000,G1,https://db.netkeiba.com/race/2016C7a00709/,
hokko-tarumae,5,1,1st,Kawasaki Kinen J,27 Jan 2016,Hokko Tarumae,,Kawasaki,Dirt,2100,Jpn1,https://db.netkeiba.com/race/201645012711/,https://www.jbis.or.jp/race/result/20160127/221/11/
hokko-tarumae,6,2,2nd,Tokyo Daishoten J,29 Dec 2015,Sound True,,Ooi,Dirt,2000,G1,https://db.netkeiba.com/race/201544122910/,https://www.jbis.or.jp/race/result/20151229/220/10/
hokko-tarumae,7,5,5th,Champions Cup J,6 Dec 2015,Sambista,,Chukyo,Dirt,1800,G1,https://db.netkeiba.com/race/201507040211/,https://www.jbis.or.jp/race/result/20151206/107/11/
hokko-tarumae,8,3,3rd,JBC Classic J,3 Nov 2015,Copano Rickey,copano-rickey,Ooi,Dirt,2000,Jpn1,https://db.netkeiba.com/race/201544110310/,https://www.jbis.or.jp/race/result/20151103/220/10/
hokko-tarumae,9,1,1st,Teio Sho J,24 Jun 2015,Hokko Tarumae,,Ooi,Dirt,2000,Jpn1,https://db.netkeiba.com/race/201544062411/,https://www.jbis.or.jp/race/result/20150624/220/11/
hokko-tarumae,10,5,5th,Dubai World Cup,28 Mar 2015,Prince Bishop,,Meydan,Dirt,2000,G1,https://db.netkeiba.com/race/2015C7a00909/,
hokko-tarumae,11,1,1st,Kawasaki Kinen J,28 Jan 2015,Hokko Tarumae,,Kawasaki,Dirt,2100,Jpn1,https://db.netkeiba.com/race/201545012811/,https://www.jbis.or.jp/race/result/20150128/221/11/
hokko-tarumae,12,1,1st,Tokyo Daishoten J,29 Dec 2014,Hokko Tarumae,,Ooi,Dirt,2000,G1,https://db.netkeiba.com/race/201444122910/,https://www.jbis.or.jp/race/result/20141229/220/10/
hokko-tarumae,13,1,1st,Champions Cup J,7 Dec 2014,Hokko Tarumae,,Chukyo,Dirt,1800,G1,https://db.netkeiba.com/race/201407040211/,https://www.jbis.or.jp/race/result/20141207/107/11/
hokko-tarumae,14,4,4th,JBC Classic J,3 Nov 2014,Copano Rickey,copano-rickey,Morioka,Dirt,2000,Jpn1,https://db.netkeiba.com/race/201435110310/,https://www.jbis.or.jp/race/result/20141103/210/10/
hokko-tarumae,15,16,16th,Dubai World Cup,29 Mar 2014,African Story,,Meydan,Synthetic,2000,G1,https://db.netkeiba.com/race/2014C7a00809/,
hokko-tarumae,16,2,2nd,February Stakes J,23 Feb 2014,Copano Rickey,copano-rickey,Tokyo,Dirt,1600,G1,https://db.netkeiba.com/race/201405010811/,https://www.jbis.or.jp/race/result/20140223/105/11/
hokko-tarumae,17,1,1st,Kawasaki Kinen J,29 Jan 2014,Hokko Tarumae,,Kawasaki,Dirt,2100,Jpn1,https://db.netkeiba.com/race/201445012911/,https://www.jbis.or.jp/race/result/20140129/221/11/
hokko-tarumae,18,1,1st,Tokyo Daishoten J,29 Dec 2013,Hokko Tarumae,,Ooi,Dirt,2000,G1,https://db.netkeiba.com/race/201344122910/,https://www.jbis.or.jp/race/result/20131229/220/10/
hokko-tarumae,19,3,3rd,Japan Cup Dirt J,1 Dec 2013,Belshazzar,,Hanshin,Dirt,1800,G1,https://db.netkeiba.com/race/201309050211/,https://www.jbis.or.jp/race/result/20131201/109/11/
hokko-tarumae,20,1,1st,JBC Classic J,4 Nov 2013,Hokko Tarumae,,Kanazawa,Dirt,2100,Jpn1,https://db.netkeiba.com/race/201346110410/,https://www.jbis.or.jp/race/result/20131104/222/10/
hokko-tarumae,21,2,2nd,M.C. Nambu Hai J,14 Oct 2013,Espoir City,espoir-city,Morioka,Dirt,1600,Jpn1,https://db.netkeiba.com/race/201335101411/,https://www.jbis.or.jp/race/result/20131014/210/11/
hokko-tarumae,22,1,1st,Teio Sho J,26 Jun 2013,Hokko Tarumae,,Ooi,Dirt,2000,Jpn1,https://db.netkeiba.com/race/201344062611/,https://www.jbis.or.jp/race/result/20130626/220/11/
hokko-tarumae,23,1,1st,Kashiwa Kinen J,6 May 2013,Hokko Tarumae,,Funabashi,Dirt,1600,Jpn1,https://db.netkeiba.com/race/201343050611/,https://www.jbis.or.jp/race/result/20130506/219/11/
hokko-tarumae,24,1,1st,Antares Stakes J,13 Apr 2013,Hokko Tarumae,,Hanshin,Dirt,1800,G3,https://db.netkeiba.com/race/201309020711/,https://www.jbis.or.jp/race/result/20130413/109/11/
hokko-tarumae,25,1,1st,Nagoya Daishoten J,20 Mar 2013,Hokko Tarumae,,Nagoya,Dirt,1900,Jpn3,https://db.netkeiba.com/race/201348032009/,https://www.jbis.or.jp/race/result/20130320/224/09/
hokko-tarumae,26,1,1st,Saga Kinen J,11 Feb 2013,Hokko Tarumae,,Saga,Dirt,2000,Jpn3,https://db.netkeiba.com/race/201355021111/,https://www.jbis.or.jp/race/result/20130211/232/11/
hokko-tarumae,27,3,3rd,Tokai Stakes J,20 Jan 2013,Grape Brandy,,Chukyo,Dirt,1800,G2,https://db.netkeiba.com/race/201307010211/,https://www.jbis.or.jp/race/result/20130120/107/11/
hokko-tarumae,28,2,2nd,Farewell Stakes J,24 Dec 2012,Grand City,,Nakayama,Dirt,1800,OP,https://db.netkeiba.com/race/201206050911/,https://www.jbis.or.jp/race/result/20121224/106/11/
hokko-tarumae,29,3,3rd,Japan Cup Dirt J,2 Dec 2012,Nihonpiro Ours,,Hanshin,Dirt,1800,G1,https://db.netkeiba.com/race/201209050211/,https://www.jbis.or.jp/race/result/20121202/109/11/
hokko-tarumae,30,3,3rd,Miyako Stakes J,4 Nov 2012,Roman Legend,,Kyoto,Dirt,1800,G3,https://db.netkeiba.com/race/201208050211/,https://www.jbis.or.jp/race/result/20121104/108/11/
hokko-tarumae,31,1,1st,Leopard Stakes J,5 Aug 2012,Hokko Tarumae,,Niigata,Dirt,1800,G3,https://db.netkeiba.com/race/201204020811/,https://www.jbis.or.jp/race/result/20120805/104/11/
hokko-tarumae,32,5,5th,Japan Dirt Derby J,11 Jul 2012,Hatano Vainqueur,,Ooi,Dirt,2000,Jpn1,https://db.netkeiba.com/race/201244071111/,https://www.jbis.or.jp/race/result/20120711/220/11/
hokko-tarumae,33,1,1st,Ome Tokubetsu J,3 Jun 2012,Hokko Tarumae,,Tokyo,Dirt,1600,Pre-OP,https://db.netkeiba.com/race/201205030209/,https://www.jbis.or.jp/race/result/20120603/105/09/
hokko-tarumae,34,3,3rd,Tango Stakes J,29 Apr 2012,Hatano Vainqueur,,Kyoto,Dirt,1800,OP,https://db.netkeiba.com/race/201208030410/,https://www.jbis.or.jp/race/result/20120429/108/10/
hokko-tarumae,35,1,1st,3yo Allowance (¥5m & Less) J,7 Apr 2012,Hokko Tarumae,,Hanshin,Dirt,1800,Pre-OP,https://db.netkeiba.com/race/201209020506/,https://www.jbis.or.jp/race/result/20120407/109/06/
hokko-tarumae,36,6,6th,Jinchoge Sho J,11 Mar 2012,Sammaru Duke,,Chukyo,Dirt,1800,Pre-OP,https://db.netkeiba.com/race/201207010410/,https://www.jbis.or.jp/race/result/20120311/107/10/
hokko-tarumae,37,4,4th,3yo Allowance (¥5m & Less) J,19 Feb 2012,Laughing in May,,Kyoto,Dirt,1800,Pre-OP,https://db.netkeiba.com/race/201208020807/,https://www.jbis.or.jp/race/result/20120219/108/07/
hokko-tarumae,38,1,1st,3yo Maiden Race J,29 Jan 2012,Hokko Tarumae,,Kokura,Dirt,1700,Maiden,https://db.netkeiba.com/race/201210010602/,https://www.jbis.or.jp/race/result/20120129/110/02/
hokko-tarumae,39,11,11th,3yo Newcomer Race J,14 Jan 2012,Ganges,,Kyoto,Dirt,1400,Debut,https://db.netkeiba.com/race/201208010403/,https://www.jbis.or.jp/race/result/20120114/108/03/
wonder-acute,1,3,3rd,Tokyo Daishoten J,29 Dec 2015,Sound True,,Ooi,Dirt,2000,G1,https://db.netkeiba.com/race/201544122910/,https://www.jbis.or.jp/race/result/20151229/220/10/
wonder-acute,2,6,6th,Champions Cup J,6 Dec 2015,Sambista,,Chukyo,Dirt,1800,G1,https://db.netkeiba.com/race/201507040211/,https://www.jbis.or.jp/race/result/20151206/107/11/
wonder-acute,3,3,3rd,M.C. Nambu Hai J,12 Oct 2015,Best Warrior,,Morioka,Dirt,1600,Jpn1,https://db.netkeiba.com/race/201535101211/,https://www.jbis.or.jp/race/result/20151012/210/11/
wonder-acute,4,8,8th,Teio Sho J,24 Jun 2015,Hokko Tarumae,hokko-tarumae,Ooi,Dirt,2000,Jpn1,https://db.netkeiba.com/race/201544062411/,https://www.jbis.or.jp/race/result/20150624/220/11/
wonder-acute,5,1,1st,Kashiwa Kinen J,5 May 2015,Wonder Acute,,Funabashi,Dirt,1600,Jpn1,https://db.netkeiba.com/race/201543050511/,https://www.jbis.or.jp/race/result/20150505/219/11/
wonder-acute,6,9,9th,February Stakes J,22 Feb 2015,Copano Rickey,copano-rickey,Tokyo,Dirt,1600,G1,https://db.netkeiba.com/race/201505010811/,https://www.jbis.or.jp/race/result/20150222/105/11/
wonder-acute,7,7,7th,Tokyo Daishoten J,29 Dec 2014,Hokko Tarumae,hokko-tarumae,Ooi,Dirt,2000,G1,https://db.netkeiba.com/race/201444122910/,https://www.jbis.or.jp/race/result/20141229/220/10/
wonder-acute,8,5,5th,Champions Cup J,7 Dec 2014,Hokko Tarumae,hokko-tarumae,Chukyo,Dirt,1800,G1,https://db.netkeiba.com/race/201407040211/,https://www.jbis.or.jp/race/result/20141207/107/11/
wonder-acute,9,3,3rd,JBC Classic J,3 Nov 2014,Copano Rickey,copano-rickey,Morioka,Dirt,2000,Jpn1,https://db.netkeiba.com/race/201435110310/,https://www.jbis.or.jp/race/result/20141103/210/10/
wonder-acute,10,1,1st,Teio Sho J,25 Jun 2014,Wonder Acute,,Ooi,Dirt,2000,Jpn1,https://db.netkeiba.com/race/201444062512/,https://www.jbis.or.jp/race/result/20140625/220/12/
wonder-acute,11,3,3rd,Kashiwa Kinen J,5 May 2014,Copano Rickey,copano-rickey,Funabashi,Dirt,1600,Jpn1,https://db.netkeiba.com/race/201443050511/,https://www.jbis.or.jp/race/result/20140505/219/11/
wonder-acute,12,6,6th,February Stakes J,23 Feb 2014,Copano Rickey,copano-rickey,Tokyo,Dirt,1600,G1,https://db.netkeiba.com/race/201405010811/,https://www.jbis.or.jp/race/result/20140223/105/11/
wonder-acute,13,2,2nd,Tokyo Daishoten J,29 Dec 2013,Hokko Tarumae,hokko-tarumae,Ooi,Dirt,2000,G1,https://db.netkeiba.com/race/201344122910/,https://www.jbis.or.jp/race/result/20131229/220/10/
wonder-acute,14,2,2nd,Japan Cup Dirt J,1 Dec 2013,Belshazzar,,Hanshin,Dirt,1800,G1,https://db.netkeiba.com/race/201309050211/,https://www.jbis.or.jp/race/result/20131201/109/11/
wonder-acute,15,2,2nd,JBC Classic J,4 Nov 2013,Hokko Tarumae,hokko-tarumae,Kanazawa,Dirt,2100,Jpn1,https://db.netkeiba.com/race/201346110410/,https://www.jbis.or.jp/race/result/20131104/222/10/
wonder-acute,16,1,1st,Nippon TV Hai J,23 Sept 2013,Wonder Acute,,Funabashi,Dirt,1800,Jpn2,https://db.netkeiba.com/race/201343092311/,https://www.jbis.or.jp/race/result/20130923/219/11/
wonder-acute,17,3,3rd,Teio Sho J,26 Jun 2013,Hokko Tarumae,hokko-tarumae,Ooi,Dirt,2000,Jpn1,https://db.netkeiba.com/race/201344062611/,https://www.jbis.or.jp/race/result/20130626/220/11/
wonder-acute,18,3,3rd,February Stakes J,17 Feb 2013,Grape Brandy,,Tokyo,Dirt,1600,G1,https://db.netkeiba.com/race/201305010811/,https://www.jbis.or.jp/race/result/20130217/105/11/
wonder-acute,19,2,2nd,Kawasaki Kinen J,30 Jan 2013,Hatano Vainqueur,,Kawasaki,Dirt,2100,Jpn1,https://db.netkeiba.com/race/201345013011/,https://www.jbis.or.jp/race/result/20130130/221/11/
wonder-acute,20,3,3rd,Tokyo Daishoten J,29 Dec 2012,Roman Legend,,Ooi,Dirt,2000,G1,https://db.netkeiba.com/race/201244122910/,https://www.jbis.or.jp/race/result/20121229/220/10/
wonder-acute,21,2,2nd,Japan Cup Dirt J,2 Dec 2012,Nihonpiro Ours,,Hanshin,Dirt,1800,G1,https://db.netkeiba.com/race/201209050211/,https://www.jbis.or.jp/race/result/20121202/109/11/
wonder-acute,22,1,1st,JBC Classic J,5 Nov 2012,Wonder Acute,,Kawasaki,Dirt,2100,Jpn1,https://db.netkeiba.com/race/201245110511/,https://www.jbis.or.jp/race/result/20121105/221/11/
wonder-acute,23,10,10th,Tokai Stakes J,19 May 2012,Solitary King,,Kyoto,Dirt,1900,G2,https://db.netkeiba.com/race/201208030911/,https://www.jbis.or.jp/race/result/20120519/108/11/
wonder-acute,24,4,4th,Diolite Kinen J,14 Mar 2012,Renforcer,,Funabashi,Dirt,2400,Jpn2,https://db.netkeiba.com/race/201243031411/,https://www.jbis.or.jp/race/result/20120314/219/11/
wonder-acute,25,3,3rd,February Stakes J,19 Feb 2012,Testa Matta,,Tokyo,Dirt,1600,G1,https://db.netkeiba.com/race/201205010811/,https://www.jbis.or.jp/race/result/20120219/105/11/
wonder-acute,26,2,2nd,Tokyo Daishoten J,29 Dec 2011,Smart Falcon,smart-falcon,Ooi,Dirt,2000,G1,https://db.netkeiba.com/race/201144122910/,https://www.jbis.or.jp/race/result/20111229/220/10/
wonder-acute,27,2,2nd,Japan Cup Dirt J,4 Dec 2011,Transcend,transcend,Hanshin,Dirt,1800,G1,https://db.netkeiba.com/race/201109060211/,https://www.jbis.or.jp/race/result/20111204/109/11/
wonder-acute,28,4,4th,Miyako Stakes J,6 Nov 2011,Espoir City,espoir-city,Kyoto,Dirt,1800,G3,https://db.netkeiba.com/race/201108060211/,https://www.jbis.or.jp/race/result/20111106/108/11/
wonder-acute,29,1,1st,Tokai Stakes J,22 May 2011,Wonder Acute,,Kyoto,Dirt,1900,G2,https://db.netkeiba.com/race/201108031011/,https://www.jbis.or.jp/race/result/20110522/108/11/
wonder-acute,30,2,2nd,Antares Stakes J,24 Apr 2011,Gold Blitz,,Kyoto,Dirt,1800,G3,https://db.netkeiba.com/race/201108030211/,https://www.jbis.or.jp/race/result/20110424/108/11/
wonder-acute,31,2,2nd,Nagoya Daishoten J,21 Mar 2011,Espoir City,espoir-city,Nagoya,Dirt,1900,Jpn3,https://db.netkeiba.com/race/201148032110/,https://www.jbis.or.jp/race/result/20110321/224/10/
wonder-acute,32,1,1st,Nigawa Stakes J,6 Mar 2011,Wonder Acute,,Hanshin,Dirt,2000,OP,https://db.netkeiba.com/race/201109010410/,https://www.jbis.or.jp/race/result/20110306/109/10/
wonder-acute,33,2,2nd,Aldebaran Stakes J,12 Feb 2011,Piilani Highway,,Kyoto,Dirt,1900,OP,https://db.netkeiba.com/race/201108020511/,https://www.jbis.or.jp/race/result/20110212/108/11/
wonder-acute,34,10,10th,Tokyo Daishoten J,29 Dec 2010,Smart Falcon,smart-falcon,Ooi,Dirt,2000,Jpn1,https://db.netkeiba.com/race/201044122910/,https://www.jbis.or.jp/race/result/20101229/220/10/
wonder-acute,35,1,1st,Betelgeuse Stakes J,11 Dec 2010,Wonder Acute,,Hanshin,Dirt,2000,OP,https://db.netkeiba.com/race/201009050311/,https://www.jbis.or.jp/race/result/20101211/109/11/
wonder-acute,36,6,6th,Miyako Stakes J,7 Nov 2010,Transcend,transcend,Kyoto,Dirt,1800,G3,https://db.netkeiba.com/race/201008060211/,https://www.jbis.or.jp/race/result/20101107/108/11/
wonder-acute,37,6,6th,Japan Cup Dirt J,6 Dec 2009,Espoir City,espoir-city,Hanshin,Dirt,1800,G1,https://db.netkeiba.com/race/200909050211/,https://www.jbis.or.jp/race/result/20091206/109/11/
wonder-acute,38,1,1st,Musashino Stakes J,7 Nov 2009,Wonder Acute,,Tokyo,Dirt,1600,G3,https://db.netkeiba.com/race/200905050111/,https://www.jbis.or.jp/race/result/20091107/105/11/
wonder-acute,39,1,1st,Sirius Stakes J,3 Oct 2009,Wonder Acute,,Hanshin,Dirt,2000,G3,https://db.netkeiba.com/race/200909040710/,https://www.jbis.or.jp/race/result/20091003/109/10/
wonder-acute,40,1,1st,Auckland Racing Club Trophy J,13 Sept 2009,Wonder Acute,,Hanshin,Dirt,1800,Pre-OP,https://db.netkeiba.com/race/200909040209/,https://www.jbis.or.jp/race/result/20090913/109/09/
wonder-acute,41,5,5th,Leopard Stakes J,23 Aug 2009,Transcend,transcend,Niigata,Dirt,1800,,https://db.netkeiba.com/race/200904030411/,https://www.jbis.or.jp/race/result/20090823/104/11/
wonder-acute,42,5,5th,Japan Dirt Derby J,8 Jul 2009,Testa Matta,,Ooi,Dirt,2000,Jpn1,https://db.netkeiba.com/race/200944070811/,https://www.jbis.or.jp/race/result/20090708/220/11/
wonder-acute,43,1,1st,Aogiri Stakes J,14 Jun 2009,Wonder Acute,,Chukyo,Dirt,1700,Pre-OP,https://db.netkeiba.com/race/200907030808/,https://www.jbis.or.jp/race/result/20090614/107/08/
wonder-acute,44,10,10th,Aoba Sho J,2 May 2009,Apres un Reve,,Tokyo,Turf,2400,Jpn2,https://db.netkeiba.com/race/200905020311/,https://www.jbis.or.jp/race/result/20090502/105/11/
wonder-acute,45,1,1st,3yo Allowance (¥5m & Less) J,22 Mar 2009,Wonder Acute,,Hanshin,Dirt,1800,Pre-OP,https://db.netkeiba.com/race/200909010807/,https://www.jbis.or.jp/race/result/20090322/109/07/
wonder-acute,46,6,6th,3yo Allowance (¥5m & Less) J,8 Mar 2009,Admire Shuttle,,Hanshin,Dirt,1800,Pre-OP,https://db.netkeiba.com/race/200909010406/,https://www.jbis.or.jp/race/result/20090308/109/06/
wonder-acute,47,7,7th,3yo Allowance (¥5m & Less) J,21 Feb 2009,Silk Dandy,,Kyoto,Dirt,1800,Pre-OP,https://db.netkeiba.com/race/200908020706/,https://www.jbis.or.jp/race/result/20090221/108/06/
wonder-acute,48,1,1st,3yo Newcomer Race J,24 Jan 2009,Wonder Acute,,Kyoto,Dirt,1800,Debut,https://db.netkeiba.com/race/200908010702/,https://www.jbis.or.jp/race/result/20090124/108/02/
samson-big,1,6,6th,Kokura Shogai Stakes J,19 Jul 1997,Neo Chimes,,Kokura,Turf,2950,OP,https://db.netkeiba.com/race/199710020308/,https://www.jbis.or.jp/race/result/19970719/110/08/
samson-big,2,8,8th,3yo+ Open J,29 Jun 1997,Fujiyama Daisen,,Fukushima,Turf,2750,OP,https://db.netkeiba.com/race/199703010605/,https://www.jbis.or.jp/race/result/19970629/103/05/
samson-big,3,3,3rd,3yo+ Open J,1 Jun 1997,Polaire,,Chukyo,Turf,2800,OP,https://db.netkeiba.com/race/199707020605/,https://www.jbis.or.jp/race/result/19970601/107/05/
samson-big,4,1,1st,3yo+ Allowance (¥4m & Less) J,8 Jun 1996,Samson Big,,Chukyo,Turf,2800,Pre-OP,https://db.netkeiba.com/race/199607020705/,https://www.jbis.or.jp/race/result/19960608/107/05/
samson-big,5,2,2nd,4yo+ Allowance (¥4m & Less) J,12 May 1996,Upsurge,,Kyoto,Turf → Dirt,2910,Pre-OP,https://db.netkeiba.com/race/199608030805/,https://www.jbis.or.jp/race/result/19960512/108/05/
samson-big,6,2,2nd,4yo+ Allowance (¥4m & Less) J,17 Mar 1996,Kurino Ho O,,Hanshin,Turf → Dirt,3000,Pre-OP,https://db.netkeiba.com/race/199609010805/,https://www.jbis.or.jp/race/result/19960317/109/05/
samson-big,7,4,4th,4yo+ Allowance (¥4m & Less) J,24 Feb 1996,Mister Doctor,,Hanshin,Turf → Dirt,3000,Pre-OP,https://db.netkeiba.com/race/199609010105/,https://www.jbis.or.jp/race/result/19960224/109/05/
samson-big,8,1,1st,4yo+ Maiden Race J,20 Jan 1996,Samson Big,,Kyoto,Turf → Dirt,2910,Maiden,https://db.netkeiba.com/race/199608010705/,https://www.jbis.or.jp/race/result/19960120/108/05/
samson-big,9,13,13th,Aichi Hai J,10 Dec 1995,Sound Barrier,,Chukyo,Turf,2000,G3,https://db.netkeiba.com/race/199507040611/,https://www.jbis.or.jp/race/result/19951210/107/11/
samson-big,10,3,3rd,Akino Stakes J,5 Nov 1995,Wind Fields,,Niigata,Turf,1800,OP,https://db.netkeiba.com/race/199504030411/,https://www.jbis.or.jp/race/result/19951105/104/11/
samson-big,11,8,8th,Opal Stakes J,14 Oct 1995,Nihon Pillow Study,,Kyoto,Turf,1200,OP,https://db.netkeiba.com/race/199508070311/,https://www.jbis.or.jp/race/result/19951014/108/11/
samson-big,12,9,9th,Autumn Sprint Stakes J,30 Sept 1995,Hokuto Phoebus,,Nakayama,Turf,1200,OP,https://db.netkeiba.com/race/199506040711/,https://www.jbis.or.jp/race/result/19950930/106/11/
samson-big,13,10,10th,Seikan Stakes J,3 Sept 1995,Hokuto Phoebus,,Hakodate,Turf,1200,OP,https://db.netkeiba.com/race/199502020211/,https://www.jbis.or.jp/race/result/19950903/102/11/
samson-big,14,13,13th,Marine Stakes J,13 Aug 1995,Nihon Pillow Study,,Hakodate,Turf,1200,OP,https://db.netkeiba.com/race/199502010411/,https://www.jbis.or.jp/race/result/19950813/102/11/
samson-big,15,12,12th,Tokai Stakes J,2 Jul 1995,Cheers Atom,,Chukyo,Dirt,1700,OP,https://db.netkeiba.com/race/199507030611/,https://www.jbis.or.jp/race/result/19950702/107/11/
samson-big,16,10,10th,Kinko Sho J,18 Jun 1995,Samani Beppin,,Chukyo,Turf,1800,G3,https://db.netkeiba.com/race/199507030211/,https://www.jbis.or.jp/race/result/19950618/107/11/
samson-big,17,7,7th,Hankyu Hai J,3 Jun 1995,Bodyguard,,Kyoto,Turf,1400,G3,https://db.netkeiba.com/race/199508010711/,https://www.jbis.or.jp/race/result/19950603/108/11/
samson-big,18,15,15th,Silk Road Stakes J,6 May 1995,Gold Mountain,,Kyoto,Turf,1200,OP,https://db.netkeiba.com/race/199508050511/,https://www.jbis.or.jp/race/result/19950506/108/11/
samson-big,19,16,16th,Ritto Stakes J,22 Apr 1995,Marutaka Toko,,Kyoto,Dirt,1400,OP,https://db.netkeiba.com/race/199508050111/,https://www.jbis.or.jp/race/result/19950422/108/11/
samson-big,20,,DNF,Aichi Hai J,11 Dec 1994,Tenzan Yutaka,,Chukyo,Turf,2000,G3,https://db.netkeiba.com/race/199407040611/,https://www.jbis.or.jp/race/result/19941211/107/11/
samson-big,21,15,15th,Kikuka Sho J,6 Nov 1994,Narita Brian,narita-brian,Kyoto,Turf,3000,G1,https://db.netkeiba.com/race/199408010210/,https://www.jbis.or.jp/race/result/19941106/108/10/
samson-big,22,18,18th,Tokyo Yushun (Japanese Derby) J,29 May 1994,Narita Brian,narita-brian,Tokyo,Turf,2400,G1,https://db.netkeiba.com/race/199405030409/,https://www.jbis.or.jp/race/result/19940529/105/09/
samson-big,23,14,14th,Kyoto Yonsai Tokubetsu J,8 May 1994,Iide Liner,,Hanshin,Turf,2000,G3,https://db.netkeiba.com/race/199409040611/,https://www.jbis.or.jp/race/result/19940508/109/11/
samson-big,24,17,17th,Satsuki Sho J,17 Apr 1994,Narita Brian,narita-brian,Nakayama,Turf,2000,G1,https://db.netkeiba.com/race/199406030810/,https://www.jbis.or.jp/race/result/19940417/106/10/
samson-big,25,9,9th,Spring Stakes J,27 Mar 1994,Narita Brian,narita-brian,Nakayama,Turf,1800,G2,https://db.netkeiba.com/race/199406030211/,https://www.jbis.or.jp/race/result/19940327/106/11/
samson-big,26,1,1st,Kisaragi Sho J,6 Feb 1994,Samson Big,,Hanshin,Turf,2000,G3,https://db.netkeiba.com/race/199409020410/,https://www.jbis.or.jp/race/result/19940206/109/10/
samson-big,27,11,11th,Shinzan Kinen J,16 Jan 1994,Namura Kokuo,,Hanshin,Turf,1600,G3,https://db.netkeiba.com/race/199409010611/,https://www.jbis.or.jp/race/result/19940116/109/11/
samson-big,28,13,13th,Asahi Hai Sansai Stakes J,12 Dec 1993,Narita Brian,narita-brian,Nakayama,Turf,1600,G1,https://db.netkeiba.com/race/199306050411/,https://www.jbis.or.jp/race/result/19931212/106/11/
samson-big,29,2,2nd,Fukushima Sansai Stakes J,20 Nov 1993,Taiki Wolf,,Fukushima,Turf,1200,OP,https://db.netkeiba.com/race/199303030709/,https://www.jbis.or.jp/race/result/19931120/103/09/
samson-big,30,14,14th,Daily Hai Sansai Stakes J,6 Nov 1993,Bodyguard,,Kyoto,Turf,1400,G2,https://db.netkeiba.com/race/199308060111/,https://www.jbis.or.jp/race/result/19931106/108/11/
samson-big,31,3,3rd,Hagi Stakes J,23 Oct 1993,Inazuma Takao,,Kyoto,Turf,1200,OP,https://db.netkeiba.com/race/199308050508/,https://www.jbis.or.jp/race/result/19931023/108/08/
samson-big,32,2,2nd,Hakodate Sansai Stakes J,26 Sept 1993,Marry God,,Hakodate,Turf,1200,G3,https://db.netkeiba.com/race/199302020810/,https://www.jbis.or.jp/race/result/19930926/102/10/
samson-big,33,5,5th,Clover Sho J,29 Aug 1993,Lioness Tosho,,Hakodate,Turf,1200,OP,https://db.netkeiba.com/race/199302010810/,https://www.jbis.or.jp/race/result/19930829/102/10/
samson-big,34,15,15th,Sapporo Sansai Stakes J,1 Aug 1993,Mellow Fruits,,Sapporo,Turf,1200,G3,https://db.netkeiba.com/race/199301020811/,https://www.jbis.or.jp/race/result/19930801/101/11/
samson-big,35,1,1st,2yo Newcomer Race J,10 Jul 1993,Samson Big,,Sapporo,Dirt,1000,Debut,https://db.netkeiba.com/race/199301020106/,https://www.jbis.or.jp/race/result/19930710/101/06/
sounds-of-earth,1,16,16th,Arima Kinen J,23 Dec 2018,Blast Onepiece,blast-onepiece,Nakayama,Turf,2500,G1,https://db.netkeiba.com/race/201806050811/,https://www.jbis.or.jp/race/result/20181223/106/11/
sounds-of-earth,2,14,14th,Japan Cup J,25 Nov 2018,Almond Eye,almond-eye,Tokyo,Turf,2400,G1,https://db.netkeiba.com/race/201805050811/,https://www.jbis.or.jp/race/result/20181125/105/11/
sounds-of-earth,3,9,9th,Mainichi Okan J,7 Oct 2018,Aerolithe,,Tokyo,Turf,1800,G2,https://db.netkeiba.com/race/201805040211/,https://www.jbis.or.jp/race/result/20181007/105/11/
sounds-of-earth,4,4,4th,Sapporo Kinen J,19 Aug 2018,Sungrazer,,Sapporo,Turf,2000,G2,https://db.netkeiba.com/race/201801020211/,https://www.jbis.or.jp/race/result/20180819/101/11/
sounds-of-earth,5,12,12th,Meguro Kinen J,27 May 2018,Win Tenderness,,Tokyo,Turf,2500,G2,https://db.netkeiba.com/race/201805021212/,https://www.jbis.or.jp/race/result/20180527/105/12/
sounds-of-earth,6,7,7th,Arima Kinen J,24 Dec 2017,Kitasan Black,kitasan-black,Nakayama,Turf,2500,G1,https://db.netkeiba.com/race/201706050811/,https://www.jbis.or.jp/race/result/20171224/106/11/
sounds-of-earth,7,12,12th,Japan Cup J,26 Nov 2017,Cheval Grand,cheval-grand,Tokyo,Turf,2400,G1,https://db.netkeiba.com/race/201705050811/,https://www.jbis.or.jp/race/result/20171126/105/11/
sounds-of-earth,8,13,13th,Kyoto Daishoten J,9 Oct 2017,Smart Layer,,Kyoto,Turf,2400,G2,https://db.netkeiba.com/race/201708040311/,https://www.jbis.or.jp/race/result/20171009/108/11/
sounds-of-earth,9,4,4th,Sapporo Kinen J,20 Aug 2017,Sakura Empereur,,Sapporo,Turf,2000,G2,https://db.netkeiba.com/race/201701020211/,https://www.jbis.or.jp/race/result/20170820/101/11/
sounds-of-earth,10,6,6th,Dubai Sheema Classic,25 Mar 2017,Jack Hobbs,,Meydan,Turf,2410,G1,https://db.netkeiba.com/race/2017J0032508/,
sounds-of-earth,11,8,8th,Arima Kinen J,25 Dec 2016,Satono Diamond,satono-diamond,Nakayama,Turf,2500,G1,https://db.netkeiba.com/race/201606050910/,https://www.jbis.or.jp/race/result/20161225/106/10/
sounds-of-earth,12,2,2nd,Japan Cup J,27 Nov 2016,Kitasan Black,kitasan-black,Tokyo,Turf,2400,G1,https://db.netkeiba.com/race/201605050811/,https://www.jbis.or.jp/race/result/20161127/105/11/
sounds-of-earth,13,4,4th,Kyoto Daishoten J,10 Oct 2016,Kitasan Black,kitasan-black,Kyoto,Turf,2400,G2,https://db.netkeiba.com/race/201608040311/,https://www.jbis.or.jp/race/result/20161010/108/11/
sounds-of-earth,14,15,15th,Tenno Sho (Spring) J,1 May 2016,Kitasan Black,kitasan-black,Kyoto,Turf,3200,G1,https://db.netkeiba.com/race/201608030411/,https://www.jbis.or.jp/race/result/20160501/108/11/
sounds-of-earth,15,2,2nd,Nikkei Sho J,26 Mar 2016,Gold Actor,,Nakayama,Turf,2500,G2,https://db.netkeiba.com/race/201606030111/,https://www.jbis.or.jp/race/result/20160326/106/11/
sounds-of-earth,16,2,2nd,Arima Kinen J,27 Dec 2015,Gold Actor,,Nakayama,Turf,2500,G1,https://db.netkeiba.com/race/201506050810/,https://www.jbis.or.jp/race/result/20151227/106/10/
sounds-of-earth,17,5,5th,Japan Cup J,29 Nov 2015,Shonan Pandora,,Tokyo,Turf,2400,G1,https://db.netkeiba.com/race/201505050911/,https://www.jbis.or.jp/race/result/20151129/105/11/
sounds-of-earth,18,2,2nd,Kyoto Daishoten J,12 Oct 2015,Lovely Day,,Kyoto,Turf,2400,G2,https://db.netkeiba.com/race/201508040311/,https://www.jbis.or.jp/race/result/20151012/108/11/
sounds-of-earth,19,9,9th,Tenno Sho (Spring) J,3 May 2015,Gold Ship,gold-ship,Kyoto,Turf,3200,G1,https://db.netkeiba.com/race/201508030411/,https://www.jbis.or.jp/race/result/20150503/108/11/
sounds-of-earth,20,4,4th,Nikkei Sho J,28 Mar 2015,Admire Deus,,Nakayama,Turf,2500,G2,https://db.netkeiba.com/race/201506030111/,https://www.jbis.or.jp/race/result/20150328/106/11/
sounds-of-earth,21,2,2nd,Kikuka Sho J,26 Oct 2014,Toho Jackal,,Kyoto,Turf,3000,G1,https://db.netkeiba.com/race/201408040711/,https://www.jbis.or.jp/race/result/20141026/108/11/
sounds-of-earth,22,2,2nd,Kobe Shimbun Hai J,28 Sept 2014,One and Only,,Hanshin,Turf,2400,G2,https://db.netkeiba.com/race/201409040611/,https://www.jbis.or.jp/race/result/20140928/109/11/
sounds-of-earth,23,11,11th,Tokyo Yushun (Japanese Derby) J,1 Jun 2014,One and Only,,Tokyo,Turf,2400,G1,https://db.netkeiba.com/race/201405021210/,https://www.jbis.or.jp/race/result/20140601/105/10/
sounds-of-earth,24,2,2nd,Kyoto Shimbun Hai J,10 May 2014,Hagino Hybrid,,Kyoto,Turf,2200,G2,https://db.netkeiba.com/race/201408030511/,https://www.jbis.or.jp/race/result/20140510/108/11/
sounds-of-earth,25,1,1st,Hanamizuki Sho J,19 Apr 2014,Sounds of Earth,,Hanshin,Turf,2000,Pre-OP,https://db.netkeiba.com/race/201409020709/,https://www.jbis.or.jp/race/result/20140419/109/09/
sounds-of-earth,26,3,3rd,Wakaba Stakes J,22 Mar 2014,Admire Deus,,Hanshin,Turf,2000,OP,https://db.netkeiba.com/race/201409010711/,https://www.jbis.or.jp/race/result/20140322/109/11/
sounds-of-earth,27,1,1st,3yo Maiden Race J,22 Feb 2014,Sounds of Earth,,Kyoto,Turf,2000,Maiden,https://db.netkeiba.com/race/201408020705/,https://www.jbis.or.jp/race/result/20140222/108/05/
sounds-of-earth,28,4,4th,2yo Maiden Race J,16 Nov 2013,Shingan,,Kyoto,Turf,1800,Maiden,https://db.netkeiba.com/race/201308050503/,https://www.jbis.or.jp/race/result/20131116/108/03/
sounds-of-earth,29,2,2nd,2yo Maiden Race J,2 Nov 2013,Satono Rob Roy,,Kyoto,Turf,1800,Maiden,https://db.netkeiba.com/race/201308050104/,https://www.jbis.or.jp/race/result/20131102/108/04/
sounds-of-earth,30,5,5th,2yo Newcomer Race J,13 Oct 2013,A Shin Allonsy,,Kyoto,Turf,2000,Debut,https://db.netkeiba.com/race/201308040404/,https://www.jbis.or.jp/race/result/20131013/108/04/
royce-and-royce,1,11,11th,Tenno Sho (Spring) J,21 Apr 1996,Sakura Laurel,sakura-laurel,Kyoto,Turf,3200,G1,https://db.netkeiba.com/race/199608030210/,https://www.jbis.or.jp/race/result/19960421/108/10/
royce-and-royce,2,8,8th,Nikkei Sho J,17 Mar 1996,Hokkai Rousseau,,Nakayama,Turf,2500,G2,https://db.netkeiba.com/race/199606010811/,https://www.jbis.or.jp/race/result/19960317/106/11/
royce-and-royce,3,4,4th,American Jockey Club Cup J,21 Jan 1996,Kanetsu Cross,,Tokyo,Turf,2200,G2,https://db.netkeiba.com/race/199605010811/,https://www.jbis.or.jp/race/result/19960121/105/11/
royce-and-royce,4,7,7th,Arima Kinen J,24 Dec 1995,Mayano Top Gun,mayano-top-gun,Nakayama,Turf,2500,G1,https://db.netkeiba.com/race/199506050809/,https://www.jbis.or.jp/race/result/19951224/106/09/
royce-and-royce,5,7,7th,Japan Cup J,26 Nov 1995,Lando,,Tokyo,Turf,2400,G1,https://db.netkeiba.com/race/199505050810/,https://www.jbis.or.jp/race/result/19951126/105/10/
royce-and-royce,6,3,3rd,Fuji Stakes J,12 Nov 1995,Fujiyama Kenzan,,Tokyo,Turf,1800,OP,https://db.netkeiba.com/race/199505050411/,https://www.jbis.or.jp/race/result/19951112/105/11/
royce-and-royce,7,4,4th,Osaka Hai J,2 Apr 1995,Inter My Way,,Kyoto,Turf,2000,G2,https://db.netkeiba.com/race/199508040411/,https://www.jbis.or.jp/race/result/19950402/108/11/
royce-and-royce,8,3,3rd,Japan Cup J,27 Nov 1994,Marvelous Crown,,Tokyo,Turf,2400,G1,https://db.netkeiba.com/race/199405050810/,https://www.jbis.or.jp/race/result/19941127/105/10/
royce-and-royce,9,3,3rd,Tenno Sho (Autumn) J,30 Oct 1994,Nehai Caesar,,Tokyo,Turf,2000,G1,https://db.netkeiba.com/race/199405040810/,https://www.jbis.or.jp/race/result/19941030/105/10/
royce-and-royce,10,3,3rd,All Comers J,18 Sept 1994,Biwa Hayahide,biwa-hayahide,Nakayama,Turf,2200,G3,https://db.netkeiba.com/race/199406040411/,https://www.jbis.or.jp/race/result/19940918/106/11/
royce-and-royce,11,1,1st,Sarobetsu Stakes J,6 Aug 1994,Royce and Royce,,Sapporo,Turf,2000,Pre-OP,https://db.netkeiba.com/race/199401030111/,https://www.jbis.or.jp/race/result/19940806/101/11/
royce-and-royce,12,8,8th,Epsom Cup J,11 Jun 1994,Wako Chikako,,Tokyo,Turf,1800,G3,https://db.netkeiba.com/race/199405030711/,https://www.jbis.or.jp/race/result/19940611/105/11/
royce-and-royce,13,1,1st,Murasaki Sho J,29 May 1994,Royce and Royce,,Tokyo,Turf,1800,Pre-OP,https://db.netkeiba.com/race/199405030408/,https://www.jbis.or.jp/race/result/19940529/105/08/
royce-and-royce,14,2,2nd,Kumpu Stakes J,7 May 1994,Sakura Ryusei,,Tokyo,Turf,2000,Pre-OP,https://db.netkeiba.com/race/199405020511/,https://www.jbis.or.jp/race/result/19940507/105/11/
royce-and-royce,15,5,5th,Toji Stakes J,18 Dec 1993,Chamade Symboli,,Nakayama,Turf,2500,Pre-OP,https://db.netkeiba.com/race/199306050510/,https://www.jbis.or.jp/race/result/19931218/106/10/
royce-and-royce,16,7,7th,Kikuka Sho J,7 Nov 1993,Biwa Hayahide,biwa-hayahide,Kyoto,Turf,3000,G1,https://db.netkeiba.com/race/199308060210/,https://www.jbis.or.jp/race/result/19931107/108/10/
royce-and-royce,17,2,2nd,St. Lite Kinen J,26 Sept 1993,Rugger Champion,,Nakayama,Turf,2200,G2,https://db.netkeiba.com/race/199306040611/,https://www.jbis.or.jp/race/result/19930926/106/11/
royce-and-royce,18,2,2nd,Akakura Tokubetsu J,28 Aug 1993,Sun Bridge City,,Niigata,Turf,2000,Pre-OP,https://db.netkeiba.com/race/199304030510/,https://www.jbis.or.jp/race/result/19930828/104/10/
royce-and-royce,19,2,2nd,Sasayama Tokubetsu J,8 Aug 1993,Magic Morning,,Niigata,Turf,1800,Pre-OP,https://db.netkeiba.com/race/199304020812/,https://www.jbis.or.jp/race/result/19930808/104/12/
royce-and-royce,20,3,3rd,Radio Tampa Sho J,4 Jul 1993,A.P.Grand Prix,,Fukushima,Turf,1800,G3,https://db.netkeiba.com/race/199303010611/,https://www.jbis.or.jp/race/result/19930704/103/11/
royce-and-royce,21,1,1st,3yo Maiden Race J,6 Jun 1993,Royce and Royce,,Tokyo,Turf,1800,Maiden,https://db.netkeiba.com/race/199305030604/,https://www.jbis.or.jp/race/result/19930606/105/04/
royce-and-royce,22,3,3rd,Aoba Sho J,1 May 1993,Stage Champ,,Tokyo,Turf,2400,OP,https://db.netkeiba.com/race/199305020311/,https://www.jbis.or.jp/race/result/19930501/105/11/
royce-and-royce,23,2,2nd,3yo Maiden Race J,3 Apr 1993,Sakura Rhythm O,,Nakayama,Turf,2200,Maiden,https://db.netkeiba.com/race/199306030306/,https://www.jbis.or.jp/race/result/19930403/106/06/
royce-and-royce,24,2,2nd,3yo Maiden Race J,13 Mar 1993,Kikuno Senri,,Nakayama,Turf,2000,Maiden,https://db.netkeiba.com/race/199306020503/,https://www.jbis.or.jp/race/result/19930313/106/03/
royce-and-royce,25,2,2nd,3yo Maiden Race J,28 Feb 1993,Max Digger,,Nakayama,Turf,2200,Maiden,https://db.netkeiba.com/race/199306020206/,https://www.jbis.or.jp/race/result/19930228/106/06/
royce-and-royce,26,3,3rd,3yo Maiden Race J,14 Feb 1993,Northern Rainbow,,Tokyo,Dirt,1600,Maiden,https://db.netkeiba.com/race/199305010602/,https://www.jbis.or.jp/race/result/19930214/105/02/
royce-and-royce,27,2,2nd,2yo Newcomer Race J,26 Dec 1992,Shinko Yamabuki,,Nakayama,Turf,2000,Debut,https://db.netkeiba.com/race/199206050704/,https://www.jbis.or.jp/race/result/19921226/106/04/
royce-and-royce,28,2,2nd,2yo Newcomer Race J,13 Dec 1992,Quest for Best,,Nakayama,Turf,1600,Debut,https://db.netkeiba.com/race/199206050404/,https://www.jbis.or.jp/race/result/19921213/106/04/
katsuragi-ace,1,2,2nd,Arima Kinen,23 Dec 1984,Symboli Rudolf,symboli-rudolf,Nakayama,Turf,2500,G1,https://db.netkeiba.com/race/198406050810/,
katsuragi-ace,2,1,1st,Japan Cup,25 Nov 1984,Katsuragi Ace,,Tokyo,Turf,2400,G1,https://db.netkeiba.com/race/198405050810/,
katsuragi-ace,3,5,5th,Tenno Sho (Autumn),28 Oct 1984,Mr. C.B.,mr-cb,Tokyo,Turf,2000,G1,https://db.netkeiba.com/race/198405040810/,
katsuragi-ace,4,1,1st,Mainichi Okan,7 Oct 1984,Katsuragi Ace,,Tokyo,Turf,1800,G2,https://db.netkeiba.com/race/198405040210/,
katsuragi-ace,5,5,5th,Takamatsunomiya Hai,24 Jun 1984,Kyoei Rare,,Chukyo,Turf,2000,G2,https://db.netkeiba.com/race/198407020411/,
katsuragi-ace,6,1,1st,Takarazuka Kinen,3 Jun 1984,Katsuragi Ace,,Hanshin,Turf,2200,G1,https://db.netkeiba.com/race/198409030610/,
katsuragi-ace,7,1,1st,Keihan Hai,13 May 1984,Katsuragi Ace,,Kyoto,Turf,2000,G3,https://db.netkeiba.com/race/198408030811/,
katsuragi-ace,8,1,1st,Osaka Hai,1 Apr 1984,Katsuragi Ace,,Hanshin,Turf,2000,G2,https://db.netkeiba.com/race/198409020411/,
katsuragi-ace,9,4,4th,Naruo Kinen,11 Mar 1984,Hashi Rodi,,Hanshin,Turf,2500,G2,https://db.netkeiba.com/race/198409010611/,
katsuragi-ace,10,20,20th,Kikuka Sho,13 Nov 1983,Mr. C.B.,mr-cb,Kyoto,Turf,3000,OP,https://db.netkeiba.com/race/198308050410/,
katsuragi-ace,11,1,1st,Kyoto Shimbun Hai,23 Oct 1983,Katsuragi Ace,,Kyoto,Turf,2000,OP,https://db.netkeiba.com/race/198308040611/,
katsuragi-ace,12,2,2nd,Kobe Shimbun Hai,2 Oct 1983,Suzuka Koban,,Hanshin,Turf,2000,OP,https://db.netkeiba.com/race/198309040811/,
katsuragi-ace,13,2,2nd,Chukyo Yonsai Tokubetsu,26 Jun 1983,Nihon Pillow Winner,,Chukyo,Turf,1400,OP,https://db.netkeiba.com/race/198307020407/,
katsuragi-ace,14,6,6th,Tokyo Yushun (Japanese Derby),29 May 1983,Mr. C.B.,mr-cb,Tokyo,Turf,2400,OP,https://db.netkeiba.com/race/198305030409/,
katsuragi-ace,15,1,1st,NHK Hai,8 May 1983,Katsuragi Ace,,Tokyo,Turf,2000,OP,https://db.netkeiba.com/race/198305020611/,
katsuragi-ace,16,11,11th,Satsuki Sho,17 Apr 1983,Mr. C.B.,mr-cb,Nakayama,Turf,2000,OP,https://db.netkeiba.com/race/198306030810/,
katsuragi-ace,17,1,1st,Shunran Sho,19 Mar 1983,Katsuragi Ace,,Hanshin,Turf,2000,Pre-OP,https://db.netkeiba.com/race/198309010709/,
katsuragi-ace,18,13,13th,Yonsai Stakes,20 Feb 1983,Uzumasa Ryu,,Kyoto,Turf,1600,OP,https://db.netkeiba.com/race/198308020810/,
katsuragi-ace,19,3,3rd,Radio Tampa Sho Sansai Stakes,27 Nov 1982,Mejiro Mont Cenis,,Kyoto,Turf,1600,OP,https://db.netkeiba.com/race/198208060710/,
katsuragi-ace,20,1,1st,Rindo Tokubetsu,16 Oct 1982,Katsuragi Ace,,Kyoto,Turf,1200,Pre-OP,https://db.netkeiba.com/race/198208050308/,
katsuragi-ace,21,2,2nd,Hagi Tokubetsu,3 Oct 1982,Mejiro Mont Cenis,,Hanshin,Turf,1400,Pre-OP,https://db.netkeiba.com/race/198209050808/,
katsuragi-ace,22,1,1st,2yo Newcomer Race,19 Sept 1982,Katsuragi Ace,,Hanshin,Turf,1200,Debut,https://db.netkeiba.com/race/198209050406/,
neo-universe,1,10,10th,Tenno Sho (Spring) J,2 May 2004,Ingrandire,,Kyoto,Turf,3200,G1,https://db.netkeiba.com/race/200408030411/,https://www.jbis.or.jp/race/result/20040502/108/11/
neo-universe,2,1,1st,Osaka Hai J,4 Apr 2004,Neo Universe,,Hanshin,Turf,2000,G2,https://db.netkeiba.com/race/200409020411/,https://www.jbis.or.jp/race/result/20040404/109/11/
neo-universe,3,4,4th,Japan Cup J,30 Nov 2003,Tap Dance City,tap-dance-city,Tokyo,Turf,2400,G1,https://db.netkeiba.com/race/200305040810/,https://www.jbis.or.jp/race/result/20031130/105/10/
neo-universe,4,3,3rd,Kikuka Sho J,26 Oct 2003,That's the Plenty,,Kyoto,Turf,3000,G1,https://db.netkeiba.com/race/200308040611/,https://www.jbis.or.jp/race/result/20031026/108/11/
neo-universe,5,3,3rd,Kobe Shimbun Hai J,28 Sept 2003,Zenno Rob Roy,zenno-rob-roy,Hanshin,Turf,2000,G2,https://db.netkeiba.com/race/200309040611/,https://www.jbis.or.jp/race/result/20030928/109/11/
neo-universe,6,4,4th,Takarazuka Kinen J,29 Jun 2003,Hishi Miracle,hishi-miracle,Hanshin,Turf,2200,G1,https://db.netkeiba.com/race/200309030411/,https://www.jbis.or.jp/race/result/20030629/109/11/
neo-universe,7,1,1st,Tokyo Yushun (Japanese Derby) J,1 Jun 2003,Neo Universe,,Tokyo,Turf,2400,G1,https://db.netkeiba.com/race/200305020410/,https://www.jbis.or.jp/race/result/20030601/105/10/
neo-universe,8,1,1st,Satsuki Sho J,20 Apr 2003,Neo Universe,,Nakayama,Turf,2000,G1,https://db.netkeiba.com/race/200306040811/,https://www.jbis.or.jp/race/result/20030420/106/11/
neo-universe,9,1,1st,Spring Stakes J,23 Mar 2003,Neo Universe,,Nakayama,Turf,1800,G2,https://db.netkeiba.com/race/200306030811/,https://www.jbis.or.jp/race/result/20030323/106/11/
neo-universe,10,1,1st,Kisaragi Sho J,16 Feb 2003,Neo Universe,,Kyoto,Turf,1800,G3,https://db.netkeiba.com/race/200308020611/,https://www.jbis.or.jp/race/result/20030216/108/11/
neo-universe,11,1,1st,Shiraume Sho J,18 Jan 2003,Neo Universe,,Kyoto,Turf,1600,Pre-OP,https://db.netkeiba.com/race/200308010510/,https://www.jbis.or.jp/race/result/20030118/108/10/
neo-universe,12,3,3rd,Chukyo Nisai Stakes J,14 Dec 2002,Hoshi Commander,,Chukyo,Turf,1800,OP,https://db.netkeiba.com/race/200207030510/,https://www.jbis.or.jp/race/result/20021214/107/10/
neo-universe,13,1,1st,2yo Newcomer Race J,9 Nov 2002,Neo Universe,,Kyoto,Turf,1400,Debut,https://db.netkeiba.com/race/200208050305/,https://www.jbis.or.jp/race/result/20021109/108/05/
hishi-miracle,1,16,16th,Tenno Sho (Spring) J,1 May 2005,Suzuka Mambo,,Kyoto,Turf,3200,G1,https://db.netkeiba.com/race/200508030411/,https://www.jbis.or.jp/race/result/20050501/108/11/
hishi-miracle,2,3,3rd,Kyoto Kinen J,19 Feb 2005,Narita Century,,Kyoto,Turf,2200,G2,https://db.netkeiba.com/race/200508020711/,https://www.jbis.or.jp/race/result/20050219/108/11/
hishi-miracle,3,14,14th,Arima Kinen J,26 Dec 2004,Zenno Rob Roy,zenno-rob-roy,Nakayama,Turf,2500,G1,https://db.netkeiba.com/race/200406050809/,https://www.jbis.or.jp/race/result/20041226/106/09/
hishi-miracle,4,9,9th,Japan Cup J,28 Nov 2004,Zenno Rob Roy,zenno-rob-roy,Tokyo,Turf,2400,G1,https://db.netkeiba.com/race/200405050811/,https://www.jbis.or.jp/race/result/20041128/105/11/
hishi-miracle,5,16,16th,Tenno Sho (Autumn) J,31 Oct 2004,Zenno Rob Roy,zenno-rob-roy,Tokyo,Turf,2000,G1,https://db.netkeiba.com/race/200405040811/,https://www.jbis.or.jp/race/result/20041031/105/11/
hishi-miracle,6,2,2nd,Kyoto Daishoten J,12 Oct 2003,Tap Dance City,tap-dance-city,Kyoto,Turf,2400,G2,https://db.netkeiba.com/race/200308040211/,https://www.jbis.or.jp/race/result/20031012/108/11/
hishi-miracle,7,1,1st,Takarazuka Kinen J,29 Jun 2003,Hishi Miracle,,Hanshin,Turf,2200,G1,https://db.netkeiba.com/race/200309030411/,https://www.jbis.or.jp/race/result/20030629/109/11/
hishi-miracle,8,1,1st,Tenno Sho (Spring) J,4 May 2003,Hishi Miracle,,Kyoto,Turf,3200,G1,https://db.netkeiba.com/race/200308030411/,https://www.jbis.or.jp/race/result/20030504/108/11/
hishi-miracle,9,7,7th,Osaka Hai J,6 Apr 2003,Tagano My Bach,,Hanshin,Turf,2000,G2,https://db.netkeiba.com/race/200309020411/,https://www.jbis.or.jp/race/result/20030406/109/11/
hishi-miracle,10,12,12th,Hanshin Daishoten J,23 Mar 2003,Daitaku Bertram,,Hanshin,Turf,3000,G2,https://db.netkeiba.com/race/200309010811/,https://www.jbis.or.jp/race/result/20030323/109/11/
hishi-miracle,11,11,11th,Arima Kinen J,22 Dec 2002,Symboli Kris S,symboli-kris-s,Nakayama,Turf,2500,G1,https://db.netkeiba.com/race/200206050809/,https://www.jbis.or.jp/race/result/20021222/106/09/
hishi-miracle,12,1,1st,Kikuka Sho J,20 Oct 2002,Hishi Miracle,,Kyoto,Turf,3000,G1,https://db.netkeiba.com/race/200208040611/,https://www.jbis.or.jp/race/result/20021020/108/11/
hishi-miracle,13,6,6th,Kobe Shimbun Hai J,22 Sept 2002,Symboli Kris S,symboli-kris-s,Hanshin,Turf,2000,G2,https://db.netkeiba.com/race/200209040611/,https://www.jbis.or.jp/race/result/20020922/109/11/
hishi-miracle,14,1,1st,Nowaki Tokubetsu J,8 Sept 2002,Hishi Miracle,,Hanshin,Turf,2000,Pre-OP,https://db.netkeiba.com/race/200209040209/,https://www.jbis.or.jp/race/result/20020908/109/09/
hishi-miracle,15,3,3rd,Toyako Tokubetsu J,4 Aug 2002,Pregio,,Hakodate,Turf,2000,Pre-OP,https://db.netkeiba.com/race/200202020810/,https://www.jbis.or.jp/race/result/20020804/102/10/
hishi-miracle,16,3,3rd,Sado Tokubetsu J,20 Jul 2002,Precious Song,,Niigata,Turf,2200,Pre-OP,https://db.netkeiba.com/race/200204020311/,https://www.jbis.or.jp/race/result/20020720/104/11/
hishi-miracle,17,1,1st,Mefu Tokubetsu J,22 Jun 2002,Hishi Miracle,,Hanshin,Turf,2200,Pre-OP,https://db.netkeiba.com/race/200209030309/,https://www.jbis.or.jp/race/result/20020622/109/09/
hishi-miracle,18,2,2nd,Bupposo Tokubetsu J,8 Jun 2002,Act Naturally,,Chukyo,Turf,2000,Pre-OP,https://db.netkeiba.com/race/200207020709/,https://www.jbis.or.jp/race/result/20020608/107/09/
hishi-miracle,19,1,1st,3yo Maiden Race J,26 May 2002,Hishi Miracle,,Chukyo,Turf,2000,Maiden,https://db.netkeiba.com/race/200207020402/,https://www.jbis.or.jp/race/result/20020526/107/02/
hishi-miracle,20,6,6th,3yo Maiden Race J,4 May 2002,Saffron Blizzard,,Kyoto,Turf,1800,Maiden,https://db.netkeiba.com/race/200208030606/,https://www.jbis.or.jp/race/result/20020504/108/06/
hishi-miracle,21,4,4th,3yo Maiden Race J,20 Apr 2002,Hoshino Sasayaki,,Kyoto,Turf,1800,Maiden,https://db.netkeiba.com/race/200208030102/,https://www.jbis.or.jp/race/result/20020420/108/02/
hishi-miracle,22,3,3rd,2yo Maiden Race J,4 Nov 2001,Namura Thanks,,Kyoto,Turf,1800,Maiden,https://db.netkeiba.com/race/200108050202/,https://www.jbis.or.jp/race/result/20011104/108/02/
hishi-miracle,23,2,2nd,2yo Maiden Race J,21 Oct 2001,Fujiyama Wild,,Kyoto,Turf,1800,Maiden,https://db.netkeiba.com/race/200108040603/,https://www.jbis.or.jp/race/result/20011021/108/03/
hishi-miracle,24,5,5th,2yo Maiden Race J,7 Oct 2001,Chitose Success,,Kyoto,Turf,2000,Maiden,https://db.netkeiba.com/race/200108040201/,https://www.jbis.or.jp/race/result/20011007/108/01/
hishi-miracle,25,9,9th,2yo Maiden Race J,23 Sept 2001,Setono Akebono,,Hanshin,Turf,1200,Maiden,https://db.netkeiba.com/race/200109040601/,https://www.jbis.or.jp/race/result/20010923/109/01/
hishi-miracle,26,8,8th,2yo Maiden Race J,8 Sept 2001,Yamanin Ideal,,Hanshin,Turf,1200,Maiden,https://db.netkeiba.com/race/200109040101/,https://www.jbis.or.jp/race/result/20010908/109/01/
hishi-miracle,27,11,11th,2yo Newcomer Race J,25 Aug 2001,Meiner Prairie,,Kokura,Turf,1200,Debut,https://db.netkeiba.com/race/200110030506/,https://www.jbis.or.jp/race/result/20010825/110/06/
hishi-miracle,28,7,7th,2yo Newcomer Race J,11 Aug 2001,River Treasure,,Kokura,Turf,1200,Debut,https://db.netkeiba.com/race/200110030107/,https://www.jbis.or.jp/race/result/20010811/110/07/
tap-dance-city,1,12,12th,Arima Kinen J,25 Dec 2005,Heart's Cry,,Nakayama,Turf,2500,G1,https://db.netkeiba.com/race/200506050809/,https://www.jbis.or.jp/race/result/20051225/106/09/
tap-dance-city,2,10,10th,Japan Cup J,27 Nov 2005,Alkaased,,Tokyo,Turf,2400,G1,https://db.netkeiba.com/race/200505050810/,https://www.jbis.or.jp/race/result/20051127/105/10/
tap-dance-city,3,9,9th,Tenno Sho (Autumn) J,30 Oct 2005,Heavenly Romance,,Tokyo,Turf,2000,G1,https://db.netkeiba.com/race/200505040810/,https://www.jbis.or.jp/race/result/20051030/105/10/
tap-dance-city,4,7,7th,Takarazuka Kinen J,26 Jun 2005,Sweep Tosho,sweep-tosho,Hanshin,Turf,2200,G1,https://db.netkeiba.com/race/200509030411/,https://www.jbis.or.jp/race/result/20050626/109/11/
tap-dance-city,5,1,1st,Kinko Sho J,28 May 2005,Tap Dance City,,Chukyo,Turf,2000,G2,https://db.netkeiba.com/race/200507020311/,https://www.jbis.or.jp/race/result/20050528/107/11/
tap-dance-city,6,2,2nd,Arima Kinen J,26 Dec 2004,Zenno Rob Roy,zenno-rob-roy,Nakayama,Turf,2500,G1,https://db.netkeiba.com/race/200406050809/,https://www.jbis.or.jp/race/result/20041226/106/09/
tap-dance-city,7,17,17th,Prix de l'Arc de Triomphe,3 Oct 2004,Bago,,Longchamp,Turf,2400,G1,https://db.netkeiba.com/race/2004A8100307/,
tap-dance-city,8,1,1st,Takarazuka Kinen J,27 Jun 2004,Tap Dance City,,Hanshin,Turf,2200,G1,https://db.netkeiba.com/race/200409030411/,https://www.jbis.or.jp/race/result/20040627/109/11/
tap-dance-city,9,1,1st,Kinko Sho J,29 May 2004,Tap Dance City,,Chukyo,Turf,2000,G2,https://db.netkeiba.com/race/200407020311/,https://www.jbis.or.jp/race/result/20040529/107/11/
tap-dance-city,10,8,8th,Arima Kinen J,28 Dec 2003,Symboli Kris S,symboli-kris-s,Nakayama,Turf,2500,G1,https://db.netkeiba.com/race/200306060809/,https://www.jbis.or.jp/race/result/20031228/106/09/
tap-dance-city,11,1,1st,Japan Cup J,30 Nov 2003,Tap Dance City,,Tokyo,Turf,2400,G1,https://db.netkeiba.com/race/200305040810/,https://www.jbis.or.jp/race/result/20031130/105/10/
tap-dance-city,12,1,1st,Kyoto Daishoten J,12 Oct 2003,Tap Dance City,,Kyoto,Turf,2400,G2,https://db.netkeiba.com/race/200308040211/,https://www.jbis.or.jp/race/result/20031012/108/11/
tap-dance-city,13,3,3rd,Takarazuka Kinen J,29 Jun 2003,Hishi Miracle,hishi-miracle,Hanshin,Turf,2200,G1,https://db.netkeiba.com/race/200309030411/,https://www.jbis.or.jp/race/result/20030629/109/11/
tap-dance-city,14,1,1st,Kinko Sho J,31 May 2003,Tap Dance City,,Chukyo,Turf,2000,G2,https://db.netkeiba.com/race/200307020311/,https://www.jbis.or.jp/race/result/20030531/107/11/
tap-dance-city,15,1,1st,Commemoration of Renewal of the Tokyo Racecourse J,26 Apr 2003,Tap Dance City,,Tokyo,Turf,2400,OP,https://db.netkeiba.com/race/200305010111/,https://www.jbis.or.jp/race/result/20030426/105/11/
tap-dance-city,16,2,2nd,Arima Kinen J,22 Dec 2002,Symboli Kris S,symboli-kris-s,Nakayama,Turf,2500,G1,https://db.netkeiba.com/race/200206050809/,https://www.jbis.or.jp/race/result/20021222/106/09/
tap-dance-city,17,5,5th,Keihan Hai J,23 Nov 2002,Sidewinder,,Kyoto,Turf,1800,G3,https://db.netkeiba.com/race/200208050711/,https://www.jbis.or.jp/race/result/20021123/108/11/
tap-dance-city,18,3,3rd,Copa Republica Argentina J,3 Nov 2002,Sunrise Jaeger,,Nakayama,Turf,2500,G2,https://db.netkeiba.com/race/200206040211/,https://www.jbis.or.jp/race/result/20021103/106/11/
tap-dance-city,19,3,3rd,Kyoto Daishoten J,6 Oct 2002,Narita Top Road,narita-top-road,Kyoto,Turf,2400,G2,https://db.netkeiba.com/race/200208040211/,https://www.jbis.or.jp/race/result/20021006/108/11/
tap-dance-city,20,1,1st,Challenge Cup J,7 Sept 2002,Tap Dance City,,Hanshin,Turf,2000,G3,https://db.netkeiba.com/race/200209040111/,https://www.jbis.or.jp/race/result/20020907/109/11/
tap-dance-city,21,8,8th,Hakodate Kinen J,21 Jul 2002,Yamanin Respect,,Hakodate,Turf,2000,G3,https://db.netkeiba.com/race/200202020411/,https://www.jbis.or.jp/race/result/20020721/102/11/
tap-dance-city,22,5,5th,Meguro Kinen J,18 May 2002,Toshi the V.,,Tokyo,Turf,2500,G2,https://db.netkeiba.com/race/200205040111/,https://www.jbis.or.jp/race/result/20020518/105/11/
tap-dance-city,23,3,3rd,Metropolitan Stakes J,21 Apr 2002,Tsurumaru Boy,,Tokyo,Turf,2300,OP,https://db.netkeiba.com/race/200205030210/,https://www.jbis.or.jp/race/result/20020421/105/10/
tap-dance-city,24,2,2nd,Nikkei Sho J,23 Mar 2002,Active Bio,,Nakayama,Turf,2500,G2,https://db.netkeiba.com/race/200206020111/,https://www.jbis.or.jp/race/result/20020323/106/11/
tap-dance-city,25,1,1st,Midosuji Stakes J,2 Mar 2002,Tap Dance City,,Hanshin,Turf,2200,Pre-OP,https://db.netkeiba.com/race/200209010310/,https://www.jbis.or.jp/race/result/20020302/109/10/
tap-dance-city,26,1,1st,Kasuga Tokubetsu J,9 Feb 2002,Tap Dance City,,Kyoto,Turf,1800,Pre-OP,https://db.netkeiba.com/race/200208020512/,https://www.jbis.or.jp/race/result/20020209/108/12/
tap-dance-city,27,3,3rd,Nikkei Shinshun Hai J,13 Jan 2002,Top Commander,,Kyoto,Turf,2400,G2,https://db.netkeiba.com/race/200208010511/,https://www.jbis.or.jp/race/result/20020113/108/11/
tap-dance-city,28,2,2nd,Esaka Tokubetsu J,23 Dec 2001,Sharp Kick,,Hanshin,Turf,2500,Pre-OP,https://db.netkeiba.com/race/200109050810/,https://www.jbis.or.jp/race/result/20011223/109/10/
tap-dance-city,29,4,4th,3yo+ Allowance (¥10m & Less) J,8 Dec 2001,Daitaku Bertram,,Hanshin,Turf,2000,Pre-OP,https://db.netkeiba.com/race/200109050308/,https://www.jbis.or.jp/race/result/20011208/109/08/
tap-dance-city,30,5,5th,Osaka-Hamburg Cup J,7 Apr 2001,Mejiro Sandra,,Hanshin,Turf,2500,OP,https://db.netkeiba.com/race/200109020511/,https://www.jbis.or.jp/race/result/20010407/109/11/
tap-dance-city,31,2,2nd,Tajima Stakes J,25 Mar 2001,Fight Commander,,Hanshin,Turf,2000,Pre-OP,https://db.netkeiba.com/race/200109020211/,https://www.jbis.or.jp/race/result/20010325/109/11/
tap-dance-city,32,3,3rd,Kammonkyo Stakes J,18 Feb 2001,Fight Commander,,Kokura,Turf,2000,Pre-OP,https://db.netkeiba.com/race/200110010811/,https://www.jbis.or.jp/race/result/20010218/110/11/
tap-dance-city,33,5,5th,Manyo Stakes J,8 Jan 2001,Toshi the V.,,Kyoto,Turf,3000,OP,https://db.netkeiba.com/race/200108010410/,https://www.jbis.or.jp/race/result/20010108/108/10/
tap-dance-city,34,1,1st,Tenryugawa Tokubetsu J,9 Dec 2000,Tap Dance City,,Chukyo,Turf,2500,Pre-OP,https://db.netkeiba.com/race/200007030510/,https://www.jbis.or.jp/race/result/20001209/107/10/
tap-dance-city,35,2,2nd,Yase Tokubetsu J,18 Nov 2000,White Happiness,,Kyoto,Turf,2400,Pre-OP,https://db.netkeiba.com/race/200008050509/,https://www.jbis.or.jp/race/result/20001118/108/09/
tap-dance-city,36,4,4th,3yo+ Allowance (¥5m & Less) J,29 Oct 2000,Heartland Hiryu,,Kyoto,Turf,2400,Pre-OP,https://db.netkeiba.com/race/200008040808/,https://www.jbis.or.jp/race/result/20001029/108/08/
tap-dance-city,37,5,5th,Noichigo Sho J,18 Jun 2000,White Happiness,,Hanshin,Turf,2200,Pre-OP,https://db.netkeiba.com/race/200009030209/,https://www.jbis.or.jp/race/result/20000618/109/09/
tap-dance-city,38,7,7th,Shirayuri Stakes J,4 Jun 2000,Jin Warabeuta,,Chukyo,Turf,1800,Pre-OP,https://db.netkeiba.com/race/200007020610/,https://www.jbis.or.jp/race/result/20000604/107/10/
tap-dance-city,39,3,3rd,Kyoto Shimbun Hai J,6 May 2000,Agnes Flight,,Kyoto,Turf,2000,G3,https://db.netkeiba.com/race/200008030511/,https://www.jbis.or.jp/race/result/20000506/108/11/
tap-dance-city,40,5,5th,Wakakusa Stakes J,15 Apr 2000,Agnes Flight,,Hanshin,Turf,2200,OP,https://db.netkeiba.com/race/200009020709/,https://www.jbis.or.jp/race/result/20000415/109/09/
tap-dance-city,41,1,1st,3yo Newcomer Race J,19 Mar 2000,Tap Dance City,,Hanshin,Turf,2200,Debut,https://db.netkeiba.com/race/200009010805/,https://www.jbis.or.jp/race/result/20000319/109/05/
tap-dance-city,42,9,9th,3yo Newcomer Race J,4 Mar 2000,Mirada,,Hanshin,Turf,2000,Debut,https://db.netkeiba.com/race/200009010306/,https://www.jbis.or.jp/race/result/20000304/109/06/
duramente,1,2,2nd,Takarazuka Kinen J,26 Jun 2016,Marialite,,Hanshin,Turf,2200,G1,https://db.netkeiba.com/race/201609030811/,https://www.jbis.or.jp/race/result/20160626/109/11/
duramente,2,2,2nd,Dubai Sheema Classic,26 Mar 2016,Postponed,,Meydan,Turf,2410,G1,https://db.netkeiba.com/race/2016C7a00708/,
duramente,3,1,1st,Nakayama Kinen J,28 Feb 2016,Duramente,,Nakayama,Turf,1800,G2,https://db.netkeiba.com/race/201606020211/,https://www.jbis.or.jp/race/result/20160228/106/11/
duramente,4,1,1st,Tokyo Yushun (Japanese Derby) J,31 May 2015,Duramente,,Tokyo,Turf,2400,G1,https://db.netkeiba.com/race/201505021210/,https://www.jbis.or.jp/race/result/20150531/105/10/
duramente,5,1,1st,Satsuki Sho J,19 Apr 2015,Duramente,,Nakayama,Turf,2000,G1,https://db.netkeiba.com/race/201506030811/,https://www.jbis.or.jp/race/result/20150419/106/11/
duramente,6,2,2nd,Kyodo News Hai J,15 Feb 2015,Real Steel,,Tokyo,Turf,1800,G3,https://db.netkeiba.com/race/201505010611/,https://www.jbis.or.jp/race/result/20150215/105/11/
duramente,7,1,1st,Saintpaulia Sho J,1 Feb 2015,Duramente,,Tokyo,Turf,1800,Pre-OP,https://db.netkeiba.com/race/201505010209/,https://www.jbis.or.jp/race/result/20150201/105/09/
duramente,8,1,1st,2yo Maiden Race J,8 Nov 2014,Duramente,,Tokyo,Turf,1800,Maiden,https://db.netkeiba.com/race/201405050104/,https://www.jbis.or.jp/race/result/20141108/105/04/
duramente,9,2,2nd,2yo Newcomer Race J,12 Oct 2014,Love Your Man,,Tokyo,Turf,1800,Debut,https://db.netkeiba.com/race/201405040205/,https://www.jbis.or.jp/race/result/20141012/105/05/
rhein-kraft,1,9,9th,Victoria Mile J,14 May 2006,Dance in the Mood,,Tokyo,Turf,1600,G1,https://db.netkeiba.com/race/200605020811/,https://www.jbis.or.jp/race/result/20060514/105/11/
rhein-kraft,2,1,1st,Hanshin Himba Stakes J,8 Apr 2006,Rhein Kraft,,Hanshin,Turf,1400,G2,https://db.netkeiba.com/race/200609020511/,https://www.jbis.or.jp/race/result/20060408/109/11/
rhein-kraft,3,2,2nd,Takamatsunomiya Kinen J,26 Mar 2006,Orewa Matteruze,,Chukyo,Turf,1200,G1,https://db.netkeiba.com/race/200607010811/,https://www.jbis.or.jp/race/result/20060326/107/11/
rhein-kraft,4,4,4th,Hanshin Himba Stakes J,18 Dec 2005,Admire Groove,admire-groove,Hanshin,Turf,1600,G2,https://db.netkeiba.com/race/200509050611/,https://www.jbis.or.jp/race/result/20051218/109/11/
rhein-kraft,5,3,3rd,Mile Championship J,20 Nov 2005,Hat Trick,,Kyoto,Turf,1600,G1,https://db.netkeiba.com/race/200508050611/,https://www.jbis.or.jp/race/result/20051120/108/11/
rhein-kraft,6,2,2nd,Shuka Sho J,16 Oct 2005,Air Messiah,air-messiah,Kyoto,Turf,2000,G1,https://db.netkeiba.com/race/200508040411/,https://www.jbis.or.jp/race/result/20051016/108/11/
rhein-kraft,7,2,2nd,Rose Stakes J,18 Sept 2005,Air Messiah,air-messiah,Hanshin,Turf,2000,G2,https://db.netkeiba.com/race/200509040311/,https://www.jbis.or.jp/race/result/20050918/109/11/
rhein-kraft,8,1,1st,NHK Mile Cup J,8 May 2005,Rhein Kraft,,Tokyo,Turf,1600,G1,https://db.netkeiba.com/race/200505020611/,https://www.jbis.or.jp/race/result/20050508/105/11/
rhein-kraft,9,1,1st,Oka Sho J,10 Apr 2005,Rhein Kraft,,Hanshin,Turf,1600,G1,https://db.netkeiba.com/race/200509020611/,https://www.jbis.or.jp/race/result/20050410/109/11/
rhein-kraft,10,1,1st,Fillies' Revue J,13 Mar 2005,Rhein Kraft,,Hanshin,Turf,1400,G2,https://db.netkeiba.com/race/200509010611/,https://www.jbis.or.jp/race/result/20050313/109/11/
rhein-kraft,11,3,3rd,Hanshin Juvenile Fillies J,5 Dec 2004,Shonan Peintre,,Hanshin,Turf,1600,G1,https://db.netkeiba.com/race/200409050211/,https://www.jbis.or.jp/race/result/20041205/109/11/
rhein-kraft,12,1,1st,Fantasy Stakes J,7 Nov 2004,Rhein Kraft,,Kyoto,Turf,1400,G3,https://db.netkeiba.com/race/200408050211/,https://www.jbis.or.jp/race/result/20041107/108/11/
rhein-kraft,13,1,1st,2yo Newcomer Race J,16 Oct 2004,Rhein Kraft,,Kyoto,Turf,1400,Debut,https://db.netkeiba.com/race/200408040303/,https://www.jbis.or.jp/race/result/20041016/108/03/
cesario,1,1,1st,American Oaks,3 Jul 2005,Cesario,,Hollywood Park,Turf,2012,G1,https://db.netkeiba.com/race/2005A4070308/,
cesario,2,1,1st,Japanese Oaks J,22 May 2005,Cesario,,Tokyo,Turf,2400,G1,https://db.netkeiba.com/race/200505030211/,https://www.jbis.or.jp/race/result/20050522/105/11/
cesario,3,2,2nd,Oka Sho J,10 Apr 2005,Rhein Kraft,rhein-kraft,Hanshin,Turf,1600,G1,https://db.netkeiba.com/race/200509020611/,https://www.jbis.or.jp/race/result/20050410/109/11/
cesario,4,1,1st,Flower Cup J,19 Mar 2005,Cesario,,Nakayama,Turf,1800,G3,https://db.netkeiba.com/race/200506020711/,https://www.jbis.or.jp/race/result/20050319/106/11/
cesario,5,1,1st,Kanchiku Sho J,9 Jan 2005,Cesario,,Nakayama,Turf,2000,Pre-OP,https://db.netkeiba.com/race/200506010309/,https://www.jbis.or.jp/race/result/20050109/106/09/
cesario,6,1,1st,2yo Newcomer Race J,25 Dec 2004,Cesario,,Hanshin,Turf,1600,Debut,https://db.netkeiba.com/race/200409050706/,https://www.jbis.or.jp/race/result/20041225/109/06/
air-messiah,1,2,2nd,Victoria Mile J,14 May 2006,Dance in the Mood,,Tokyo,Turf,1600,G1,https://db.netkeiba.com/race/200605020811/,https://www.jbis.or.jp/race/result/20060514/105/11/
air-messiah,2,2,2nd,Hanshin Himba Stakes J,8 Apr 2006,Rhein Kraft,rhein-kraft,Hanshin,Turf,1400,G2,https://db.netkeiba.com/race/200609020511/,https://www.jbis.or.jp/race/result/20060408/109/11/
air-messiah,3,3,3rd,Nakayama Kinen J,26 Feb 2006,Balance of Game,,Nakayama,Turf,1800,G2,https://db.netkeiba.com/race/200606020211/,https://www.jbis.or.jp/race/result/20060226/106/11/
air-messiah,4,5,5th,Queen Elizabeth II Cup J,13 Nov 2005,Sweep Tosho,sweep-tosho,Kyoto,Turf,2200,G1,https://db.netkeiba.com/race/200508050411/,https://www.jbis.or.jp/race/result/20051113/108/11/
air-messiah,5,1,1st,Shuka Sho J,16 Oct 2005,Air Messiah,,Kyoto,Turf,2000,G1,https://db.netkeiba.com/race/200508040411/,https://www.jbis.or.jp/race/result/20051016/108/11/
air-messiah,6,1,1st,Rose Stakes J,18 Sept 2005,Air Messiah,,Hanshin,Turf,2000,G2,https://db.netkeiba.com/race/200509040311/,https://www.jbis.or.jp/race/result/20050918/109/11/
air-messiah,7,2,2nd,Japanese Oaks J,22 May 2005,Cesario,cesario,Tokyo,Turf,2400,G1,https://db.netkeiba.com/race/200505030211/,https://www.jbis.or.jp/race/result/20050522/105/11/
air-messiah,8,4,4th,Oka Sho J,10 Apr 2005,Rhein Kraft,rhein-kraft,Hanshin,Turf,1600,G1,https://db.netkeiba.com/race/200509020611/,https://www.jbis.or.jp/race/result/20050410/109/11/
air-messiah,9,3,3rd,Fillies' Revue J,13 Mar 2005,Rhein Kraft,rhein-kraft,Hanshin,Turf,1400,G2,https://db.netkeiba.com/race/200509010611/,https://www.jbis.or.jp/race/result/20050313/109/11/
air-messiah,10,1,1st,Elfin Stakes J,5 Feb 2005,Air Messiah,,Kyoto,Turf,1600,OP,https://db.netkeiba.com/race/200508020310/,https://www.jbis.or.jp/race/result/20050205/108/10/
air-messiah,11,2,2nd,Shiraume Sho J,15 Jan 2005,Dia de la Novia,,Kyoto,Turf,1600,Pre-OP,https://db.netkeiba.com/race/200508010509/,https://www.jbis.or.jp/race/result/20050115/108/09/
air-messiah,12,1,1st,2yo Newcomer Race J,21 Nov 2004,Air Messiah,,Kyoto,Turf,1600,Debut,https://db.netkeiba.com/race/200408050605/,https://www.jbis.or.jp/race/result/20041121/108/05/
daring-heart,1,7,7th,February Stakes J,24 Feb 2008,Vermilion,,Tokyo,Dirt,1600,G1,https://db.netkeiba.com/race/200805010811/,https://www.jbis.or.jp/race/result/20080224/105/11/
daring-heart,2,2,2nd,TCK Jo-o Hai J,16 Jan 2008,Rapid Orange,,Ooi,Dirt,1800,Jpn3,https://db.netkeiba.com/race/200844011611/,https://www.jbis.or.jp/race/result/20080116/220/11/
daring-heart,3,3,3rd,Queen Sho J,5 Dec 2007,White Melody,,Funabashi,Dirt,1800,Jpn3,https://db.netkeiba.com/race/200743120510/,https://www.jbis.or.jp/race/result/20071205/219/10/
daring-heart,4,12,12th,Queen Elizabeth II Cup J,11 Nov 2007,Daiwa Scarlet,daiwa-scarlet,Kyoto,Turf,2200,G1,https://db.netkeiba.com/race/200708050411/,https://www.jbis.or.jp/race/result/20071111/108/11/
daring-heart,5,1,1st,Fuchu Himba Stakes J,14 Oct 2007,Daring Heart,,Tokyo,Turf,1800,G3,https://db.netkeiba.com/race/200705040511/,https://www.jbis.or.jp/race/result/20071014/105/11/
daring-heart,6,7,7th,Queen Stakes J,12 Aug 2007,Asahi Rising,,Sapporo,Turf,1800,Jpn3,https://db.netkeiba.com/race/200701010209/,https://www.jbis.or.jp/race/result/20070812/101/09/
daring-heart,7,9,9th,Epsom Cup J,10 Jun 2007,Eishin Deputy,,Tokyo,Turf,1800,G3,https://db.netkeiba.com/race/200705030811/,https://www.jbis.or.jp/race/result/20070610/105/11/
daring-heart,8,3,3rd,Victoria Mile J,13 May 2007,Koiuta,,Tokyo,Turf,1600,Jpn1,https://db.netkeiba.com/race/200705020811/,https://www.jbis.or.jp/race/result/20070513/105/11/
daring-heart,9,6,6th,Lord Derby Challenge Trophy J,1 Apr 2007,Picaresque Coat,,Nakayama,Turf,1600,G3,https://db.netkeiba.com/race/200706030411/,https://www.jbis.or.jp/race/result/20070401/106/11/
daring-heart,10,13,13th,Mile Championship J,19 Nov 2006,Daiwa Major,,Kyoto,Turf,1600,G1,https://db.netkeiba.com/race/200608060611/,https://www.jbis.or.jp/race/result/20061119/108/11/
daring-heart,11,1,1st,Fuchu Himba Stakes J,15 Oct 2006,Daring Heart,,Tokyo,Turf,1800,G3,https://db.netkeiba.com/race/200605040411/,https://www.jbis.or.jp/race/result/20061015/105/11/
daring-heart,12,1,1st,Queen Stakes J,13 Aug 2006,Daring Heart,,Sapporo,Turf,1800,G3,https://db.netkeiba.com/race/200601010209/,https://www.jbis.or.jp/race/result/20060813/101/09/
daring-heart,13,4,4th,Epsom Cup J,11 Jun 2006,Top Gun Joe,,Tokyo,Turf,1800,G3,https://db.netkeiba.com/race/200605030811/,https://www.jbis.or.jp/race/result/20060611/105/11/
daring-heart,14,6,6th,Victoria Mile J,14 May 2006,Dance in the Mood,,Tokyo,Turf,1600,G1,https://db.netkeiba.com/race/200605020811/,https://www.jbis.or.jp/race/result/20060514/105/11/
daring-heart,15,12,12th,Hanshin Himba Stakes J,8 Apr 2006,Rhein Kraft,rhein-kraft,Hanshin,Turf,1400,G2,https://db.netkeiba.com/race/200609020511/,https://www.jbis.or.jp/race/result/20060408/109/11/
daring-heart,16,15,15th,Swan Stakes J,29 Oct 2005,Cosmo Sunbeam,,Kyoto,Turf,1400,G2,https://db.netkeiba.com/race/200508040711/,https://www.jbis.or.jp/race/result/20051029/108/11/
daring-heart,17,12,12th,Shuka Sho J,16 Oct 2005,Air Messiah,air-messiah,Kyoto,Turf,2000,G1,https://db.netkeiba.com/race/200508040411/,https://www.jbis.or.jp/race/result/20051016/108/11/
daring-heart,18,4,4th,Queen Stakes J,14 Aug 2005,Les Clefs d'Or,,Sapporo,Turf,1800,G3,https://db.netkeiba.com/race/200501010209/,https://www.jbis.or.jp/race/result/20050814/101/09/
daring-heart,19,2,2nd,NHK Mile Cup J,8 May 2005,Rhein Kraft,rhein-kraft,Tokyo,Turf,1600,G1,https://db.netkeiba.com/race/200505020611/,https://www.jbis.or.jp/race/result/20050508/105/11/
daring-heart,20,3,3rd,Oka Sho J,10 Apr 2005,Rhein Kraft,rhein-kraft,Hanshin,Turf,1600,G1,https://db.netkeiba.com/race/200509020611/,https://www.jbis.or.jp/race/result/20050410/109/11/
daring-heart,21,2,2nd,Fillies' Revue J,13 Mar 2005,Rhein Kraft,rhein-kraft,Hanshin,Turf,1400,G2,https://db.netkeiba.com/race/200509010611/,https://www.jbis.or.jp/race/result/20050313/109/11/
daring-heart,22,6,6th,Elfin Stakes J,5 Feb 2005,Air Messiah,air-messiah,Kyoto,Turf,1600,OP,https://db.netkeiba.com/race/200508020310/,https://www.jbis.or.jp/race/result/20050205/108/10/
daring-heart,23,3,3rd,Kobai Stakes J,16 Jan 2005,Erimo Final,,Kyoto,Turf,1400,OP,https://db.netkeiba.com/race/200508010610/,https://www.jbis.or.jp/race/result/20050116/108/10/
daring-heart,24,5,5th,Hanshin Juvenile Fillies J,5 Dec 2004,Shonan Peintre,,Hanshin,Turf,1600,G1,https://db.netkeiba.com/race/200409050211/,https://www.jbis.or.jp/race/result/20041205/109/11/
daring-heart,25,1,1st,2yo Maiden Race J,30 Oct 2004,Daring Heart,,Kyoto,Turf,1600,Maiden,https://db.netkeiba.com/race/200408040703/,https://www.jbis.or.jp/race/result/20041030/108/03/
daring-heart,26,2,2nd,2yo Newcomer Race J,9 Oct 2004,Mayano Stardom,,Kyoto,Turf,1400,Debut,https://db.netkeiba.com/race/200408040104/,https://www.jbis.or.jp/race/result/20041009/108/04/
fusaichi-pandora,1,,DNS,Arima Kinen J,23 Dec 2007,Matsurida Gogh,,Nakayama,Turf,2500,G1,https://db.netkeiba.com/race/200706050809/,https://www.jbis.or.jp/race/result/20071223/106/09/
fusaichi-pandora,2,9,9th,Japan Cup J,25 Nov 2007,Admire Moon,,Tokyo,Turf,2400,G1,https://db.netkeiba.com/race/200705050810/,https://www.jbis.or.jp/race/result/20071125/105/10/
fusaichi-pandora,3,2,2nd,Queen Elizabeth II Cup J,11 Nov 2007,Daiwa Scarlet,daiwa-scarlet,Kyoto,Turf,2200,G1,https://db.netkeiba.com/race/200708050411/,https://www.jbis.or.jp/race/result/20071111/108/11/
fusaichi-pandora,4,11,11th,Elm Stakes J,17 Sept 2007,Meisho Tokon,,Sapporo,Dirt,1700,Jpn3,https://db.netkeiba.com/race/200701020411/,https://www.jbis.or.jp/race/result/20070917/101/11/
fusaichi-pandora,5,1,1st,Sapporo Kinen J,2 Sept 2007,Fusaichi Pandora,,Sapporo,Turf,2000,Jpn2,https://db.netkeiba.com/race/200701010809/,https://www.jbis.or.jp/race/result/20070902/101/09/
fusaichi-pandora,6,5,5th,Queen Stakes J,12 Aug 2007,Asahi Rising,,Sapporo,Turf,1800,Jpn3,https://db.netkeiba.com/race/200701010209/,https://www.jbis.or.jp/race/result/20070812/101/09/
fusaichi-pandora,7,12,12th,Victoria Mile J,13 May 2007,Koiuta,,Tokyo,Turf,1600,Jpn1,https://db.netkeiba.com/race/200705020811/,https://www.jbis.or.jp/race/result/20070513/105/11/
fusaichi-pandora,8,9,9th,Milers Cup J,14 Apr 2007,Kongo Rikishio,,Hanshin,Turf,1600,G2,https://db.netkeiba.com/race/200709020711/,https://www.jbis.or.jp/race/result/20070414/109/11/
fusaichi-pandora,9,9,9th,Nikkei Sho J,24 Mar 2007,Never Bouchon,,Nakayama,Turf,2500,G2,https://db.netkeiba.com/race/200706030111/,https://www.jbis.or.jp/race/result/20070324/106/11/
fusaichi-pandora,10,2,2nd,Empress Hai J,28 Feb 2007,Tosen Jo O,,Kawasaki,Dirt,2100,Jpn2,https://db.netkeiba.com/race/200745022810/,https://www.jbis.or.jp/race/result/20070228/221/10/
fusaichi-pandora,11,5,5th,Japan Cup J,26 Nov 2006,Deep Impact,,Tokyo,Turf,2400,G1,https://db.netkeiba.com/race/200605050810/,https://www.jbis.or.jp/race/result/20061126/105/10/
fusaichi-pandora,12,1,1st,Queen Elizabeth II Cup J,12 Nov 2006,Fusaichi Pandora,,Kyoto,Turf,2200,G1,https://db.netkeiba.com/race/200608060411/,https://www.jbis.or.jp/race/result/20061112/108/11/
fusaichi-pandora,13,3,3rd,Shuka Sho J,15 Oct 2006,Kawakami Princess,kawakami-princess,Kyoto,Turf,2000,G1,https://db.netkeiba.com/race/200608050411/,https://www.jbis.or.jp/race/result/20061015/108/11/
fusaichi-pandora,14,3,3rd,Rose Stakes J,17 Sept 2006,Admire Kiss,,Chukyo,Turf,2000,G2,https://db.netkeiba.com/race/200607030311/,https://www.jbis.or.jp/race/result/20060917/107/11/
fusaichi-pandora,15,2,2nd,Japanese Oaks J,21 May 2006,Kawakami Princess,kawakami-princess,Tokyo,Turf,2400,G1,https://db.netkeiba.com/race/200605030211/,https://www.jbis.or.jp/race/result/20060521/105/11/
fusaichi-pandora,16,14,14th,Oka Sho J,9 Apr 2006,Kiss to Heaven,,Hanshin,Turf,1600,G1,https://db.netkeiba.com/race/200609020611/,https://www.jbis.or.jp/race/result/20060409/109/11/
fusaichi-pandora,17,2,2nd,Flower Cup J,18 Mar 2006,Kiss to Heaven,,Nakayama,Turf,1800,G3,https://db.netkeiba.com/race/200606020711/,https://www.jbis.or.jp/race/result/20060318/106/11/
fusaichi-pandora,18,1,1st,Kinsenka Sho J,25 Feb 2006,Fusaichi Pandora,,Nakayama,Turf,1600,Pre-OP,https://db.netkeiba.com/race/200606020109/,https://www.jbis.or.jp/race/result/20060225/106/09/
fusaichi-pandora,19,6,6th,Elfin Stakes J,4 Feb 2006,Saint Victoire,,Kyoto,Turf,1600,OP,https://db.netkeiba.com/race/200608020310/,https://www.jbis.or.jp/race/result/20060204/108/10/
fusaichi-pandora,20,3,3rd,2yo Allowance (¥5m & Less) J,25 Dec 2005,Shells Lei,,Hanshin,Turf,1600,Pre-OP,https://db.netkeiba.com/race/200509050806/,https://www.jbis.or.jp/race/result/20051225/109/06/
fusaichi-pandora,21,3,3rd,Hanshin Juvenile Fillies J,4 Dec 2005,T M Precure,,Hanshin,Turf,1600,G1,https://db.netkeiba.com/race/200509050211/,https://www.jbis.or.jp/race/result/20051204/109/11/
fusaichi-pandora,22,1,1st,2yo Newcomer Race J,12 Nov 2005,Fusaichi Pandora,,Kyoto,Turf,1800,Debut,https://db.netkeiba.com/race/200508050306/,https://www.jbis.or.jp/race/result/20051112/108/06/
buena-vista,1,7,7th,Arima Kinen J,25 Dec 2011,Orfevre,orfevre,Nakayama,Turf,2500,G1,https://db.netkeiba.com/race/201106050810/,https://www.jbis.or.jp/race/result/20111225/106/10/
buena-vista,2,1,1st,Japan Cup J,27 Nov 2011,Buena Vista,,Tokyo,Turf,2400,G1,https://db.netkeiba.com/race/201105050810/,https://www.jbis.or.jp/race/result/20111127/105/10/
buena-vista,3,4,4th,Tenno Sho (Autumn) J,30 Oct 2011,Tosen Jordan,tosen-jordan,Tokyo,Turf,2000,G1,https://db.netkeiba.com/race/201105040911/,https://www.jbis.or.jp/race/result/20111030/105/11/
buena-vista,4,2,2nd,Takarazuka Kinen J,26 Jun 2011,Earnestly,,Hanshin,Turf,2200,G1,https://db.netkeiba.com/race/201109040411/,https://www.jbis.or.jp/race/result/20110626/109/11/
buena-vista,5,2,2nd,Victoria Mile J,15 May 2011,Apapane,,Tokyo,Turf,1600,G1,https://db.netkeiba.com/race/201105020811/,https://www.jbis.or.jp/race/result/20110515/105/11/
buena-vista,6,8,8th,Dubai World Cup,26 Mar 2011,Victoire Pisa,victoire-pisa,Meydan,Synthetic,2000,G1,https://db.netkeiba.com/race/2011C7a00203/,
buena-vista,7,2,2nd,Arima Kinen J,26 Dec 2010,Victoire Pisa,victoire-pisa,Nakayama,Turf,2500,G1,https://db.netkeiba.com/race/201006050810/,https://www.jbis.or.jp/race/result/20101226/106/10/
buena-vista,8,2,2nd,Japan Cup J,28 Nov 2010,Rose Kingdom,rose-kingdom,Tokyo,Turf,2400,G1,https://db.netkeiba.com/race/201005050810/,https://www.jbis.or.jp/race/result/20101128/105/10/
buena-vista,9,1,1st,Tenno Sho (Autumn) J,31 Oct 2010,Buena Vista,,Tokyo,Turf,2000,G1,https://db.netkeiba.com/race/201005040811/,https://www.jbis.or.jp/race/result/20101031/105/11/
buena-vista,10,2,2nd,Takarazuka Kinen J,27 Jun 2010,Nakayama Festa,nakayama-festa,Hanshin,Turf,2200,G1,https://db.netkeiba.com/race/201009030410/,https://www.jbis.or.jp/race/result/20100627/109/10/
buena-vista,11,1,1st,Victoria Mile J,16 May 2010,Buena Vista,,Tokyo,Turf,1600,G1,https://db.netkeiba.com/race/201005020811/,https://www.jbis.or.jp/race/result/20100516/105/11/
buena-vista,12,2,2nd,Dubai Sheema Classic,27 Mar 2010,Dar Re Mi,,Meydan,Turf,2410,G1,https://db.netkeiba.com/race/2010C7a00207/,
buena-vista,13,1,1st,Kyoto Kinen J,20 Feb 2010,Buena Vista,,Kyoto,Turf,2200,G2,https://db.netkeiba.com/race/201008020711/,https://www.jbis.or.jp/race/result/20100220/108/11/
buena-vista,14,2,2nd,Arima Kinen J,27 Dec 2009,Dream Journey,dream-journey,Nakayama,Turf,2500,G1,https://db.netkeiba.com/race/200906050810/,https://www.jbis.or.jp/race/result/20091227/106/10/
buena-vista,15,3,3rd,Queen Elizabeth II Cup J,15 Nov 2009,Queen Spumante,,Kyoto,Turf,2200,G1,https://db.netkeiba.com/race/200908050411/,https://www.jbis.or.jp/race/result/20091115/108/11/
buena-vista,16,3,3rd,Shuka Sho J,18 Oct 2009,Red Desire,red-desire,Kyoto,Turf,2000,G1,https://db.netkeiba.com/race/200908040411/,https://www.jbis.or.jp/race/result/20091018/108/11/
buena-vista,17,2,2nd,Sapporo Kinen J,23 Aug 2009,Yamanin Kingly,,Sapporo,Turf,2000,G2,https://db.netkeiba.com/race/200901020809/,https://www.jbis.or.jp/race/result/20090823/101/09/
buena-vista,18,1,1st,Japanese Oaks J,24 May 2009,Buena Vista,,Tokyo,Turf,2400,Jpn1,https://db.netkeiba.com/race/200905030211/,https://www.jbis.or.jp/race/result/20090524/105/11/
buena-vista,19,1,1st,Oka Sho J,12 Apr 2009,Buena Vista,,Hanshin,Turf,1600,Jpn1,https://db.netkeiba.com/race/200909020610/,https://www.jbis.or.jp/race/result/20090412/109/10/
buena-vista,20,1,1st,Tulip Sho J,7 Mar 2009,Buena Vista,,Hanshin,Turf,1600,Jpn3,https://db.netkeiba.com/race/200909010311/,https://www.jbis.or.jp/race/result/20090307/109/11/
buena-vista,21,1,1st,Hanshin Juvenile Fillies J,14 Dec 2008,Buena Vista,,Hanshin,Turf,1600,Jpn1,https://db.netkeiba.com/race/200809050411/,https://www.jbis.or.jp/race/result/20081214/109/11/
buena-vista,22,1,1st,2yo Maiden Race J,15 Nov 2008,Buena Vista,,Kyoto,Turf,1600,Maiden,https://db.netkeiba.com/race/200808050303/,https://www.jbis.or.jp/race/result/20081115/108/03/
buena-vista,23,3,3rd,2yo Newcomer Race J,26 Oct 2008,Unrivaled,,Kyoto,Turf,1800,Debut,https://db.netkeiba.com/race/200808040605/,https://www.jbis.or.jp/race/result/20081026/108/05/
orfevre,1,1,1st,Arima Kinen J,22 Dec 2013,Orfevre,,Nakayama,Turf,2500,G1,https://db.netkeiba.com/race/201306050810/,https://www.jbis.or.jp/race/result/20131222/106/10/
orfevre,2,2,2nd,Prix de l'Arc de Triomphe,6 Oct 2013,Treve,,Longchamp,Turf,2400,G1,https://db.netkeiba.com/race/2013A8a01805/,
orfevre,3,1,1st,Prix Foy,15 Sept 2013,Orfevre,,Longchamp,Turf,2400,G2,https://db.netkeiba.com/race/2013A8a00d06/,
orfevre,4,1,1st,Osaka Hai J,31 Mar 2013,Orfevre,,Hanshin,Turf,2000,G2,https://db.netkeiba.com/race/201309020411/,https://www.jbis.or.jp/race/result/20130331/109/11/
orfevre,5,2,2nd,Japan Cup J,25 Nov 2012,Gentildonna,gentildonna,Tokyo,Turf,2400,G1,https://db.netkeiba.com/race/201205050811/,https://www.jbis.or.jp/race/result/20121125/105/11/
orfevre,6,2,2nd,Prix de l'Arc de Triomphe,7 Oct 2012,Solemia,,Longchamp,Turf,2400,G1,https://db.netkeiba.com/race/2012A8a00906/,
orfevre,7,1,1st,Prix Foy,16 Sept 2012,Orfevre,,Longchamp,Turf,2400,G2,https://db.netkeiba.com/race/2012A8a00803/,
orfevre,8,1,1st,Takarazuka Kinen J,24 Jun 2012,Orfevre,,Hanshin,Turf,2200,G1,https://db.netkeiba.com/race/201209030811/,https://www.jbis.or.jp/race/result/20120624/109/11/
orfevre,9,11,11th,Tenno Sho (Spring) J,29 Apr 2012,Beat Black,,Kyoto,Turf,3200,G1,https://db.netkeiba.com/race/201208030411/,https://www.jbis.or.jp/race/result/20120429/108/11/
orfevre,10,2,2nd,Hanshin Daishoten J,18 Mar 2012,Gustave Cry,,Hanshin,Turf,3000,G2,https://db.netkeiba.com/race/201209010811/,https://www.jbis.or.jp/race/result/20120318/109/11/
orfevre,11,1,1st,Arima Kinen J,25 Dec 2011,Orfevre,,Nakayama,Turf,2500,G1,https://db.netkeiba.com/race/201106050810/,https://www.jbis.or.jp/race/result/20111225/106/10/
orfevre,12,1,1st,Kikuka Sho J,23 Oct 2011,Orfevre,,Kyoto,Turf,3000,G1,https://db.netkeiba.com/race/201108050611/,https://www.jbis.or.jp/race/result/20111023/108/11/
orfevre,13,1,1st,Kobe Shimbun Hai J,25 Sept 2011,Orfevre,,Hanshin,Turf,2400,G2,https://db.netkeiba.com/race/201109050611/,https://www.jbis.or.jp/race/result/20110925/109/11/
orfevre,14,1,1st,Tokyo Yushun (Japanese Derby) J,29 May 2011,Orfevre,,Tokyo,Turf,2400,G1,https://db.netkeiba.com/race/201105030411/,https://www.jbis.or.jp/race/result/20110529/105/11/
orfevre,15,1,1st,Satsuki Sho J,24 Apr 2011,Orfevre,,Tokyo,Turf,2000,G1,https://db.netkeiba.com/race/201105020211/,https://www.jbis.or.jp/race/result/20110424/105/11/
orfevre,16,1,1st,Spring Stakes J,26 Mar 2011,Orfevre,,Hanshin,Turf,1800,G2,https://db.netkeiba.com/race/201109020111/,https://www.jbis.or.jp/race/result/20110326/109/11/
orfevre,17,3,3rd,Kisaragi Sho J,6 Feb 2011,Tosen Ra,,Kyoto,Turf,1800,G3,https://db.netkeiba.com/race/201108020411/,https://www.jbis.or.jp/race/result/20110206/108/11/
orfevre,18,2,2nd,Shinzan Kinen J,9 Jan 2011,Red Davis,,Kyoto,Turf,1600,G3,https://db.netkeiba.com/race/201108010311/,https://www.jbis.or.jp/race/result/20110109/108/11/
orfevre,19,10,10th,Keio Hai Nisai Stakes J,13 Nov 2010,Grand Prix Boss,,Tokyo,Turf,1400,G2,https://db.netkeiba.com/race/201005050311/,https://www.jbis.or.jp/race/result/20101113/105/11/
orfevre,20,2,2nd,Fuyo Stakes J,3 Oct 2010,Whale Capture,,Nakayama,Turf,1600,OP,https://db.netkeiba.com/race/201006040809/,https://www.jbis.or.jp/race/result/20101003/106/09/
orfevre,21,1,1st,2yo Newcomer Race J,14 Aug 2010,Orfevre,,Niigata,Turf,1600,Debut,https://db.netkeiba.com/race/201004030105/,https://www.jbis.or.jp/race/result/20100814/104/05/
gentildonna,1,1,1st,Arima Kinen J,28 Dec 2014,Gentildonna,,Nakayama,Turf,2500,G1,https://db.netkeiba.com/race/201406040810/,https://www.jbis.or.jp/race/result/20141228/106/10/
gentildonna,2,4,4th,Japan Cup J,30 Nov 2014,Epiphaneia,epiphaneia,Tokyo,Turf,2400,G1,https://db.netkeiba.com/race/201405050911/,https://www.jbis.or.jp/race/result/20141130/105/11/
gentildonna,3,2,2nd,Tenno Sho (Autumn) J,2 Nov 2014,Spielberg,,Tokyo,Turf,2000,G1,https://db.netkeiba.com/race/201405040911/,https://www.jbis.or.jp/race/result/20141102/105/11/
gentildonna,4,9,9th,Takarazuka Kinen J,29 Jun 2014,Gold Ship,gold-ship,Hanshin,Turf,2200,G1,https://db.netkeiba.com/race/201409030811/,https://www.jbis.or.jp/race/result/20140629/109/11/
gentildonna,5,1,1st,Dubai Sheema Classic,29 Mar 2014,Gentildonna,,Meydan,Turf,2410,G1,https://db.netkeiba.com/race/2014C7a00808/,
gentildonna,6,6,6th,Kyoto Kinen J,16 Feb 2014,Desperado,,Kyoto,Turf,2200,G2,https://db.netkeiba.com/race/201408020611/,https://www.jbis.or.jp/race/result/20140216/108/11/
gentildonna,7,1,1st,Japan Cup J,24 Nov 2013,Gentildonna,,Tokyo,Turf,2400,G1,https://db.netkeiba.com/race/201305050811/,https://www.jbis.or.jp/race/result/20131124/105/11/
gentildonna,8,2,2nd,Tenno Sho (Autumn) J,27 Oct 2013,Just a Way,,Tokyo,Turf,2000,G1,https://db.netkeiba.com/race/201305040911/,https://www.jbis.or.jp/race/result/20131027/105/11/
gentildonna,9,3,3rd,Takarazuka Kinen J,23 Jun 2013,Gold Ship,gold-ship,Hanshin,Turf,2200,G1,https://db.netkeiba.com/race/201309030811/,https://www.jbis.or.jp/race/result/20130623/109/11/
gentildonna,10,2,2nd,Dubai Sheema Classic,30 Mar 2013,St Nicholas Abbey,,Meydan,Turf,2410,G1,https://db.netkeiba.com/race/2013C7a00808/,
gentildonna,11,1,1st,Japan Cup J,25 Nov 2012,Gentildonna,,Tokyo,Turf,2400,G1,https://db.netkeiba.com/race/201205050811/,https://www.jbis.or.jp/race/result/20121125/105/11/
gentildonna,12,1,1st,Shuka Sho J,14 Oct 2012,Gentildonna,,Kyoto,Turf,2000,G1,https://db.netkeiba.com/race/201208040511/,https://www.jbis.or.jp/race/result/20121014/108/11/
gentildonna,13,1,1st,Rose Stakes J,16 Sept 2012,Gentildonna,,Hanshin,Turf,1800,G2,https://db.netkeiba.com/race/201209040411/,https://www.jbis.or.jp/race/result/20120916/109/11/
gentildonna,14,1,1st,Japanese Oaks J,20 May 2012,Gentildonna,,Tokyo,Turf,2400,G1,https://db.netkeiba.com/race/201205021011/,https://www.jbis.or.jp/race/result/20120520/105/11/
gentildonna,15,1,1st,Oka Sho J,8 Apr 2012,Gentildonna,,Hanshin,Turf,1600,G1,https://db.netkeiba.com/race/201209020611/,https://www.jbis.or.jp/race/result/20120408/109/11/
gentildonna,16,4,4th,Tulip Sho J,3 Mar 2012,Hana's Goal,,Hanshin,Turf,1600,G3,https://db.netkeiba.com/race/201209010311/,https://www.jbis.or.jp/race/result/20120303/109/11/
gentildonna,17,1,1st,Shinzan Kinen J,8 Jan 2012,Gentildonna,,Kyoto,Turf,1600,G3,https://db.netkeiba.com/race/201208010211/,https://www.jbis.or.jp/race/result/20120108/108/11/
gentildonna,18,1,1st,2yo Maiden Race J,10 Dec 2011,Gentildonna,,Hanshin,Turf,1600,Maiden,https://db.netkeiba.com/race/201109060303/,https://www.jbis.or.jp/race/result/20111210/109/03/
gentildonna,19,2,2nd,2yo Newcomer Race J,19 Nov 2011,A Shin Full Mark,,Kyoto,Turf,1600,Debut,https://db.netkeiba.com/race/201108060505/,https://www.jbis.or.jp/race/result/20111119/108/05/
win-variation,1,12,12th,Tenno Sho (Spring) J,3 May 2015,Gold Ship,gold-ship,Kyoto,Turf,3200,G1,https://db.netkeiba.com/race/201508030411/,https://www.jbis.or.jp/race/result/20150503/108/11/
win-variation,2,2,2nd,Nikkei Sho J,28 Mar 2015,Admire Deus,,Nakayama,Turf,2500,G2,https://db.netkeiba.com/race/201506030111/,https://www.jbis.or.jp/race/result/20150328/106/11/
win-variation,3,12,12th,Arima Kinen J,28 Dec 2014,Gentildonna,gentildonna,Nakayama,Turf,2500,G1,https://db.netkeiba.com/race/201406040810/,https://www.jbis.or.jp/race/result/20141228/106/10/
win-variation,4,15,15th,Kinko Sho J,6 Dec 2014,Last Impact,,Chukyo,Turf,2000,G2,https://db.netkeiba.com/race/201407040111/,https://www.jbis.or.jp/race/result/20141206/107/11/
win-variation,5,7,7th,Takarazuka Kinen J,29 Jun 2014,Gold Ship,gold-ship,Hanshin,Turf,2200,G1,https://db.netkeiba.com/race/201409030811/,https://www.jbis.or.jp/race/result/20140629/109/11/
win-variation,6,2,2nd,Tenno Sho (Spring) J,4 May 2014,Fenomeno,fenomeno,Kyoto,Turf,3200,G1,https://db.netkeiba.com/race/201408030411/,https://www.jbis.or.jp/race/result/20140504/108/11/
win-variation,7,1,1st,Nikkei Sho J,29 Mar 2014,Win Variation,,Nakayama,Turf,2500,G2,https://db.netkeiba.com/race/201406030111/,https://www.jbis.or.jp/race/result/20140329/106/11/
win-variation,8,2,2nd,Arima Kinen J,22 Dec 2013,Orfevre,orfevre,Nakayama,Turf,2500,G1,https://db.netkeiba.com/race/201306050810/,https://www.jbis.or.jp/race/result/20131222/106/10/
win-variation,9,3,3rd,Kinko Sho J,30 Nov 2013,Curren Mirotic,,Chukyo,Turf,2000,G2,https://db.netkeiba.com/race/201307040111/,https://www.jbis.or.jp/race/result/20131130/107/11/
win-variation,10,4,4th,Takarazuka Kinen J,24 Jun 2012,Orfevre,orfevre,Hanshin,Turf,2200,G1,https://db.netkeiba.com/race/201209030811/,https://www.jbis.or.jp/race/result/20120624/109/11/
win-variation,11,3,3rd,Tenno Sho (Spring) J,29 Apr 2012,Beat Black,,Kyoto,Turf,3200,G1,https://db.netkeiba.com/race/201208030411/,https://www.jbis.or.jp/race/result/20120429/108/11/
win-variation,12,2,2nd,Nikkei Sho J,24 Mar 2012,Neko Punch,,Nakayama,Turf,2500,G2,https://db.netkeiba.com/race/201206030111/,https://www.jbis.or.jp/race/result/20120324/106/11/
win-variation,13,6,6th,Kyoto Kinen J,12 Feb 2012,Trailblazer,,Kyoto,Turf,2200,G2,https://db.netkeiba.com/race/201208020611/,https://www.jbis.or.jp/race/result/20120212/108/11/
win-variation,14,5,5th,Japan Cup J,27 Nov 2011,Buena Vista,buena-vista,Tokyo,Turf,2400,G1,https://db.netkeiba.com/race/201105050810/,https://www.jbis.or.jp/race/result/20111127/105/10/
win-variation,15,2,2nd,Kikuka Sho J,23 Oct 2011,Orfevre,orfevre,Kyoto,Turf,3000,G1,https://db.netkeiba.com/race/201108050611/,https://www.jbis.or.jp/race/result/20111023/108/11/
win-variation,16,2,2nd,Kobe Shimbun Hai J,25 Sept 2011,Orfevre,orfevre,Hanshin,Turf,2400,G2,https://db.netkeiba.com/race/201109050611/,https://www.jbis.or.jp/race/result/20110925/109/11/
win-variation,17,2,2nd,Tokyo Yushun (Japanese Derby) J,29 May 2011,Orfevre,orfevre,Tokyo,Turf,2400,G1,https://db.netkeiba.com/race/201105030411/,https://www.jbis.or.jp/race/result/20110529/105/11/
win-variation,18,1,1st,Aoba Sho J,30 Apr 2011,Win Variation,,Tokyo,Turf,2400,G2,https://db.netkeiba.com/race/201105020311/,https://www.jbis.or.jp/race/result/20110430/105/11/
win-variation,19,7,7th,Yayoi Sho J,6 Mar 2011,Sadamu Patek,,Nakayama,Turf,2000,G2,https://db.netkeiba.com/race/201106020411/,https://www.jbis.or.jp/race/result/20110306/106/11/
win-variation,20,4,4th,Kisaragi Sho J,6 Feb 2011,Tosen Ra,,Kyoto,Turf,1800,G3,https://db.netkeiba.com/race/201108020411/,https://www.jbis.or.jp/race/result/20110206/108/11/
win-variation,21,4,4th,Radio Nikkei Hai Nisai Stakes J,25 Dec 2010,Danon Ballade,,Hanshin,Turf,2000,G3,https://db.netkeiba.com/race/201009050711/,https://www.jbis.or.jp/race/result/20101225/109/11/
win-variation,22,1,1st,Nojigiku Stakes J,19 Sept 2010,Win Variation,,Hanshin,Turf,1800,OP,https://db.netkeiba.com/race/201009040309/,https://www.jbis.or.jp/race/result/20100919/109/09/
win-variation,23,1,1st,2yo Newcomer Race J,1 Aug 2010,Win Variation,,Kokura,Turf,1800,Debut,https://db.netkeiba.com/race/201010010604/,https://www.jbis.or.jp/race/result/20100801/110/04/
admire-groove,1,1,1st,Hanshin Himba Stakes J,18 Dec 2005,Admire Groove,,Hanshin,Turf,1600,G2,https://db.netkeiba.com/race/200509050611/,https://www.jbis.or.jp/race/result/20051218/109/11/
admire-groove,2,3,3rd,Queen Elizabeth II Cup J,13 Nov 2005,Sweep Tosho,sweep-tosho,Kyoto,Turf,2200,G1,https://db.netkeiba.com/race/200508050411/,https://www.jbis.or.jp/race/result/20051113/108/11/
admire-groove,3,17,17th,Tenno Sho (Autumn) J,30 Oct 2005,Heavenly Romance,,Tokyo,Turf,2000,G1,https://db.netkeiba.com/race/200505040810/,https://www.jbis.or.jp/race/result/20051030/105/10/
admire-groove,4,8,8th,Takarazuka Kinen J,26 Jun 2005,Sweep Tosho,sweep-tosho,Hanshin,Turf,2200,G1,https://db.netkeiba.com/race/200509030411/,https://www.jbis.or.jp/race/result/20050626/109/11/
admire-groove,5,4,4th,Kinko Sho J,28 May 2005,Tap Dance City,tap-dance-city,Chukyo,Turf,2000,G2,https://db.netkeiba.com/race/200507020311/,https://www.jbis.or.jp/race/result/20050528/107/11/
admire-groove,6,11,11th,Tenno Sho (Spring) J,1 May 2005,Suzuka Mambo,,Kyoto,Turf,3200,G1,https://db.netkeiba.com/race/200508030411/,https://www.jbis.or.jp/race/result/20050501/108/11/
admire-groove,7,4,4th,Osaka Hai J,3 Apr 2005,Sunrise Pegasus,,Hanshin,Turf,2000,G2,https://db.netkeiba.com/race/200509020411/,https://www.jbis.or.jp/race/result/20050403/109/11/
admire-groove,8,1,1st,Queen Elizabeth II Cup J,14 Nov 2004,Admire Groove,,Kyoto,Turf,2200,G1,https://db.netkeiba.com/race/200408050411/,https://www.jbis.or.jp/race/result/20041114/108/11/
admire-groove,9,3,3rd,Tenno Sho (Autumn) J,31 Oct 2004,Zenno Rob Roy,zenno-rob-roy,Tokyo,Turf,2000,G1,https://db.netkeiba.com/race/200405040811/,https://www.jbis.or.jp/race/result/20041031/105/11/
admire-groove,10,4,4th,Kyoto Daishoten J,10 Oct 2004,Narita Century,,Kyoto,Turf,2400,G2,https://db.netkeiba.com/race/200408040211/,https://www.jbis.or.jp/race/result/20041010/108/11/
admire-groove,11,1,1st,Mermaid Stakes J,11 Jul 2004,Admire Groove,,Hanshin,Turf,2000,G3,https://db.netkeiba.com/race/200409030811/,https://www.jbis.or.jp/race/result/20040711/109/11/
admire-groove,12,5,5th,Kinko Sho J,29 May 2004,Tap Dance City,tap-dance-city,Chukyo,Turf,2000,G2,https://db.netkeiba.com/race/200407020311/,https://www.jbis.or.jp/race/result/20040529/107/11/
admire-groove,13,7,7th,Osaka Hai J,4 Apr 2004,Neo Universe,neo-universe,Hanshin,Turf,2000,G2,https://db.netkeiba.com/race/200409020411/,https://www.jbis.or.jp/race/result/20040404/109/11/
admire-groove,14,1,1st,Queen Elizabeth II Cup J,16 Nov 2003,Admire Groove,,Kyoto,Turf,2200,G1,https://db.netkeiba.com/race/200308050411/,https://www.jbis.or.jp/race/result/20031116/108/11/
admire-groove,15,2,2nd,Shuka Sho J,19 Oct 2003,Still in Love,still-in-love,Kyoto,Turf,2000,G1,https://db.netkeiba.com/race/200308040411/,https://www.jbis.or.jp/race/result/20031019/108/11/
admire-groove,16,1,1st,Rose Stakes J,21 Sept 2003,Admire Groove,,Hanshin,Turf,2000,G2,https://db.netkeiba.com/race/200309040411/,https://www.jbis.or.jp/race/result/20030921/109/11/
admire-groove,17,7,7th,Japanese Oaks J,25 May 2003,Still in Love,still-in-love,Tokyo,Turf,2400,G1,https://db.netkeiba.com/race/200305020211/,https://www.jbis.or.jp/race/result/20030525/105/11/
admire-groove,18,3,3rd,Oka Sho J,13 Apr 2003,Still in Love,still-in-love,Hanshin,Turf,1600,G1,https://db.netkeiba.com/race/200309020611/,https://www.jbis.or.jp/race/result/20030413/109/11/
admire-groove,19,1,1st,Wakaba Stakes J,22 Mar 2003,Admire Groove,,Hanshin,Turf,2000,OP,https://db.netkeiba.com/race/200309010711/,https://www.jbis.or.jp/race/result/20030322/109/11/
admire-groove,20,1,1st,Erica Sho J,7 Dec 2002,Admire Groove,,Hanshin,Turf,2000,Pre-OP,https://db.netkeiba.com/race/200209050309/,https://www.jbis.or.jp/race/result/20021207/109/09/
admire-groove,21,1,1st,2yo Newcomer Race J,10 Nov 2002,Admire Groove,,Kyoto,Turf,1800,Debut,https://db.netkeiba.com/race/200208050404/,https://www.jbis.or.jp/race/result/20021110/108/04/
dream-journey,1,10,10th,Takarazuka Kinen J,26 Jun 2011,Earnestly,,Hanshin,Turf,2200,G1,https://db.netkeiba.com/race/201109040411/,https://www.jbis.or.jp/race/result/20110626/109/11/
dream-journey,2,9,9th,Osaka Hai J,3 Apr 2011,Hiruno d'Amour,,Hanshin,Turf,2000,G2,https://db.netkeiba.com/race/201109020411/,https://www.jbis.or.jp/race/result/20110403/109/11/
dream-journey,3,13,13th,Arima Kinen J,26 Dec 2010,Victoire Pisa,victoire-pisa,Nakayama,Turf,2500,G1,https://db.netkeiba.com/race/201006050810/,https://www.jbis.or.jp/race/result/20101226/106/10/
dream-journey,4,2,2nd,All Comers J,26 Sept 2010,Shingen,,Nakayama,Turf,2200,G2,https://db.netkeiba.com/race/201006040611/,https://www.jbis.or.jp/race/result/20100926/106/11/
dream-journey,5,4,4th,Takarazuka Kinen J,27 Jun 2010,Nakayama Festa,nakayama-festa,Hanshin,Turf,2200,G1,https://db.netkeiba.com/race/201009030410/,https://www.jbis.or.jp/race/result/20100627/109/10/
dream-journey,6,3,3rd,Osaka Hai J,4 Apr 2010,T M Encore,,Hanshin,Turf,2000,G2,https://db.netkeiba.com/race/201009020410/,https://www.jbis.or.jp/race/result/20100404/109/10/
dream-journey,7,3,3rd,Kyoto Kinen J,20 Feb 2010,Buena Vista,buena-vista,Kyoto,Turf,2200,G2,https://db.netkeiba.com/race/201008020711/,https://www.jbis.or.jp/race/result/20100220/108/11/
dream-journey,8,1,1st,Arima Kinen J,27 Dec 2009,Dream Journey,,Nakayama,Turf,2500,G1,https://db.netkeiba.com/race/200906050810/,https://www.jbis.or.jp/race/result/20091227/106/10/
dream-journey,9,6,6th,Tenno Sho (Autumn) J,1 Nov 2009,Company,,Tokyo,Turf,2000,G1,https://db.netkeiba.com/race/200905040811/,https://www.jbis.or.jp/race/result/20091101/105/11/
dream-journey,10,2,2nd,All Comers J,27 Sept 2009,Matsurida Gogh,,Nakayama,Turf,2200,G2,https://db.netkeiba.com/race/200906040611/,https://www.jbis.or.jp/race/result/20090927/106/11/
dream-journey,11,1,1st,Takarazuka Kinen J,28 Jun 2009,Dream Journey,,Hanshin,Turf,2200,G1,https://db.netkeiba.com/race/200909030410/,https://www.jbis.or.jp/race/result/20090628/109/10/
dream-journey,12,3,3rd,Tenno Sho (Spring) J,3 May 2009,Meiner Kitz,,Kyoto,Turf,3200,G1,https://db.netkeiba.com/race/200908030410/,https://www.jbis.or.jp/race/result/20090503/108/10/
dream-journey,13,1,1st,Osaka Hai J,5 Apr 2009,Dream Journey,,Hanshin,Turf,2000,G2,https://db.netkeiba.com/race/200909020410/,https://www.jbis.or.jp/race/result/20090405/109/10/
dream-journey,14,2,2nd,Nakayama Kinen J,1 Mar 2009,Company,,Nakayama,Turf,1800,G2,https://db.netkeiba.com/race/200906020211/,https://www.jbis.or.jp/race/result/20090301/106/11/
dream-journey,15,8,8th,American JCC J,25 Jan 2009,Never Bouchon,,Nakayama,Turf,2200,G2,https://db.netkeiba.com/race/200906010811/,https://www.jbis.or.jp/race/result/20090125/106/11/
dream-journey,16,4,4th,Arima Kinen J,28 Dec 2008,Daiwa Scarlet,daiwa-scarlet,Nakayama,Turf,2500,G1,https://db.netkeiba.com/race/200806050810/,https://www.jbis.or.jp/race/result/20081228/106/10/
dream-journey,17,10,10th,Tenno Sho (Autumn) J,2 Nov 2008,Vodka,vodka,Tokyo,Turf,2000,G1,https://db.netkeiba.com/race/200805040811/,https://www.jbis.or.jp/race/result/20081102/105/11/
dream-journey,18,1,1st,Challenge Cup J,15 Sept 2008,Dream Journey,,Hanshin,Turf,2000,G3,https://db.netkeiba.com/race/200809040210/,https://www.jbis.or.jp/race/result/20080915/109/10/
dream-journey,19,1,1st,Kokura Kinen J,3 Aug 2008,Dream Journey,,Kokura,Turf,2000,Jpn3,https://db.netkeiba.com/race/200810020610/,https://www.jbis.or.jp/race/result/20080803/110/10/
dream-journey,20,10,10th,Yasuda Kinen J,8 Jun 2008,Vodka,vodka,Tokyo,Turf,1600,G1,https://db.netkeiba.com/race/200805030611/,https://www.jbis.or.jp/race/result/20080608/105/11/
dream-journey,21,14,14th,Milers Cup J,19 Apr 2008,Company,,Hanshin,Turf,1600,G2,https://db.netkeiba.com/race/200809020711/,https://www.jbis.or.jp/race/result/20080419/109/11/
dream-journey,22,8,8th,Naruo Kinen J,8 Dec 2007,Higher Game,,Hanshin,Turf,1800,G3,https://db.netkeiba.com/race/200709050311/,https://www.jbis.or.jp/race/result/20071208/109/11/
dream-journey,23,5,5th,Kikuka Sho J,21 Oct 2007,Asakusa Kings,,Kyoto,Turf,3000,Jpn1,https://db.netkeiba.com/race/200708040711/,https://www.jbis.or.jp/race/result/20071021/108/11/
dream-journey,24,1,1st,Kobe Shimbun Hai J,23 Sept 2007,Dream Journey,,Hanshin,Turf,2400,Jpn2,https://db.netkeiba.com/race/200709040611/,https://www.jbis.or.jp/race/result/20070923/109/11/
dream-journey,25,5,5th,Tokyo Yushun (Japanese Derby) J,27 May 2007,Vodka,vodka,Tokyo,Turf,2400,Jpn1,https://db.netkeiba.com/race/200705030410/,https://www.jbis.or.jp/race/result/20070527/105/10/
dream-journey,26,8,8th,Satsuki Sho J,15 Apr 2007,Victory,,Nakayama,Turf,2000,Jpn1,https://db.netkeiba.com/race/200706030811/,https://www.jbis.or.jp/race/result/20070415/106/11/
dream-journey,27,3,3rd,Yayoi Sho J,4 Mar 2007,Admire Aura,,Nakayama,Turf,2000,Jpn2,https://db.netkeiba.com/race/200706020411/,https://www.jbis.or.jp/race/result/20070304/106/11/
dream-journey,28,1,1st,Asahi Hai Futurity Stakes J,10 Dec 2006,Dream Journey,,Nakayama,Turf,1600,G1,https://db.netkeiba.com/race/200606050411/,https://www.jbis.or.jp/race/result/20061210/106/11/
dream-journey,29,3,3rd,Tokyo Sports Hai Nisai Stakes J,18 Nov 2006,Fusaichi Ho O,,Tokyo,Turf,1800,G3,https://db.netkeiba.com/race/200605050511/,https://www.jbis.or.jp/race/result/20061118/105/11/
dream-journey,30,1,1st,Fuyo Stakes J,30 Sept 2006,Dream Journey,,Nakayama,Turf,1600,OP,https://db.netkeiba.com/race/200606040709/,https://www.jbis.or.jp/race/result/20060930/106/09/
dream-journey,31,1,1st,2yo Newcomer Race J,3 Sept 2006,Dream Journey,,Niigata,Turf,1400,Debut,https://db.netkeiba.com/race/200604030806/,https://www.jbis.or.jp/race/result/20060903/104/06/
calstone-light-o,1,10,10th,Sprinters Stakes J,2 Oct 2005,Silent Witness,,Nakayama,Turf,1200,G1,https://db.netkeiba.com/race/200506040811/,https://www.jbis.or.jp/race/result/20051002/106/11/
calstone-light-o,2,4,4th,Ibis Summer Dash J,21 Aug 2005,T M Churasan,,Niigata,Turf,1000,G3,https://db.netkeiba.com/race/200504030411/,https://www.jbis.or.jp/race/result/20050821/104/11/
calstone-light-o,3,4,4th,Takamatsunomiya Kinen J,27 Mar 2005,Admire Max,,Chukyo,Turf,1200,G1,https://db.netkeiba.com/race/200507010811/,https://www.jbis.or.jp/race/result/20050327/107/11/
calstone-light-o,4,2,2nd,Hankyu Hai J,27 Feb 2005,Keeneland Swan,,Hanshin,Turf,1200,G3,https://db.netkeiba.com/race/200509010211/,https://www.jbis.or.jp/race/result/20050227/109/11/
calstone-light-o,5,14,14th,Hong Kong Sprint,12 Dec 2004,Silent Witness,,Sha Tin,Turf,1000,G1,https://db.netkeiba.com/race/2004G0121205/,
calstone-light-o,6,1,1st,Sprinters Stakes J,3 Oct 2004,Calstone Light O,,Nakayama,Turf,1200,G1,https://db.netkeiba.com/race/200406040811/,https://www.jbis.or.jp/race/result/20041003/106/11/
calstone-light-o,7,1,1st,Ibis Summer Dash J,22 Aug 2004,Calstone Light O,,Niigata,Turf,1000,G3,https://db.netkeiba.com/race/200404030411/,https://www.jbis.or.jp/race/result/20040822/104/11/
calstone-light-o,8,3,3rd,Hakodate Sprint Stakes J,4 Jul 2004,She is Tosho,,Hakodate,Turf,1200,G3,https://db.netkeiba.com/race/200402010611/,https://www.jbis.or.jp/race/result/20040704/102/11/
calstone-light-o,9,2,2nd,Baden-Baden Cup J,20 Jun 2004,Wonder Seattle,,Fukushima,Turf,1200,OP,https://db.netkeiba.com/race/200403020211/,https://www.jbis.or.jp/race/result/20040620/103/11/
calstone-light-o,10,10,10th,CBC Sho J,21 Dec 2003,She is Tosho,,Chukyo,Turf,1200,G2,https://db.netkeiba.com/race/200307030611/,https://www.jbis.or.jp/race/result/20031221/107/11/
calstone-light-o,11,1,1st,Andromeda Stakes J,30 Nov 2003,Calstone Light O,,Kyoto,Turf,1200,OP,https://db.netkeiba.com/race/200308050811/,https://www.jbis.or.jp/race/result/20031130/108/11/
calstone-light-o,12,5,5th,Fukushima Minyu Cup J,26 Oct 2003,Atago Taisho,,Fukushima,Turf,1200,OP,https://db.netkeiba.com/race/200303030211/,https://www.jbis.or.jp/race/result/20031026/103/11/
calstone-light-o,13,13,13th,Sprinters Stakes J,5 Oct 2003,Durandal,durandal,Nakayama,Turf,1200,G1,https://db.netkeiba.com/race/200306050811/,https://www.jbis.or.jp/race/result/20031005/106/11/
calstone-light-o,14,12,12th,Centaur Stakes J,14 Sept 2003,Tenshino Kiseki,,Hanshin,Turf,1200,G3,https://db.netkeiba.com/race/200309040211/,https://www.jbis.or.jp/race/result/20030914/109/11/
calstone-light-o,15,13,13th,Swan Stakes J,26 Oct 2002,Shonan Kampf,,Kyoto,Turf,1400,G2,https://db.netkeiba.com/race/200208040711/,https://www.jbis.or.jp/race/result/20021026/108/11/
calstone-light-o,16,3,3rd,Fukushima Mimpo Hai J,6 Oct 2002,Star El Dorado,,Fukushima,Turf,1200,OP,https://db.netkeiba.com/race/200203020211/,https://www.jbis.or.jp/race/result/20021006/103/11/
calstone-light-o,17,3,3rd,Centaur Stakes J,8 Sept 2002,Believe,believe,Hanshin,Turf,1200,G3,https://db.netkeiba.com/race/200209040211/,https://www.jbis.or.jp/race/result/20020908/109/11/
calstone-light-o,18,1,1st,Ibis Summer Dash J,18 Aug 2002,Calstone Light O,,Niigata,Turf,1000,G3,https://db.netkeiba.com/race/200204030411/,https://www.jbis.or.jp/race/result/20020818/104/11/
calstone-light-o,19,3,3rd,Kokura Nikkei Open J,4 Aug 2002,Tenshino Kiseki,,Kokura,Turf,1200,OP,https://db.netkeiba.com/race/200210020811/,https://www.jbis.or.jp/race/result/20020804/110/11/
calstone-light-o,20,7,7th,NST Open J,14 Jul 2002,Magnaten,,Niigata,Turf,1400,OP,https://db.netkeiba.com/race/200204020211/,https://www.jbis.or.jp/race/result/20020714/104/11/
calstone-light-o,21,1,1st,TUF Hai J,29 Jun 2002,Calstone Light O,,Fukushima,Turf,1200,Pre-OP,https://db.netkeiba.com/race/200203010511/,https://www.jbis.or.jp/race/result/20020629/103/11/
calstone-light-o,22,13,13th,TV Aichi Open J,8 Jun 2002,Native Heart,,Chukyo,Turf,1200,OP,https://db.netkeiba.com/race/200207020711/,https://www.jbis.or.jp/race/result/20020608/107/11/
calstone-light-o,23,9,9th,CBC Sho J,15 Dec 2001,Rikiai Taikan,,Chukyo,Turf,1200,G2,https://db.netkeiba.com/race/200107030711/,https://www.jbis.or.jp/race/result/20011215/107/11/
calstone-light-o,24,6,6th,Andromeda Stakes J,25 Nov 2001,Tenshino Kiseki,,Kyoto,Turf,1200,OP,https://db.netkeiba.com/race/200108050811/,https://www.jbis.or.jp/race/result/20011125/108/11/
calstone-light-o,25,2,2nd,Fukushima Minyu Cup J,28 Oct 2001,Yuwa Falcon,,Fukushima,Turf,1200,OP,https://db.netkeiba.com/race/200103030211/,https://www.jbis.or.jp/race/result/20011028/103/11/
calstone-light-o,26,3,3rd,Centaur Stakes J,9 Sept 2001,Tennessee Girl,,Hanshin,Turf,1200,G3,https://db.netkeiba.com/race/200109040211/,https://www.jbis.or.jp/race/result/20010909/109/11/
calstone-light-o,27,3,3rd,Ibis Summer Dash J,19 Aug 2001,Mejiro Darling,,Niigata,Turf,1000,G3,https://db.netkeiba.com/race/200104020411/,https://www.jbis.or.jp/race/result/20010819/104/11/
calstone-light-o,28,1,1st,Kitakyushu Tankyori Stakes J,22 Jul 2001,Calstone Light O,,Kokura,Turf,1200,OP,https://db.netkeiba.com/race/200110020411/,https://www.jbis.or.jp/race/result/20010722/110/11/
calstone-light-o,29,4,4th,Bodaiju Stakes J,8 Jul 2001,Meisho Ramses,,Hanshin,Turf,1600,OP,https://db.netkeiba.com/race/200109030810/,https://www.jbis.or.jp/race/result/20010708/109/10/
calstone-light-o,30,3,3rd,Falcon Stakes J,10 Jun 2001,Rusunai Christie,,Chukyo,Turf,1200,G3,https://db.netkeiba.com/race/200107020811/,https://www.jbis.or.jp/race/result/20010610/107/11/
calstone-light-o,31,1,1st,Aoi Stakes J,12 May 2001,Calstone Light O,,Kyoto,Turf,1200,OP,https://db.netkeiba.com/race/200108030710/,https://www.jbis.or.jp/race/result/20010512/108/10/
calstone-light-o,32,2,2nd,Marguerite Stakes J,1 Apr 2001,Stima,,Hanshin,Turf,1400,OP,https://db.netkeiba.com/race/200109020410/,https://www.jbis.or.jp/race/result/20010401/109/10/
calstone-light-o,33,10,10th,Violet Stakes J,28 Jan 2001,Meiner Ehre,,Kyoto,Dirt,1400,OP,https://db.netkeiba.com/race/200108020210/,https://www.jbis.or.jp/race/result/20010128/108/10/
calstone-light-o,34,10,10th,Asahi Hai Sansai Stakes J,10 Dec 2000,Mejiro Bailey,,Nakayama,Turf,1600,G1,https://db.netkeiba.com/race/200006060411/,https://www.jbis.or.jp/race/result/20001210/106/11/
calstone-light-o,35,1,1st,Kaede Sho J,25 Nov 2000,Calstone Light O,,Kyoto,Turf,1200,Pre-OP,https://db.netkeiba.com/race/200008050709/,https://www.jbis.or.jp/race/result/20001125/108/09/
calstone-light-o,36,1,1st,2yo Newcomer Race J,5 Nov 2000,Calstone Light O,,Kyoto,Turf,1200,Debut,https://db.netkeiba.com/race/200008050204/,https://www.jbis.or.jp/race/result/20001105/108/04/
durandal,1,8,8th,Mile Championship J,20 Nov 2005,Hat Trick,,Kyoto,Turf,1600,G1,https://db.netkeiba.com/race/200508050611/,https://www.jbis.or.jp/race/result/20051120/108/11/
durandal,2,2,2nd,Sprinters Stakes J,2 Oct 2005,Silent Witness,,Nakayama,Turf,1200,G1,https://db.netkeiba.com/race/200506040811/,https://www.jbis.or.jp/race/result/20051002/106/11/
durandal,3,5,5th,Hong Kong Mile,12 Dec 2004,Firebreak,,Sha Tin,Turf,1600,G1,https://db.netkeiba.com/race/2004G0121207/,
durandal,4,1,1st,Mile Championship J,21 Nov 2004,Durandal,,Kyoto,Turf,1600,G1,https://db.netkeiba.com/race/200408050611/,https://www.jbis.or.jp/race/result/20041121/108/11/
durandal,5,2,2nd,Sprinters Stakes J,3 Oct 2004,Calstone Light O,calstone-light-o,Nakayama,Turf,1200,G1,https://db.netkeiba.com/race/200406040811/,https://www.jbis.or.jp/race/result/20041003/106/11/
durandal,6,2,2nd,Takamatsunomiya Kinen J,28 Mar 2004,Sunningdale,,Chukyo,Turf,1200,G1,https://db.netkeiba.com/race/200407010811/,https://www.jbis.or.jp/race/result/20040328/107/11/
durandal,7,1,1st,Mile Championship J,23 Nov 2003,Durandal,,Kyoto,Turf,1600,G1,https://db.netkeiba.com/race/200308050611/,https://www.jbis.or.jp/race/result/20031123/108/11/
durandal,8,1,1st,Sprinters Stakes J,5 Oct 2003,Durandal,,Nakayama,Turf,1200,G1,https://db.netkeiba.com/race/200306050811/,https://www.jbis.or.jp/race/result/20031005/106/11/
durandal,9,3,3rd,Centaur Stakes J,14 Sept 2003,Tenshino Kiseki,,Hanshin,Turf,1200,G3,https://db.netkeiba.com/race/200309040211/,https://www.jbis.or.jp/race/result/20030914/109/11/
durandal,10,9,9th,Nakayama Kinen J,2 Mar 2003,Lohengrin,,Nakayama,Turf,1800,G2,https://db.netkeiba.com/race/200306030211/,https://www.jbis.or.jp/race/result/20030302/106/11/
durandal,11,1,1st,New Year Stakes J,18 Jan 2003,Durandal,,Nakayama,Turf,1600,OP,https://db.netkeiba.com/race/200306010511/,https://www.jbis.or.jp/race/result/20030118/106/11/
durandal,12,4,4th,December Stakes J,14 Dec 2002,Lohengrin,,Nakayama,Turf,1800,OP,https://db.netkeiba.com/race/200206050511/,https://www.jbis.or.jp/race/result/20021214/106/11/
durandal,13,10,10th,Mile Championship J,17 Nov 2002,Tokai Point,,Kyoto,Turf,1600,G1,https://db.netkeiba.com/race/200208050611/,https://www.jbis.or.jp/race/result/20021117/108/11/
durandal,14,1,1st,Hakushu Stakes J,27 Oct 2002,Durandal,,Nakayama,Turf,1200,Pre-OP,https://db.netkeiba.com/race/200206030810/,https://www.jbis.or.jp/race/result/20021027/106/10/
durandal,15,1,1st,Moonlight Handicap J,22 Sept 2002,Durandal,,Hanshin,Turf,1600,Pre-OP,https://db.netkeiba.com/race/200209040610/,https://www.jbis.or.jp/race/result/20020922/109/10/
durandal,16,1,1st,Chikushi Tokubetsu J,25 Aug 2002,Durandal,,Kokura,Turf,1200,Pre-OP,https://db.netkeiba.com/race/200210030609/,https://www.jbis.or.jp/race/result/20020825/110/09/
durandal,17,2,2nd,Arita Tokubetsu J,10 Aug 2002,Monday Musume,,Kokura,Turf,1200,Pre-OP,https://db.netkeiba.com/race/200210030110/,https://www.jbis.or.jp/race/result/20020810/110/10/
durandal,18,1,1st,2yo Newcomer Race J,8 Dec 2001,Durandal,,Hanshin,Turf,1200,Debut,https://db.netkeiba.com/race/200109050304/,https://www.jbis.or.jp/race/result/20011208/109/04/
bubble-gum-fellow,1,3,3rd,Japan Cup J,23 Nov 1997,Pilsudski,,Tokyo,Turf,2400,G1,https://db.netkeiba.com/race/199705050810/,https://www.jbis.or.jp/race/result/19971123/105/10/
bubble-gum-fellow,2,2,2nd,Tenno Sho (Autumn) J,26 Oct 1997,Air Groove,air-groove,Tokyo,Turf,2000,G1,https://db.netkeiba.com/race/199705040810/,https://www.jbis.or.jp/race/result/19971026/105/10/
bubble-gum-fellow,3,1,1st,Mainichi Okan J,5 Oct 1997,Bubble Gum Fellow,,Tokyo,Turf,1800,G2,https://db.netkeiba.com/race/199705040211/,https://www.jbis.or.jp/race/result/19971005/105/11/
bubble-gum-fellow,4,2,2nd,Takarazuka Kinen J,6 Jul 1997,Marvelous Sunday,marvelous-sunday,Hanshin,Turf,2200,G1,https://db.netkeiba.com/race/199709030810/,https://www.jbis.or.jp/race/result/19970706/109/10/
bubble-gum-fellow,5,1,1st,Naruo Kinen J,15 Jun 1997,Bubble Gum Fellow,,Hanshin,Turf,2000,G2,https://db.netkeiba.com/race/199709030211/,https://www.jbis.or.jp/race/result/19970615/109/11/
bubble-gum-fellow,6,13,13th,Japan Cup J,24 Nov 1996,Singspiel,,Tokyo,Turf,2400,G1,https://db.netkeiba.com/race/199605060810/,https://www.jbis.or.jp/race/result/19961124/105/10/
bubble-gum-fellow,7,1,1st,Tenno Sho (Autumn) J,27 Oct 1996,Bubble Gum Fellow,,Tokyo,Turf,2000,G1,https://db.netkeiba.com/race/199605050810/,https://www.jbis.or.jp/race/result/19961027/105/10/
bubble-gum-fellow,8,3,3rd,Mainichi Okan J,6 Oct 1996,Annus Mirabilis,,Tokyo,Turf,1800,G2,https://db.netkeiba.com/race/199605050211/,https://www.jbis.or.jp/race/result/19961006/105/11/
bubble-gum-fellow,9,1,1st,Spring Stakes J,24 Mar 1996,Bubble Gum Fellow,,Nakayama,Turf,1800,G2,https://db.netkeiba.com/race/199606020211/,https://www.jbis.or.jp/race/result/19960324/106/11/
bubble-gum-fellow,10,1,1st,Asahi Hai Sansai Stakes J,10 Dec 1995,Bubble Gum Fellow,,Nakayama,Turf,1600,G1,https://db.netkeiba.com/race/199506050411/,https://www.jbis.or.jp/race/result/19951210/106/11/
bubble-gum-fellow,11,1,1st,Fuchu Sansai Stakes J,19 Nov 1995,Bubble Gum Fellow,,Tokyo,Turf,1800,OP,https://db.netkeiba.com/race/199505050609/,https://www.jbis.or.jp/race/result/19951119/105/09/
bubble-gum-fellow,12,1,1st,2yo Newcomer Race J,29 Oct 1995,Bubble Gum Fellow,,Tokyo,Turf,1800,Debut,https://db.netkeiba.com/race/199505040803/,https://www.jbis.or.jp/race/result/19951029/105/03/
bubble-gum-fellow,13,3,3rd,2yo Newcomer Race J,7 Oct 1995,Abiru Sun God,,Tokyo,Turf,1800,Debut,https://db.netkeiba.com/race/199505040103/,https://www.jbis.or.jp/race/result/19951007/105/03/
sakura-chitose-o,1,3,3rd,Arima Kinen J,24 Dec 1995,Mayano Top Gun,mayano-top-gun,Nakayama,Turf,2500,G1,https://db.netkeiba.com/race/199506050809/,https://www.jbis.or.jp/race/result/19951224/106/09/
sakura-chitose-o,2,1,1st,Tenno Sho (Autumn) J,29 Oct 1995,Sakura Chitose O,,Tokyo,Turf,2000,G1,https://db.netkeiba.com/race/199505040810/,https://www.jbis.or.jp/race/result/19951029/105/10/
sakura-chitose-o,3,4,4th,Mainichi Okan J,8 Oct 1995,Sugano Oji,,Tokyo,Turf,1800,G2,https://db.netkeiba.com/race/199505040211/,https://www.jbis.or.jp/race/result/19951008/105/11/
sakura-chitose-o,4,7,7th,Takarazuka Kinen J,4 Jun 1995,Dantsu Seattle,,Kyoto,Turf,2200,G1,https://db.netkeiba.com/race/199508010810/,https://www.jbis.or.jp/race/result/19950604/108/10/
sakura-chitose-o,5,2,2nd,Yasuda Kinen J,14 May 1995,Heart Lake,,Tokyo,Turf,1600,G1,https://db.netkeiba.com/race/199505020811/,https://www.jbis.or.jp/race/result/19950514/105/11/
sakura-chitose-o,6,2,2nd,Nakayama Kinen J,12 Mar 1995,Fujiyama Kenzan,,Nakayama,Turf,1800,G2,https://db.netkeiba.com/race/199506020611/,https://www.jbis.or.jp/race/result/19950312/106/11/
sakura-chitose-o,7,1,1st,American JCC J,22 Jan 1995,Sakura Chitose O,,Nakayama,Turf,2200,G2,https://db.netkeiba.com/race/199506010811/,https://www.jbis.or.jp/race/result/19950122/106/11/
sakura-chitose-o,8,6,6th,Arima Kinen J,25 Dec 1994,Narita Brian,narita-brian,Nakayama,Turf,2500,G1,https://db.netkeiba.com/race/199406050809/,https://www.jbis.or.jp/race/result/19941225/106/09/
sakura-chitose-o,9,1,1st,Fuji Stakes J,13 Nov 1994,Sakura Chitose O,,Tokyo,Turf,1800,OP,https://db.netkeiba.com/race/199405050411/,https://www.jbis.or.jp/race/result/19941113/105/11/
sakura-chitose-o,10,6,6th,Tenno Sho (Autumn) J,30 Oct 1994,Nehai Caesar,,Tokyo,Turf,2000,G1,https://db.netkeiba.com/race/199405040810/,https://www.jbis.or.jp/race/result/19941030/105/10/
sakura-chitose-o,11,1,1st,Keio Hai Autumn Handicap J,11 Sept 1994,Sakura Chitose O,,Nakayama,Turf,1600,G3,https://db.netkeiba.com/race/199406040211/,https://www.jbis.or.jp/race/result/19940911/106/11/
sakura-chitose-o,12,6,6th,Takarazuka Kinen J,12 Jun 1994,Biwa Hayahide,biwa-hayahide,Hanshin,Turf,2200,G1,https://db.netkeiba.com/race/199409050810/,https://www.jbis.or.jp/race/result/19940612/109/10/
sakura-chitose-o,13,1,1st,Metropolitan Stakes J,1 May 1994,Sakura Chitose O,,Tokyo,Turf,2300,OP,https://db.netkeiba.com/race/199405020410/,https://www.jbis.or.jp/race/result/19940501/105/10/
sakura-chitose-o,14,2,2nd,April Stakes J,10 Apr 1994,Under King,,Nakayama,Turf,2000,OP,https://db.netkeiba.com/race/199406030611/,https://www.jbis.or.jp/race/result/19940410/106/11/
sakura-chitose-o,15,1,1st,Nakayama Kinen J,13 Mar 1994,Sakura Chitose O,,Nakayama,Turf,1800,G2,https://db.netkeiba.com/race/199406020611/,https://www.jbis.or.jp/race/result/19940313/106/11/
sakura-chitose-o,16,1,1st,TV Saitama Hai J,20 Feb 1994,Sakura Chitose O,,Tokyo,Turf,1600,Pre-OP,https://db.netkeiba.com/race/199405010809/,https://www.jbis.or.jp/race/result/19940220/105/09/
sakura-chitose-o,17,3,3rd,Setsubun Sho J,5 Feb 1994,Royal Harbor,,Tokyo,Dirt,1400,Pre-OP,https://db.netkeiba.com/race/199405010310/,https://www.jbis.or.jp/race/result/19940205/105/10/
sakura-chitose-o,18,11,11th,Tokyo Yushun (Japanese Derby) J,30 May 1993,Winning Ticket,winning-ticket,Tokyo,Turf,2400,G1,https://db.netkeiba.com/race/199305030409/,https://www.jbis.or.jp/race/result/19930530/105/09/
sakura-chitose-o,19,3,3rd,NHK Hai J,9 May 1993,My Shinzan,,Tokyo,Turf,2000,G2,https://db.netkeiba.com/race/199305020611/,https://www.jbis.or.jp/race/result/19930509/105/11/
sakura-chitose-o,20,,DNS,Aoba Sho J,1 May 1993,Stage Champ,,Tokyo,Turf,2400,OP,https://db.netkeiba.com/race/199305020311/,https://www.jbis.or.jp/race/result/19930501/105/11/
sakura-chitose-o,21,1,1st,Hiiragi Sho J,19 Dec 1992,Sakura Chitose O,,Nakayama,Turf,1600,Pre-OP,https://db.netkeiba.com/race/199206050509/,https://www.jbis.or.jp/race/result/19921219/106/09/
sakura-chitose-o,22,1,1st,2yo Newcomer Race J,11 Oct 1992,Sakura Chitose O,,Tokyo,Turf,1600,Debut,https://db.netkeiba.com/race/199205040203/,https://www.jbis.or.jp/race/result/19921011/105/03/
fenomeno,1,8,8th,Nikkei Sho J,28 Mar 2015,Admire Deus,,Nakayama,Turf,2500,G2,https://db.netkeiba.com/race/201506030111/,https://www.jbis.or.jp/race/result/20150328/106/11/
fenomeno,2,10,10th,Arima Kinen J,28 Dec 2014,Gentildonna,gentildonna,Nakayama,Turf,2500,G1,https://db.netkeiba.com/race/201406040810/,https://www.jbis.or.jp/race/result/20141228/106/10/
fenomeno,3,8,8th,Japan Cup J,30 Nov 2014,Epiphaneia,epiphaneia,Tokyo,Turf,2400,G1,https://db.netkeiba.com/race/201405050911/,https://www.jbis.or.jp/race/result/20141130/105/11/
fenomeno,4,14,14th,Tenno Sho (Autumn) J,2 Nov 2014,Spielberg,,Tokyo,Turf,2000,G1,https://db.netkeiba.com/race/201405040911/,https://www.jbis.or.jp/race/result/20141102/105/11/
fenomeno,5,1,1st,Tenno Sho (Spring) J,4 May 2014,Fenomeno,,Kyoto,Turf,3200,G1,https://db.netkeiba.com/race/201408030411/,https://www.jbis.or.jp/race/result/20140504/108/11/
fenomeno,6,5,5th,Nikkei Sho J,29 Mar 2014,Win Variation,win-variation,Nakayama,Turf,2500,G2,https://db.netkeiba.com/race/201406030111/,https://www.jbis.or.jp/race/result/20140329/106/11/
fenomeno,7,4,4th,Takarazuka Kinen J,23 Jun 2013,Gold Ship,gold-ship,Hanshin,Turf,2200,G1,https://db.netkeiba.com/race/201309030811/,https://www.jbis.or.jp/race/result/20130623/109/11/
fenomeno,8,1,1st,Tenno Sho (Spring) J,28 Apr 2013,Fenomeno,,Kyoto,Turf,3200,G1,https://db.netkeiba.com/race/201308030411/,https://www.jbis.or.jp/race/result/20130428/108/11/
fenomeno,9,1,1st,Nikkei Sho J,23 Mar 2013,Fenomeno,,Nakayama,Turf,2500,G2,https://db.netkeiba.com/race/201306030111/,https://www.jbis.or.jp/race/result/20130323/106/11/
fenomeno,10,5,5th,Japan Cup J,25 Nov 2012,Gentildonna,gentildonna,Tokyo,Turf,2400,G1,https://db.netkeiba.com/race/201205050811/,https://www.jbis.or.jp/race/result/20121125/105/11/
fenomeno,11,2,2nd,Tenno Sho (Autumn) J,28 Oct 2012,Eishin Flash,eishin-flash,Tokyo,Turf,2000,G1,https://db.netkeiba.com/race/201205040911/,https://www.jbis.or.jp/race/result/20121028/105/11/
fenomeno,12,1,1st,St. Lite Kinen J,17 Sept 2012,Fenomeno,,Nakayama,Turf,2200,G2,https://db.netkeiba.com/race/201206040511/,https://www.jbis.or.jp/race/result/20120917/106/11/
fenomeno,13,2,2nd,Tokyo Yushun (Japanese Derby) J,27 May 2012,Deep Brillante,,Tokyo,Turf,2400,G1,https://db.netkeiba.com/race/201205021210/,https://www.jbis.or.jp/race/result/20120527/105/10/
fenomeno,14,1,1st,Aoba Sho J,28 Apr 2012,Fenomeno,,Tokyo,Turf,2400,G2,https://db.netkeiba.com/race/201205020311/,https://www.jbis.or.jp/race/result/20120428/105/11/
fenomeno,15,6,6th,Yayoi Sho J,4 Mar 2012,Cosmo Ozora,,Nakayama,Turf,2000,G2,https://db.netkeiba.com/race/201206020411/,https://www.jbis.or.jp/race/result/20120304/106/11/
fenomeno,16,1,1st,3yo Allowance (¥5m & Less) J,29 Jan 2012,Fenomeno,,Tokyo,Turf,2000,Pre-OP,https://db.netkeiba.com/race/201205010207/,https://www.jbis.or.jp/race/result/20120129/105/07/
fenomeno,17,7,7th,Hopeful Stakes J,25 Dec 2011,Admire Blue,,Nakayama,Turf,2000,OP,https://db.netkeiba.com/race/201106050807/,https://www.jbis.or.jp/race/result/20111225/106/07/
fenomeno,18,1,1st,2yo Newcomer Race J,30 Oct 2011,Fenomeno,,Tokyo,Turf,2000,Debut,https://db.netkeiba.com/race/201105040904/,https://www.jbis.or.jp/race/result/20111030/105/04/
blast-onepiece,1,5,5th,Sapporo Kinen J,22 Aug 2021,Sodashi,,Sapporo,Turf,2000,G2,https://db.netkeiba.com/race/202101020411/,https://www.jbis.or.jp/race/result/20210822/101/11/
blast-onepiece,2,3,3rd,Naruo Kinen J,5 Jun 2021,Unicorn Lion,,Chukyo,Turf,2000,G3,https://db.netkeiba.com/race/202107040111/,https://www.jbis.or.jp/race/result/20210605/107/11/
blast-onepiece,3,,DNF,Arima Kinen J,27 Dec 2020,Chrono Genesis,chrono-genesis,Nakayama,Turf,2500,G1,https://db.netkeiba.com/race/202006050811/,https://www.jbis.or.jp/race/result/20201227/106/11/
blast-onepiece,4,11,11th,Tenno Sho (Autumn) J,1 Nov 2020,Almond Eye,almond-eye,Tokyo,Turf,2000,G1,https://db.netkeiba.com/race/202005040811/,https://www.jbis.or.jp/race/result/20201101/105/11/
blast-onepiece,5,16,16th,Takarazuka Kinen J,28 Jun 2020,Chrono Genesis,chrono-genesis,Hanshin,Turf,2200,G1,https://db.netkeiba.com/race/202009030811/,https://www.jbis.or.jp/race/result/20200628/109/11/
blast-onepiece,6,7,7th,Osaka Hai J,5 Apr 2020,Lucky Lilac,lucky-lilac,Hanshin,Turf,2000,G1,https://db.netkeiba.com/race/202009020411/,https://www.jbis.or.jp/race/result/20200405/109/11/
blast-onepiece,7,1,1st,American JCC J,26 Jan 2020,Blast Onepiece,,Nakayama,Turf,2200,G2,https://db.netkeiba.com/race/202006010911/,https://www.jbis.or.jp/race/result/20200126/106/11/
blast-onepiece,8,11,11th,Prix de l'Arc de Triomphe,6 Oct 2019,Waldgeist,,Longchamp,Turf,2400,G1,https://db.netkeiba.com/race/2019C8100604/,
blast-onepiece,9,1,1st,Sapporo Kinen J,18 Aug 2019,Blast Onepiece,,Sapporo,Turf,2000,G2,https://db.netkeiba.com/race/201901020211/,https://www.jbis.or.jp/race/result/20190818/101/11/
blast-onepiece,10,8,8th,Meguro Kinen J,26 May 2019,Look Twice,,Tokyo,Turf,2500,G2,https://db.netkeiba.com/race/201905021212/,https://www.jbis.or.jp/race/result/20190526/105/12/
blast-onepiece,11,6,6th,Osaka Hai J,31 Mar 2019,Al Ain,,Hanshin,Turf,2000,G1,https://db.netkeiba.com/race/201909020411/,https://www.jbis.or.jp/race/result/20190331/109/11/
blast-onepiece,12,1,1st,Arima Kinen J,23 Dec 2018,Blast Onepiece,,Nakayama,Turf,2500,G1,https://db.netkeiba.com/race/201806050811/,https://www.jbis.or.jp/race/result/20181223/106/11/
blast-onepiece,13,4,4th,Kikuka Sho J,21 Oct 2018,Fierement,,Kyoto,Turf,3000,G1,https://db.netkeiba.com/race/201808040711/,https://www.jbis.or.jp/race/result/20181021/108/11/
blast-onepiece,14,1,1st,Niigata Kinen J,2 Sept 2018,Blast Onepiece,,Niigata,Turf,2000,G3,https://db.netkeiba.com/race/201804021211/,https://www.jbis.or.jp/race/result/20180902/104/11/
blast-onepiece,15,5,5th,Tokyo Yushun (Japanese Derby) J,27 May 2018,Wagnerian,,Tokyo,Turf,2400,G1,https://db.netkeiba.com/race/201805021210/,https://www.jbis.or.jp/race/result/20180527/105/10/
blast-onepiece,16,1,1st,Mainichi Hai J,24 Mar 2018,Blast Onepiece,,Hanshin,Turf,1800,G3,https://db.netkeiba.com/race/201809020111/,https://www.jbis.or.jp/race/result/20180324/109/11/
blast-onepiece,17,1,1st,Yurikamome Sho J,4 Feb 2018,Blast Onepiece,,Tokyo,Turf,2400,Pre-OP,https://db.netkeiba.com/race/201805010409/,https://www.jbis.or.jp/race/result/20180204/105/09/
blast-onepiece,18,1,1st,2yo Newcomer Race J,19 Nov 2017,Blast Onepiece,,Tokyo,Turf,1800,Debut,https://db.netkeiba.com/race/201705050605/,https://www.jbis.or.jp/race/result/20171119/105/05/
almond-eye,1,1,1st,Japan Cup J,29 Nov 2020,Almond Eye,,Tokyo,Turf,2400,G1,https://db.netkeiba.com/race/202005050912/,https://www.jbis.or.jp/race/result/20201129/105/12/
almond-eye,2,1,1st,Tenno Sho (Autumn) J,1 Nov 2020,Almond Eye,,Tokyo,Turf,2000,G1,https://db.netkeiba.com/race/202005040811/,https://www.jbis.or.jp/race/result/20201101/105/11/
almond-eye,3,2,2nd,Yasuda Kinen J,7 Jun 2020,Gran Alegria,gran-alegria,Tokyo,Turf,1600,G1,https://db.netkeiba.com/race/202005030211/,https://www.jbis.or.jp/race/result/20200607/105/11/
almond-eye,4,1,1st,Victoria Mile J,17 May 2020,Almond Eye,,Tokyo,Turf,1600,G1,https://db.netkeiba.com/race/202005020811/,https://www.jbis.or.jp/race/result/20200517/105/11/
almond-eye,5,9,9th,Arima Kinen J,22 Dec 2019,Lys Gracieux,,Nakayama,Turf,2500,G1,https://db.netkeiba.com/race/201906050811/,https://www.jbis.or.jp/race/result/20191222/106/11/
almond-eye,6,1,1st,Tenno Sho (Autumn) J,27 Oct 2019,Almond Eye,,Tokyo,Turf,2000,G1,https://db.netkeiba.com/race/201905040911/,https://www.jbis.or.jp/race/result/20191027/105/11/
almond-eye,7,3,3rd,Yasuda Kinen J,2 Jun 2019,Indy Champ,,Tokyo,Turf,1600,G1,https://db.netkeiba.com/race/201905030211/,https://www.jbis.or.jp/race/result/20190602/105/11/
almond-eye,8,1,1st,Dubai Turf,30 Mar 2019,Almond Eye,,Meydan,Turf,1800,G1,https://db.netkeiba.com/race/2019J0033007/,
almond-eye,9,1,1st,Japan Cup J,25 Nov 2018,Almond Eye,,Tokyo,Turf,2400,G1,https://db.netkeiba.com/race/201805050811/,https://www.jbis.or.jp/race/result/20181125/105/11/
almond-eye,10,1,1st,Shuka Sho J,14 Oct 2018,Almond Eye,,Kyoto,Turf,2000,G1,https://db.netkeiba.com/race/201808040511/,https://www.jbis.or.jp/race/result/20181014/108/11/
almond-eye,11,1,1st,Japanese Oaks J,20 May 2018,Almond Eye,,Tokyo,Turf,2400,G1,https://db.netkeiba.com/race/201805021011/,https://www.jbis.or.jp/race/result/20180520/105/11/
almond-eye,12,1,1st,Oka Sho J,8 Apr 2018,Almond Eye,,Hanshin,Turf,1600,G1,https://db.netkeiba.com/race/201809020611/,https://www.jbis.or.jp/race/result/20180408/109/11/
almond-eye,13,1,1st,Shinzan Kinen J,8 Jan 2018,Almond Eye,,Kyoto,Turf,1600,G3,https://db.netkeiba.com/race/201808010311/,https://www.jbis.or.jp/race/result/20180108/108/11/
almond-eye,14,1,1st,2yo Maiden Race J,8 Oct 2017,Almond Eye,,Tokyo,Turf,1600,Maiden,https://db.netkeiba.com/race/201705040202/,https://www.jbis.or.jp/race/result/20171008/105/02/
almond-eye,15,2,2nd,2yo Newcomer Race J,6 Aug 2017,Nishino Urara,,Niigata,Turf,1400,Debut,https://db.netkeiba.com/race/201704020406/,https://www.jbis.or.jp/race/result/20170806/104/06/
lucky-lilac,1,4,4th,Arima Kinen J,27 Dec 2020,Chrono Genesis,chrono-genesis,Nakayama,Turf,2500,G1,https://db.netkeiba.com/race/202006050811/,https://www.jbis.or.jp/race/result/20201227/106/11/
lucky-lilac,2,1,1st,Queen Elizabeth Cup J,15 Nov 2020,Lucky Lilac,,Hanshin,Turf,2200,G1,https://db.netkeiba.com/race/202009050411/,https://www.jbis.or.jp/race/result/20201115/109/11/
lucky-lilac,3,3,3rd,Sapporo Kinen J,23 Aug 2020,Normcore,,Sapporo,Turf,2000,G2,https://db.netkeiba.com/race/202001020411/,https://www.jbis.or.jp/race/result/20200823/101/11/
lucky-lilac,4,6,6th,Takarazuka Kinen J,28 Jun 2020,Chrono Genesis,chrono-genesis,Hanshin,Turf,2200,G1,https://db.netkeiba.com/race/202009030811/,https://www.jbis.or.jp/race/result/20200628/109/11/
lucky-lilac,5,1,1st,Osaka Hai J,5 Apr 2020,Lucky Lilac,,Hanshin,Turf,2000,G1,https://db.netkeiba.com/race/202009020411/,https://www.jbis.or.jp/race/result/20200405/109/11/
lucky-lilac,6,2,2nd,Nakayama Kinen J,1 Mar 2020,Danon Kingly,,Nakayama,Turf,1800,G2,https://db.netkeiba.com/race/202006020211/,https://www.jbis.or.jp/race/result/20200301/106/11/
lucky-lilac,7,2,2nd,Hong Kong Vase,8 Dec 2019,Glory Vase,,Sha Tin,Turf,2400,G1,https://db.netkeiba.com/race/2019H1120804/,
lucky-lilac,8,1,1st,Queen Elizabeth II Cup J,10 Nov 2019,Lucky Lilac,,Kyoto,Turf,2200,G1,https://db.netkeiba.com/race/201908050411/,https://www.jbis.or.jp/race/result/20191110/108/11/
lucky-lilac,9,3,3rd,Ireland Trophy Fuchu Himba Stakes J,14 Oct 2019,Scarlet Color,,Tokyo,Turf,1800,G2,https://db.netkeiba.com/race/201905040511/,https://www.jbis.or.jp/race/result/20191014/105/11/
lucky-lilac,10,4,4th,Victoria Mile J,12 May 2019,Normcore,,Tokyo,Turf,1600,G1,https://db.netkeiba.com/race/201905020811/,https://www.jbis.or.jp/race/result/20190512/105/11/
lucky-lilac,11,8,8th,Hanshin Himba Stakes J,6 Apr 2019,Mikki Charm,,Hanshin,Turf,1600,G2,https://db.netkeiba.com/race/201909020511/,https://www.jbis.or.jp/race/result/20190406/109/11/
lucky-lilac,12,2,2nd,Nakayama Kinen J,24 Feb 2019,Win Bright,,Nakayama,Turf,1800,G2,https://db.netkeiba.com/race/201906020211/,https://www.jbis.or.jp/race/result/20190224/106/11/
lucky-lilac,13,9,9th,Shuka Sho J,14 Oct 2018,Almond Eye,almond-eye,Kyoto,Turf,2000,G1,https://db.netkeiba.com/race/201808040511/,https://www.jbis.or.jp/race/result/20181014/108/11/
lucky-lilac,14,3,3rd,Japanese Oaks J,20 May 2018,Almond Eye,almond-eye,Tokyo,Turf,2400,G1,https://db.netkeiba.com/race/201805021011/,https://www.jbis.or.jp/race/result/20180520/105/11/
lucky-lilac,15,2,2nd,Oka Sho J,8 Apr 2018,Almond Eye,almond-eye,Hanshin,Turf,1600,G1,https://db.netkeiba.com/race/201809020611/,https://www.jbis.or.jp/race/result/20180408/109/11/
lucky-lilac,16,1,1st,Tulip Sho J,3 Mar 2018,Lucky Lilac,,Hanshin,Turf,1600,G2,https://db.netkeiba.com/race/201809010311/,https://www.jbis.or.jp/race/result/20180303/109/11/
lucky-lilac,17,1,1st,Hanshin Juvenile Fillies J,10 Dec 2017,Lucky Lilac,,Hanshin,Turf,1600,G1,https://db.netkeiba.com/race/201709050411/,https://www.jbis.or.jp/race/result/20171210/109/11/
lucky-lilac,18,1,1st,Artemis Stakes J,28 Oct 2017,Lucky Lilac,,Tokyo,Turf,1600,G3,https://db.netkeiba.com/race/201705040811/,https://www.jbis.or.jp/race/result/20171028/105/11/
lucky-lilac,19,1,1st,2yo Newcomer Race J,20 Aug 2017,Lucky Lilac,,Niigata,Turf,1600,Debut,https://db.netkeiba.com/race/201704020805/,https://www.jbis.or.jp/race/result/20170820/104/05/
gran-alegria,1,1,1st,Mile Championship J,21 Nov 2021,Gran Alegria,,Hanshin,Turf,1600,G1,https://db.netkeiba.com/race/202109050611/,https://www.jbis.or.jp/race/result/20211121/109/11/
gran-alegria,2,3,3rd,Tenno Sho (Autumn) J,31 Oct 2021,Efforia,efforia,Tokyo,Turf,2000,G1,https://db.netkeiba.com/race/202105040811/,https://www.jbis.or.jp/race/result/20211031/105/11/
gran-alegria,3,2,2nd,Yasuda Kinen J,6 Jun 2021,Danon Kingly,,Tokyo,Turf,1600,G1,https://db.netkeiba.com/race/202105030211/,https://www.jbis.or.jp/race/result/20210606/105/11/
gran-alegria,4,1,1st,Victoria Mile J,16 May 2021,Gran Alegria,,Tokyo,Turf,1600,G1,https://db.netkeiba.com/race/202105020811/,https://www.jbis.or.jp/race/result/20210516/105/11/
gran-alegria,5,4,4th,Osaka Hai J,4 Apr 2021,Lei Papale,,Hanshin,Turf,2000,G1,https://db.netkeiba.com/race/202109020411/,https://www.jbis.or.jp/race/result/20210404/109/11/
gran-alegria,6,1,1st,Mile Championship J,22 Nov 2020,Gran Alegria,,Hanshin,Turf,1600,G1,https://db.netkeiba.com/race/202009050611/,https://www.jbis.or.jp/race/result/20201122/109/11/
gran-alegria,7,1,1st,Sprinters Stakes J,4 Oct 2020,Gran Alegria,,Nakayama,Turf,1200,G1,https://db.netkeiba.com/race/202006040911/,https://www.jbis.or.jp/race/result/20201004/106/11/
gran-alegria,8,1,1st,Yasuda Kinen J,7 Jun 2020,Gran Alegria,,Tokyo,Turf,1600,G1,https://db.netkeiba.com/race/202005030211/,https://www.jbis.or.jp/race/result/20200607/105/11/
gran-alegria,9,2,2nd,Takamatsunomiya Kinen J,29 Mar 2020,Mozu Superflare,,Chukyo,Turf,1200,G1,https://db.netkeiba.com/race/202007010811/,https://www.jbis.or.jp/race/result/20200329/107/11/
gran-alegria,10,1,1st,Hanshin Cup J,21 Dec 2019,Gran Alegria,,Hanshin,Turf,1400,G2,https://db.netkeiba.com/race/201909050711/,https://www.jbis.or.jp/race/result/20191221/109/11/
gran-alegria,11,5,5th,NHK Mile Cup J,5 May 2019,Admire Mars,,Tokyo,Turf,1600,G1,https://db.netkeiba.com/race/201905020611/,https://www.jbis.or.jp/race/result/20190505/105/11/
gran-alegria,12,1,1st,Oka Sho J,7 Apr 2019,Gran Alegria,,Hanshin,Turf,1600,G1,https://db.netkeiba.com/race/201909020611/,https://www.jbis.or.jp/race/result/20190407/109/11/
gran-alegria,13,3,3rd,Asahi Hai Futurity Stakes J,16 Dec 2018,Admire Mars,,Hanshin,Turf,1600,G1,https://db.netkeiba.com/race/201809050611/,https://www.jbis.or.jp/race/result/20181216/109/11/
gran-alegria,14,1,1st,Saudi Arabia Royal Cup J,6 Oct 2018,Gran Alegria,,Tokyo,Turf,1600,G3,https://db.netkeiba.com/race/201805040111/,https://www.jbis.or.jp/race/result/20181006/105/11/
gran-alegria,15,1,1st,2yo Newcomer Race J,3 Jun 2018,Gran Alegria,,Tokyo,Turf,1600,Debut,https://db.netkeiba.com/race/201805030205/,https://www.jbis.or.jp/race/result/20180603/105/05/
loves-only-you,1,1,1st,Hong Kong Cup,12 Dec 2021,Loves Only You,,Sha Tin,Turf,2000,G1,https://db.netkeiba.com/race/2021H1121208/,
loves-only-you,2,1,1st,Breeders' Cup Filly & Mare Turf,6 Nov 2021,Loves Only You,,Del Mar,Turf,2213,G1,https://db.netkeiba.com/race/2021FP110607/,
loves-only-you,3,2,2nd,Sapporo Kinen J,22 Aug 2021,Sodashi,,Sapporo,Turf,2000,G2,https://db.netkeiba.com/race/202101020411/,https://www.jbis.or.jp/race/result/20210822/101/11/
loves-only-you,4,1,1st,Queen Elizabeth II Cup,25 Apr 2021,Loves Only You,,Sha Tin,Turf,2000,G1,https://db.netkeiba.com/race/2021H1042508/,
loves-only-you,5,3,3rd,Dubai Sheema Classic,27 Mar 2021,Mishriff,,Meydan,Turf,2410,G1,https://db.netkeiba.com/race/2021J0032708/,
loves-only-you,6,1,1st,Kyoto Kinen J,14 Feb 2021,Loves Only You,,Hanshin,Turf,2200,G2,https://db.netkeiba.com/race/202109010211/,https://www.jbis.or.jp/race/result/20210214/109/11/
loves-only-you,7,10,10th,Arima Kinen J,27 Dec 2020,Chrono Genesis,chrono-genesis,Nakayama,Turf,2500,G1,https://db.netkeiba.com/race/202006050811/,https://www.jbis.or.jp/race/result/20201227/106/11/
loves-only-you,8,3,3rd,Queen Elizabeth Cup J,15 Nov 2020,Lucky Lilac,lucky-lilac,Hanshin,Turf,2200,G1,https://db.netkeiba.com/race/202009050411/,https://www.jbis.or.jp/race/result/20201115/109/11/
loves-only-you,9,5,5th,Ireland Trophy Fuchu Himba Stakes J,17 Oct 2020,Salacia,,Tokyo,Turf,1800,G2,https://db.netkeiba.com/race/202005040311/,https://www.jbis.or.jp/race/result/20201017/105/11/
loves-only-you,10,2,2nd,Naruo Kinen J,6 Jun 2020,Perform a Promise,,Hanshin,Turf,2000,G3,https://db.netkeiba.com/race/202009030111/,https://www.jbis.or.jp/race/result/20200606/109/11/
loves-only-you,11,7,7th,Victoria Mile J,17 May 2020,Almond Eye,almond-eye,Tokyo,Turf,1600,G1,https://db.netkeiba.com/race/202005020811/,https://www.jbis.or.jp/race/result/20200517/105/11/
loves-only-you,12,3,3rd,Queen Elizabeth II Cup J,10 Nov 2019,Lucky Lilac,lucky-lilac,Kyoto,Turf,2200,G1,https://db.netkeiba.com/race/201908050411/,https://www.jbis.or.jp/race/result/20191110/108/11/
loves-only-you,13,1,1st,Japanese Oaks J,19 May 2019,Loves Only You,,Tokyo,Turf,2400,G1,https://db.netkeiba.com/race/201905021011/,https://www.jbis.or.jp/race/result/20190519/105/11/
loves-only-you,14,1,1st,Wasurenagusa Sho J,7 Apr 2019,Loves Only You,,Hanshin,Turf,2000,L,https://db.netkeiba.com/race/201909020609/,https://www.jbis.or.jp/race/result/20190407/109/09/
loves-only-you,15,1,1st,Shiragiku Sho J,25 Nov 2018,Loves Only You,,Kyoto,Turf,1600,Pre-OP,https://db.netkeiba.com/race/201808050809/,https://www.jbis.or.jp/race/result/20181125/108/09/
loves-only-you,16,1,1st,2yo Newcomer Race J,3 Nov 2018,Loves Only You,,Kyoto,Turf,1800,Debut,https://db.netkeiba.com/race/201808050107/,https://www.jbis.or.jp/race/result/20181103/108/07/
chrono-genesis,1,3,3rd,Arima Kinen J,26 Dec 2021,Efforia,efforia,Nakayama,Turf,2500,G1,https://db.netkeiba.com/race/202106050811/,https://www.jbis.or.jp/race/result/20211226/106/11/
chrono-genesis,2,7,7th,Prix de l'Arc de Triomphe,3 Oct 2021,Torquator Tasso,,Longchamp,Turf,2400,G1,https://db.netkeiba.com/race/2021C8100304/,
chrono-genesis,3,1,1st,Takarazuka Kinen J,27 Jun 2021,Chrono Genesis,,Hanshin,Turf,2200,G1,https://db.netkeiba.com/race/202109030411/,https://www.jbis.or.jp/race/result/20210627/109/11/
chrono-genesis,4,2,2nd,Dubai Sheema Classic,27 Mar 2021,Mishriff,,Meydan,Turf,2410,G1,https://db.netkeiba.com/race/2021J0032708/,
chrono-genesis,5,1,1st,Arima Kinen J,27 Dec 2020,Chrono Genesis,,Nakayama,Turf,2500,G1,https://db.netkeiba.com/race/202006050811/,https://www.jbis.or.jp/race/result/20201227/106/11/
chrono-genesis,6,3,3rd,Tenno Sho (Autumn) J,1 Nov 2020,Almond Eye,almond-eye,Tokyo,Turf,2000,G1,https://db.netkeiba.com/race/202005040811/,https://www.jbis.or.jp/race/result/20201101/105/11/
chrono-genesis,7,1,1st,Takarazuka Kinen J,28 Jun 2020,Chrono Genesis,,Hanshin,Turf,2200,G1,https://db.netkeiba.com/race/202009030811/,https://www.jbis.or.jp/race/result/20200628/109/11/
chrono-genesis,8,2,2nd,Osaka Hai J,5 Apr 2020,Lucky Lilac,lucky-lilac,Hanshin,Turf,2000,G1,https://db.netkeiba.com/race/202009020411/,https://www.jbis.or.jp/race/result/20200405/109/11/
chrono-genesis,9,1,1st,Kyoto Kinen J,16 Feb 2020,Chrono Genesis,,Kyoto,Turf,2200,G2,https://db.netkeiba.com/race/202008020611/,https://www.jbis.or.jp/race/result/20200216/108/11/
chrono-genesis,10,5,5th,Queen Elizabeth II Cup J,10 Nov 2019,Lucky Lilac,lucky-lilac,Kyoto,Turf,2200,G1,https://db.netkeiba.com/race/201908050411/,https://www.jbis.or.jp/race/result/20191110/108/11/
chrono-genesis,11,1,1st,Shuka Sho J,13 Oct 2019,Chrono Genesis,,Kyoto,Turf,2000,G1,https://db.netkeiba.com/race/201908040411/,https://www.jbis.or.jp/race/result/20191013/108/11/
chrono-genesis,12,3,3rd,Japanese Oaks J,19 May 2019,Loves Only You,loves-only-you,Tokyo,Turf,2400,G1,https://db.netkeiba.com/race/201905021011/,https://www.jbis.or.jp/race/result/20190519/105/11/
chrono-genesis,13,3,3rd,Oka Sho J,7 Apr 2019,Gran Alegria,gran-alegria,Hanshin,Turf,1600,G1,https://db.netkeiba.com/race/201909020611/,https://www.jbis.or.jp/race/result/20190407/109/11/
chrono-genesis,14,1,1st,Queen Cup J,11 Feb 2019,Chrono Genesis,,Tokyo,Turf,1600,G3,https://db.netkeiba.com/race/201905010511/,https://www.jbis.or.jp/race/result/20190211/105/11/
chrono-genesis,15,2,2nd,Hanshin Juvenile Fillies J,9 Dec 2018,Danon Fantasy,,Hanshin,Turf,1600,G1,https://db.netkeiba.com/race/201809050411/,https://www.jbis.or.jp/race/result/20181209/109/11/
chrono-genesis,16,1,1st,Ivy Stakes J,20 Oct 2018,Chrono Genesis,,Tokyo,Turf,1800,OP,https://db.netkeiba.com/race/201805040609/,https://www.jbis.or.jp/race/result/20181020/105/09/
chrono-genesis,17,1,1st,2yo Newcomer Race J,2 Sept 2018,Chrono Genesis,,Kokura,Turf,1800,Debut,https://db.netkeiba.com/race/201810021205/,https://www.jbis.or.jp/race/result/20180902/110/05/
curren-bouquetdor,1,12,12th,Tenno Sho (Autumn) J,31 Oct 2021,Efforia,efforia,Tokyo,Turf,2000,G1,https://db.netkeiba.com/race/202105040811/,https://www.jbis.or.jp/race/result/20211031/105/11/
curren-bouquetdor,2,4,4th,Takarazuka Kinen J,27 Jun 2021,Chrono Genesis,chrono-genesis,Hanshin,Turf,2200,G1,https://db.netkeiba.com/race/202109030411/,https://www.jbis.or.jp/race/result/20210627/109/11/
curren-bouquetdor,3,3,3rd,Tenno Sho (Spring) J,2 May 2021,World Premiere,,Hanshin,Turf,3200,G1,https://db.netkeiba.com/race/202109021211/,https://www.jbis.or.jp/race/result/20210502/109/11/
curren-bouquetdor,4,2,2nd,Nikkei Sho J,27 Mar 2021,Win Marilyn,,Nakayama,Turf,2500,G2,https://db.netkeiba.com/race/202106030111/,https://www.jbis.or.jp/race/result/20210327/106/11/
curren-bouquetdor,5,5,5th,Arima Kinen J,27 Dec 2020,Chrono Genesis,chrono-genesis,Nakayama,Turf,2500,G1,https://db.netkeiba.com/race/202006050811/,https://www.jbis.or.jp/race/result/20201227/106/11/
curren-bouquetdor,6,4,4th,Japan Cup J,29 Nov 2020,Almond Eye,almond-eye,Tokyo,Turf,2400,G1,https://db.netkeiba.com/race/202005050912/,https://www.jbis.or.jp/race/result/20201129/105/12/
curren-bouquetdor,7,2,2nd,All Comers J,27 Sept 2020,Centelleo,,Nakayama,Turf,2200,G2,https://db.netkeiba.com/race/202006040711/,https://www.jbis.or.jp/race/result/20200927/106/11/
curren-bouquetdor,8,2,2nd,Kyoto Kinen J,16 Feb 2020,Chrono Genesis,chrono-genesis,Kyoto,Turf,2200,G2,https://db.netkeiba.com/race/202008020611/,https://www.jbis.or.jp/race/result/20200216/108/11/
curren-bouquetdor,9,2,2nd,Japan Cup J,24 Nov 2019,Suave Richard,,Tokyo,Turf,2400,G1,https://db.netkeiba.com/race/201905050811/,https://www.jbis.or.jp/race/result/20191124/105/11/
curren-bouquetdor,10,2,2nd,Shuka Sho J,13 Oct 2019,Chrono Genesis,chrono-genesis,Kyoto,Turf,2000,G1,https://db.netkeiba.com/race/201908040411/,https://www.jbis.or.jp/race/result/20191013/108/11/
curren-bouquetdor,11,3,3rd,Shion Stakes J,7 Sept 2019,Passing Through,,Nakayama,Turf,2000,G3,https://db.netkeiba.com/race/201906040111/,https://www.jbis.or.jp/race/result/20190907/106/11/
curren-bouquetdor,12,2,2nd,Japanese Oaks J,19 May 2019,Loves Only You,loves-only-you,Tokyo,Turf,2400,G1,https://db.netkeiba.com/race/201905021011/,https://www.jbis.or.jp/race/result/20190519/105/11/
curren-bouquetdor,13,1,1st,Sweetpea Stakes J,28 Apr 2019,Curren Bouquetd'or,,Tokyo,Turf,1800,L,https://db.netkeiba.com/race/201905020411/,https://www.jbis.or.jp/race/result/20190428/105/11/
curren-bouquetdor,14,4,4th,Queen Cup J,11 Feb 2019,Chrono Genesis,chrono-genesis,Tokyo,Turf,1600,G3,https://db.netkeiba.com/race/201905010511/,https://www.jbis.or.jp/race/result/20190211/105/11/
curren-bouquetdor,15,1,1st,2yo Maiden Race J,16 Dec 2018,Curren Bouquetd'or,,Nakayama,Turf,1600,Maiden,https://db.netkeiba.com/race/201806050603/,https://www.jbis.or.jp/race/result/20181216/106/03/
curren-bouquetdor,16,3,3rd,2yo Maiden Race J,18 Nov 2018,Krasavitsa,,Tokyo,Turf,1800,Maiden,https://db.netkeiba.com/race/201805050602/,https://www.jbis.or.jp/race/result/20181118/105/02/
curren-bouquetdor,17,2,2nd,2yo Newcomer Race J,8 Oct 2018,Danon Kingly,,Tokyo,Turf,1600,Debut,https://db.netkeiba.com/race/201805040305/,https://www.jbis.or.jp/race/result/20181008/105/05/
stay-gold,1,1,1st,Hong Kong Vase,16 Dec 2001,Stay Gold,,Sha Tin,Turf,2400,G1,https://db.netkeiba.com/race/2001G0121605/,
stay-gold,2,4,4th,Japan Cup J,25 Nov 2001,Jungle Pocket,jungle-pocket,Tokyo,Turf,2400,G1,https://db.netkeiba.com/race/200105050810/,https://www.jbis.or.jp/race/result/20011125/105/10/
stay-gold,3,7,7th,Tenno Sho (Autumn) J,28 Oct 2001,Agnes Digital,agnes-digital,Tokyo,Turf,2000,G1,https://db.netkeiba.com/race/200105040811/,https://www.jbis.or.jp/race/result/20011028/105/11/
stay-gold,4,,DQ,Kyoto Daishoten J,7 Oct 2001,TM Opera O,tm-opera-o,Kyoto,Turf,2400,G2,https://db.netkeiba.com/race/200108040211/,https://www.jbis.or.jp/race/result/20011007/108/11/
stay-gold,5,4,4th,Takarazuka Kinen J,24 Jun 2001,Meisho Doto,meisho-doto,Hanshin,Turf,2200,G1,https://db.netkeiba.com/race/200109030411/,https://www.jbis.or.jp/race/result/20010624/109/11/
stay-gold,6,1,1st,Dubai Sheema Classic,24 Mar 2001,Stay Gold,,Nad Al Sheba,Turf,2400,G2,https://db.netkeiba.com/race/2001C7032404/,
stay-gold,7,1,1st,Nikkei Shinshun Hai J,14 Jan 2001,Stay Gold,,Kyoto,Turf,2400,G2,https://db.netkeiba.com/race/200108010611/,https://www.jbis.or.jp/race/result/20010114/108/11/
stay-gold,8,7,7th,Arima Kinen J,24 Dec 2000,TM Opera O,tm-opera-o,Nakayama,Turf,2500,G1,https://db.netkeiba.com/race/200006060809/,https://www.jbis.or.jp/race/result/20001224/106/09/
stay-gold,9,8,8th,Japan Cup J,26 Nov 2000,TM Opera O,tm-opera-o,Tokyo,Turf,2400,G1,https://db.netkeiba.com/race/200005060810/,https://www.jbis.or.jp/race/result/20001126/105/10/
stay-gold,10,7,7th,Tenno Sho (Autumn) J,29 Oct 2000,TM Opera O,tm-opera-o,Tokyo,Turf,2000,G1,https://db.netkeiba.com/race/200005050811/,https://www.jbis.or.jp/race/result/20001029/105/11/
stay-gold,11,5,5th,All Comers J,24 Sept 2000,Meisho Doto,meisho-doto,Nakayama,Turf,2200,G2,https://db.netkeiba.com/race/200006050611/,https://www.jbis.or.jp/race/result/20000924/106/11/
stay-gold,12,4,4th,Takarazuka Kinen J,25 Jun 2000,TM Opera O,tm-opera-o,Hanshin,Turf,2200,G1,https://db.netkeiba.com/race/200009030411/,https://www.jbis.or.jp/race/result/20000625/109/11/
stay-gold,13,1,1st,Meguro Kinen J,20 May 2000,Stay Gold,,Tokyo,Turf,2500,G2,https://db.netkeiba.com/race/200005030111/,https://www.jbis.or.jp/race/result/20000520/105/11/
stay-gold,14,4,4th,Tenno Sho (Spring) J,30 Apr 2000,TM Opera O,tm-opera-o,Kyoto,Turf,3200,G1,https://db.netkeiba.com/race/200008030411/,https://www.jbis.or.jp/race/result/20000430/108/11/
stay-gold,15,2,2nd,Nikkei Sho J,26 Mar 2000,Leo Ryuho,,Nakayama,Turf,2500,G2,https://db.netkeiba.com/race/200006030211/,https://www.jbis.or.jp/race/result/20000326/106/11/
stay-gold,16,3,3rd,Kyoto Kinen J,20 Feb 2000,TM Opera O,tm-opera-o,Kyoto,Turf,2200,G2,https://db.netkeiba.com/race/200008020811/,https://www.jbis.or.jp/race/result/20000220/108/11/
stay-gold,17,2,2nd,American JCC J,23 Jan 2000,Matikane Kinnohosi,,Nakayama,Turf,2200,G2,https://db.netkeiba.com/race/200006010811/,https://www.jbis.or.jp/race/result/20000123/106/11/
stay-gold,18,10,10th,Arima Kinen J,26 Dec 1999,Grass Wonder,grass-wonder,Nakayama,Turf,2500,G1,https://db.netkeiba.com/race/199906050809/,https://www.jbis.or.jp/race/result/19991226/106/09/
stay-gold,19,6,6th,Japan Cup J,28 Nov 1999,Special Week,special-week,Tokyo,Turf,2400,G1,https://db.netkeiba.com/race/199905050810/,https://www.jbis.or.jp/race/result/19991128/105/10/
stay-gold,20,2,2nd,Tenno Sho (Autumn) J,31 Oct 1999,Special Week,special-week,Tokyo,Turf,2000,G1,https://db.netkeiba.com/race/199905040811/,https://www.jbis.or.jp/race/result/19991031/105/11/
stay-gold,21,6,6th,Kyoto Daishoten J,10 Oct 1999,Tsurumaru Tsuyoshi,tsurumaru-tsuyoshi,Kyoto,Turf,2400,G2,https://db.netkeiba.com/race/199908040211/,https://www.jbis.or.jp/race/result/19991010/108/11/
stay-gold,22,3,3rd,Takarazuka Kinen J,11 Jul 1999,Grass Wonder,grass-wonder,Hanshin,Turf,2200,G1,https://db.netkeiba.com/race/199909030811/,https://www.jbis.or.jp/race/result/19990711/109/11/
stay-gold,23,3,3rd,Naruo Kinen J,20 Jun 1999,Suehiro Commander,,Hanshin,Turf,2000,G2,https://db.netkeiba.com/race/199909030211/,https://www.jbis.or.jp/race/result/19990620/109/11/
stay-gold,24,3,3rd,Kinko Sho J,29 May 1999,Midnight Bet,,Chukyo,Turf,2000,G2,https://db.netkeiba.com/race/199907030311/,https://www.jbis.or.jp/race/result/19990529/107/11/
stay-gold,25,5,5th,Tenno Sho (Spring) J,2 May 1999,Special Week,special-week,Kyoto,Turf,3200,G1,https://db.netkeiba.com/race/199908030411/,https://www.jbis.or.jp/race/result/19990502/108/11/
stay-gold,26,3,3rd,Nikkei Sho J,28 Mar 1999,Seiun Sky,seiun-sky,Nakayama,Turf,2500,G2,https://db.netkeiba.com/race/199906030211/,https://www.jbis.or.jp/race/result/19990328/106/11/
stay-gold,27,7,7th,Kyoto Kinen J,14 Feb 1999,Emocion,,Kyoto,Turf,2200,G2,https://db.netkeiba.com/race/199908020611/,https://www.jbis.or.jp/race/result/19990214/108/11/
stay-gold,28,3,3rd,Arima Kinen J,27 Dec 1998,Grass Wonder,grass-wonder,Nakayama,Turf,2500,G1,https://db.netkeiba.com/race/199806050809/,https://www.jbis.or.jp/race/result/19981227/106/09/
stay-gold,29,10,10th,Japan Cup J,29 Nov 1998,El Condor Pasa,el-condor-pasa,Tokyo,Turf,2400,G1,https://db.netkeiba.com/race/199805050810/,https://www.jbis.or.jp/race/result/19981129/105/10/
stay-gold,30,2,2nd,Tenno Sho (Autumn) J,1 Nov 1998,Offside Trap,,Tokyo,Turf,2000,G1,https://db.netkeiba.com/race/199805040811/,https://www.jbis.or.jp/race/result/19981101/105/11/
stay-gold,31,4,4th,Kyoto Daishoten J,11 Oct 1998,Seiun Sky,seiun-sky,Kyoto,Turf,2400,G2,https://db.netkeiba.com/race/199808050211/,https://www.jbis.or.jp/race/result/19981011/108/11/
stay-gold,32,2,2nd,Takarazuka Kinen J,12 Jul 1998,Silence Suzuka,silence-suzuka,Hanshin,Turf,2200,G1,https://db.netkeiba.com/race/199809030811/,https://www.jbis.or.jp/race/result/19980712/109/11/
stay-gold,33,3,3rd,Meguro Kinen J,13 Jun 1998,Going Suzuka,,Tokyo,Turf,2500,G2,https://db.netkeiba.com/race/199805030711/,https://www.jbis.or.jp/race/result/19980613/105/11/
stay-gold,34,2,2nd,Tenno Sho (Spring) J,3 May 1998,Mejiro Bright,mejiro-bright,Kyoto,Turf,3200,G1,https://db.netkeiba.com/race/199808030411/,https://www.jbis.or.jp/race/result/19980503/108/11/
stay-gold,35,4,4th,Nikkei Sho J,29 Mar 1998,Tenjin Shogun,,Nakayama,Turf,2500,G2,https://db.netkeiba.com/race/199806030211/,https://www.jbis.or.jp/race/result/19980329/106/11/
stay-gold,36,2,2nd,Diamond Stakes J,21 Feb 1998,Yusei Top Run,,Tokyo,Turf,3200,G3,https://db.netkeiba.com/race/199805010711/,https://www.jbis.or.jp/race/result/19980221/105/11/
stay-gold,37,2,2nd,Shorai Stakes J,8 Feb 1998,Alabanza,,Kyoto,Turf,2400,Pre-OP,https://db.netkeiba.com/race/199808020410/,https://www.jbis.or.jp/race/result/19980208/108/10/
stay-gold,38,2,2nd,Manyo Stakes J,17 Jan 1998,Yusei Top Run,,Kyoto,Turf,3000,OP,https://db.netkeiba.com/race/199808010511/,https://www.jbis.or.jp/race/result/19980117/108/11/
stay-gold,39,2,2nd,Golden Whip Trophy J,30 Nov 1997,First Sonia,,Hanshin,Turf,2000,Pre-OP,https://db.netkeiba.com/race/199709050210/,https://www.jbis.or.jp/race/result/19971130/109/10/
stay-gold,40,8,8th,Kikuka Sho J,2 Nov 1997,Matikanefukukitaru,matikanefukukitaru,Kyoto,Turf,3000,G1,https://db.netkeiba.com/race/199708050210/,https://www.jbis.or.jp/race/result/19971102/108/10/
stay-gold,41,4,4th,Kyoto Shimbun Hai J,12 Oct 1997,Matikanefukukitaru,matikanefukukitaru,Kyoto,Turf,2200,G2,https://db.netkeiba.com/race/199708040411/,https://www.jbis.or.jp/race/result/19971012/108/11/
stay-gold,42,1,1st,Akanko Tokubetsu J,6 Sept 1997,Stay Gold,,Sapporo,Turf,2000,Pre-OP,https://db.netkeiba.com/race/199701020310/,https://www.jbis.or.jp/race/result/19970906/101/10/
stay-gold,43,4,4th,Yamayuri Stakes J,29 Jun 1997,Namura Kinto Un,,Hanshin,Turf,2000,Pre-OP,https://db.netkeiba.com/race/199709030610/,https://www.jbis.or.jp/race/result/19970629/109/10/
stay-gold,44,1,1st,Suiren Sho J,7 Jun 1997,Stay Gold,,Chukyo,Turf,2500,Pre-OP,https://db.netkeiba.com/race/199707020709/,https://www.jbis.or.jp/race/result/19970607/107/09/
stay-gold,45,1,1st,3yo Maiden Race J,11 May 1997,Stay Gold,,Tokyo,Turf,2400,Maiden,https://db.netkeiba.com/race/199705020804/,https://www.jbis.or.jp/race/result/19970511/105/04/
stay-gold,46,2,2nd,3yo Maiden Race J,19 Apr 1997,Tamamo Inazuma,,Kyoto,Turf,2400,Maiden,https://db.netkeiba.com/race/199708030104/,https://www.jbis.or.jp/race/result/19970419/108/04/
stay-gold,47,2,2nd,3yo Maiden Race J,22 Mar 1997,Pulsebeat,,Hanshin,Turf,2000,Maiden,https://db.netkeiba.com/race/199709020104/,https://www.jbis.or.jp/race/result/19970322/109/04/
stay-gold,48,,DNF,3yo Maiden Race J,15 Feb 1997,Hurry Upski,,Kyoto,Dirt,1800,Maiden,https://db.netkeiba.com/race/199708020701/,https://www.jbis.or.jp/race/result/19970215/108/01/
stay-gold,49,16,16th,2yo Newcomer Race J,21 Dec 1996,Osumi Sunday,,Hanshin,Turf,2000,Debut,https://db.netkeiba.com/race/199609050704/,https://www.jbis.or.jp/race/result/19961221/109/04/
stay-gold,50,3,3rd,2yo Newcomer Race J,1 Dec 1996,Makihata Spurt,,Hanshin,Turf,2000,Debut,https://db.netkeiba.com/race/199609050205/,https://www.jbis.or.jp/race/result/19961201/109/05/
red-desire,1,3,3rd,Sapporo Kinen J,21 Aug 2011,Tosen Jordan,tosen-jordan,Sapporo,Turf,2000,G2,https://db.netkeiba.com/race/201101010411/,https://www.jbis.or.jp/race/result/20110821/101/11/
red-desire,2,14,14th,Arima Kinen J,26 Dec 2010,Victoire Pisa,victoire-pisa,Nakayama,Turf,2500,G1,https://db.netkeiba.com/race/201006050810/,https://www.jbis.or.jp/race/result/20101226/106/10/
red-desire,3,4,4th,Breeders' Cup Filly & Mare Turf,5 Nov 2010,Shared Account,,Churchill Downs,Turf,2213,G1,https://db.netkeiba.com/race/2010A4a00501/,
red-desire,4,3,3rd,Flower Bowl Invitational Stakes,2 Oct 2010,Ave,,Belmont Park,Turf,2012,G1,https://db.netkeiba.com/race/2010A4a00107/,
red-desire,5,4,4th,Victoria Mile J,16 May 2010,Buena Vista,buena-vista,Tokyo,Turf,1600,G1,https://db.netkeiba.com/race/201005020811/,https://www.jbis.or.jp/race/result/20100516/105/11/
red-desire,6,11,11th,Dubai World Cup,27 Mar 2010,Gloria de Campeao,,Meydan,Synthetic,2000,G1,https://db.netkeiba.com/race/2010C7a00208/,
red-desire,7,1,1st,Al Maktoum Challenge Round 3,4 Mar 2010,Red Desire,,Meydan,Synthetic,2000,G2,https://db.netkeiba.com/race/2010C7a00106/,
red-desire,8,3,3rd,Japan Cup J,29 Nov 2009,Vodka,vodka,Tokyo,Turf,2400,G1,https://db.netkeiba.com/race/200905050810/,https://www.jbis.or.jp/race/result/20091129/105/10/
red-desire,9,1,1st,Shuka Sho J,18 Oct 2009,Red Desire,,Kyoto,Turf,2000,G1,https://db.netkeiba.com/race/200908040411/,https://www.jbis.or.jp/race/result/20091018/108/11/
red-desire,10,2,2nd,Rose Stakes J,20 Sept 2009,Broad Street,,Hanshin,Turf,1800,G2,https://db.netkeiba.com/race/200909040310/,https://www.jbis.or.jp/race/result/20090920/109/10/
red-desire,11,2,2nd,Japanese Oaks J,24 May 2009,Buena Vista,buena-vista,Tokyo,Turf,2400,Jpn1,https://db.netkeiba.com/race/200905030211/,https://www.jbis.or.jp/race/result/20090524/105/11/
red-desire,12,2,2nd,Oka Sho J,12 Apr 2009,Buena Vista,buena-vista,Hanshin,Turf,1600,Jpn1,https://db.netkeiba.com/race/200909020610/,https://www.jbis.or.jp/race/result/20090412/109/10/
red-desire,13,1,1st,Elfin Stakes J,7 Feb 2009,Red Desire,,Kyoto,Turf,1600,OP,https://db.netkeiba.com/race/200908020309/,https://www.jbis.or.jp/race/result/20090207/108/09/
red-desire,14,1,1st,3yo Newcomer Race J,4 Jan 2009,Red Desire,,Kyoto,Turf,1800,Debut,https://db.netkeiba.com/race/200908010106/,https://www.jbis.or.jp/race/result/20090104/108/06/
kiseki,1,10,10th,Arima Kinen J,26 Dec 2021,Efforia,efforia,Nakayama,Turf,2500,G1,https://db.netkeiba.com/race/202106050811/,https://www.jbis.or.jp/race/result/20211226/106/11/
kiseki,2,10,10th,Japan Cup J,28 Nov 2021,Contrail,,Tokyo,Turf,2400,G1,https://db.netkeiba.com/race/202105050812/,https://www.jbis.or.jp/race/result/20211128/105/12/
kiseki,3,3,3rd,Kyoto Daishoten J,10 Oct 2021,Makahiki,,Hanshin,Turf,2400,G2,https://db.netkeiba.com/race/202109040211/,https://www.jbis.or.jp/race/result/20211010/109/11/
kiseki,4,5,5th,Takarazuka Kinen J,27 Jun 2021,Chrono Genesis,chrono-genesis,Hanshin,Turf,2200,G1,https://db.netkeiba.com/race/202109030411/,https://www.jbis.or.jp/race/result/20210627/109/11/
kiseki,5,4,4th,Queen Elizabeth II Cup,25 Apr 2021,Loves Only You,loves-only-you,Sha Tin,Turf,2000,G1,https://db.netkeiba.com/race/2021H1042508/,
kiseki,6,5,5th,Kinko Sho J,14 Mar 2021,Gibeon,,Chukyo,Turf,2000,G2,https://db.netkeiba.com/race/202107020211/,https://www.jbis.or.jp/race/result/20210314/107/11/
kiseki,7,12,12th,Arima Kinen J,27 Dec 2020,Chrono Genesis,chrono-genesis,Nakayama,Turf,2500,G1,https://db.netkeiba.com/race/202006050811/,https://www.jbis.or.jp/race/result/20201227/106/11/
kiseki,8,8,8th,Japan Cup J,29 Nov 2020,Almond Eye,almond-eye,Tokyo,Turf,2400,G1,https://db.netkeiba.com/race/202005050912/,https://www.jbis.or.jp/race/result/20201129/105/12/
kiseki,9,5,5th,Tenno Sho (Autumn) J,1 Nov 2020,Almond Eye,almond-eye,Tokyo,Turf,2000,G1,https://db.netkeiba.com/race/202005040811/,https://www.jbis.or.jp/race/result/20201101/105/11/
kiseki,10,2,2nd,Kyoto Daishoten J,11 Oct 2020,Glory Vase,,Kyoto,Turf,2400,G2,https://db.netkeiba.com/race/202008040211/,https://www.jbis.or.jp/race/result/20201011/108/11/
kiseki,11,2,2nd,Takarazuka Kinen J,28 Jun 2020,Chrono Genesis,chrono-genesis,Hanshin,Turf,2200,G1,https://db.netkeiba.com/race/202009030811/,https://www.jbis.or.jp/race/result/20200628/109/11/
kiseki,12,6,6th,Tenno Sho (Spring) J,3 May 2020,Fierement,,Kyoto,Turf,3200,G1,https://db.netkeiba.com/race/202008030411/,https://www.jbis.or.jp/race/result/20200503/108/11/
kiseki,13,7,7th,Hanshin Daishoten J,22 Mar 2020,You Can Smile,,Hanshin,Turf,3000,G2,https://db.netkeiba.com/race/202009010911/,https://www.jbis.or.jp/race/result/20200322/109/11/
kiseki,14,5,5th,Arima Kinen J,22 Dec 2019,Lys Gracieux,,Nakayama,Turf,2500,G1,https://db.netkeiba.com/race/201906050811/,https://www.jbis.or.jp/race/result/20191222/106/11/
kiseki,15,7,7th,Prix de l'Arc de Triomphe,6 Oct 2019,Waldgeist,,Longchamp,Turf,2400,G1,https://db.netkeiba.com/race/2019C8100604/,
kiseki,16,3,3rd,Prix Foy,15 Sept 2019,Waldgeist,,Longchamp,Turf,2400,G2,https://db.netkeiba.com/race/2019C8a00701/,
kiseki,17,2,2nd,Takarazuka Kinen J,23 Jun 2019,Lys Gracieux,,Hanshin,Turf,2200,G1,https://db.netkeiba.com/race/201909030811/,https://www.jbis.or.jp/race/result/20190623/109/11/
kiseki,18,2,2nd,Osaka Hai J,31 Mar 2019,Al Ain,,Hanshin,Turf,2000,G1,https://db.netkeiba.com/race/201909020411/,https://www.jbis.or.jp/race/result/20190331/109/11/
kiseki,19,5,5th,Arima Kinen J,23 Dec 2018,Blast Onepiece,blast-onepiece,Nakayama,Turf,2500,G1,https://db.netkeiba.com/race/201806050811/,https://www.jbis.or.jp/race/result/20181223/106/11/
kiseki,20,2,2nd,Japan Cup J,25 Nov 2018,Almond Eye,almond-eye,Tokyo,Turf,2400,G1,https://db.netkeiba.com/race/201805050811/,https://www.jbis.or.jp/race/result/20181125/105/11/
kiseki,21,3,3rd,Tenno Sho (Autumn) J,28 Oct 2018,Rey de Oro,,Tokyo,Turf,2000,G1,https://db.netkeiba.com/race/201805040911/,https://www.jbis.or.jp/race/result/20181028/105/11/
kiseki,22,3,3rd,Mainichi Okan J,7 Oct 2018,Aerolithe,,Tokyo,Turf,1800,G2,https://db.netkeiba.com/race/201805040211/,https://www.jbis.or.jp/race/result/20181007/105/11/
kiseki,23,8,8th,Takarazuka Kinen J,24 Jun 2018,Mikki Rocket,,Hanshin,Turf,2200,G1,https://db.netkeiba.com/race/201809030811/,https://www.jbis.or.jp/race/result/20180624/109/11/
kiseki,24,9,9th,Nikkei Sho J,24 Mar 2018,Ganko,,Nakayama,Turf,2500,G2,https://db.netkeiba.com/race/201806030111/,https://www.jbis.or.jp/race/result/20180324/106/11/
kiseki,25,9,9th,Hong Kong Vase,10 Dec 2017,Highland Reel,,Sha Tin,Turf,2400,G1,https://db.netkeiba.com/race/2017H1121004/,
kiseki,26,1,1st,Kikuka Sho J,22 Oct 2017,Kiseki,,Kyoto,Turf,3000,G1,https://db.netkeiba.com/race/201708040711/,https://www.jbis.or.jp/race/result/20171022/108/11/
kiseki,27,2,2nd,Kobe Shimbun Hai J,24 Sept 2017,Rey de Oro,,Hanshin,Turf,2400,G2,https://db.netkeiba.com/race/201709040711/,https://www.jbis.or.jp/race/result/20170924/109/11/
kiseki,28,1,1st,Shinanogawa Tokubetsu J,5 Aug 2017,Kiseki,,Niigata,Turf,2000,Pre-OP,https://db.netkeiba.com/race/201704020310/,https://www.jbis.or.jp/race/result/20170805/104/10/
kiseki,29,1,1st,3yo+ Allowance (¥5m & Less) J,15 Jul 2017,Kiseki,,Chukyo,Turf,2000,Pre-OP,https://db.netkeiba.com/race/201707030508/,https://www.jbis.or.jp/race/result/20170715/107/08/
kiseki,30,3,3rd,Mainichi Hai J,25 Mar 2017,Al Ain,,Hanshin,Turf,1800,G3,https://db.netkeiba.com/race/201709020111/,https://www.jbis.or.jp/race/result/20170325/109/11/
kiseki,31,3,3rd,Sumire Stakes J,26 Feb 2017,Clincher,,Hanshin,Turf,2200,OP,https://db.netkeiba.com/race/201709010209/,https://www.jbis.or.jp/race/result/20170226/109/09/
kiseki,32,5,5th,Saintpaulia Sho J,29 Jan 2017,Daiwa Cagney,,Tokyo,Turf,1800,Pre-OP,https://db.netkeiba.com/race/201705010209/,https://www.jbis.or.jp/race/result/20170129/105/09/
kiseki,33,1,1st,2yo Newcomer Race J,11 Dec 2016,Kiseki,,Hanshin,Turf,1800,Debut,https://db.netkeiba.com/race/201609050405/,https://www.jbis.or.jp/race/result/20161211/109/05/
forever-young,1,1,1st,Jockey Club Gold Cup,18 Sept 2026,Forever Young,,Belmont Park,Dirt,2012,G1,https://db.netkeiba.com/race/2026FD010105/,
forever-young,2,2,2nd,Dubai World Cup,28 Mar 2026,Magnitude,,Meydan,Dirt,2000,G1,https://db.netkeiba.com/race/2026J0010109/,
forever-young,3,1,1st,Saudi Cup,14 Feb 2026,Forever Young,,King Abdulaziz Racecourse,Dirt,1800,G1,https://db.netkeiba.com/race/2026P0010109/,
forever-young,4,1,1st,Breeders' Cup Classic,1 Nov 2025,Forever Young,,Del Mar,Dirt,2012,G1,https://db.netkeiba.com/race/2025FP010109/,
forever-young,5,1,1st,Nippon TV Hai J,1 Oct 2025,Forever Young,,Funabashi,Dirt,1800,Jpn2,https://db.netkeiba.com/race/202543100111/,https://www.jbis.or.jp/race/result/20251001/219/11/
forever-young,6,3,3rd,Dubai World Cup,5 Apr 2025,Hit Show,,Meydan,Dirt,2000,G1,https://db.netkeiba.com/race/2025J0010109/,
forever-young,7,1,1st,Saudi Cup,22 Feb 2025,Forever Young,,King Abdulaziz Racecourse,Dirt,1800,G1,https://db.netkeiba.com/race/2025P0022209/,
forever-young,8,1,1st,Tokyo Daishoten J,29 Dec 2024,Forever Young,,Ooi,Dirt,2000,G1,https://db.netkeiba.com/race/202444122909/,https://www.jbis.or.jp/race/result/20241229/220/09/
forever-young,9,3,3rd,Breeders' Cup Classic,2 Nov 2024,Sierra Leone,,Del Mar,Dirt,2012,G1,https://db.netkeiba.com/race/2024FP110208/,
forever-young,10,1,1st,Japan Dirt Classic J,2 Oct 2024,Forever Young,,Ooi,Dirt,2000,Jpn1,https://db.netkeiba.com/race/202444100211/,https://www.jbis.or.jp/race/result/20241002/220/11/
forever-young,11,3,3rd,Kentucky Derby,4 May 2024,Mystik Dan,,Churchill Downs,Dirt,2012,G1,https://db.netkeiba.com/race/2024F4050412/,
forever-young,12,1,1st,UAE Derby,30 Mar 2024,Forever Young,,Meydan,Dirt,1900,G2,https://db.netkeiba.com/race/2024J0033005/,
forever-young,13,1,1st,Saudi Derby,24 Feb 2024,Forever Young,,King Abdulaziz Racecourse,Dirt,1600,G3,https://db.netkeiba.com/race/2024P0022404/,
forever-young,14,1,1st,Zen-Nippon Nisai Yushun J,13 Dec 2023,Forever Young,,Kawasaki,Dirt,1600,Jpn1,https://db.netkeiba.com/race/202345121311/,https://www.jbis.or.jp/race/result/20231213/221/11/
forever-young,15,1,1st,JBC Nisai Yushun J,3 Nov 2023,Forever Young,,Mombetsu,Dirt,1800,Jpn3,https://db.netkeiba.com/race/202330110311/,https://www.jbis.or.jp/race/result/20231103/236/11/
forever-young,16,1,1st,2yo Newcomer Race J,14 Oct 2023,Forever Young,,Kyoto,Dirt,1800,Debut,https://db.netkeiba.com/race/202308020404/,https://www.jbis.or.jp/race/result/20231014/108/04/
casino-drive,1,8,8th,Tsubasa Sho J,29 May 2011,Toho Orvis,,Tokyo,Dirt,1400,OP,https://db.netkeiba.com/race/201105030412/,https://www.jbis.or.jp/race/result/20110529/105/12/
casino-drive,2,3,3rd,Akhalteke Stakes J,1 May 2011,Bright Isaac,,Tokyo,Dirt,1400,OP,https://db.netkeiba.com/race/201105020410/,https://www.jbis.or.jp/race/result/20110501/105/10/
casino-drive,3,9,9th,Nigawa Stakes J,6 Mar 2011,Wonder Acute,wonder-acute,Hanshin,Dirt,2000,OP,https://db.netkeiba.com/race/201109010410/,https://www.jbis.or.jp/race/result/20110306/109/10/
casino-drive,4,8,8th,Dubai World Cup,28 Mar 2009,Well Armed,,Nad Al Sheba,Dirt,2000,G1,https://db.netkeiba.com/race/2009C7a00507/,
casino-drive,5,2,2nd,February Stakes J,22 Feb 2009,Success Brocken,,Tokyo,Dirt,1600,G1,https://db.netkeiba.com/race/200905010811/,https://www.jbis.or.jp/race/result/20090222/105/11/
casino-drive,6,1,1st,Alexandrite Stakes J,24 Jan 2009,Casino Drive,,Nakayama,Dirt,1800,Pre-OP,https://db.netkeiba.com/race/200906010711/,https://www.jbis.or.jp/race/result/20090124/106/11/
casino-drive,7,6,6th,Japan Cup Dirt J,7 Dec 2008,Kane Hekili,,Hanshin,Dirt,1800,G1,https://db.netkeiba.com/race/200809050211/,https://www.jbis.or.jp/race/result/20081207/109/11/
casino-drive,8,12,12th,Breeders' Cup Classic,25 Oct 2008,Raven's Pass,,Santa Anita Park,Synthetic,2012,G1,https://db.netkeiba.com/race/2008A4a00809/,
casino-drive,9,1,1st,Allowance (NW2X),12 Oct 2008,Casino Drive,,Santa Anita Park,Synthetic,1710,,https://db.netkeiba.com/race/2008A4a00708/,
casino-drive,10,,DNS,Belmont Stakes,7 Jun 2008,Unknown,,Belmont Park,Dirt,2414,G1,https://db.netkeiba.com/race/2008A4a00611/,
casino-drive,11,1,1st,Peter Pan Stakes,10 May 2008,Casino Drive,,Belmont Park,Dirt,1811,G2,https://db.netkeiba.com/race/2008A4a00209/,
casino-drive,12,1,1st,3yo Newcomer Race J,23 Feb 2008,Casino Drive,,Kyoto,Dirt,1800,Debut,https://db.netkeiba.com/race/200808020704/,https://www.jbis.or.jp/race/result/20080223/108/04/
marche-lorraine,1,6,6th,Saudi Cup,26 Feb 2022,Emblem Road,,King Abdulaziz Racecourse,Dirt,1800,G1,https://db.netkeiba.com/race/2022P0a00108/,
marche-lorraine,2,1,1st,Breeders' Cup Distaff,6 Nov 2021,Marche Lorraine,,Del Mar,Dirt,1811,G1,https://db.netkeiba.com/race/2021FP110610/,
marche-lorraine,3,1,1st,Breeders' Gold Cup J,12 Aug 2021,Marche Lorraine,,Mombetsu,Dirt,2000,Jpn3,https://db.netkeiba.com/race/202130081211/,https://www.jbis.or.jp/race/result/20210812/236/11/
marche-lorraine,4,8,8th,Teio Sho J,30 Jun 2021,T O Keynes,,Ooi,Dirt,2000,Jpn1,https://db.netkeiba.com/race/202144063011/,https://www.jbis.or.jp/race/result/20210630/220/11/
marche-lorraine,5,3,3rd,Heian Stakes J,22 May 2021,Auvergne,,Chukyo,Dirt,1900,G3,https://db.netkeiba.com/race/202107030511/,https://www.jbis.or.jp/race/result/20210522/107/11/
marche-lorraine,6,1,1st,Empress Hai J,4 Mar 2021,Marche Lorraine,,Kawasaki,Dirt,2100,Jpn2,https://db.netkeiba.com/race/202145030411/,https://www.jbis.or.jp/race/result/20210304/221/11/
marche-lorraine,7,1,1st,TCK Jo-o Hai J,20 Jan 2021,Marche Lorraine,,Ooi,Dirt,1800,Jpn3,https://db.netkeiba.com/race/202144012011/,https://www.jbis.or.jp/race/result/20210120/220/11/
marche-lorraine,8,3,3rd,JBC Ladies’ Classic J,3 Nov 2020,Fashionista,,Ooi,Dirt,1800,Jpn1,https://db.netkeiba.com/race/202044110308/,https://www.jbis.or.jp/race/result/20201103/220/08/
marche-lorraine,9,1,1st,Ladies' Prelude J,8 Oct 2020,Marche Lorraine,,Ooi,Dirt,1800,Jpn2,https://db.netkeiba.com/race/202044100811/,https://www.jbis.or.jp/race/result/20201008/220/11/
marche-lorraine,10,1,1st,Sakurajima Stakes J,5 Sept 2020,Marche Lorraine,,Kokura,Dirt,1700,Pre-OP,https://db.netkeiba.com/race/202010020710/,https://www.jbis.or.jp/race/result/20200905/110/10/
marche-lorraine,11,2,2nd,Hakata Stakes J,16 Aug 2020,Cathedral Bell,,Kokura,Turf,2000,Pre-OP,https://db.netkeiba.com/race/202010020210/,https://www.jbis.or.jp/race/result/20200816/110/10/
marche-lorraine,12,6,6th,Mermaid Stakes J,14 Jun 2020,Summer Scent,,Hanshin,Turf,2000,G3,https://db.netkeiba.com/race/202009030411/,https://www.jbis.or.jp/race/result/20200614/109/11/
marche-lorraine,13,12,12th,Pearl Stakes J,16 May 2020,Andraste,,Niigata,Turf,1800,Pre-OP,https://db.netkeiba.com/race/202004010311/,https://www.jbis.or.jp/race/result/20200516/104/11/
marche-lorraine,14,9,9th,Fukushima Himba Stakes J,25 Apr 2020,Fairy Polka,,Fukushima,Turf,1800,G3,https://db.netkeiba.com/race/202003010511/,https://www.jbis.or.jp/race/result/20200425/103/11/
marche-lorraine,15,1,1st,Shikoku Shimbun Hai J,29 Mar 2020,Marche Lorraine,,Hanshin,Turf,2000,Pre-OP,https://db.netkeiba.com/race/202009020209/,https://www.jbis.or.jp/race/result/20200329/109/09/
marche-lorraine,16,1,1st,3yo+ Allowance (1 Win) J,3 Nov 2019,Marche Lorraine,,Fukushima,Turf,2000,Pre-OP,https://db.netkeiba.com/race/201903030207/,https://www.jbis.or.jp/race/result/20191103/103/07/
marche-lorraine,17,6,6th,3yo+ Allowance (1 Win) J,19 Oct 2019,Candy Storm,,Niigata,Turf,1600,Pre-OP,https://db.netkeiba.com/race/201904030308/,https://www.jbis.or.jp/race/result/20191019/104/08/
marche-lorraine,18,1,1st,3yo Maiden Race J,10 Aug 2019,Marche Lorraine,,Kokura,Turf,1800,Maiden,https://db.netkeiba.com/race/201910020506/,https://www.jbis.or.jp/race/result/20190810/110/06/
marche-lorraine,19,5,5th,3yo Maiden Race J,21 Jul 2019,Mani,,Chukyo,Turf,1600,Maiden,https://db.netkeiba.com/race/201907030806/,https://www.jbis.or.jp/race/result/20190721/107/06/
marche-lorraine,20,9,9th,3yo Maiden Race J,25 May 2019,Midsummer House,,Kyoto,Turf,1600,Maiden,https://db.netkeiba.com/race/201908031105/,https://www.jbis.or.jp/race/result/20190525/108/05/
marche-lorraine,21,5,5th,3yo Maiden Race J,23 Feb 2019,Danon Teio,,Hanshin,Turf,1800,Maiden,https://db.netkeiba.com/race/201909010104/,https://www.jbis.or.jp/race/result/20190223/109/04/
marche-lorraine,22,2,2nd,3yo Newcomer Race J,3 Feb 2019,I Love Tailor,,Kyoto,Turf,1600,Debut,https://db.netkeiba.com/race/201908020406/,https://www.jbis.or.jp/race/result/20190203/108/06/
epiphaneia,1,9,9th,Dubai World Cup,28 Mar 2015,Prince Bishop,,Meydan,Dirt,2000,G1,https://db.netkeiba.com/race/2015C7a00909/,
epiphaneia,2,5,5th,Arima Kinen J,28 Dec 2014,Gentildonna,gentildonna,Nakayama,Turf,2500,G1,https://db.netkeiba.com/race/201406040810/,https://www.jbis.or.jp/race/result/20141228/106/10/
epiphaneia,3,1,1st,Japan Cup J,30 Nov 2014,Epiphaneia,,Tokyo,Turf,2400,G1,https://db.netkeiba.com/race/201405050911/,https://www.jbis.or.jp/race/result/20141130/105/11/
epiphaneia,4,6,6th,Tenno Sho (Autumn) J,2 Nov 2014,Spielberg,,Tokyo,Turf,2000,G1,https://db.netkeiba.com/race/201405040911/,https://www.jbis.or.jp/race/result/20141102/105/11/
epiphaneia,5,4,4th,Queen Elizabeth II Cup,27 Apr 2014,Designs On Rome,,Sha Tin,Turf,2000,G1,https://db.netkeiba.com/race/2014G0a00408/,
epiphaneia,6,3,3rd,Osaka Hai J,6 Apr 2014,Kizuna,,Hanshin,Turf,2000,G2,https://db.netkeiba.com/race/201409020411/,https://www.jbis.or.jp/race/result/20140406/109/11/
epiphaneia,7,1,1st,Kikuka Sho J,20 Oct 2013,Epiphaneia,,Kyoto,Turf,3000,G1,https://db.netkeiba.com/race/201308040711/,https://www.jbis.or.jp/race/result/20131020/108/11/
epiphaneia,8,1,1st,Kobe Shimbun Hai J,22 Sept 2013,Epiphaneia,,Hanshin,Turf,2400,G2,https://db.netkeiba.com/race/201309040711/,https://www.jbis.or.jp/race/result/20130922/109/11/
epiphaneia,9,2,2nd,Tokyo Yushun (Japanese Derby) J,26 May 2013,Kizuna,,Tokyo,Turf,2400,G1,https://db.netkeiba.com/race/201305021210/,https://www.jbis.or.jp/race/result/20130526/105/10/
epiphaneia,10,2,2nd,Satsuki Sho J,14 Apr 2013,Logotype,logotype,Nakayama,Turf,2000,G1,https://db.netkeiba.com/race/201306030811/,https://www.jbis.or.jp/race/result/20130414/106/11/
epiphaneia,11,4,4th,Yayoi Sho J,3 Mar 2013,Camino Tassajara,,Nakayama,Turf,2000,G2,https://db.netkeiba.com/race/201306020411/,https://www.jbis.or.jp/race/result/20130303/106/11/
epiphaneia,12,1,1st,Radio Nikkei Hai Nisai Stakes J,22 Dec 2012,Epiphaneia,,Hanshin,Turf,2000,G3,https://db.netkeiba.com/race/201209050711/,https://www.jbis.or.jp/race/result/20121222/109/11/
epiphaneia,13,1,1st,Kyoto Nisai Stakes J,24 Nov 2012,Epiphaneia,,Kyoto,Turf,2000,OP,https://db.netkeiba.com/race/201208050709/,https://www.jbis.or.jp/race/result/20121124/108/09/
epiphaneia,14,1,1st,2yo Newcomer Race J,21 Oct 2012,Epiphaneia,,Kyoto,Turf,1800,Debut,https://db.netkeiba.com/race/201208040705/,https://www.jbis.or.jp/race/result/20121021/108/05/
logotype,1,2,2nd,Yasuda Kinen J,4 Jun 2017,Satono Aladdin,,Tokyo,Turf,1600,G1,https://db.netkeiba.com/race/201705030211/,https://www.jbis.or.jp/race/result/20170604/105/11/
logotype,2,3,3rd,Nakayama Kinen J,26 Feb 2017,Neorealism,,Nakayama,Turf,1800,G2,https://db.netkeiba.com/race/201706020211/,https://www.jbis.or.jp/race/result/20170226/106/11/
logotype,3,5,5th,Hong Kong Mile,11 Dec 2016,Beauty Only,,Sha Tin,Turf,1600,G1,https://db.netkeiba.com/race/2016H1121107/,
logotype,4,5,5th,Tenno Sho (Autumn) J,30 Oct 2016,Maurice,,Tokyo,Turf,2000,G1,https://db.netkeiba.com/race/201605040911/,https://www.jbis.or.jp/race/result/20161030/105/11/
logotype,5,8,8th,Mainichi Okan J,9 Oct 2016,Rouge Buck,,Tokyo,Turf,1800,G2,https://db.netkeiba.com/race/201605040211/,https://www.jbis.or.jp/race/result/20161009/105/11/
logotype,6,1,1st,Yasuda Kinen J,5 Jun 2016,Logotype,,Tokyo,Turf,1600,G1,https://db.netkeiba.com/race/201605030211/,https://www.jbis.or.jp/race/result/20160605/105/11/
logotype,7,2,2nd,Lord Derby Challenge Trophy J,3 Apr 2016,Magic Time,,Nakayama,Turf,1600,G3,https://db.netkeiba.com/race/201606030411/,https://www.jbis.or.jp/race/result/20160403/106/11/
logotype,8,7,7th,Nakayama Kinen J,28 Feb 2016,Duramente,duramente,Nakayama,Turf,1800,G2,https://db.netkeiba.com/race/201606020211/,https://www.jbis.or.jp/race/result/20160228/106/11/
logotype,9,9,9th,Mile Championship J,22 Nov 2015,Maurice,,Kyoto,Turf,1600,G1,https://db.netkeiba.com/race/201508050611/,https://www.jbis.or.jp/race/result/20151122/108/11/
logotype,10,3,3rd,Fuji Stakes J,24 Oct 2015,Danon Platina,,Tokyo,Turf,1600,G3,https://db.netkeiba.com/race/201505040611/,https://www.jbis.or.jp/race/result/20151024/105/11/
logotype,11,4,4th,All Comers J,27 Sept 2015,Shonan Pandora,,Nakayama,Turf,2200,G2,https://db.netkeiba.com/race/201506040711/,https://www.jbis.or.jp/race/result/20150927/106/11/
logotype,12,5,5th,Osaka Hai J,5 Apr 2015,Lachesis,,Hanshin,Turf,2000,G2,https://db.netkeiba.com/race/201509020411/,https://www.jbis.or.jp/race/result/20150405/109/11/
logotype,13,2,2nd,Nakayama Kinen J,1 Mar 2015,Nuovo Record,,Nakayama,Turf,1800,G2,https://db.netkeiba.com/race/201506020211/,https://www.jbis.or.jp/race/result/20150301/106/11/
logotype,14,8,8th,Negishi Stakes J,1 Feb 2015,Air Khalifa,,Tokyo,Dirt,1400,G3,https://db.netkeiba.com/race/201505010211/,https://www.jbis.or.jp/race/result/20150201/105/11/
logotype,15,2,2nd,Nakayama Kimpai J,4 Jan 2015,Lovely Day,,Nakayama,Turf,2000,G3,https://db.netkeiba.com/race/201506010111/,https://www.jbis.or.jp/race/result/20150104/106/11/
logotype,16,7,7th,Mile Championship J,23 Nov 2014,Danon Shark,,Kyoto,Turf,1600,G1,https://db.netkeiba.com/race/201408050611/,https://www.jbis.or.jp/race/result/20141123/108/11/
logotype,17,6,6th,Mainichi Okan J,12 Oct 2014,Air Saumur,,Tokyo,Turf,1800,G2,https://db.netkeiba.com/race/201405040211/,https://www.jbis.or.jp/race/result/20141012/105/11/
logotype,18,8,8th,Sapporo Kinen J,24 Aug 2014,Harp Star,,Sapporo,Turf,2000,G2,https://db.netkeiba.com/race/201401020211/,https://www.jbis.or.jp/race/result/20140824/101/11/
logotype,19,6,6th,Dubai Duty Free,29 Mar 2014,Just a Way,,Meydan,Turf,1800,G1,https://db.netkeiba.com/race/2014C7a00807/,
logotype,20,3,3rd,Nakayama Kinen J,2 Mar 2014,Just a Way,,Nakayama,Turf,1800,G2,https://db.netkeiba.com/race/201406020211/,https://www.jbis.or.jp/race/result/20140302/106/11/
logotype,21,5,5th,Sapporo Kinen J,18 Aug 2013,Tokei Halo,,Hakodate,Turf,2000,G2,https://db.netkeiba.com/race/201302040211/,https://www.jbis.or.jp/race/result/20130818/102/11/
logotype,22,5,5th,Tokyo Yushun (Japanese Derby) J,26 May 2013,Kizuna,,Tokyo,Turf,2400,G1,https://db.netkeiba.com/race/201305021210/,https://www.jbis.or.jp/race/result/20130526/105/10/
logotype,23,1,1st,Satsuki Sho J,14 Apr 2013,Logotype,,Nakayama,Turf,2000,G1,https://db.netkeiba.com/race/201306030811/,https://www.jbis.or.jp/race/result/20130414/106/11/
logotype,24,1,1st,Spring Stakes J,17 Mar 2013,Logotype,,Nakayama,Turf,1800,G2,https://db.netkeiba.com/race/201306020811/,https://www.jbis.or.jp/race/result/20130317/106/11/
logotype,25,1,1st,Asahi Hai Futurity Stakes J,16 Dec 2012,Logotype,,Nakayama,Turf,1600,G1,https://db.netkeiba.com/race/201206050611/,https://www.jbis.or.jp/race/result/20121216/106/11/
logotype,26,1,1st,Begonia Sho J,25 Nov 2012,Logotype,,Tokyo,Turf,1600,Pre-OP,https://db.netkeiba.com/race/201205050807/,https://www.jbis.or.jp/race/result/20121125/105/07/
logotype,27,4,4th,Sapporo Nisai Stakes J,1 Sept 2012,Codino,,Sapporo,Turf,1800,G3,https://db.netkeiba.com/race/201201020511/,https://www.jbis.or.jp/race/result/20120901/101/11/
logotype,28,3,3rd,Clover Sho J,4 Aug 2012,At Will,,Sapporo,Turf,1500,OP,https://db.netkeiba.com/race/201201010510/,https://www.jbis.or.jp/race/result/20120804/101/10/
logotype,29,4,4th,Hakodate Nisai Stakes J,14 Jul 2012,Stalk and Ray,,Hakodate,Turf,1200,G3,https://db.netkeiba.com/race/201202020511/,https://www.jbis.or.jp/race/result/20120714/102/11/
logotype,30,1,1st,2yo Newcomer Race J,24 Jun 2012,Logotype,,Hakodate,Turf,1200,Debut,https://db.netkeiba.com/race/201202010605/,https://www.jbis.or.jp/race/result/20120624/102/05/
victoire-pisa,1,8,8th,Arima Kinen J,25 Dec 2011,Orfevre,orfevre,Nakayama,Turf,2500,G1,https://db.netkeiba.com/race/201106050810/,https://www.jbis.or.jp/race/result/20111225/106/10/
victoire-pisa,2,13,13th,Japan Cup J,27 Nov 2011,Buena Vista,buena-vista,Tokyo,Turf,2400,G1,https://db.netkeiba.com/race/201105050810/,https://www.jbis.or.jp/race/result/20111127/105/10/
victoire-pisa,3,1,1st,Dubai World Cup,26 Mar 2011,Victoire Pisa,,Meydan,Synthetic,2000,G1,https://db.netkeiba.com/race/2011C7a00203/,
victoire-pisa,4,1,1st,Nakayama Kinen J,27 Feb 2011,Victoire Pisa,,Nakayama,Turf,1800,G2,https://db.netkeiba.com/race/201106020211/,https://www.jbis.or.jp/race/result/20110227/106/11/
victoire-pisa,5,1,1st,Arima Kinen J,26 Dec 2010,Victoire Pisa,,Nakayama,Turf,2500,G1,https://db.netkeiba.com/race/201006050810/,https://www.jbis.or.jp/race/result/20101226/106/10/
victoire-pisa,6,3,3rd,Japan Cup J,28 Nov 2010,Rose Kingdom,rose-kingdom,Tokyo,Turf,2400,G1,https://db.netkeiba.com/race/201005050810/,https://www.jbis.or.jp/race/result/20101128/105/10/
victoire-pisa,7,7,7th,Prix de l'Arc de Triomphe,3 Oct 2010,Workforce,,Longchamp,Turf,2400,G1,https://db.netkeiba.com/race/2010A8a00206/,
victoire-pisa,8,4,4th,Prix Niel,12 Sept 2010,Behkabad,,Longchamp,Turf,2400,G2,https://db.netkeiba.com/race/2010A8a00106/,
victoire-pisa,9,3,3rd,Tokyo Yushun (Japanese Derby) J,30 May 2010,Eishin Flash,eishin-flash,Tokyo,Turf,2400,G1,https://db.netkeiba.com/race/201005030410/,https://www.jbis.or.jp/race/result/20100530/105/10/
victoire-pisa,10,1,1st,Satsuki Sho J,18 Apr 2010,Victoire Pisa,,Nakayama,Turf,2000,G1,https://db.netkeiba.com/race/201006030811/,https://www.jbis.or.jp/race/result/20100418/106/11/
victoire-pisa,11,1,1st,Yayoi Sho J,7 Mar 2010,Victoire Pisa,,Nakayama,Turf,2000,G2,https://db.netkeiba.com/race/201006020411/,https://www.jbis.or.jp/race/result/20100307/106/11/
victoire-pisa,12,1,1st,Radio Nikkei Hai Nisai Stakes J,26 Dec 2009,Victoire Pisa,,Hanshin,Turf,2000,Jpn3,https://db.netkeiba.com/race/200909050711/,https://www.jbis.or.jp/race/result/20091226/109/11/
victoire-pisa,13,1,1st,Kyoto Nisai Stakes J,28 Nov 2009,Victoire Pisa,,Kyoto,Turf,2000,OP,https://db.netkeiba.com/race/200908050709/,https://www.jbis.or.jp/race/result/20091128/108/09/
victoire-pisa,14,1,1st,2yo Maiden Race J,7 Nov 2009,Victoire Pisa,,Kyoto,Turf,2000,Maiden,https://db.netkeiba.com/race/200908050104/,https://www.jbis.or.jp/race/result/20091107/108/04/
victoire-pisa,15,2,2nd,2yo Newcomer Race J,25 Oct 2009,Rose Kingdom,rose-kingdom,Kyoto,Turf,1800,Debut,https://db.netkeiba.com/race/200908040605/,https://www.jbis.or.jp/race/result/20091025/108/05/
rose-kingdom,1,11,11th,Niigata Daishoten J,5 May 2013,Passion Dance,,Niigata,Turf,2000,G3,https://db.netkeiba.com/race/201304010211/,https://www.jbis.or.jp/race/result/20130505/104/11/
rose-kingdom,2,12,12th,Osaka Hai J,31 Mar 2013,Orfevre,orfevre,Hanshin,Turf,2000,G2,https://db.netkeiba.com/race/201309020411/,https://www.jbis.or.jp/race/result/20130331/109/11/
rose-kingdom,3,12,12th,Arima Kinen J,23 Dec 2012,Gold Ship,gold-ship,Nakayama,Turf,2500,G1,https://db.netkeiba.com/race/201206050810/,https://www.jbis.or.jp/race/result/20121223/106/10/
rose-kingdom,4,16,16th,Japan Cup J,25 Nov 2012,Gentildonna,gentildonna,Tokyo,Turf,2400,G1,https://db.netkeiba.com/race/201205050811/,https://www.jbis.or.jp/race/result/20121125/105/11/
rose-kingdom,5,6,6th,Kyoto Daishoten J,8 Oct 2012,Meisho Kampaku,,Kyoto,Turf,2400,G2,https://db.netkeiba.com/race/201208040311/,https://www.jbis.or.jp/race/result/20121008/108/11/
rose-kingdom,6,13,13th,Yasuda Kinen J,3 Jun 2012,Strong Return,,Tokyo,Turf,1600,G1,https://db.netkeiba.com/race/201205030211/,https://www.jbis.or.jp/race/result/20120603/105/11/
rose-kingdom,7,15,15th,Tenno Sho (Spring) J,29 Apr 2012,Beat Black,,Kyoto,Turf,3200,G1,https://db.netkeiba.com/race/201208030411/,https://www.jbis.or.jp/race/result/20120429/108/11/
rose-kingdom,8,4,4th,Osaka Hai J,1 Apr 2012,Shonan Mighty,,Hanshin,Turf,2000,G2,https://db.netkeiba.com/race/201209020411/,https://www.jbis.or.jp/race/result/20120401/109/11/
rose-kingdom,9,12,12th,Arima Kinen J,25 Dec 2011,Orfevre,orfevre,Nakayama,Turf,2500,G1,https://db.netkeiba.com/race/201106050810/,https://www.jbis.or.jp/race/result/20111225/106/10/
rose-kingdom,10,9,9th,Japan Cup J,27 Nov 2011,Buena Vista,buena-vista,Tokyo,Turf,2400,G1,https://db.netkeiba.com/race/201105050810/,https://www.jbis.or.jp/race/result/20111127/105/10/
rose-kingdom,11,10,10th,Tenno Sho (Autumn) J,30 Oct 2011,Tosen Jordan,tosen-jordan,Tokyo,Turf,2000,G1,https://db.netkeiba.com/race/201105040911/,https://www.jbis.or.jp/race/result/20111030/105/11/
rose-kingdom,12,1,1st,Kyoto Daishoten J,9 Oct 2011,Rose Kingdom,,Kyoto,Turf,2400,G2,https://db.netkeiba.com/race/201108050211/,https://www.jbis.or.jp/race/result/20111009/108/11/
rose-kingdom,13,4,4th,Takarazuka Kinen J,26 Jun 2011,Earnestly,,Hanshin,Turf,2200,G1,https://db.netkeiba.com/race/201109040411/,https://www.jbis.or.jp/race/result/20110626/109/11/
rose-kingdom,14,11,11th,Tenno Sho (Spring) J,1 May 2011,Hiruno d'Amour,,Kyoto,Turf,3200,G1,https://db.netkeiba.com/race/201108030411/,https://www.jbis.or.jp/race/result/20110501/108/11/
rose-kingdom,15,3,3rd,Nikkei Sho J,2 Apr 2011,To the Glory,,Hanshin,Turf,2400,G2,https://db.netkeiba.com/race/201109020311/,https://www.jbis.or.jp/race/result/20110402/109/11/
rose-kingdom,16,3,3rd,Nikkei Shinshun Hai J,16 Jan 2011,Rulership,rulership,Kyoto,Turf,2400,G2,https://db.netkeiba.com/race/201108010611/,https://www.jbis.or.jp/race/result/20110116/108/11/
rose-kingdom,17,,DNS,Arima Kinen J,26 Dec 2010,Victoire Pisa,victoire-pisa,Nakayama,Turf,2500,G1,https://db.netkeiba.com/race/201006050810/,https://www.jbis.or.jp/race/result/20101226/106/10/
rose-kingdom,18,1,1st,Japan Cup J,28 Nov 2010,Rose Kingdom,,Tokyo,Turf,2400,G1,https://db.netkeiba.com/race/201005050810/,https://www.jbis.or.jp/race/result/20101128/105/10/
rose-kingdom,19,2,2nd,Kikuka Sho J,24 Oct 2010,Big Week,,Kyoto,Turf,3000,G1,https://db.netkeiba.com/race/201008050611/,https://www.jbis.or.jp/race/result/20101024/108/11/
rose-kingdom,20,1,1st,Kobe Shimbun Hai J,26 Sept 2010,Rose Kingdom,,Hanshin,Turf,2400,G2,https://db.netkeiba.com/race/201009040610/,https://www.jbis.or.jp/race/result/20100926/109/10/
rose-kingdom,21,2,2nd,Tokyo Yushun (Japanese Derby) J,30 May 2010,Eishin Flash,eishin-flash,Tokyo,Turf,2400,G1,https://db.netkeiba.com/race/201005030410/,https://www.jbis.or.jp/race/result/20100530/105/10/
rose-kingdom,22,4,4th,Satsuki Sho J,18 Apr 2010,Victoire Pisa,victoire-pisa,Nakayama,Turf,2000,G1,https://db.netkeiba.com/race/201006030811/,https://www.jbis.or.jp/race/result/20100418/106/11/
rose-kingdom,23,3,3rd,Spring Stakes J,21 Mar 2010,Aliseo,,Nakayama,Turf,1800,G2,https://db.netkeiba.com/race/201006020811/,https://www.jbis.or.jp/race/result/20100321/106/11/
rose-kingdom,24,1,1st,Asahi Hai Futurity Stakes J,20 Dec 2009,Rose Kingdom,,Nakayama,Turf,1600,Jpn1,https://db.netkeiba.com/race/200906050611/,https://www.jbis.or.jp/race/result/20091220/106/11/
rose-kingdom,25,1,1st,Tokyo Sports Hai Nisai Stakes J,21 Nov 2009,Rose Kingdom,,Tokyo,Turf,1800,Jpn3,https://db.netkeiba.com/race/200905050511/,https://www.jbis.or.jp/race/result/20091121/105/11/
rose-kingdom,26,1,1st,2yo Newcomer Race J,25 Oct 2009,Rose Kingdom,,Kyoto,Turf,1800,Debut,https://db.netkeiba.com/race/200908040605/,https://www.jbis.or.jp/race/result/20091025/108/05/
rulership,1,3,3rd,Arima Kinen J,23 Dec 2012,Gold Ship,gold-ship,Nakayama,Turf,2500,G1,https://db.netkeiba.com/race/201206050810/,https://www.jbis.or.jp/race/result/20121223/106/10/
rulership,2,3,3rd,Japan Cup J,25 Nov 2012,Gentildonna,gentildonna,Tokyo,Turf,2400,G1,https://db.netkeiba.com/race/201205050811/,https://www.jbis.or.jp/race/result/20121125/105/11/
rulership,3,3,3rd,Tenno Sho (Autumn) J,28 Oct 2012,Eishin Flash,eishin-flash,Tokyo,Turf,2000,G1,https://db.netkeiba.com/race/201205040911/,https://www.jbis.or.jp/race/result/20121028/105/11/
rulership,4,2,2nd,Takarazuka Kinen J,24 Jun 2012,Orfevre,orfevre,Hanshin,Turf,2200,G1,https://db.netkeiba.com/race/201209030811/,https://www.jbis.or.jp/race/result/20120624/109/11/
rulership,5,1,1st,Queen Elizabeth II Cup,29 Apr 2012,Rulership,,Sha Tin,Turf,2000,G1,https://db.netkeiba.com/race/2012G0a00608/,
rulership,6,3,3rd,Nikkei Sho J,24 Mar 2012,Neko Punch,,Nakayama,Turf,2500,G2,https://db.netkeiba.com/race/201206030111/,https://www.jbis.or.jp/race/result/20120324/106/11/
rulership,7,1,1st,American JCC J,22 Jan 2012,Rulership,,Nakayama,Turf,2200,G2,https://db.netkeiba.com/race/201206010711/,https://www.jbis.or.jp/race/result/20120122/106/11/
rulership,8,4,4th,Arima Kinen J,25 Dec 2011,Orfevre,orfevre,Nakayama,Turf,2500,G1,https://db.netkeiba.com/race/201106050810/,https://www.jbis.or.jp/race/result/20111225/106/10/
rulership,9,5,5th,Takarazuka Kinen J,26 Jun 2011,Earnestly,,Hanshin,Turf,2200,G1,https://db.netkeiba.com/race/201109040411/,https://www.jbis.or.jp/race/result/20110626/109/11/
rulership,10,1,1st,Kinko Sho J,28 May 2011,Rulership,,Kyoto,Turf,2000,G2,https://db.netkeiba.com/race/201108031111/,https://www.jbis.or.jp/race/result/20110528/108/11/
rulership,11,6,6th,Dubai Sheema Classic,26 Mar 2011,Rewilding,,Meydan,Turf,2410,G1,https://db.netkeiba.com/race/2011C7a00202/,
rulership,12,1,1st,Nikkei Shinshun Hai J,16 Jan 2011,Rulership,,Kyoto,Turf,2400,G2,https://db.netkeiba.com/race/201108010611/,https://www.jbis.or.jp/race/result/20110116/108/11/
rulership,13,6,6th,Arima Kinen J,26 Dec 2010,Victoire Pisa,victoire-pisa,Nakayama,Turf,2500,G1,https://db.netkeiba.com/race/201006050810/,https://www.jbis.or.jp/race/result/20101226/106/10/
rulership,14,1,1st,Naruo Kinen J,4 Dec 2010,Rulership,,Hanshin,Turf,1800,G3,https://db.netkeiba.com/race/201009050111/,https://www.jbis.or.jp/race/result/20101204/109/11/
rulership,15,5,5th,Tokyo Yushun (Japanese Derby) J,30 May 2010,Eishin Flash,eishin-flash,Tokyo,Turf,2400,G1,https://db.netkeiba.com/race/201005030410/,https://www.jbis.or.jp/race/result/20100530/105/10/
rulership,16,1,1st,Principal Stakes J,8 May 2010,Rulership,,Tokyo,Turf,2000,OP,https://db.netkeiba.com/race/201005020511/,https://www.jbis.or.jp/race/result/20100508/105/11/
rulership,17,5,5th,Mainichi Hai J,27 Mar 2010,Danon Chantilly,,Hanshin,Turf,1800,G3,https://db.netkeiba.com/race/201009020110/,https://www.jbis.or.jp/race/result/20100327/109/10/
rulership,18,1,1st,Armeria Sho J,7 Mar 2010,Rulership,,Hanshin,Turf,1800,Pre-OP,https://db.netkeiba.com/race/201009010409/,https://www.jbis.or.jp/race/result/20100307/109/09/
rulership,19,2,2nd,Wakagoma Stakes J,23 Jan 2010,Hiruno d'Amour,,Kyoto,Turf,2000,OP,https://db.netkeiba.com/race/201008010710/,https://www.jbis.or.jp/race/result/20100123/108/10/
rulership,20,1,1st,2yo Newcomer Race J,27 Dec 2009,Rulership,,Hanshin,Turf,2000,Debut,https://db.netkeiba.com/race/200909050806/,https://www.jbis.or.jp/race/result/20091227/109/06/
efforia,1,,DNF,Kyoto Kinen J,12 Feb 2023,Do Deuce,,Hanshin,Turf,2200,G2,https://db.netkeiba.com/race/202309010211/,https://www.jbis.or.jp/race/result/20230212/109/11/
efforia,2,5,5th,Arima Kinen J,25 Dec 2022,Equinox,,Nakayama,Turf,2500,G1,https://db.netkeiba.com/race/202206050811/,https://www.jbis.or.jp/race/result/20221225/106/11/
efforia,3,6,6th,Takarazuka Kinen J,26 Jun 2022,Titleholder,titleholder,Hanshin,Turf,2200,G1,https://db.netkeiba.com/race/202209030411/,https://www.jbis.or.jp/race/result/20220626/109/11/
efforia,4,9,9th,Osaka Hai J,3 Apr 2022,Potager,,Hanshin,Turf,2000,G1,https://db.netkeiba.com/race/202209020411/,https://www.jbis.or.jp/race/result/20220403/109/11/
efforia,5,1,1st,Arima Kinen J,26 Dec 2021,Efforia,,Nakayama,Turf,2500,G1,https://db.netkeiba.com/race/202106050811/,https://www.jbis.or.jp/race/result/20211226/106/11/
efforia,6,1,1st,Tenno Sho (Autumn) J,31 Oct 2021,Efforia,,Tokyo,Turf,2000,G1,https://db.netkeiba.com/race/202105040811/,https://www.jbis.or.jp/race/result/20211031/105/11/
efforia,7,2,2nd,Tokyo Yushun (Japanese Derby) J,30 May 2021,Shahryar,,Tokyo,Turf,2400,G1,https://db.netkeiba.com/race/202105021211/,https://www.jbis.or.jp/race/result/20210530/105/11/
efforia,8,1,1st,Satsuki Sho J,18 Apr 2021,Efforia,,Nakayama,Turf,2000,G1,https://db.netkeiba.com/race/202106030811/,https://www.jbis.or.jp/race/result/20210418/106/11/
efforia,9,1,1st,Kyodo News Hai J,14 Feb 2021,Efforia,,Tokyo,Turf,1800,G3,https://db.netkeiba.com/race/202105010611/,https://www.jbis.or.jp/race/result/20210214/105/11/
efforia,10,1,1st,Hyakunichiso Tokubetsu J,8 Nov 2020,Efforia,,Tokyo,Turf,2000,Pre-OP,https://db.netkeiba.com/race/202005050209/,https://www.jbis.or.jp/race/result/20201108/105/09/
efforia,11,1,1st,2yo Newcomer Race J,23 Aug 2020,Efforia,,Sapporo,Turf,2000,Debut,https://db.netkeiba.com/race/202001020405/,https://www.jbis.or.jp/race/result/20200823/101/05/
titleholder,1,3,3rd,Arima Kinen J,24 Dec 2023,Do Deuce,,Nakayama,Turf,2500,G1,https://db.netkeiba.com/race/202306050811/,https://www.jbis.or.jp/race/result/20231224/106/11/
titleholder,2,5,5th,Japan Cup J,26 Nov 2023,Equinox,,Tokyo,Turf,2400,G1,https://db.netkeiba.com/race/202305050812/,https://www.jbis.or.jp/race/result/20231126/105/12/
titleholder,3,2,2nd,All Comers J,24 Sept 2023,Rousham Park,,Nakayama,Turf,2200,G2,https://db.netkeiba.com/race/202306040711/,https://www.jbis.or.jp/race/result/20230924/106/11/
titleholder,4,,DNF,Tenno Sho (Spring) J,30 Apr 2023,Justin Palace,,Kyoto,Turf,3200,G1,https://db.netkeiba.com/race/202308010411/,https://www.jbis.or.jp/race/result/20230430/108/11/
titleholder,5,1,1st,Nikkei Sho J,25 Mar 2023,Titleholder,,Nakayama,Turf,2500,G2,https://db.netkeiba.com/race/202306030111/,https://www.jbis.or.jp/race/result/20230325/106/11/
titleholder,6,9,9th,Arima Kinen J,25 Dec 2022,Equinox,,Nakayama,Turf,2500,G1,https://db.netkeiba.com/race/202206050811/,https://www.jbis.or.jp/race/result/20221225/106/11/
titleholder,7,11,11th,Prix de l'Arc de Triomphe,2 Oct 2022,Alpinista,,Longchamp,Turf,2400,G1,https://db.netkeiba.com/race/2022C8100204/,
titleholder,8,1,1st,Takarazuka Kinen J,26 Jun 2022,Titleholder,,Hanshin,Turf,2200,G1,https://db.netkeiba.com/race/202209030411/,https://www.jbis.or.jp/race/result/20220626/109/11/
titleholder,9,1,1st,Tenno Sho (Spring) J,1 May 2022,Titleholder,,Hanshin,Turf,3200,G1,https://db.netkeiba.com/race/202209021211/,https://www.jbis.or.jp/race/result/20220501/109/11/
titleholder,10,1,1st,Nikkei Sho J,26 Mar 2022,Titleholder,,Nakayama,Turf,2500,G2,https://db.netkeiba.com/race/202206030111/,https://www.jbis.or.jp/race/result/20220326/106/11/
titleholder,11,5,5th,Arima Kinen J,26 Dec 2021,Efforia,efforia,Nakayama,Turf,2500,G1,https://db.netkeiba.com/race/202106050811/,https://www.jbis.or.jp/race/result/20211226/106/11/
titleholder,12,1,1st,Kikuka Sho J,24 Oct 2021,Titleholder,,Hanshin,Turf,3000,G1,https://db.netkeiba.com/race/202109040611/,https://www.jbis.or.jp/race/result/20211024/109/11/
titleholder,13,13,13th,St. Lite Kinen J,20 Sept 2021,Asamano Itazura,,Nakayama,Turf,2200,G2,https://db.netkeiba.com/race/202106040511/,https://www.jbis.or.jp/race/result/20210920/106/11/
titleholder,14,6,6th,Tokyo Yushun (Japanese Derby) J,30 May 2021,Shahryar,,Tokyo,Turf,2400,G1,https://db.netkeiba.com/race/202105021211/,https://www.jbis.or.jp/race/result/20210530/105/11/
titleholder,15,2,2nd,Satsuki Sho J,18 Apr 2021,Efforia,efforia,Nakayama,Turf,2000,G1,https://db.netkeiba.com/race/202106030811/,https://www.jbis.or.jp/race/result/20210418/106/11/
titleholder,16,1,1st,Yayoi Sho Deep Impact Kinen J,7 Mar 2021,Titleholder,,Nakayama,Turf,2000,G2,https://db.netkeiba.com/race/202106020411/,https://www.jbis.or.jp/race/result/20210307/106/11/
titleholder,17,4,4th,Hopeful Stakes J,26 Dec 2020,Danon the Kid,,Nakayama,Turf,2000,G1,https://db.netkeiba.com/race/202006050711/,https://www.jbis.or.jp/race/result/20201226/106/11/
titleholder,18,2,2nd,Tokyo Sports Hai Nisai Stakes J,23 Nov 2020,Danon the Kid,,Tokyo,Turf,1800,G3,https://db.netkeiba.com/race/202005050711/,https://www.jbis.or.jp/race/result/20201123/105/11/
titleholder,19,1,1st,2yo Newcomer Race J,4 Oct 2020,Titleholder,,Nakayama,Turf,1800,Debut,https://db.netkeiba.com/race/202006040905/,https://www.jbis.or.jp/race/result/20201004/106/05/
phalaenopsis,1,1,1st,Queen Elizabeth II Cup J,12 Nov 2000,Phalaenopsis,,Kyoto,Turf,2200,G1,https://db.netkeiba.com/race/200008050411/,https://www.jbis.or.jp/race/result/20001112/108/11/
phalaenopsis,2,7,7th,Sapporo Kinen J,20 Aug 2000,Daiwa Caerleon,,Sapporo,Turf,2000,G2,https://db.netkeiba.com/race/200001010611/,https://www.jbis.or.jp/race/result/20000820/101/11/
phalaenopsis,3,10,10th,Milers Cup J,15 Apr 2000,Meiner Max,,Hanshin,Turf,1600,G2,https://db.netkeiba.com/race/200009020711/,https://www.jbis.or.jp/race/result/20000415/109/11/
phalaenopsis,4,8,8th,Arima Kinen J,26 Dec 1999,Grass Wonder,grass-wonder,Nakayama,Turf,2500,G1,https://db.netkeiba.com/race/199906050809/,https://www.jbis.or.jp/race/result/19991226/106/09/
phalaenopsis,5,6,6th,Queen Elizabeth II Cup J,14 Nov 1999,Mejiro Dober,mejiro-dober,Kyoto,Turf,2200,G1,https://db.netkeiba.com/race/199908050411/,https://www.jbis.or.jp/race/result/19991114/108/11/
phalaenopsis,6,2,2nd,Sapporo Kinen J,22 Aug 1999,Seiun Sky,seiun-sky,Sapporo,Turf,2000,G2,https://db.netkeiba.com/race/199901010611/,https://www.jbis.or.jp/race/result/19990822/101/11/
phalaenopsis,7,5,5th,Keio Hai Spring Cup J,15 May 1999,Grass Wonder,grass-wonder,Tokyo,Turf,1400,G2,https://db.netkeiba.com/race/199905020711/,https://www.jbis.or.jp/race/result/19990515/105/11/
phalaenopsis,8,10,10th,Milers Cup J,7 Mar 1999,Egao o Misete,,Hanshin,Turf,1600,G2,https://db.netkeiba.com/race/199909010411/,https://www.jbis.or.jp/race/result/19990307/109/11/
phalaenopsis,9,1,1st,Shuka Sho J,25 Oct 1998,Phalaenopsis,,Kyoto,Turf,2000,G1,https://db.netkeiba.com/race/199808050611/,https://www.jbis.or.jp/race/result/19981025/108/11/
phalaenopsis,10,1,1st,Rose Stakes J,27 Sept 1998,Phalaenopsis,,Hanshin,Turf,2000,G2,https://db.netkeiba.com/race/199809050611/,https://www.jbis.or.jp/race/result/19980927/109/11/
phalaenopsis,11,3,3rd,Japanese Oaks J,31 May 1998,Erimo Excel,,Tokyo,Turf,2400,G1,https://db.netkeiba.com/race/199805030411/,https://www.jbis.or.jp/race/result/19980531/105/11/
phalaenopsis,12,1,1st,Oka Sho J,12 Apr 1998,Phalaenopsis,,Hanshin,Turf,1600,G1,https://db.netkeiba.com/race/199809020611/,https://www.jbis.or.jp/race/result/19980412/109/11/
phalaenopsis,13,4,4th,Tulip Sho J,7 Mar 1998,Dantsu Sirius,,Hanshin,Turf,1600,G3,https://db.netkeiba.com/race/199809010311/,https://www.jbis.or.jp/race/result/19980307/109/11/
phalaenopsis,14,1,1st,Elfin Stakes J,15 Feb 1998,Phalaenopsis,,Kyoto,Turf,1600,OP,https://db.netkeiba.com/race/199808020610/,https://www.jbis.or.jp/race/result/19980215/108/10/
phalaenopsis,15,1,1st,Sazanka Sho J,14 Dec 1997,Phalaenopsis,,Hanshin,Turf,1400,Pre-OP,https://db.netkeiba.com/race/199709050609/,https://www.jbis.or.jp/race/result/19971214/109/09/
phalaenopsis,16,1,1st,2yo Newcomer Race J,30 Nov 1997,Phalaenopsis,,Hanshin,Dirt,1200,Debut,https://db.netkeiba.com/race/199709050204/,https://www.jbis.or.jp/race/result/19971130/109/04/
montjeu,1,7,7th,Breeders' Cup Turf,4 Nov 2000,Kalanisi,,Churchill Downs,Turf,2414,G1,https://db.netkeiba.com/race/2000A4110409/,
montjeu,2,2,2nd,Champion Stakes,14 Oct 2000,Kalanisi,,Newmarket,Turf,2012,G1,https://db.netkeiba.com/race/2000A7a00105/,
montjeu,3,4,4th,Prix de l'Arc de Triomphe,1 Oct 2000,Sinndar,,Longchamp,Turf,2400,G1,https://db.netkeiba.com/race/2000C8a00105/,
montjeu,4,1,1st,Prix Foy,10 Sept 2000,Montjeu,,Longchamp,Turf,2400,G2,https://db.netkeiba.com/race/2000C8a00203/,
montjeu,5,1,1st,King George VI and Queen Elizabeth Stakes,29 Jul 2000,Montjeu,,Ascot,Turf,2414,G1,https://db.netkeiba.com/race/2000A6072900/,
montjeu,6,1,1st,Grand Prix de Saint-Cloud,2 Jul 2000,Montjeu,,Saint-Cloud,Turf,2400,G1,https://db.netkeiba.com/race/2000C1a00104/,
montjeu,7,1,1st,Tattersalls Gold Cup,28 May 2000,Montjeu,,Curragh,Turf,2112,G1,https://db.netkeiba.com/race/2000B0a00103/,
montjeu,8,4,4th,Japan Cup J,28 Nov 1999,Special Week,special-week,Tokyo,Turf,2400,G1,https://db.netkeiba.com/race/199905050810/,https://www.jbis.or.jp/race/result/19991128/105/10/
montjeu,9,1,1st,Prix de l'Arc de Triomphe,3 Oct 1999,Montjeu,,Longchamp,Turf,2400,G1,https://db.netkeiba.com/race/1999A8100304/,
montjeu,10,1,1st,Prix Niel,12 Sept 1999,Montjeu,,Longchamp,Turf,2400,G2,https://db.netkeiba.com/race/1999A8091206/,
montjeu,11,1,1st,Irish Derby,27 Jun 1999,Montjeu,,Curragh,Turf,2414,G1,https://db.netkeiba.com/race/1999B0a00105/,
montjeu,12,1,1st,Prix du Jockey Club,6 Jun 1999,Montjeu,,Chantilly,Turf,2400,G1,https://db.netkeiba.com/race/1999C5a00105/,
montjeu,13,2,2nd,Prix Lupin,16 May 1999,Gracioso,,Longchamp,Turf,2100,G1,https://db.netkeiba.com/race/1999C8a00105/,
montjeu,14,1,1st,Prix Greffulhe,25 Apr 1999,Montjeu,,Longchamp,Turf,2100,G2,https://db.netkeiba.com/race/1999C8a00203/,
montjeu,15,1,1st,Prix Isonomy,18 Oct 1998,Montjeu,,Longchamp,Turf,1800,L,https://db.netkeiba.com/race/1998C8a00106/,
montjeu,16,1,1st,Prix de la Maniguette,18 Sept 1998,Montjeu,,Chantilly,Turf,1600,,https://db.netkeiba.com/race/1998C5a00101/,
tazuna-hayakawa,1,1,1st,Tokyo Yushun (Japanese Derby),3 Jun 1951,Tokino Minoru,,Tokyo,Turf,2400,OP,,
tazuna-hayakawa,2,1,1st,Satsuki Sho,13 May 1951,Tokino Minoru,,Nakayama,Turf,2000,OP,,
tazuna-hayakawa,3,1,1st,Four-Year-Old Open,28 Apr 1951,Tokino Minoru,,Tokyo,Turf,1800,OP,,
tazuna-hayakawa,4,1,1st,Yonsai Senbatsu Handicap,1 Apr 1951,Tokino Minoru,,Nakayama,Turf,1800,,,
tazuna-hayakawa,5,1,1st,Asahi Hai Sansai Stakes,10 Dec 1950,Tokino Minoru,,Nakayama,Turf,1100,OP,,
tazuna-hayakawa,6,1,1st,Three-Year-Old Winners' Race,15 Oct 1950,Tokino Minoru,,Nakayama,Turf,1100,,,
tazuna-hayakawa,7,1,1st,Three-Year-Old Open,1 Oct 1950,Tokino Minoru,,Nakayama,Turf,1000,OP,,
tazuna-hayakawa,8,1,1st,Sapporo Stakes,3 Sept 1950,Tokino Minoru,,Sapporo,Dirt,1200,OP,,
tazuna-hayakawa,9,1,1st,Three-Year-Old Open,23 Aug 1950,Tokino Minoru,,Sapporo,Dirt,1000,OP,,
tazuna-hayakawa,10,1,1st,Newcomer Race,23 Jul 1950,Tokino Minoru,,Hakodate,Turf,800,Debut,,
yayoi-akikawa,1,8,8th,Prix de la Forêt,26 Oct 1975,Unknown,,Longchamp,Turf,1400,G1,,
yayoi-akikawa,2,1,1st,Prix du Pin,17 Oct 1975,Northern Taste,,Longchamp,Turf,1400,OP,,
yayoi-akikawa,3,10,10th,Prix Jacques le Marois,10 Aug 1975,Unknown,,Deauville,Turf,1600,G1,,
yayoi-akikawa,4,4,4th,Prix Maurice de Gheest,3 Aug 1975,Unknown,,Deauville,Turf,1300,G3,,
yayoi-akikawa,5,5,5th,Prix de la Porte Maillot,29 Jun 1975,Unknown,,Longchamp,Turf,1400,G3,,
yayoi-akikawa,6,3,3rd,Prix de Ris-Orangis,31 Mar 1975,Unknown,,Évry,Turf,1600,G3,,
yayoi-akikawa,7,4,4th,Prix Edmond Blanc,13 Mar 1975,Unknown,,Saint-Cloud,Turf,1600,G3,,
yayoi-akikawa,8,8,8th,Prix Perth,11 Nov 1974,Unknown,,Saint-Cloud,Turf,1600,G3,,
yayoi-akikawa,9,1,1st,Prix de la Forêt,27 Oct 1974,Northern Taste,,Longchamp,Turf,1400,G1,,
yayoi-akikawa,10,2,2nd,Prix du Moulin de Longchamp,29 Sept 1974,Unknown,,Longchamp,Turf,1600,G1,,
yayoi-akikawa,11,4,4th,Prix du Rond-Point,8 Sept 1974,Unknown,,Longchamp,Turf,1600,G3,,
yayoi-akikawa,12,5,5th,Prix de la Côte Normande,15 Aug 1974,Unknown,,Deauville,Turf,2000,G3,,
yayoi-akikawa,13,3,3rd,Prix Eugène Adam,21 Jul 1974,Unknown,,Saint-Cloud,Turf,2000,G2,,
yayoi-akikawa,14,5,5th,Derby Stakes,5 Jun 1974,Unknown,,Epsom Downs,Turf,2400,G1,,
yayoi-akikawa,15,4,4th,2000 Guineas,4 May 1974,Unknown,,Newmarket,Turf,1600,G1,,
yayoi-akikawa,16,1,1st,Prix Djebel,5 Apr 1974,Northern Taste,,Maisons-Laffitte,Turf,1400,OP,,
yayoi-akikawa,17,1,1st,Prix Thomas Bryon,3 Nov 1973,Northern Taste,,Saint-Cloud,Turf,1500,G3,,
yayoi-akikawa,18,1,1st,Prix Eclipse,9 Oct 1973,Northern Taste,,Saint-Cloud,Turf,1300,G3,,
yayoi-akikawa,19,2,2nd,Prix de la Lorie,23 Sept 1973,Unknown,,Longchamp,Turf,1500,,,
yayoi-akikawa,20,3,3rd,Prix de Crèvecœur,23 Aug 1973,Unknown,,Deauville,Turf,1400,,,
