race_slug,position,position_name,fans
aichi_hai,1,1st place,3600
aichi_hai,2,2nd place,1440
aichi_hai,3,3rd place,900
aichi_hai,4,4th place,540
aichi_hai,5,5th place,360
aichi_hai,6,6th place,324
aichi_hai,7,7th place,288
aichi_hai,8,8th place,252
aichi_hai,9,9th place,216
aichi_hai,10,10th place,180
aichi_hai,11,11th place,144
aichi_hai,12,12th place,108
aichi_hai,13,13th place,90
aichi_hai,14,14th place,72
aichi_hai,15,15th place,54
aichi_hai,16,16th place,36
aichi_hai,17,17th place,36
aichi_hai,18,18th place,36
akamatsu_sho,1,1st place,1000
akamatsu_sho,2,2nd place,400
akamatsu_sho,3,3rd place,250
akamatsu_sho,4,4th place,150
akamatsu_sho,5,5th place,100
akamatsu_sho,6,6th place,90
akamatsu_sho,7,7th place,80
akamatsu_sho,8,8th place,70
akamatsu_sho,9,9th place,60
akamatsu_sho,10,10th place,50
akamatsu_sho,11,11th place,40
akamatsu_sho,12,12th place,30
akamatsu_sho,13,13th place,25
akamatsu_sho,14,14th place,20
akamatsu_sho,15,15th place,15
akamatsu_sho,16,16th place,7
akamatsu_sho,17,17th place,7
akamatsu_sho,18,18th place,7
akhalteke_stakes,1,1st place,2200
akhalteke_stakes,2,2nd place,880
akhalteke_stakes,3,3rd place,550
akhalteke_stakes,4,4th place,330
akhalteke_stakes,5,5th place,220
akhalteke_stakes,6,6th place,198
akhalteke_stakes,7,7th place,176
akhalteke_stakes,8,8th place,154
akhalteke_stakes,9,9th place,132
akhalteke_stakes,10,10th place,110
akhalteke_stakes,11,11th place,88
akhalteke_stakes,12,12th place,66
akhalteke_stakes,13,13th place,55
akhalteke_stakes,14,14th place,44
akhalteke_stakes,15,15th place,33
akhalteke_stakes,16,16th place,22
aldebaran_stakes,1,1st place,2200
aldebaran_stakes,2,2nd place,880
aldebaran_stakes,3,3rd place,550
aldebaran_stakes,4,4th place,330
aldebaran_stakes,5,5th place,220
aldebaran_stakes,6,6th place,198
aldebaran_stakes,7,7th place,176
aldebaran_stakes,8,8th place,154
aldebaran_stakes,9,9th place,132
aldebaran_stakes,10,10th place,110
aldebaran_stakes,11,11th place,88
aldebaran_stakes,12,12th place,66
aldebaran_stakes,13,13th place,55
aldebaran_stakes,14,14th place,44
aldebaran_stakes,15,15th place,33
aldebaran_stakes,16,16th place,22
all_comers,1,1st place,6700
all_comers,2,2nd place,2680
all_comers,3,3rd place,1675
all_comers,4,4th place,1005
all_comers,5,5th place,670
all_comers,6,6th place,603
all_comers,7,7th place,536
all_comers,8,8th place,469
all_comers,9,9th place,402
all_comers,10,10th place,335
all_comers,11,11th place,268
all_comers,12,12th place,201
all_comers,13,13th place,168
all_comers,14,14th place,134
all_comers,15,15th place,101
all_comers,16,16th place,67
all_comers,17,17th place,67
all_comers,18,18th place,67
american_jcc,1,1st place,6200
american_jcc,2,2nd place,2480
american_jcc,3,3rd place,1550
american_jcc,4,4th place,930
american_jcc,5,5th place,620
american_jcc,6,6th place,558
american_jcc,7,7th place,496
american_jcc,8,8th place,434
american_jcc,9,9th place,372
american_jcc,10,10th place,310
american_jcc,11,11th place,248
american_jcc,12,12th place,186
american_jcc,13,13th place,155
american_jcc,14,14th place,124
american_jcc,15,15th place,93
american_jcc,16,16th place,62
american_jcc,17,17th place,62
american_jcc,18,18th place,62
andromeda_stakes,1,1st place,2600
andromeda_stakes,2,2nd place,1040
andromeda_stakes,3,3rd place,650
andromeda_stakes,4,4th place,390
andromeda_stakes,5,5th place,260
andromeda_stakes,6,6th place,234
andromeda_stakes,7,7th place,208
andromeda_stakes,8,8th place,182
andromeda_stakes,9,9th place,156
andromeda_stakes,10,10th place,130
andromeda_stakes,11,11th place,104
andromeda_stakes,12,12th place,78
andromeda_stakes,13,13th place,65
andromeda_stakes,14,14th place,52
andromeda_stakes,15,15th place,39
andromeda_stakes,16,16th place,26
andromeda_stakes,17,17th place,26
andromeda_stakes,18,18th place,26
anemone_stakes,1,1st place,2000
anemone_stakes,2,2nd place,800
anemone_stakes,3,3rd place,500
anemone_stakes,4,4th place,300
anemone_stakes,5,5th place,200
anemone_stakes,6,6th place,180
anemone_stakes,7,7th place,160
anemone_stakes,8,8th place,140
anemone_stakes,9,9th place,120
anemone_stakes,10,10th place,100
anemone_stakes,11,11th place,80
anemone_stakes,12,12th place,60
anemone_stakes,13,13th place,50
anemone_stakes,14,14th place,40
anemone_stakes,15,15th place,30
anemone_stakes,16,16th place,20
antares_stakes,1,1st place,3600
antares_stakes,2,2nd place,1440
antares_stakes,3,3rd place,900
antares_stakes,4,4th place,540
antares_stakes,5,5th place,360
antares_stakes,6,6th place,324
antares_stakes,7,7th place,288
antares_stakes,8,8th place,252
antares_stakes,9,9th place,216
antares_stakes,10,10th place,180
antares_stakes,11,11th place,144
antares_stakes,12,12th place,108
antares_stakes,13,13th place,90
antares_stakes,14,14th place,72
antares_stakes,15,15th place,54
antares_stakes,16,16th place,36
aoba_sho,1,1st place,5400
aoba_sho,2,2nd place,2160
aoba_sho,3,3rd place,1350
aoba_sho,4,4th place,810
aoba_sho,5,5th place,540
aoba_sho,6,6th place,486
aoba_sho,7,7th place,432
aoba_sho,8,8th place,378
aoba_sho,9,9th place,324
aoba_sho,10,10th place,270
aoba_sho,11,11th place,216
aoba_sho,12,12th place,162
aoba_sho,13,13th place,135
aoba_sho,14,14th place,108
aoba_sho,15,15th place,81
aoba_sho,16,16th place,54
aoba_sho,17,17th place,54
aoba_sho,18,18th place,54
aoi_stakes,1,1st place,3800
aoi_stakes,2,2nd place,1520
aoi_stakes,3,3rd place,950
aoi_stakes,4,4th place,570
aoi_stakes,5,5th place,380
aoi_stakes,6,6th place,342
aoi_stakes,7,7th place,304
aoi_stakes,8,8th place,266
aoi_stakes,9,9th place,228
aoi_stakes,10,10th place,190
aoi_stakes,11,11th place,152
aoi_stakes,12,12th place,114
aoi_stakes,13,13th place,95
aoi_stakes,14,14th place,76
aoi_stakes,15,15th place,57
aoi_stakes,16,16th place,38
aoi_stakes,17,17th place,38
aoi_stakes,18,18th place,38
arima_kinen,1,1st place,30000
arima_kinen,2,2nd place,12000
arima_kinen,3,3rd place,7500
arima_kinen,4,4th place,4500
arima_kinen,5,5th place,3000
arima_kinen,6,6th place,2700
arima_kinen,7,7th place,2400
arima_kinen,8,8th place,2100
arima_kinen,9,9th place,1800
arima_kinen,10,10th place,1500
arima_kinen,11,11th place,1200
arima_kinen,12,12th place,900
arima_kinen,13,13th place,750
arima_kinen,14,14th place,600
arima_kinen,15,15th place,450
arima_kinen,16,16th place,300
arlington_cup,1,1st place,3800
arlington_cup,2,2nd place,1520
arlington_cup,3,3rd place,950
arlington_cup,4,4th place,570
arlington_cup,5,5th place,380
arlington_cup,6,6th place,342
arlington_cup,7,7th place,304
arlington_cup,8,8th place,266
arlington_cup,9,9th place,228
arlington_cup,10,10th place,190
arlington_cup,11,11th place,152
arlington_cup,12,12th place,114
arlington_cup,13,13th place,95
arlington_cup,14,14th place,76
arlington_cup,15,15th place,57
arlington_cup,16,16th place,38
arlington_cup,17,17th place,38
arlington_cup,18,18th place,38
artemis_stakes,1,1st place,2900
artemis_stakes,2,2nd place,1160
artemis_stakes,3,3rd place,725
artemis_stakes,4,4th place,435
artemis_stakes,5,5th place,290
artemis_stakes,6,6th place,261
artemis_stakes,7,7th place,232
artemis_stakes,8,8th place,203
artemis_stakes,9,9th place,174
artemis_stakes,10,10th place,145
artemis_stakes,11,11th place,116
artemis_stakes,12,12th place,87
artemis_stakes,13,13th place,73
artemis_stakes,14,14th place,58
artemis_stakes,15,15th place,44
artemis_stakes,16,16th place,29
artemis_stakes,17,17th place,29
artemis_stakes,18,18th place,29
asahi_hai_futurity_stakes,1,1st place,7000
asahi_hai_futurity_stakes,2,2nd place,2800
asahi_hai_futurity_stakes,3,3rd place,1750
asahi_hai_futurity_stakes,4,4th place,1050
asahi_hai_futurity_stakes,5,5th place,700
asahi_hai_futurity_stakes,6,6th place,630
asahi_hai_futurity_stakes,7,7th place,560
asahi_hai_futurity_stakes,8,8th place,490
asahi_hai_futurity_stakes,9,9th place,420
asahi_hai_futurity_stakes,10,10th place,350
asahi_hai_futurity_stakes,11,11th place,280
asahi_hai_futurity_stakes,12,12th place,210
asahi_hai_futurity_stakes,13,13th place,175
asahi_hai_futurity_stakes,14,14th place,140
asahi_hai_futurity_stakes,15,15th place,105
asahi_hai_futurity_stakes,16,16th place,70
asahi_hai_futurity_stakes,17,17th place,70
asahi_hai_futurity_stakes,18,18th place,70
aso_stakes,1,1st place,2200
aso_stakes,2,2nd place,880
aso_stakes,3,3rd place,550
aso_stakes,4,4th place,330
aso_stakes,5,5th place,220
aso_stakes,6,6th place,198
aso_stakes,7,7th place,176
aso_stakes,8,8th place,154
aso_stakes,9,9th place,132
aso_stakes,10,10th place,110
aso_stakes,11,11th place,88
aso_stakes,12,12th place,66
aso_stakes,13,13th place,55
aso_stakes,14,14th place,44
aso_stakes,15,15th place,33
aso_stakes,16,16th place,22
aster_sho,1,1st place,1000
aster_sho,2,2nd place,400
aster_sho,3,3rd place,250
aster_sho,4,4th place,150
aster_sho,5,5th place,100
aster_sho,6,6th place,90
aster_sho,7,7th place,80
aster_sho,8,8th place,70
aster_sho,9,9th place,60
aster_sho,10,10th place,50
aster_sho,11,11th place,40
aster_sho,12,12th place,30
aster_sho,13,13th place,25
aster_sho,14,14th place,20
aster_sho,15,15th place,15
aster_sho,16,16th place,7
autumn_leaf_stakes,1,1st place,2200
autumn_leaf_stakes,2,2nd place,880
autumn_leaf_stakes,3,3rd place,550
autumn_leaf_stakes,4,4th place,330
autumn_leaf_stakes,5,5th place,220
autumn_leaf_stakes,6,6th place,198
autumn_leaf_stakes,7,7th place,176
autumn_leaf_stakes,8,8th place,154
autumn_leaf_stakes,9,9th place,132
autumn_leaf_stakes,10,10th place,110
autumn_leaf_stakes,11,11th place,88
autumn_leaf_stakes,12,12th place,66
autumn_leaf_stakes,13,13th place,55
autumn_leaf_stakes,14,14th place,44
autumn_leaf_stakes,15,15th place,33
autumn_leaf_stakes,16,16th place,22
azuchijo_stakes,1,1st place,2500
azuchijo_stakes,2,2nd place,1000
azuchijo_stakes,3,3rd place,625
azuchijo_stakes,4,4th place,375
azuchijo_stakes,5,5th place,250
azuchijo_stakes,6,6th place,225
azuchijo_stakes,7,7th place,200
azuchijo_stakes,8,8th place,175
azuchijo_stakes,9,9th place,150
azuchijo_stakes,10,10th place,125
azuchijo_stakes,11,11th place,100
azuchijo_stakes,12,12th place,75
azuchijo_stakes,13,13th place,63
azuchijo_stakes,14,14th place,50
azuchijo_stakes,15,15th place,38
azuchijo_stakes,16,16th place,25
azuchijo_stakes,17,17th place,25
azuchijo_stakes,18,18th place,25
azumakofuji_stakes,1,1st place,2200
azumakofuji_stakes,2,2nd place,880
azumakofuji_stakes,3,3rd place,550
azumakofuji_stakes,4,4th place,330
azumakofuji_stakes,5,5th place,220
azumakofuji_stakes,6,6th place,198
azumakofuji_stakes,7,7th place,176
azumakofuji_stakes,8,8th place,154
azumakofuji_stakes,9,9th place,132
azumakofuji_stakes,10,10th place,110
azumakofuji_stakes,11,11th place,88
azumakofuji_stakes,12,12th place,66
azumakofuji_stakes,13,13th place,55
azumakofuji_stakes,14,14th place,44
azumakofuji_stakes,15,15th place,33
begonia_sho,1,1st place,1000
begonia_sho,2,2nd place,400
begonia_sho,3,3rd place,250
begonia_sho,4,4th place,150
begonia_sho,5,5th place,100
begonia_sho,6,6th place,90
begonia_sho,7,7th place,80
begonia_sho,8,8th place,70
begonia_sho,9,9th place,60
begonia_sho,10,10th place,50
begonia_sho,11,11th place,40
begonia_sho,12,12th place,30
begonia_sho,13,13th place,25
begonia_sho,14,14th place,20
begonia_sho,15,15th place,15
begonia_sho,16,16th place,7
begonia_sho,17,17th place,7
begonia_sho,18,18th place,7
betelgeuse_stakes,1,1st place,2200
betelgeuse_stakes,2,2nd place,880
betelgeuse_stakes,3,3rd place,550
betelgeuse_stakes,4,4th place,330
betelgeuse_stakes,5,5th place,220
betelgeuse_stakes,6,6th place,198
betelgeuse_stakes,7,7th place,176
betelgeuse_stakes,8,8th place,154
betelgeuse_stakes,9,9th place,132
betelgeuse_stakes,10,10th place,110
betelgeuse_stakes,11,11th place,88
betelgeuse_stakes,12,12th place,66
betelgeuse_stakes,13,13th place,55
betelgeuse_stakes,14,14th place,44
betelgeuse_stakes,15,15th place,33
betelgeuse_stakes,16,16th place,22
brazil_cup,1,1st place,2300
brazil_cup,2,2nd place,920
brazil_cup,3,3rd place,575
brazil_cup,4,4th place,345
brazil_cup,5,5th place,230
brazil_cup,6,6th place,207
brazil_cup,7,7th place,184
brazil_cup,8,8th place,161
brazil_cup,9,9th place,138
brazil_cup,10,10th place,115
brazil_cup,11,11th place,92
brazil_cup,12,12th place,69
brazil_cup,13,13th place,58
brazil_cup,14,14th place,46
brazil_cup,15,15th place,35
brazil_cup,16,16th place,23
brilliant_stakes,1,1st place,2300
brilliant_stakes,2,2nd place,920
brilliant_stakes,3,3rd place,575
brilliant_stakes,4,4th place,345
brilliant_stakes,5,5th place,230
brilliant_stakes,6,6th place,207
brilliant_stakes,7,7th place,184
brilliant_stakes,8,8th place,161
brilliant_stakes,9,9th place,138
brilliant_stakes,10,10th place,115
brilliant_stakes,11,11th place,92
brilliant_stakes,12,12th place,69
brilliant_stakes,13,13th place,58
brilliant_stakes,14,14th place,46
brilliant_stakes,15,15th place,35
brilliant_stakes,16,16th place,23
bsn_sho,1,1st place,2300
bsn_sho,2,2nd place,920
bsn_sho,3,3rd place,575
bsn_sho,4,4th place,345
bsn_sho,5,5th place,230
bsn_sho,6,6th place,207
bsn_sho,7,7th place,184
bsn_sho,8,8th place,161
bsn_sho,9,9th place,138
bsn_sho,10,10th place,115
bsn_sho,11,11th place,92
bsn_sho,12,12th place,69
bsn_sho,13,13th place,58
bsn_sho,14,14th place,46
bsn_sho,15,15th place,35
canna_stakes,1,1st place,1600
canna_stakes,2,2nd place,640
canna_stakes,3,3rd place,400
canna_stakes,4,4th place,240
canna_stakes,5,5th place,160
canna_stakes,6,6th place,144
canna_stakes,7,7th place,128
canna_stakes,8,8th place,112
canna_stakes,9,9th place,96
canna_stakes,10,10th place,80
canna_stakes,11,11th place,64
canna_stakes,12,12th place,48
canna_stakes,13,13th place,40
canna_stakes,14,14th place,32
canna_stakes,15,15th place,24
canna_stakes,16,16th place,16
capella_stakes,1,1st place,3600
capella_stakes,2,2nd place,1440
capella_stakes,3,3rd place,900
capella_stakes,4,4th place,540
capella_stakes,5,5th place,360
capella_stakes,6,6th place,324
capella_stakes,7,7th place,288
capella_stakes,8,8th place,252
capella_stakes,9,9th place,216
capella_stakes,10,10th place,180
capella_stakes,11,11th place,144
capella_stakes,12,12th place,108
capella_stakes,13,13th place,90
capella_stakes,14,14th place,72
capella_stakes,15,15th place,54
capella_stakes,16,16th place,36
capital_stakes,1,1st place,2500
capital_stakes,2,2nd place,1000
capital_stakes,3,3rd place,625
capital_stakes,4,4th place,375
capital_stakes,5,5th place,250
capital_stakes,6,6th place,225
capital_stakes,7,7th place,200
capital_stakes,8,8th place,175
capital_stakes,9,9th place,150
capital_stakes,10,10th place,125
capital_stakes,11,11th place,100
capital_stakes,12,12th place,75
capital_stakes,13,13th place,63
capital_stakes,14,14th place,50
capital_stakes,15,15th place,38
capital_stakes,16,16th place,25
capital_stakes,17,17th place,25
capital_stakes,18,18th place,25
carbuncle_stakes,1,1st place,2300
carbuncle_stakes,2,2nd place,920
carbuncle_stakes,3,3rd place,575
carbuncle_stakes,4,4th place,345
carbuncle_stakes,5,5th place,230
carbuncle_stakes,6,6th place,207
carbuncle_stakes,7,7th place,184
carbuncle_stakes,8,8th place,161
carbuncle_stakes,9,9th place,138
carbuncle_stakes,10,10th place,115
carbuncle_stakes,11,11th place,92
carbuncle_stakes,12,12th place,69
carbuncle_stakes,13,13th place,58
carbuncle_stakes,14,14th place,46
carbuncle_stakes,15,15th place,35
carbuncle_stakes,16,16th place,23
cassiopeia_stakes,1,1st place,2600
cassiopeia_stakes,2,2nd place,1040
cassiopeia_stakes,3,3rd place,650
cassiopeia_stakes,4,4th place,390
cassiopeia_stakes,5,5th place,260
cassiopeia_stakes,6,6th place,234
cassiopeia_stakes,7,7th place,208
cassiopeia_stakes,8,8th place,182
cassiopeia_stakes,9,9th place,156
cassiopeia_stakes,10,10th place,130
cassiopeia_stakes,11,11th place,104
cassiopeia_stakes,12,12th place,78
cassiopeia_stakes,13,13th place,65
cassiopeia_stakes,14,14th place,52
cassiopeia_stakes,15,15th place,39
cassiopeia_stakes,16,16th place,26
cassiopeia_stakes,17,17th place,26
cassiopeia_stakes,18,18th place,26
cattleya_sho,1,1st place,1000
cattleya_sho,2,2nd place,400
cattleya_sho,3,3rd place,250
cattleya_sho,4,4th place,150
cattleya_sho,5,5th place,100
cattleya_sho,6,6th place,90
cattleya_sho,7,7th place,80
cattleya_sho,8,8th place,70
cattleya_sho,9,9th place,60
cattleya_sho,10,10th place,50
cattleya_sho,11,11th place,40
cattleya_sho,12,12th place,30
cattleya_sho,13,13th place,25
cattleya_sho,14,14th place,20
cattleya_sho,15,15th place,15
cattleya_sho,16,16th place,5
cbc_sho,1,1st place,3900
cbc_sho,2,2nd place,1560
cbc_sho,3,3rd place,975
cbc_sho,4,4th place,585
cbc_sho,5,5th place,390
cbc_sho,6,6th place,351
cbc_sho,7,7th place,312
cbc_sho,8,8th place,273
cbc_sho,9,9th place,234
cbc_sho,10,10th place,195
cbc_sho,11,11th place,156
cbc_sho,12,12th place,117
cbc_sho,13,13th place,98
cbc_sho,14,14th place,78
cbc_sho,15,15th place,59
cbc_sho,16,16th place,39
cbc_sho,17,17th place,39
cbc_sho,18,18th place,39
centaur_stakes,1,1st place,5900
centaur_stakes,2,2nd place,2360
centaur_stakes,3,3rd place,1475
centaur_stakes,4,4th place,885
centaur_stakes,5,5th place,590
centaur_stakes,6,6th place,531
centaur_stakes,7,7th place,472
centaur_stakes,8,8th place,413
centaur_stakes,9,9th place,354
centaur_stakes,10,10th place,295
centaur_stakes,11,11th place,236
centaur_stakes,12,12th place,177
centaur_stakes,13,13th place,148
centaur_stakes,14,14th place,118
centaur_stakes,15,15th place,89
centaur_stakes,16,16th place,59
challenge_cup,1,1st place,4100
challenge_cup,2,2nd place,1640
challenge_cup,3,3rd place,1025
challenge_cup,4,4th place,615
challenge_cup,5,5th place,410
challenge_cup,6,6th place,369
challenge_cup,7,7th place,328
challenge_cup,8,8th place,287
challenge_cup,9,9th place,246
challenge_cup,10,10th place,205
challenge_cup,11,11th place,164
challenge_cup,12,12th place,123
challenge_cup,13,13th place,103
challenge_cup,14,14th place,82
challenge_cup,15,15th place,62
challenge_cup,16,16th place,41
champions_cup,1,1st place,10000
champions_cup,2,2nd place,4000
champions_cup,3,3rd place,2500
champions_cup,4,4th place,1500
champions_cup,5,5th place,1000
champions_cup,6,6th place,900
champions_cup,7,7th place,800
champions_cup,8,8th place,700
champions_cup,9,9th place,600
champions_cup,10,10th place,500
champions_cup,11,11th place,400
champions_cup,12,12th place,300
champions_cup,13,13th place,250
champions_cup,14,14th place,200
champions_cup,15,15th place,150
champions_cup,16,16th place,100
chiba_stakes,1,1st place,2200
chiba_stakes,2,2nd place,880
chiba_stakes,3,3rd place,550
chiba_stakes,4,4th place,330
chiba_stakes,5,5th place,220
chiba_stakes,6,6th place,198
chiba_stakes,7,7th place,176
chiba_stakes,8,8th place,154
chiba_stakes,9,9th place,132
chiba_stakes,10,10th place,110
chiba_stakes,11,11th place,88
chiba_stakes,12,12th place,66
chiba_stakes,13,13th place,55
chiba_stakes,14,14th place,44
chiba_stakes,15,15th place,33
chiba_stakes,16,16th place,22
christmas_rose_stakes,1,1st place,1600
christmas_rose_stakes,2,2nd place,640
christmas_rose_stakes,3,3rd place,400
christmas_rose_stakes,4,4th place,240
christmas_rose_stakes,5,5th place,160
christmas_rose_stakes,6,6th place,144
christmas_rose_stakes,7,7th place,128
christmas_rose_stakes,8,8th place,112
christmas_rose_stakes,9,9th place,96
christmas_rose_stakes,10,10th place,80
christmas_rose_stakes,11,11th place,64
christmas_rose_stakes,12,12th place,48
christmas_rose_stakes,13,13th place,40
christmas_rose_stakes,14,14th place,32
christmas_rose_stakes,15,15th place,24
christmas_rose_stakes,16,16th place,16
chukyo_junior_stakes,1,1st place,1600
chukyo_junior_stakes,2,2nd place,640
chukyo_junior_stakes,3,3rd place,400
chukyo_junior_stakes,4,4th place,240
chukyo_junior_stakes,5,5th place,160
chukyo_junior_stakes,6,6th place,144
chukyo_junior_stakes,7,7th place,128
chukyo_junior_stakes,8,8th place,112
chukyo_junior_stakes,9,9th place,96
chukyo_junior_stakes,10,10th place,80
chukyo_junior_stakes,11,11th place,64
chukyo_junior_stakes,12,12th place,48
chukyo_junior_stakes,13,13th place,40
chukyo_junior_stakes,14,14th place,32
chukyo_junior_stakes,15,15th place,24
chukyo_junior_stakes,16,16th place,16
chukyo_kinen,1,1st place,3900
chukyo_kinen,2,2nd place,1560
chukyo_kinen,3,3rd place,975
chukyo_kinen,4,4th place,585
chukyo_kinen,5,5th place,390
chukyo_kinen,6,6th place,351
chukyo_kinen,7,7th place,312
chukyo_kinen,8,8th place,273
chukyo_kinen,9,9th place,234
chukyo_kinen,10,10th place,195
chukyo_kinen,11,11th place,156
chukyo_kinen,12,12th place,117
chukyo_kinen,13,13th place,98
chukyo_kinen,14,14th place,78
chukyo_kinen,15,15th place,59
chukyo_kinen,16,16th place,39
chunichi_shimbun_hai,1,1st place,4100
chunichi_shimbun_hai,2,2nd place,1640
chunichi_shimbun_hai,3,3rd place,1025
chunichi_shimbun_hai,4,4th place,615
chunichi_shimbun_hai,5,5th place,410
chunichi_shimbun_hai,6,6th place,369
chunichi_shimbun_hai,7,7th place,328
chunichi_shimbun_hai,8,8th place,287
chunichi_shimbun_hai,9,9th place,246
chunichi_shimbun_hai,10,10th place,205
chunichi_shimbun_hai,11,11th place,164
chunichi_shimbun_hai,12,12th place,123
chunichi_shimbun_hai,13,13th place,103
chunichi_shimbun_hai,14,14th place,82
chunichi_shimbun_hai,15,15th place,62
chunichi_shimbun_hai,16,16th place,41
chunichi_shimbun_hai,17,17th place,41
chunichi_shimbun_hai,18,18th place,41
clover_sho,1,1st place,1600
clover_sho,2,2nd place,640
clover_sho,3,3rd place,400
clover_sho,4,4th place,240
clover_sho,5,5th place,160
clover_sho,6,6th place,144
clover_sho,7,7th place,128
clover_sho,8,8th place,112
clover_sho,9,9th place,96
clover_sho,10,10th place,80
clover_sho,11,11th place,64
clover_sho,12,12th place,48
clover_sho,13,13th place,40
clover_sho,14,14th place,32
cluster_cup,1,1st place,2300
cluster_cup,2,2nd place,920
cluster_cup,3,3rd place,575
cluster_cup,4,4th place,345
cluster_cup,5,5th place,230
cluster_cup,6,6th place,207
cluster_cup,7,7th place,184
cluster_cup,8,8th place,161
cluster_cup,9,9th place,138
cluster_cup,10,10th place,115
cluster_cup,11,11th place,92
cluster_cup,12,12th place,69
cluster_cup,13,13th place,58
cluster_cup,14,14th place,46
copa_republica_argentina,1,1st place,5700
copa_republica_argentina,2,2nd place,2280
copa_republica_argentina,3,3rd place,1425
copa_republica_argentina,4,4th place,855
copa_republica_argentina,5,5th place,570
copa_republica_argentina,6,6th place,513
copa_republica_argentina,7,7th place,456
copa_republica_argentina,8,8th place,399
copa_republica_argentina,9,9th place,342
copa_republica_argentina,10,10th place,285
copa_republica_argentina,11,11th place,228
copa_republica_argentina,12,12th place,171
copa_republica_argentina,13,13th place,143
copa_republica_argentina,14,14th place,114
copa_republica_argentina,15,15th place,86
copa_republica_argentina,16,16th place,57
copa_republica_argentina,17,17th place,57
copa_republica_argentina,18,18th place,57
coral_stakes,1,1st place,2300
coral_stakes,2,2nd place,920
coral_stakes,3,3rd place,575
coral_stakes,4,4th place,345
coral_stakes,5,5th place,230
coral_stakes,6,6th place,207
coral_stakes,7,7th place,184
coral_stakes,8,8th place,161
coral_stakes,9,9th place,138
coral_stakes,10,10th place,115
coral_stakes,11,11th place,92
coral_stakes,12,12th place,69
coral_stakes,13,13th place,58
coral_stakes,14,14th place,46
coral_stakes,15,15th place,35
coral_stakes,16,16th place,23
cosmos_sho,1,1st place,1600
cosmos_sho,2,2nd place,640
cosmos_sho,3,3rd place,400
cosmos_sho,4,4th place,240
cosmos_sho,5,5th place,160
cosmos_sho,6,6th place,144
cosmos_sho,7,7th place,128
cosmos_sho,8,8th place,112
cosmos_sho,9,9th place,96
cosmos_sho,10,10th place,80
cosmos_sho,11,11th place,64
cosmos_sho,12,12th place,48
cosmos_sho,13,13th place,40
cosmos_sho,14,14th place,32
crocus_stakes,1,1st place,2000
crocus_stakes,2,2nd place,800
crocus_stakes,3,3rd place,500
crocus_stakes,4,4th place,300
crocus_stakes,5,5th place,200
crocus_stakes,6,6th place,180
crocus_stakes,7,7th place,160
crocus_stakes,8,8th place,140
crocus_stakes,9,9th place,120
crocus_stakes,10,10th place,100
crocus_stakes,11,11th place,80
crocus_stakes,12,12th place,60
crocus_stakes,13,13th place,50
crocus_stakes,14,14th place,40
crocus_stakes,15,15th place,30
crocus_stakes,16,16th place,20
crocus_stakes,17,17th place,20
crocus_stakes,18,18th place,20
dahlia_sho,1,1st place,1600
dahlia_sho,2,2nd place,640
dahlia_sho,3,3rd place,400
dahlia_sho,4,4th place,240
dahlia_sho,5,5th place,160
dahlia_sho,6,6th place,144
dahlia_sho,7,7th place,128
dahlia_sho,8,8th place,112
dahlia_sho,9,9th place,96
dahlia_sho,10,10th place,80
dahlia_sho,11,11th place,64
dahlia_sho,12,12th place,48
dahlia_sho,13,13th place,40
dahlia_sho,14,14th place,32
dahlia_sho,15,15th place,24
dahlia_sho,16,16th place,16
daily_hai_junior_stakes,1,1st place,3800
daily_hai_junior_stakes,2,2nd place,1520
daily_hai_junior_stakes,3,3rd place,950
daily_hai_junior_stakes,4,4th place,570
daily_hai_junior_stakes,5,5th place,380
daily_hai_junior_stakes,6,6th place,342
daily_hai_junior_stakes,7,7th place,304
daily_hai_junior_stakes,8,8th place,266
daily_hai_junior_stakes,9,9th place,228
daily_hai_junior_stakes,10,10th place,190
daily_hai_junior_stakes,11,11th place,152
daily_hai_junior_stakes,12,12th place,114
daily_hai_junior_stakes,13,13th place,95
daily_hai_junior_stakes,14,14th place,76
daily_hai_junior_stakes,15,15th place,57
daily_hai_junior_stakes,16,16th place,38
daily_hai_junior_stakes,17,17th place,38
daily_hai_junior_stakes,18,18th place,38
december_stakes,1,1st place,2600
december_stakes,2,2nd place,1040
december_stakes,3,3rd place,650
december_stakes,4,4th place,390
december_stakes,5,5th place,260
december_stakes,6,6th place,234
december_stakes,7,7th place,208
december_stakes,8,8th place,182
december_stakes,9,9th place,156
december_stakes,10,10th place,130
december_stakes,11,11th place,104
december_stakes,12,12th place,78
december_stakes,13,13th place,65
december_stakes,14,14th place,52
december_stakes,15,15th place,39
december_stakes,16,16th place,26
diamond_stakes,1,1st place,4100
diamond_stakes,2,2nd place,1640
diamond_stakes,3,3rd place,1025
diamond_stakes,4,4th place,615
diamond_stakes,5,5th place,410
diamond_stakes,6,6th place,369
diamond_stakes,7,7th place,328
diamond_stakes,8,8th place,287
diamond_stakes,9,9th place,246
diamond_stakes,10,10th place,205
diamond_stakes,11,11th place,164
diamond_stakes,12,12th place,123
diamond_stakes,13,13th place,103
diamond_stakes,14,14th place,82
diamond_stakes,15,15th place,62
diamond_stakes,16,16th place,1
diamond_stakes,17,17th place,1
diamond_stakes,18,18th place,1
diolite_kinen,1,1st place,3200
diolite_kinen,2,2nd place,1280
diolite_kinen,3,3rd place,800
diolite_kinen,4,4th place,480
diolite_kinen,5,5th place,320
diolite_kinen,6,6th place,288
diolite_kinen,7,7th place,256
diolite_kinen,8,8th place,224
diolite_kinen,9,9th place,192
diolite_kinen,10,10th place,160
diolite_kinen,11,11th place,128
diolite_kinen,12,12th place,96
diolite_kinen,13,13th place,80
diolite_kinen,14,14th place,64
elfin_stakes,1,1st place,2000
elfin_stakes,2,2nd place,800
elfin_stakes,3,3rd place,500
elfin_stakes,4,4th place,300
elfin_stakes,5,5th place,200
elfin_stakes,6,6th place,180
elfin_stakes,7,7th place,160
elfin_stakes,8,8th place,140
elfin_stakes,9,9th place,120
elfin_stakes,10,10th place,100
elfin_stakes,11,11th place,80
elfin_stakes,12,12th place,60
elfin_stakes,13,13th place,50
elfin_stakes,14,14th place,40
elfin_stakes,15,15th place,30
elfin_stakes,16,16th place,20
elfin_stakes,17,17th place,20
elm_stakes,1,1st place,3600
elm_stakes,2,2nd place,1440
elm_stakes,3,3rd place,900
elm_stakes,4,4th place,540
elm_stakes,5,5th place,360
elm_stakes,6,6th place,324
elm_stakes,7,7th place,288
elm_stakes,8,8th place,252
elm_stakes,9,9th place,216
elm_stakes,10,10th place,180
elm_stakes,11,11th place,144
elm_stakes,12,12th place,108
elm_stakes,13,13th place,90
elm_stakes,14,14th place,72
empress_hai,1,1st place,3500
empress_hai,2,2nd place,1400
empress_hai,3,3rd place,875
empress_hai,4,4th place,525
empress_hai,5,5th place,350
empress_hai,6,6th place,315
empress_hai,7,7th place,280
empress_hai,8,8th place,245
empress_hai,9,9th place,210
empress_hai,10,10th place,175
empress_hai,11,11th place,140
empress_hai,12,12th place,105
empress_hai,13,13th place,88
empress_hai,14,14th place,70
enif_stakes,1,1st place,2300
enif_stakes,2,2nd place,920
enif_stakes,3,3rd place,575
enif_stakes,4,4th place,345
enif_stakes,5,5th place,230
enif_stakes,6,6th place,207
enif_stakes,7,7th place,184
enif_stakes,8,8th place,161
enif_stakes,9,9th place,138
enif_stakes,10,10th place,115
enif_stakes,11,11th place,92
enif_stakes,12,12th place,69
enif_stakes,13,13th place,58
enif_stakes,14,14th place,46
enif_stakes,15,15th place,35
enif_stakes,16,16th place,23
epsom_cup,1,1st place,4100
epsom_cup,2,2nd place,1640
epsom_cup,3,3rd place,1025
epsom_cup,4,4th place,615
epsom_cup,5,5th place,410
epsom_cup,6,6th place,369
epsom_cup,7,7th place,328
epsom_cup,8,8th place,287
epsom_cup,9,9th place,246
epsom_cup,10,10th place,205
epsom_cup,11,11th place,164
epsom_cup,12,12th place,123
epsom_cup,13,13th place,103
epsom_cup,14,14th place,82
epsom_cup,15,15th place,62
epsom_cup,16,16th place,41
epsom_cup,17,17th place,41
epsom_cup,18,18th place,41
erica_sho,1,1st place,1000
erica_sho,2,2nd place,400
erica_sho,3,3rd place,250
erica_sho,4,4th place,150
erica_sho,5,5th place,100
erica_sho,6,6th place,90
erica_sho,7,7th place,80
erica_sho,8,8th place,70
erica_sho,9,9th place,60
erica_sho,10,10th place,50
erica_sho,11,11th place,40
erica_sho,12,12th place,30
erica_sho,13,13th place,25
erica_sho,14,14th place,20
erica_sho,15,15th place,15
erica_sho,16,16th place,7
fairy_stakes,1,1st place,3500
fairy_stakes,2,2nd place,1400
fairy_stakes,3,3rd place,875
fairy_stakes,4,4th place,525
fairy_stakes,5,5th place,350
fairy_stakes,6,6th place,315
fairy_stakes,7,7th place,280
fairy_stakes,8,8th place,245
fairy_stakes,9,9th place,210
fairy_stakes,10,10th place,175
fairy_stakes,11,11th place,140
fairy_stakes,12,12th place,105
fairy_stakes,13,13th place,88
fairy_stakes,14,14th place,70
fairy_stakes,15,15th place,53
fairy_stakes,16,16th place,35
falcon_stakes,1,1st place,3800
falcon_stakes,2,2nd place,1520
falcon_stakes,3,3rd place,950
falcon_stakes,4,4th place,570
falcon_stakes,5,5th place,380
falcon_stakes,6,6th place,342
falcon_stakes,7,7th place,304
falcon_stakes,8,8th place,266
falcon_stakes,9,9th place,228
falcon_stakes,10,10th place,190
falcon_stakes,11,11th place,152
falcon_stakes,12,12th place,114
falcon_stakes,13,13th place,95
falcon_stakes,14,14th place,76
falcon_stakes,15,15th place,57
falcon_stakes,16,16th place,38
falcon_stakes,17,17th place,38
falcon_stakes,18,18th place,38
fantasy_stakes,1,1st place,2900
fantasy_stakes,2,2nd place,1160
fantasy_stakes,3,3rd place,725
fantasy_stakes,4,4th place,435
fantasy_stakes,5,5th place,290
fantasy_stakes,6,6th place,261
fantasy_stakes,7,7th place,232
fantasy_stakes,8,8th place,203
fantasy_stakes,9,9th place,174
fantasy_stakes,10,10th place,145
fantasy_stakes,11,11th place,116
fantasy_stakes,12,12th place,87
fantasy_stakes,13,13th place,73
fantasy_stakes,14,14th place,58
fantasy_stakes,15,15th place,44
fantasy_stakes,16,16th place,29
fantasy_stakes,17,17th place,29
fantasy_stakes,18,18th place,29
february_stakes,1,1st place,10000
february_stakes,2,2nd place,4000
february_stakes,3,3rd place,2500
february_stakes,4,4th place,1500
february_stakes,5,5th place,1000
february_stakes,6,6th place,900
february_stakes,7,7th place,800
february_stakes,8,8th place,700
february_stakes,9,9th place,600
february_stakes,10,10th place,500
february_stakes,11,11th place,400
february_stakes,12,12th place,300
february_stakes,13,13th place,250
february_stakes,14,14th place,200
february_stakes,15,15th place,150
february_stakes,16,16th place,100
fillies_revue,1,1st place,5200
fillies_revue,2,2nd place,2080
fillies_revue,3,3rd place,1300
fillies_revue,4,4th place,780
fillies_revue,5,5th place,520
fillies_revue,6,6th place,468
fillies_revue,7,7th place,416
fillies_revue,8,8th place,364
fillies_revue,9,9th place,312
fillies_revue,10,10th place,260
fillies_revue,11,11th place,208
fillies_revue,12,12th place,156
fillies_revue,13,13th place,130
fillies_revue,14,14th place,104
fillies_revue,15,15th place,78
fillies_revue,16,16th place,52
fillies_revue,17,17th place,52
fillies_revue,18,18th place,52
flora_stakes,1,1st place,5200
flora_stakes,2,2nd place,2080
flora_stakes,3,3rd place,1300
flora_stakes,4,4th place,780
flora_stakes,5,5th place,520
flora_stakes,6,6th place,468
flora_stakes,7,7th place,416
flora_stakes,8,8th place,364
flora_stakes,9,9th place,312
flora_stakes,10,10th place,260
flora_stakes,11,11th place,208
flora_stakes,12,12th place,156
flora_stakes,13,13th place,130
flora_stakes,14,14th place,104
flora_stakes,15,15th place,78
flora_stakes,16,16th place,52
flora_stakes,17,17th place,52
flora_stakes,18,18th place,52
flower_cup,1,1st place,3500
flower_cup,2,2nd place,1400
flower_cup,3,3rd place,875
flower_cup,4,4th place,525
flower_cup,5,5th place,350
flower_cup,6,6th place,315
flower_cup,7,7th place,280
flower_cup,8,8th place,245
flower_cup,9,9th place,210
flower_cup,10,10th place,175
flower_cup,11,11th place,140
flower_cup,12,12th place,105
flower_cup,13,13th place,88
flower_cup,14,14th place,70
flower_cup,15,15th place,53
flower_cup,16,16th place,35
fuchu_umamusume_stakes,1,1st place,5500
fuchu_umamusume_stakes,2,2nd place,2200
fuchu_umamusume_stakes,3,3rd place,1375
fuchu_umamusume_stakes,4,4th place,825
fuchu_umamusume_stakes,5,5th place,550
fuchu_umamusume_stakes,6,6th place,495
fuchu_umamusume_stakes,7,7th place,440
fuchu_umamusume_stakes,8,8th place,385
fuchu_umamusume_stakes,9,9th place,330
fuchu_umamusume_stakes,10,10th place,275
fuchu_umamusume_stakes,11,11th place,220
fuchu_umamusume_stakes,12,12th place,165
fuchu_umamusume_stakes,13,13th place,138
fuchu_umamusume_stakes,14,14th place,110
fuchu_umamusume_stakes,15,15th place,83
fuchu_umamusume_stakes,16,16th place,55
fuchu_umamusume_stakes,17,17th place,55
fuchu_umamusume_stakes,18,18th place,55
fuji_stakes,1,1st place,5900
fuji_stakes,2,2nd place,2360
fuji_stakes,3,3rd place,1475
fuji_stakes,4,4th place,885
fuji_stakes,5,5th place,590
fuji_stakes,6,6th place,531
fuji_stakes,7,7th place,472
fuji_stakes,8,8th place,413
fuji_stakes,9,9th place,354
fuji_stakes,10,10th place,295
fuji_stakes,11,11th place,236
fuji_stakes,12,12th place,177
fuji_stakes,13,13th place,148
fuji_stakes,14,14th place,118
fuji_stakes,15,15th place,89
fuji_stakes,16,16th place,59
fuji_stakes,17,17th place,59
fuji_stakes,18,18th place,59
fukuryu_stakes,1,1st place,1800
fukuryu_stakes,2,2nd place,720
fukuryu_stakes,3,3rd place,450
fukuryu_stakes,4,4th place,270
fukuryu_stakes,5,5th place,180
fukuryu_stakes,6,6th place,162
fukuryu_stakes,7,7th place,144
fukuryu_stakes,8,8th place,126
fukuryu_stakes,9,9th place,108
fukuryu_stakes,10,10th place,90
fukuryu_stakes,11,11th place,72
fukuryu_stakes,12,12th place,54
fukuryu_stakes,13,13th place,45
fukuryu_stakes,14,14th place,36
fukuryu_stakes,15,15th place,27
fukuryu_stakes,16,16th place,18
fukushima_junior_stakes,1,1st place,1600
fukushima_junior_stakes,2,2nd place,640
fukushima_junior_stakes,3,3rd place,400
fukushima_junior_stakes,4,4th place,240
fukushima_junior_stakes,5,5th place,160
fukushima_junior_stakes,6,6th place,144
fukushima_junior_stakes,7,7th place,128
fukushima_junior_stakes,8,8th place,112
fukushima_junior_stakes,9,9th place,96
fukushima_junior_stakes,10,10th place,80
fukushima_junior_stakes,11,11th place,64
fukushima_junior_stakes,12,12th place,48
fukushima_junior_stakes,13,13th place,40
fukushima_junior_stakes,14,14th place,32
fukushima_kinen,1,1st place,4100
fukushima_kinen,2,2nd place,1640
fukushima_kinen,3,3rd place,1025
fukushima_kinen,4,4th place,615
fukushima_kinen,5,5th place,410
fukushima_kinen,6,6th place,369
fukushima_kinen,7,7th place,328
fukushima_kinen,8,8th place,287
fukushima_kinen,9,9th place,246
fukushima_kinen,10,10th place,205
fukushima_kinen,11,11th place,164
fukushima_kinen,12,12th place,123
fukushima_kinen,13,13th place,103
fukushima_kinen,14,14th place,82
fukushima_kinen,15,15th place,62
fukushima_kinen,16,16th place,41
fukushima_mimpo_hai,1,1st place,2600
fukushima_mimpo_hai,2,2nd place,1040
fukushima_mimpo_hai,3,3rd place,650
fukushima_mimpo_hai,4,4th place,390
fukushima_mimpo_hai,5,5th place,260
fukushima_mimpo_hai,6,6th place,234
fukushima_mimpo_hai,7,7th place,208
fukushima_mimpo_hai,8,8th place,182
fukushima_mimpo_hai,9,9th place,156
fukushima_mimpo_hai,10,10th place,130
fukushima_mimpo_hai,11,11th place,104
fukushima_mimpo_hai,12,12th place,78
fukushima_mimpo_hai,13,13th place,65
fukushima_mimpo_hai,14,14th place,52
fukushima_mimpo_hai,15,15th place,39
fukushima_mimpo_hai,16,16th place,20
fukushima_minyu_cup,1,1st place,2300
fukushima_minyu_cup,2,2nd place,920
fukushima_minyu_cup,3,3rd place,575
fukushima_minyu_cup,4,4th place,345
fukushima_minyu_cup,5,5th place,230
fukushima_minyu_cup,6,6th place,207
fukushima_minyu_cup,7,7th place,184
fukushima_minyu_cup,8,8th place,161
fukushima_minyu_cup,9,9th place,138
fukushima_minyu_cup,10,10th place,115
fukushima_minyu_cup,11,11th place,92
fukushima_minyu_cup,12,12th place,69
fukushima_minyu_cup,13,13th place,58
fukushima_minyu_cup,14,14th place,46
fukushima_minyu_cup,15,15th place,35
fukushima_tv_open,1,1st place,2300
fukushima_tv_open,2,2nd place,920
fukushima_tv_open,3,3rd place,575
fukushima_tv_open,4,4th place,345
fukushima_tv_open,5,5th place,230
fukushima_tv_open,6,6th place,207
fukushima_tv_open,7,7th place,184
fukushima_tv_open,8,8th place,161
fukushima_tv_open,9,9th place,138
fukushima_tv_open,10,10th place,115
fukushima_tv_open,11,11th place,92
fukushima_tv_open,12,12th place,69
fukushima_tv_open,13,13th place,58
fukushima_tv_open,14,14th place,46
fukushima_umamusume_stakes,1,1st place,3800
fukushima_umamusume_stakes,2,2nd place,1520
fukushima_umamusume_stakes,3,3rd place,950
fukushima_umamusume_stakes,4,4th place,570
fukushima_umamusume_stakes,5,5th place,380
fukushima_umamusume_stakes,6,6th place,342
fukushima_umamusume_stakes,7,7th place,304
fukushima_umamusume_stakes,8,8th place,266
fukushima_umamusume_stakes,9,9th place,228
fukushima_umamusume_stakes,10,10th place,190
fukushima_umamusume_stakes,11,11th place,152
fukushima_umamusume_stakes,12,12th place,114
fukushima_umamusume_stakes,13,13th place,95
fukushima_umamusume_stakes,14,14th place,76
fukushima_umamusume_stakes,15,15th place,57
fukushima_umamusume_stakes,16,16th place,38
fuyo_stakes,1,1st place,1600
fuyo_stakes,2,2nd place,640
fuyo_stakes,3,3rd place,400
fuyo_stakes,4,4th place,240
fuyo_stakes,5,5th place,160
fuyo_stakes,6,6th place,144
fuyo_stakes,7,7th place,128
fuyo_stakes,8,8th place,112
fuyo_stakes,9,9th place,96
fuyo_stakes,10,10th place,80
fuyo_stakes,11,11th place,64
fuyo_stakes,12,12th place,48
fuyo_stakes,13,13th place,40
fuyo_stakes,14,14th place,32
fuyo_stakes,15,15th place,24
fuyo_stakes,16,16th place,16
fuyo_stakes,17,17th place,16
fuyo_stakes,18,18th place,16
galaxy_stakes,1,1st place,2200
galaxy_stakes,2,2nd place,880
galaxy_stakes,3,3rd place,550
galaxy_stakes,4,4th place,330
galaxy_stakes,5,5th place,220
galaxy_stakes,6,6th place,198
galaxy_stakes,7,7th place,176
galaxy_stakes,8,8th place,154
galaxy_stakes,9,9th place,132
galaxy_stakes,10,10th place,110
galaxy_stakes,11,11th place,88
galaxy_stakes,12,12th place,66
galaxy_stakes,13,13th place,55
galaxy_stakes,14,14th place,44
galaxy_stakes,15,15th place,33
galaxy_stakes,16,16th place,22
green_channel_cup,1,1st place,2300
green_channel_cup,2,2nd place,920
green_channel_cup,3,3rd place,575
green_channel_cup,4,4th place,345
green_channel_cup,5,5th place,230
green_channel_cup,6,6th place,207
green_channel_cup,7,7th place,184
green_channel_cup,8,8th place,161
green_channel_cup,9,9th place,138
green_channel_cup,10,10th place,115
green_channel_cup,11,11th place,92
green_channel_cup,12,12th place,69
green_channel_cup,13,13th place,58
green_channel_cup,14,14th place,46
green_channel_cup,15,15th place,35
green_channel_cup,16,16th place,23
habotan_sho,1,1st place,1000
habotan_sho,2,2nd place,400
habotan_sho,3,3rd place,250
habotan_sho,4,4th place,150
habotan_sho,5,5th place,100
habotan_sho,6,6th place,90
habotan_sho,7,7th place,80
habotan_sho,8,8th place,70
habotan_sho,9,9th place,60
habotan_sho,10,10th place,50
habotan_sho,11,11th place,40
habotan_sho,12,12th place,30
habotan_sho,13,13th place,25
habotan_sho,14,14th place,20
habotan_sho,15,15th place,15
habotan_sho,16,16th place,7
habotan_sho,17,17th place,7
habotan_sho,18,18th place,7
hagi_stakes,1,1st place,1700
hagi_stakes,2,2nd place,680
hagi_stakes,3,3rd place,425
hagi_stakes,4,4th place,255
hagi_stakes,5,5th place,170
hagi_stakes,6,6th place,153
hagi_stakes,7,7th place,136
hagi_stakes,8,8th place,119
hagi_stakes,9,9th place,102
hagi_stakes,10,10th place,85
hagi_stakes,11,11th place,68
hagi_stakes,12,12th place,51
hagi_stakes,13,13th place,43
hagi_stakes,14,14th place,34
hagi_stakes,15,15th place,26
hagi_stakes,16,16th place,17
hakodate_junior_stakes,1,1st place,3100
hakodate_junior_stakes,2,2nd place,1240
hakodate_junior_stakes,3,3rd place,775
hakodate_junior_stakes,4,4th place,465
hakodate_junior_stakes,5,5th place,310
hakodate_junior_stakes,6,6th place,279
hakodate_junior_stakes,7,7th place,248
hakodate_junior_stakes,8,8th place,217
hakodate_junior_stakes,9,9th place,186
hakodate_junior_stakes,10,10th place,155
hakodate_junior_stakes,11,11th place,124
hakodate_junior_stakes,12,12th place,93
hakodate_junior_stakes,13,13th place,78
hakodate_junior_stakes,14,14th place,62
hakodate_junior_stakes,15,15th place,47
hakodate_junior_stakes,16,16th place,31
hakodate_kinen,1,1st place,4100
hakodate_kinen,2,2nd place,1640
hakodate_kinen,3,3rd place,1025
hakodate_kinen,4,4th place,615
hakodate_kinen,5,5th place,410
hakodate_kinen,6,6th place,369
hakodate_kinen,7,7th place,328
hakodate_kinen,8,8th place,287
hakodate_kinen,9,9th place,246
hakodate_kinen,10,10th place,205
hakodate_kinen,11,11th place,164
hakodate_kinen,12,12th place,123
hakodate_kinen,13,13th place,103
hakodate_kinen,14,14th place,82
hakodate_kinen,15,15th place,62
hakodate_kinen,16,16th place,41
hakodate_sprint_stakes,1,1st place,3900
hakodate_sprint_stakes,2,2nd place,1560
hakodate_sprint_stakes,3,3rd place,975
hakodate_sprint_stakes,4,4th place,585
hakodate_sprint_stakes,5,5th place,390
hakodate_sprint_stakes,6,6th place,351
hakodate_sprint_stakes,7,7th place,312
hakodate_sprint_stakes,8,8th place,273
hakodate_sprint_stakes,9,9th place,234
hakodate_sprint_stakes,10,10th place,195
hakodate_sprint_stakes,11,11th place,156
hakodate_sprint_stakes,12,12th place,117
hakodate_sprint_stakes,13,13th place,98
hakodate_sprint_stakes,14,14th place,78
hakodate_sprint_stakes,15,15th place,59
hakodate_sprint_stakes,16,16th place,39
hankyu_hai,1,1st place,4100
hankyu_hai,2,2nd place,1640
hankyu_hai,3,3rd place,1025
hankyu_hai,4,4th place,615
hankyu_hai,5,5th place,410
hankyu_hai,6,6th place,369
hankyu_hai,7,7th place,328
hankyu_hai,8,8th place,287
hankyu_hai,9,9th place,246
hankyu_hai,10,10th place,205
hankyu_hai,11,11th place,164
hankyu_hai,12,12th place,123
hankyu_hai,13,13th place,103
hankyu_hai,14,14th place,82
hankyu_hai,15,15th place,62
hankyu_hai,16,16th place,41
hankyu_hai,17,17th place,41
hankyu_hai,18,18th place,41
hanshin_cup,1,1st place,6700
hanshin_cup,2,2nd place,2680
hanshin_cup,3,3rd place,1675
hanshin_cup,4,4th place,1005
hanshin_cup,5,5th place,670
hanshin_cup,6,6th place,603
hanshin_cup,7,7th place,536
hanshin_cup,8,8th place,469
hanshin_cup,9,9th place,402
hanshin_cup,10,10th place,335
hanshin_cup,11,11th place,268
hanshin_cup,12,12th place,201
hanshin_cup,13,13th place,168
hanshin_cup,14,14th place,134
hanshin_cup,15,15th place,101
hanshin_cup,16,16th place,67
hanshin_cup,17,17th place,67
hanshin_cup,18,18th place,67
hanshin_daishoten,1,1st place,6700
hanshin_daishoten,2,2nd place,2680
hanshin_daishoten,3,3rd place,1675
hanshin_daishoten,4,4th place,1005
hanshin_daishoten,5,5th place,670
hanshin_daishoten,6,6th place,603
hanshin_daishoten,7,7th place,536
hanshin_daishoten,8,8th place,469
hanshin_daishoten,9,9th place,402
hanshin_daishoten,10,10th place,335
hanshin_daishoten,11,11th place,268
hanshin_daishoten,12,12th place,201
hanshin_daishoten,13,13th place,168
hanshin_daishoten,14,14th place,134
hanshin_daishoten,15,15th place,101
hanshin_daishoten,16,16th place,67
hanshin_juvenile_fillies,1,1st place,6500
hanshin_juvenile_fillies,2,2nd place,2600
hanshin_juvenile_fillies,3,3rd place,1625
hanshin_juvenile_fillies,4,4th place,975
hanshin_juvenile_fillies,5,5th place,650
hanshin_juvenile_fillies,6,6th place,585
hanshin_juvenile_fillies,7,7th place,520
hanshin_juvenile_fillies,8,8th place,455
hanshin_juvenile_fillies,9,9th place,390
hanshin_juvenile_fillies,10,10th place,325
hanshin_juvenile_fillies,11,11th place,260
hanshin_juvenile_fillies,12,12th place,195
hanshin_juvenile_fillies,13,13th place,163
hanshin_juvenile_fillies,14,14th place,130
hanshin_juvenile_fillies,15,15th place,98
hanshin_juvenile_fillies,16,16th place,65
hanshin_juvenile_fillies,17,17th place,65
hanshin_juvenile_fillies,18,18th place,65
hanshin_umamusume_stakes,1,1st place,5500
hanshin_umamusume_stakes,2,2nd place,2200
hanshin_umamusume_stakes,3,3rd place,1375
hanshin_umamusume_stakes,4,4th place,825
hanshin_umamusume_stakes,5,5th place,550
hanshin_umamusume_stakes,6,6th place,495
hanshin_umamusume_stakes,7,7th place,440
hanshin_umamusume_stakes,8,8th place,385
hanshin_umamusume_stakes,9,9th place,330
hanshin_umamusume_stakes,10,10th place,275
hanshin_umamusume_stakes,11,11th place,220
hanshin_umamusume_stakes,12,12th place,165
hanshin_umamusume_stakes,13,13th place,138
hanshin_umamusume_stakes,14,14th place,110
hanshin_umamusume_stakes,15,15th place,83
hanshin_umamusume_stakes,16,16th place,55
hanshin_umamusume_stakes,17,17th place,55
hanshin_umamusume_stakes,18,18th place,55
heian_stakes,1,1st place,3600
heian_stakes,2,2nd place,1440
heian_stakes,3,3rd place,900
heian_stakes,4,4th place,540
heian_stakes,5,5th place,360
heian_stakes,6,6th place,324
heian_stakes,7,7th place,288
heian_stakes,8,8th place,252
heian_stakes,9,9th place,216
heian_stakes,10,10th place,180
heian_stakes,11,11th place,144
heian_stakes,12,12th place,108
heian_stakes,13,13th place,90
heian_stakes,14,14th place,72
heian_stakes,15,15th place,54
heian_stakes,16,16th place,36
hiiragi_sho,1,1st place,1000
hiiragi_sho,2,2nd place,400
hiiragi_sho,3,3rd place,250
hiiragi_sho,4,4th place,150
hiiragi_sho,5,5th place,100
hiiragi_sho,6,6th place,90
hiiragi_sho,7,7th place,80
hiiragi_sho,8,8th place,70
hiiragi_sho,9,9th place,60
hiiragi_sho,10,10th place,50
hiiragi_sho,11,11th place,40
hiiragi_sho,12,12th place,30
hiiragi_sho,13,13th place,25
hiiragi_sho,14,14th place,20
hiiragi_sho,15,15th place,15
hiiragi_sho,16,16th place,7
hopeful_stakes,1,1st place,7000
hopeful_stakes,2,2nd place,2800
hopeful_stakes,3,3rd place,1750
hopeful_stakes,4,4th place,1050
hopeful_stakes,5,5th place,700
hopeful_stakes,6,6th place,630
hopeful_stakes,7,7th place,560
hopeful_stakes,8,8th place,490
hopeful_stakes,9,9th place,420
hopeful_stakes,10,10th place,350
hopeful_stakes,11,11th place,280
hopeful_stakes,12,12th place,210
hopeful_stakes,13,13th place,175
hopeful_stakes,14,14th place,140
hopeful_stakes,15,15th place,105
hopeful_stakes,16,16th place,70
hopeful_stakes,17,17th place,70
hopeful_stakes,18,18th place,70
hosu_stakes,1,1st place,1900
hosu_stakes,2,2nd place,760
hosu_stakes,3,3rd place,475
hosu_stakes,4,4th place,285
hosu_stakes,5,5th place,190
hosu_stakes,6,6th place,171
hosu_stakes,7,7th place,152
hosu_stakes,8,8th place,133
hosu_stakes,9,9th place,114
hosu_stakes,10,10th place,95
hosu_stakes,11,11th place,76
hosu_stakes,12,12th place,57
hosu_stakes,13,13th place,48
hosu_stakes,14,14th place,38
hosu_stakes,15,15th place,29
hosu_stakes,16,16th place,19
hyacinth_stakes,1,1st place,1900
hyacinth_stakes,2,2nd place,760
hyacinth_stakes,3,3rd place,475
hyacinth_stakes,4,4th place,285
hyacinth_stakes,5,5th place,190
hyacinth_stakes,6,6th place,171
hyacinth_stakes,7,7th place,152
hyacinth_stakes,8,8th place,133
hyacinth_stakes,9,9th place,114
hyacinth_stakes,10,10th place,95
hyacinth_stakes,11,11th place,76
hyacinth_stakes,12,12th place,57
hyacinth_stakes,13,13th place,48
hyacinth_stakes,14,14th place,38
hyacinth_stakes,15,15th place,29
hyacinth_stakes,16,16th place,19
hyakunichiso_tokubetsu,1,1st place,1000
hyakunichiso_tokubetsu,2,2nd place,400
hyakunichiso_tokubetsu,3,3rd place,250
hyakunichiso_tokubetsu,4,4th place,150
hyakunichiso_tokubetsu,5,5th place,100
hyakunichiso_tokubetsu,6,6th place,90
hyakunichiso_tokubetsu,7,7th place,80
hyakunichiso_tokubetsu,8,8th place,70
hyakunichiso_tokubetsu,9,9th place,60
hyakunichiso_tokubetsu,10,10th place,50
hyakunichiso_tokubetsu,11,11th place,40
hyakunichiso_tokubetsu,12,12th place,30
hyakunichiso_tokubetsu,13,13th place,25
hyakunichiso_tokubetsu,14,14th place,20
hyakunichiso_tokubetsu,15,15th place,15
hyakunichiso_tokubetsu,16,16th place,7
hyakunichiso_tokubetsu,17,17th place,7
hyakunichiso_tokubetsu,18,18th place,7
ibis_summer_dash,1,1st place,3900
ibis_summer_dash,2,2nd place,1560
ibis_summer_dash,3,3rd place,975
ibis_summer_dash,4,4th place,585
ibis_summer_dash,5,5th place,390
ibis_summer_dash,6,6th place,351
ibis_summer_dash,7,7th place,312
ibis_summer_dash,8,8th place,273
ibis_summer_dash,9,9th place,234
ibis_summer_dash,10,10th place,195
ibis_summer_dash,11,11th place,156
ibis_summer_dash,12,12th place,117
ibis_summer_dash,13,13th place,98
ibis_summer_dash,14,14th place,78
ibis_summer_dash,15,15th place,59
ibis_summer_dash,16,16th place,39
ibis_summer_dash,17,17th place,39
ibis_summer_dash,18,18th place,39
idaten_stakes,1,1st place,2300
idaten_stakes,2,2nd place,920
idaten_stakes,3,3rd place,575
idaten_stakes,4,4th place,345
idaten_stakes,5,5th place,230
idaten_stakes,6,6th place,207
idaten_stakes,7,7th place,184
idaten_stakes,8,8th place,161
idaten_stakes,9,9th place,138
idaten_stakes,10,10th place,115
idaten_stakes,11,11th place,92
idaten_stakes,12,12th place,69
idaten_stakes,13,13th place,58
idaten_stakes,14,14th place,46
idaten_stakes,15,15th place,35
idaten_stakes,16,16th place,23
idaten_stakes,17,17th place,23
idaten_stakes,18,18th place,23
ivy_stakes,1,1st place,1700
ivy_stakes,2,2nd place,680
ivy_stakes,3,3rd place,425
ivy_stakes,4,4th place,255
ivy_stakes,5,5th place,170
ivy_stakes,6,6th place,153
ivy_stakes,7,7th place,136
ivy_stakes,8,8th place,119
ivy_stakes,9,9th place,102
ivy_stakes,10,10th place,85
ivy_stakes,11,11th place,68
ivy_stakes,12,12th place,51
ivy_stakes,13,13th place,43
ivy_stakes,14,14th place,34
ivy_stakes,15,15th place,26
ivy_stakes,16,16th place,17
ivy_stakes,17,17th place,17
ivy_stakes,18,18th place,17
january_stakes,1,1st place,2200
january_stakes,2,2nd place,880
january_stakes,3,3rd place,550
january_stakes,4,4th place,330
january_stakes,5,5th place,220
january_stakes,6,6th place,198
january_stakes,7,7th place,176
january_stakes,8,8th place,154
january_stakes,9,9th place,132
january_stakes,10,10th place,110
january_stakes,11,11th place,88
january_stakes,12,12th place,66
january_stakes,13,13th place,55
january_stakes,14,14th place,44
january_stakes,15,15th place,33
january_stakes,16,16th place,22
japan_cup,1,1st place,30000
japan_cup,2,2nd place,12000
japan_cup,3,3rd place,7500
japan_cup,4,4th place,4500
japan_cup,5,5th place,3000
japan_cup,6,6th place,2700
japan_cup,7,7th place,2400
japan_cup,8,8th place,2100
japan_cup,9,9th place,1800
japan_cup,10,10th place,1500
japan_cup,11,11th place,1200
japan_cup,12,12th place,900
japan_cup,13,13th place,750
japan_cup,14,14th place,600
japan_cup,15,15th place,450
japan_cup,16,16th place,300
japan_cup,17,17th place,300
japan_cup,18,18th place,300
japan_dirt_derby,1,1st place,4500
japan_dirt_derby,2,2nd place,1800
japan_dirt_derby,3,3rd place,1125
japan_dirt_derby,4,4th place,675
japan_dirt_derby,5,5th place,450
japan_dirt_derby,6,6th place,405
japan_dirt_derby,7,7th place,360
japan_dirt_derby,8,8th place,315
japan_dirt_derby,9,9th place,270
japan_dirt_derby,10,10th place,225
japan_dirt_derby,11,11th place,180
japan_dirt_derby,12,12th place,135
japan_dirt_derby,13,13th place,113
japan_dirt_derby,14,14th place,90
japan_dirt_derby,15,15th place,68
japan_dirt_derby,16,16th place,45
japanese_oaks,1,1st place,11000
japanese_oaks,2,2nd place,4400
japanese_oaks,3,3rd place,2750
japanese_oaks,4,4th place,1650
japanese_oaks,5,5th place,1100
japanese_oaks,6,6th place,990
japanese_oaks,7,7th place,880
japanese_oaks,8,8th place,770
japanese_oaks,9,9th place,660
japanese_oaks,10,10th place,550
japanese_oaks,11,11th place,440
japanese_oaks,12,12th place,330
japanese_oaks,13,13th place,275
japanese_oaks,14,14th place,220
japanese_oaks,15,15th place,165
japanese_oaks,16,16th place,110
japanese_oaks,17,17th place,110
japanese_oaks,18,18th place,110
jbc_classic,1,1st place,8000
jbc_classic,2,2nd place,3200
jbc_classic,3,3rd place,2000
jbc_classic,4,4th place,1200
jbc_classic,5,5th place,800
jbc_classic,6,6th place,720
jbc_classic,7,7th place,640
jbc_classic,8,8th place,560
jbc_classic,9,9th place,480
jbc_classic,10,10th place,400
jbc_classic,11,11th place,320
jbc_classic,12,12th place,240
jbc_classic,13,13th place,200
jbc_classic,14,14th place,160
jbc_classic,15,15th place,120
jbc_classic,16,16th place,80
jbc_ladies_classic,1,1st place,4100
jbc_ladies_classic,2,2nd place,1640
jbc_ladies_classic,3,3rd place,1025
jbc_ladies_classic,4,4th place,615
jbc_ladies_classic,5,5th place,410
jbc_ladies_classic,6,6th place,369
jbc_ladies_classic,7,7th place,328
jbc_ladies_classic,8,8th place,287
jbc_ladies_classic,9,9th place,246
jbc_ladies_classic,10,10th place,205
jbc_ladies_classic,11,11th place,164
jbc_ladies_classic,12,12th place,123
jbc_ladies_classic,13,13th place,103
jbc_ladies_classic,14,14th place,82
jbc_ladies_classic,15,15th place,62
jbc_ladies_classic,16,16th place,41
jbc_sprint,1,1st place,6000
jbc_sprint,2,2nd place,2400
jbc_sprint,3,3rd place,1500
jbc_sprint,4,4th place,900
jbc_sprint,5,5th place,600
jbc_sprint,6,6th place,540
jbc_sprint,7,7th place,480
jbc_sprint,8,8th place,420
jbc_sprint,9,9th place,360
jbc_sprint,10,10th place,300
jbc_sprint,11,11th place,240
jbc_sprint,12,12th place,180
jbc_sprint,13,13th place,150
jbc_sprint,14,14th place,120
jbc_sprint,15,15th place,90
jbc_sprint,16,16th place,60
junior_cup,1,1st place,2000
junior_cup,2,2nd place,800
junior_cup,3,3rd place,500
junior_cup,4,4th place,300
junior_cup,5,5th place,200
junior_cup,6,6th place,180
junior_cup,7,7th place,160
junior_cup,8,8th place,140
junior_cup,9,9th place,120
junior_cup,10,10th place,100
junior_cup,11,11th place,80
junior_cup,12,12th place,60
junior_cup,13,13th place,50
junior_cup,14,14th place,40
junior_cup,15,15th place,30
junior_cup,16,16th place,20
kanetsu_stakes,1,1st place,2400
kanetsu_stakes,2,2nd place,960
kanetsu_stakes,3,3rd place,600
kanetsu_stakes,4,4th place,360
kanetsu_stakes,5,5th place,240
kanetsu_stakes,6,6th place,216
kanetsu_stakes,7,7th place,192
kanetsu_stakes,8,8th place,168
kanetsu_stakes,9,9th place,144
kanetsu_stakes,10,10th place,120
kanetsu_stakes,11,11th place,96
kanetsu_stakes,12,12th place,72
kanetsu_stakes,13,13th place,60
kanetsu_stakes,14,14th place,48
kanetsu_stakes,15,15th place,36
kanetsu_stakes,16,16th place,24
kanetsu_stakes,17,17th place,24
kanetsu_stakes,18,18th place,24
kanto_oaks,1,1st place,3500
kanto_oaks,2,2nd place,1400
kanto_oaks,3,3rd place,875
kanto_oaks,4,4th place,525
kanto_oaks,5,5th place,350
kanto_oaks,6,6th place,315
kanto_oaks,7,7th place,280
kanto_oaks,8,8th place,245
kanto_oaks,9,9th place,210
kanto_oaks,10,10th place,175
kanto_oaks,11,11th place,140
kanto_oaks,12,12th place,105
kanto_oaks,13,13th place,88
kanto_oaks,14,14th place,70
kantsubaki_sho,1,1st place,1000
kantsubaki_sho,2,2nd place,400
kantsubaki_sho,3,3rd place,250
kantsubaki_sho,4,4th place,150
kantsubaki_sho,5,5th place,100
kantsubaki_sho,6,6th place,90
kantsubaki_sho,7,7th place,80
kantsubaki_sho,8,8th place,70
kantsubaki_sho,9,9th place,60
kantsubaki_sho,10,10th place,50
kantsubaki_sho,11,11th place,40
kantsubaki_sho,12,12th place,30
kantsubaki_sho,13,13th place,25
kantsubaki_sho,14,14th place,20
kantsubaki_sho,15,15th place,15
kantsubaki_sho,16,16th place,7
kashiwa_kinen,1,1st place,8000
kashiwa_kinen,2,2nd place,3200
kashiwa_kinen,3,3rd place,2000
kashiwa_kinen,4,4th place,1200
kashiwa_kinen,5,5th place,800
kashiwa_kinen,6,6th place,720
kashiwa_kinen,7,7th place,640
kashiwa_kinen,8,8th place,560
kashiwa_kinen,9,9th place,480
kashiwa_kinen,10,10th place,400
kashiwa_kinen,11,11th place,320
kashiwa_kinen,12,12th place,240
kashiwa_kinen,13,13th place,200
kashiwa_kinen,14,14th place,160
kawasaki_kinen,1,1st place,6000
kawasaki_kinen,2,2nd place,2400
kawasaki_kinen,3,3rd place,1500
kawasaki_kinen,4,4th place,900
kawasaki_kinen,5,5th place,600
kawasaki_kinen,6,6th place,540
kawasaki_kinen,7,7th place,480
kawasaki_kinen,8,8th place,420
kawasaki_kinen,9,9th place,360
kawasaki_kinen,10,10th place,300
kawasaki_kinen,11,11th place,240
kawasaki_kinen,12,12th place,180
kawasaki_kinen,13,13th place,150
kawasaki_kinen,14,14th place,120
keeneland_cup,1,1st place,4100
keeneland_cup,2,2nd place,1640
keeneland_cup,3,3rd place,1025
keeneland_cup,4,4th place,615
keeneland_cup,5,5th place,410
keeneland_cup,6,6th place,369
keeneland_cup,7,7th place,328
keeneland_cup,8,8th place,287
keeneland_cup,9,9th place,246
keeneland_cup,10,10th place,205
keeneland_cup,11,11th place,164
keeneland_cup,12,12th place,123
keeneland_cup,13,13th place,103
keeneland_cup,14,14th place,82
keeneland_cup,15,15th place,62
keeneland_cup,16,16th place,41
keihan_hai,1,1st place,3900
keihan_hai,2,2nd place,1560
keihan_hai,3,3rd place,975
keihan_hai,4,4th place,585
keihan_hai,5,5th place,390
keihan_hai,6,6th place,351
keihan_hai,7,7th place,312
keihan_hai,8,8th place,273
keihan_hai,9,9th place,234
keihan_hai,10,10th place,195
keihan_hai,11,11th place,156
keihan_hai,12,12th place,117
keihan_hai,13,13th place,98
keihan_hai,14,14th place,78
keihan_hai,15,15th place,59
keihan_hai,16,16th place,39
keihan_hai,17,17th place,39
keihan_hai,18,18th place,39
keio_hai_junior_stakes,1,1st place,3800
keio_hai_junior_stakes,2,2nd place,1520
keio_hai_junior_stakes,3,3rd place,950
keio_hai_junior_stakes,4,4th place,570
keio_hai_junior_stakes,5,5th place,380
keio_hai_junior_stakes,6,6th place,342
keio_hai_junior_stakes,7,7th place,304
keio_hai_junior_stakes,8,8th place,266
keio_hai_junior_stakes,9,9th place,228
keio_hai_junior_stakes,10,10th place,190
keio_hai_junior_stakes,11,11th place,152
keio_hai_junior_stakes,12,12th place,114
keio_hai_junior_stakes,13,13th place,95
keio_hai_junior_stakes,14,14th place,76
keio_hai_junior_stakes,15,15th place,57
keio_hai_junior_stakes,16,16th place,38
keio_hai_junior_stakes,17,17th place,38
keio_hai_junior_stakes,18,18th place,38
keio_hai_spring_cup,1,1st place,5900
keio_hai_spring_cup,2,2nd place,2360
keio_hai_spring_cup,3,3rd place,1475
keio_hai_spring_cup,4,4th place,885
keio_hai_spring_cup,5,5th place,590
keio_hai_spring_cup,6,6th place,531
keio_hai_spring_cup,7,7th place,472
keio_hai_spring_cup,8,8th place,413
keio_hai_spring_cup,9,9th place,354
keio_hai_spring_cup,10,10th place,295
keio_hai_spring_cup,11,11th place,236
keio_hai_spring_cup,12,12th place,177
keio_hai_spring_cup,13,13th place,148
keio_hai_spring_cup,14,14th place,118
keio_hai_spring_cup,15,15th place,89
keio_hai_spring_cup,16,16th place,59
keio_hai_spring_cup,17,17th place,59
keio_hai_spring_cup,18,18th place,59
keisei_hai,1,1st place,3800
keisei_hai,2,2nd place,1520
keisei_hai,3,3rd place,950
keisei_hai,4,4th place,570
keisei_hai,5,5th place,380
keisei_hai,6,6th place,342
keisei_hai,7,7th place,304
keisei_hai,8,8th place,266
keisei_hai,9,9th place,228
keisei_hai,10,10th place,190
keisei_hai,11,11th place,152
keisei_hai,12,12th place,114
keisei_hai,13,13th place,95
keisei_hai,14,14th place,76
keisei_hai,15,15th place,57
keisei_hai,16,16th place,38
keisei_hai,17,17th place,38
keisei_hai,18,18th place,38
keisei_hai_autumn_handicap,1,1st place,3900
keisei_hai_autumn_handicap,2,2nd place,1560
keisei_hai_autumn_handicap,3,3rd place,975
keisei_hai_autumn_handicap,4,4th place,585
keisei_hai_autumn_handicap,5,5th place,390
keisei_hai_autumn_handicap,6,6th place,351
keisei_hai_autumn_handicap,7,7th place,312
keisei_hai_autumn_handicap,8,8th place,273
keisei_hai_autumn_handicap,9,9th place,234
keisei_hai_autumn_handicap,10,10th place,195
keisei_hai_autumn_handicap,11,11th place,156
keisei_hai_autumn_handicap,12,12th place,117
keisei_hai_autumn_handicap,13,13th place,98
keisei_hai_autumn_handicap,14,14th place,78
keisei_hai_autumn_handicap,15,15th place,59
keisei_hai_autumn_handicap,16,16th place,39
keiyo_stakes,1,1st place,2300
keiyo_stakes,2,2nd place,920
keiyo_stakes,3,3rd place,575
keiyo_stakes,4,4th place,345
keiyo_stakes,5,5th place,230
keiyo_stakes,6,6th place,207
keiyo_stakes,7,7th place,184
keiyo_stakes,8,8th place,161
keiyo_stakes,9,9th place,138
keiyo_stakes,10,10th place,115
keiyo_stakes,11,11th place,92
keiyo_stakes,12,12th place,69
keiyo_stakes,13,13th place,58
keiyo_stakes,14,14th place,46
keiyo_stakes,15,15th place,35
keiyo_stakes,16,16th place,23
keyaki_stakes,1,1st place,2200
keyaki_stakes,2,2nd place,880
keyaki_stakes,3,3rd place,550
keyaki_stakes,4,4th place,330
keyaki_stakes,5,5th place,220
keyaki_stakes,6,6th place,198
keyaki_stakes,7,7th place,176
keyaki_stakes,8,8th place,154
keyaki_stakes,9,9th place,132
keyaki_stakes,10,10th place,110
keyaki_stakes,11,11th place,88
keyaki_stakes,12,12th place,66
keyaki_stakes,13,13th place,55
keyaki_stakes,14,14th place,44
keyaki_stakes,15,15th place,33
keyaki_stakes,16,16th place,22
kigiku_sho,1,1st place,1000
kigiku_sho,2,2nd place,400
kigiku_sho,3,3rd place,250
kigiku_sho,4,4th place,150
kigiku_sho,5,5th place,100
kigiku_sho,6,6th place,90
kigiku_sho,7,7th place,80
kigiku_sho,8,8th place,70
kigiku_sho,9,9th place,60
kigiku_sho,10,10th place,50
kigiku_sho,11,11th place,40
kigiku_sho,12,12th place,30
kigiku_sho,13,13th place,25
kigiku_sho,14,14th place,20
kigiku_sho,15,15th place,15
kigiku_sho,16,16th place,7
kigiku_sho,17,17th place,7
kigiku_sho,18,18th place,7
kikuka_sho,1,1st place,12000
kikuka_sho,2,2nd place,4800
kikuka_sho,3,3rd place,3000
kikuka_sho,4,4th place,1800
kikuka_sho,5,5th place,1200
kikuka_sho,6,6th place,1080
kikuka_sho,7,7th place,960
kikuka_sho,8,8th place,840
kikuka_sho,9,9th place,720
kikuka_sho,10,10th place,600
kikuka_sho,11,11th place,480
kikuka_sho,12,12th place,360
kikuka_sho,13,13th place,300
kikuka_sho,14,14th place,240
kikuka_sho,15,15th place,180
kikuka_sho,16,16th place,120
kikuka_sho,17,17th place,120
kikuka_sho,18,18th place,120
kikyo_stakes,1,1st place,1600
kikyo_stakes,2,2nd place,640
kikyo_stakes,3,3rd place,400
kikyo_stakes,4,4th place,240
kikyo_stakes,5,5th place,160
kikyo_stakes,6,6th place,144
kikyo_stakes,7,7th place,128
kikyo_stakes,8,8th place,112
kikyo_stakes,9,9th place,96
kikyo_stakes,10,10th place,80
kikyo_stakes,11,11th place,64
kikyo_stakes,12,12th place,48
kikyo_stakes,13,13th place,40
kikyo_stakes,14,14th place,32
kikyo_stakes,15,15th place,24
kikyo_stakes,16,16th place,16
kikyo_stakes,17,17th place,16
kikyo_stakes,18,18th place,16
kimmokusei_tokubetsu,1,1st place,1000
kimmokusei_tokubetsu,2,2nd place,400
kimmokusei_tokubetsu,3,3rd place,250
kimmokusei_tokubetsu,4,4th place,150
kimmokusei_tokubetsu,5,5th place,100
kimmokusei_tokubetsu,6,6th place,90
kimmokusei_tokubetsu,7,7th place,80
kimmokusei_tokubetsu,8,8th place,70
kimmokusei_tokubetsu,9,9th place,60
kimmokusei_tokubetsu,10,10th place,50
kimmokusei_tokubetsu,11,11th place,40
kimmokusei_tokubetsu,12,12th place,30
kimmokusei_tokubetsu,13,13th place,25
kimmokusei_tokubetsu,14,14th place,20
kimmokusei_tokubetsu,15,15th place,15
kimmokusei_tokubetsu,16,16th place,7
kinko_sho,1,1st place,6700
kinko_sho,2,2nd place,2680
kinko_sho,3,3rd place,1675
kinko_sho,4,4th place,1005
kinko_sho,5,5th place,670
kinko_sho,6,6th place,603
kinko_sho,7,7th place,536
kinko_sho,8,8th place,469
kinko_sho,9,9th place,402
kinko_sho,10,10th place,335
kinko_sho,11,11th place,268
kinko_sho,12,12th place,201
kinko_sho,13,13th place,168
kinko_sho,14,14th place,134
kinko_sho,15,15th place,101
kinko_sho,16,16th place,67
kinko_sho,17,17th place,67
kinko_sho,18,18th place,67
kisaragi_sho,1,1st place,3800
kisaragi_sho,2,2nd place,1520
kisaragi_sho,3,3rd place,950
kisaragi_sho,4,4th place,570
kisaragi_sho,5,5th place,380
kisaragi_sho,6,6th place,342
kisaragi_sho,7,7th place,304
kisaragi_sho,8,8th place,266
kisaragi_sho,9,9th place,228
kisaragi_sho,10,10th place,190
kisaragi_sho,11,11th place,152
kisaragi_sho,12,12th place,114
kisaragi_sho,13,13th place,95
kisaragi_sho,14,14th place,76
kisaragi_sho,15,15th place,57
kisaragi_sho,16,16th place,38
kisaragi_sho,17,17th place,38
kisaragi_sho,18,18th place,38
kitakyushu_kinen,1,1st place,3900
kitakyushu_kinen,2,2nd place,1560
kitakyushu_kinen,3,3rd place,975
kitakyushu_kinen,4,4th place,585
kitakyushu_kinen,5,5th place,390
kitakyushu_kinen,6,6th place,351
kitakyushu_kinen,7,7th place,312
kitakyushu_kinen,8,8th place,273
kitakyushu_kinen,9,9th place,234
kitakyushu_kinen,10,10th place,195
kitakyushu_kinen,11,11th place,156
kitakyushu_kinen,12,12th place,117
kitakyushu_kinen,13,13th place,98
kitakyushu_kinen,14,14th place,78
kitakyushu_kinen,15,15th place,59
kitakyushu_kinen,16,16th place,39
kitakyushu_kinen,17,17th place,39
kitakyushu_kinen,18,18th place,39
kitakyushu_tankyori_stakes,1,1st place,2300
kitakyushu_tankyori_stakes,2,2nd place,920
kitakyushu_tankyori_stakes,3,3rd place,575
kitakyushu_tankyori_stakes,4,4th place,345
kitakyushu_tankyori_stakes,5,5th place,230
kitakyushu_tankyori_stakes,6,6th place,207
kitakyushu_tankyori_stakes,7,7th place,184
kitakyushu_tankyori_stakes,8,8th place,161
kitakyushu_tankyori_stakes,9,9th place,138
kitakyushu_tankyori_stakes,10,10th place,115
kitakyushu_tankyori_stakes,11,11th place,92
kitakyushu_tankyori_stakes,12,12th place,69
kitakyushu_tankyori_stakes,13,13th place,58
kitakyushu_tankyori_stakes,14,14th place,46
kitakyushu_tankyori_stakes,15,15th place,35
kitakyushu_tankyori_stakes,16,16th place,23
kitakyushu_tankyori_stakes,17,17th place,23
kitakyushu_tankyori_stakes,18,18th place,23
kobai_stakes,1,1st place,2000
kobai_stakes,2,2nd place,800
kobai_stakes,3,3rd place,500
kobai_stakes,4,4th place,300
kobai_stakes,5,5th place,200
kobai_stakes,6,6th place,180
kobai_stakes,7,7th place,160
kobai_stakes,8,8th place,140
kobai_stakes,9,9th place,120
kobai_stakes,10,10th place,100
kobai_stakes,11,11th place,80
kobai_stakes,12,12th place,60
kobai_stakes,13,13th place,50
kobai_stakes,14,14th place,40
kobai_stakes,15,15th place,30
kobai_stakes,16,16th place,20
kobai_stakes,17,17th place,20
kobai_stakes,18,18th place,20
kobe_shimbun_hai,1,1st place,5400
kobe_shimbun_hai,2,2nd place,2160
kobe_shimbun_hai,3,3rd place,1350
kobe_shimbun_hai,4,4th place,810
kobe_shimbun_hai,5,5th place,540
kobe_shimbun_hai,6,6th place,486
kobe_shimbun_hai,7,7th place,432
kobe_shimbun_hai,8,8th place,378
kobe_shimbun_hai,9,9th place,324
kobe_shimbun_hai,10,10th place,270
kobe_shimbun_hai,11,11th place,216
kobe_shimbun_hai,12,12th place,162
kobe_shimbun_hai,13,13th place,135
kobe_shimbun_hai,14,14th place,108
kobe_shimbun_hai,15,15th place,81
kobe_shimbun_hai,16,16th place,54
kobe_shimbun_hai,17,17th place,54
kobe_shimbun_hai,18,18th place,54
kochi_stakes,1,1st place,2500
kochi_stakes,2,2nd place,1000
kochi_stakes,3,3rd place,625
kochi_stakes,4,4th place,375
kochi_stakes,5,5th place,250
kochi_stakes,6,6th place,225
kochi_stakes,7,7th place,200
kochi_stakes,8,8th place,175
kochi_stakes,9,9th place,150
kochi_stakes,10,10th place,125
kochi_stakes,11,11th place,100
kochi_stakes,12,12th place,75
kochi_stakes,13,13th place,63
kochi_stakes,14,14th place,50
kochi_stakes,15,15th place,38
kochi_stakes,16,16th place,25
kokura_daishoten,1,1st place,4100
kokura_daishoten,2,2nd place,1640
kokura_daishoten,3,3rd place,1025
kokura_daishoten,4,4th place,615
kokura_daishoten,5,5th place,410
kokura_daishoten,6,6th place,369
kokura_daishoten,7,7th place,328
kokura_daishoten,8,8th place,287
kokura_daishoten,9,9th place,246
kokura_daishoten,10,10th place,205
kokura_daishoten,11,11th place,164
kokura_daishoten,12,12th place,123
kokura_daishoten,13,13th place,103
kokura_daishoten,14,14th place,82
kokura_daishoten,15,15th place,62
kokura_daishoten,16,16th place,1
kokura_junior_stakes,1,1st place,3100
kokura_junior_stakes,2,2nd place,1240
kokura_junior_stakes,3,3rd place,775
kokura_junior_stakes,4,4th place,465
kokura_junior_stakes,5,5th place,310
kokura_junior_stakes,6,6th place,279
kokura_junior_stakes,7,7th place,248
kokura_junior_stakes,8,8th place,217
kokura_junior_stakes,9,9th place,186
kokura_junior_stakes,10,10th place,155
kokura_junior_stakes,11,11th place,124
kokura_junior_stakes,12,12th place,93
kokura_junior_stakes,13,13th place,78
kokura_junior_stakes,14,14th place,62
kokura_junior_stakes,15,15th place,47
kokura_junior_stakes,16,16th place,31
kokura_junior_stakes,17,17th place,31
kokura_junior_stakes,18,18th place,31
kokura_kinen,1,1st place,4100
kokura_kinen,2,2nd place,1640
kokura_kinen,3,3rd place,1025
kokura_kinen,4,4th place,615
kokura_kinen,5,5th place,410
kokura_kinen,6,6th place,369
kokura_kinen,7,7th place,328
kokura_kinen,8,8th place,287
kokura_kinen,9,9th place,246
kokura_kinen,10,10th place,205
kokura_kinen,11,11th place,164
kokura_kinen,12,12th place,123
kokura_kinen,13,13th place,103
kokura_kinen,14,14th place,82
kokura_kinen,15,15th place,62
kokura_kinen,16,16th place,41
kokura_kinen,17,17th place,41
kokura_kinen,18,18th place,41
kokura_nikkei_open,1,1st place,2400
kokura_nikkei_open,2,2nd place,960
kokura_nikkei_open,3,3rd place,600
kokura_nikkei_open,4,4th place,360
kokura_nikkei_open,5,5th place,240
kokura_nikkei_open,6,6th place,216
kokura_nikkei_open,7,7th place,192
kokura_nikkei_open,8,8th place,168
kokura_nikkei_open,9,9th place,144
kokura_nikkei_open,10,10th place,120
kokura_nikkei_open,11,11th place,96
kokura_nikkei_open,12,12th place,72
kokura_nikkei_open,13,13th place,60
kokura_nikkei_open,14,14th place,48
kokura_nikkei_open,15,15th place,36
kokura_nikkei_open,16,16th place,24
koyamaki_sho,1,1st place,1000
koyamaki_sho,2,2nd place,400
koyamaki_sho,3,3rd place,250
koyamaki_sho,4,4th place,150
koyamaki_sho,5,5th place,100
koyamaki_sho,6,6th place,90
koyamaki_sho,7,7th place,80
koyamaki_sho,8,8th place,70
koyamaki_sho,9,9th place,60
koyamaki_sho,10,10th place,50
koyamaki_sho,11,11th place,40
koyamaki_sho,12,12th place,30
koyamaki_sho,13,13th place,25
koyamaki_sho,14,14th place,20
koyamaki_sho,15,15th place,15
koyamaki_sho,16,16th place,7
kurama_stakes,1,1st place,2300
kurama_stakes,2,2nd place,920
kurama_stakes,3,3rd place,575
kurama_stakes,4,4th place,345
kurama_stakes,5,5th place,230
kurama_stakes,6,6th place,207
kurama_stakes,7,7th place,184
kurama_stakes,8,8th place,161
kurama_stakes,9,9th place,138
kurama_stakes,10,10th place,115
kurama_stakes,11,11th place,92
kurama_stakes,12,12th place,69
kurama_stakes,13,13th place,58
kurama_stakes,14,14th place,46
kurama_stakes,15,15th place,35
kurama_stakes,16,16th place,23
kurama_stakes,17,17th place,23
kurama_stakes,18,18th place,23
kuromatsu_sho,1,1st place,1000
kuromatsu_sho,2,2nd place,400
kuromatsu_sho,3,3rd place,250
kuromatsu_sho,4,4th place,150
kuromatsu_sho,5,5th place,100
kuromatsu_sho,6,6th place,90
kuromatsu_sho,7,7th place,80
kuromatsu_sho,8,8th place,70
kuromatsu_sho,9,9th place,60
kuromatsu_sho,10,10th place,50
kuromatsu_sho,11,11th place,40
kuromatsu_sho,12,12th place,30
kuromatsu_sho,13,13th place,25
kuromatsu_sho,14,14th place,20
kuromatsu_sho,15,15th place,15
kuromatsu_sho,16,16th place,7
kyodo_news_hai,1,1st place,3800
kyodo_news_hai,2,2nd place,1520
kyodo_news_hai,3,3rd place,950
kyodo_news_hai,4,4th place,570
kyodo_news_hai,5,5th place,380
kyodo_news_hai,6,6th place,342
kyodo_news_hai,7,7th place,304
kyodo_news_hai,8,8th place,266
kyodo_news_hai,9,9th place,228
kyodo_news_hai,10,10th place,190
kyodo_news_hai,11,11th place,152
kyodo_news_hai,12,12th place,114
kyodo_news_hai,13,13th place,95
kyodo_news_hai,14,14th place,76
kyodo_news_hai,15,15th place,57
kyodo_news_hai,16,16th place,38
kyodo_news_hai,17,17th place,38
kyodo_news_hai,18,18th place,38
kyoto_daishoten,1,1st place,6700
kyoto_daishoten,2,2nd place,2680
kyoto_daishoten,3,3rd place,1675
kyoto_daishoten,4,4th place,1005
kyoto_daishoten,5,5th place,670
kyoto_daishoten,6,6th place,603
kyoto_daishoten,7,7th place,536
kyoto_daishoten,8,8th place,469
kyoto_daishoten,9,9th place,402
kyoto_daishoten,10,10th place,335
kyoto_daishoten,11,11th place,268
kyoto_daishoten,12,12th place,201
kyoto_daishoten,13,13th place,168
kyoto_daishoten,14,14th place,134
kyoto_daishoten,15,15th place,101
kyoto_daishoten,16,16th place,67
kyoto_daishoten,17,17th place,67
kyoto_daishoten,18,18th place,67
kyoto_junior_stakes,1,1st place,3300
kyoto_junior_stakes,2,2nd place,1320
kyoto_junior_stakes,3,3rd place,825
kyoto_junior_stakes,4,4th place,495
kyoto_junior_stakes,5,5th place,330
kyoto_junior_stakes,6,6th place,297
kyoto_junior_stakes,7,7th place,264
kyoto_junior_stakes,8,8th place,231
kyoto_junior_stakes,9,9th place,198
kyoto_junior_stakes,10,10th place,165
kyoto_junior_stakes,11,11th place,132
kyoto_junior_stakes,12,12th place,99
kyoto_junior_stakes,13,13th place,83
kyoto_junior_stakes,14,14th place,66
kyoto_junior_stakes,15,15th place,50
kyoto_junior_stakes,16,16th place,33
kyoto_junior_stakes,17,17th place,33
kyoto_junior_stakes,18,18th place,33
kyoto_kimpai,1,1st place,4100
kyoto_kimpai,2,2nd place,1640
kyoto_kimpai,3,3rd place,1025
kyoto_kimpai,4,4th place,615
kyoto_kimpai,5,5th place,410
kyoto_kimpai,6,6th place,369
kyoto_kimpai,7,7th place,328
kyoto_kimpai,8,8th place,287
kyoto_kimpai,9,9th place,246
kyoto_kimpai,10,10th place,205
kyoto_kimpai,11,11th place,164
kyoto_kimpai,12,12th place,123
kyoto_kimpai,13,13th place,103
kyoto_kimpai,14,14th place,82
kyoto_kimpai,15,15th place,62
kyoto_kimpai,16,16th place,41
kyoto_kimpai,17,17th place,41
kyoto_kimpai,18,18th place,41
kyoto_kinen,1,1st place,6200
kyoto_kinen,2,2nd place,2480
kyoto_kinen,3,3rd place,1550
kyoto_kinen,4,4th place,930
kyoto_kinen,5,5th place,620
kyoto_kinen,6,6th place,558
kyoto_kinen,7,7th place,496
kyoto_kinen,8,8th place,434
kyoto_kinen,9,9th place,372
kyoto_kinen,10,10th place,310
kyoto_kinen,11,11th place,248
kyoto_kinen,12,12th place,186
kyoto_kinen,13,13th place,155
kyoto_kinen,14,14th place,124
kyoto_kinen,15,15th place,93
kyoto_kinen,16,16th place,62
kyoto_kinen,17,17th place,62
kyoto_kinen,18,18th place,62
kyoto_shimbun_hai,1,1st place,5400
kyoto_shimbun_hai,2,2nd place,2160
kyoto_shimbun_hai,3,3rd place,1350
kyoto_shimbun_hai,4,4th place,810
kyoto_shimbun_hai,5,5th place,540
kyoto_shimbun_hai,6,6th place,486
kyoto_shimbun_hai,7,7th place,432
kyoto_shimbun_hai,8,8th place,378
kyoto_shimbun_hai,9,9th place,324
kyoto_shimbun_hai,10,10th place,270
kyoto_shimbun_hai,11,11th place,216
kyoto_shimbun_hai,12,12th place,162
kyoto_shimbun_hai,13,13th place,135
kyoto_shimbun_hai,14,14th place,108
kyoto_shimbun_hai,15,15th place,81
kyoto_shimbun_hai,16,16th place,54
kyoto_shimbun_hai,17,17th place,54
kyoto_shimbun_hai,18,18th place,54
kyoto_umamusume_stakes,1,1st place,3600
kyoto_umamusume_stakes,2,2nd place,1440
kyoto_umamusume_stakes,3,3rd place,900
kyoto_umamusume_stakes,4,4th place,540
kyoto_umamusume_stakes,5,5th place,360
kyoto_umamusume_stakes,6,6th place,324
kyoto_umamusume_stakes,7,7th place,288
kyoto_umamusume_stakes,8,8th place,252
kyoto_umamusume_stakes,9,9th place,216
kyoto_umamusume_stakes,10,10th place,180
kyoto_umamusume_stakes,11,11th place,144
kyoto_umamusume_stakes,12,12th place,108
kyoto_umamusume_stakes,13,13th place,90
kyoto_umamusume_stakes,14,14th place,72
kyoto_umamusume_stakes,15,15th place,54
kyoto_umamusume_stakes,16,16th place,36
kyoto_umamusume_stakes,17,17th place,36
kyoto_umamusume_stakes,18,18th place,36
ladies_prelude,1,1st place,3100
ladies_prelude,2,2nd place,1240
ladies_prelude,3,3rd place,775
ladies_prelude,4,4th place,465
ladies_prelude,5,5th place,310
ladies_prelude,6,6th place,279
ladies_prelude,7,7th place,248
ladies_prelude,8,8th place,217
ladies_prelude,9,9th place,186
ladies_prelude,10,10th place,155
ladies_prelude,11,11th place,124
ladies_prelude,12,12th place,93
ladies_prelude,13,13th place,78
ladies_prelude,14,14th place,62
ladies_prelude,15,15th place,47
ladies_prelude,16,16th place,31
lapis_lazuli_stakes,1,1st place,2500
lapis_lazuli_stakes,2,2nd place,1000
lapis_lazuli_stakes,3,3rd place,625
lapis_lazuli_stakes,4,4th place,375
lapis_lazuli_stakes,5,5th place,250
lapis_lazuli_stakes,6,6th place,225
lapis_lazuli_stakes,7,7th place,200
lapis_lazuli_stakes,8,8th place,175
lapis_lazuli_stakes,9,9th place,150
lapis_lazuli_stakes,10,10th place,125
lapis_lazuli_stakes,11,11th place,100
lapis_lazuli_stakes,12,12th place,75
lapis_lazuli_stakes,13,13th place,63
lapis_lazuli_stakes,14,14th place,50
lapis_lazuli_stakes,15,15th place,38
lapis_lazuli_stakes,16,16th place,25
leopard_stakes,1,1st place,4000
leopard_stakes,2,2nd place,1600
leopard_stakes,3,3rd place,1000
leopard_stakes,4,4th place,600
leopard_stakes,5,5th place,400
leopard_stakes,6,6th place,360
leopard_stakes,7,7th place,320
leopard_stakes,8,8th place,280
leopard_stakes,9,9th place,240
leopard_stakes,10,10th place,200
leopard_stakes,11,11th place,160
leopard_stakes,12,12th place,120
leopard_stakes,13,13th place,100
leopard_stakes,14,14th place,80
leopard_stakes,15,15th place,60
lord_derby_challenge_trophy,1,1st place,3900
lord_derby_challenge_trophy,2,2nd place,1560
lord_derby_challenge_trophy,3,3rd place,975
lord_derby_challenge_trophy,4,4th place,585
lord_derby_challenge_trophy,5,5th place,390
lord_derby_challenge_trophy,6,6th place,351
lord_derby_challenge_trophy,7,7th place,312
lord_derby_challenge_trophy,8,8th place,273
lord_derby_challenge_trophy,9,9th place,234
lord_derby_challenge_trophy,10,10th place,195
lord_derby_challenge_trophy,11,11th place,156
lord_derby_challenge_trophy,12,12th place,117
lord_derby_challenge_trophy,13,13th place,98
lord_derby_challenge_trophy,14,14th place,78
lord_derby_challenge_trophy,15,15th place,59
lord_derby_challenge_trophy,16,16th place,39
lumiere_autumn_dash,1,1st place,2500
lumiere_autumn_dash,2,2nd place,1000
lumiere_autumn_dash,3,3rd place,625
lumiere_autumn_dash,4,4th place,375
lumiere_autumn_dash,5,5th place,250
lumiere_autumn_dash,6,6th place,225
lumiere_autumn_dash,7,7th place,200
lumiere_autumn_dash,8,8th place,175
lumiere_autumn_dash,9,9th place,150
lumiere_autumn_dash,10,10th place,125
lumiere_autumn_dash,11,11th place,100
lumiere_autumn_dash,12,12th place,75
lumiere_autumn_dash,13,13th place,63
lumiere_autumn_dash,14,14th place,50
lumiere_autumn_dash,15,15th place,38
lumiere_autumn_dash,16,16th place,25
lumiere_autumn_dash,17,17th place,25
lumiere_autumn_dash,18,18th place,25
mainichi_hai,1,1st place,3800
mainichi_hai,2,2nd place,1520
mainichi_hai,3,3rd place,950
mainichi_hai,4,4th place,570
mainichi_hai,5,5th place,380
mainichi_hai,6,6th place,342
mainichi_hai,7,7th place,304
mainichi_hai,8,8th place,266
mainichi_hai,9,9th place,228
mainichi_hai,10,10th place,190
mainichi_hai,11,11th place,152
mainichi_hai,12,12th place,114
mainichi_hai,13,13th place,95
mainichi_hai,14,14th place,76
mainichi_hai,15,15th place,57
mainichi_hai,16,16th place,38
mainichi_hai,17,17th place,38
mainichi_hai,18,18th place,38
mainichi_okan,1,1st place,6700
mainichi_okan,2,2nd place,2680
mainichi_okan,3,3rd place,1675
mainichi_okan,4,4th place,1005
mainichi_okan,5,5th place,670
mainichi_okan,6,6th place,603
mainichi_okan,7,7th place,536
mainichi_okan,8,8th place,469
mainichi_okan,9,9th place,402
mainichi_okan,10,10th place,335
mainichi_okan,11,11th place,268
mainichi_okan,12,12th place,201
mainichi_okan,13,13th place,168
mainichi_okan,14,14th place,134
mainichi_okan,15,15th place,101
mainichi_okan,16,16th place,67
mainichi_okan,17,17th place,67
mainichi_okan,18,18th place,67
manryo_sho,1,1st place,1000
manryo_sho,2,2nd place,400
manryo_sho,3,3rd place,250
manryo_sho,4,4th place,150
manryo_sho,5,5th place,100
manryo_sho,6,6th place,90
manryo_sho,7,7th place,80
manryo_sho,8,8th place,70
manryo_sho,9,9th place,60
manryo_sho,10,10th place,50
manryo_sho,11,11th place,40
manryo_sho,12,12th place,30
manryo_sho,13,13th place,25
manryo_sho,14,14th place,20
manryo_sho,15,15th place,15
manryo_sho,16,16th place,7
manryo_sho,17,17th place,7
manryo_sho,18,18th place,7
manyo_stakes,1,1st place,2400
manyo_stakes,2,2nd place,960
manyo_stakes,3,3rd place,600
manyo_stakes,4,4th place,360
manyo_stakes,5,5th place,240
manyo_stakes,6,6th place,216
manyo_stakes,7,7th place,192
manyo_stakes,8,8th place,168
manyo_stakes,9,9th place,144
manyo_stakes,10,10th place,120
manyo_stakes,11,11th place,96
manyo_stakes,12,12th place,72
manyo_stakes,13,13th place,60
manyo_stakes,14,14th place,48
manyo_stakes,15,15th place,36
manyo_stakes,16,16th place,24
manyo_stakes,17,17th place,24
manyo_stakes,18,18th place,24
march_stakes,1,1st place,3600
march_stakes,2,2nd place,1440
march_stakes,3,3rd place,900
march_stakes,4,4th place,540
march_stakes,5,5th place,360
march_stakes,6,6th place,324
march_stakes,7,7th place,288
march_stakes,8,8th place,252
march_stakes,9,9th place,216
march_stakes,10,10th place,180
march_stakes,11,11th place,144
march_stakes,12,12th place,108
march_stakes,13,13th place,90
march_stakes,14,14th place,72
march_stakes,15,15th place,54
march_stakes,16,16th place,36
marguerite_stakes,1,1st place,2000
marguerite_stakes,2,2nd place,800
marguerite_stakes,3,3rd place,500
marguerite_stakes,4,4th place,300
marguerite_stakes,5,5th place,200
marguerite_stakes,6,6th place,180
marguerite_stakes,7,7th place,160
marguerite_stakes,8,8th place,140
marguerite_stakes,9,9th place,120
marguerite_stakes,10,10th place,100
marguerite_stakes,11,11th place,80
marguerite_stakes,12,12th place,60
marguerite_stakes,13,13th place,50
marguerite_stakes,14,14th place,40
marguerite_stakes,15,15th place,30
marguerite_stakes,16,16th place,20
marine_cup,1,1st place,2500
marine_cup,2,2nd place,1000
marine_cup,3,3rd place,625
marine_cup,4,4th place,375
marine_cup,5,5th place,250
marine_cup,6,6th place,225
marine_cup,7,7th place,200
marine_cup,8,8th place,175
marine_cup,9,9th place,150
marine_cup,10,10th place,125
marine_cup,11,11th place,100
marine_cup,12,12th place,75
marine_cup,13,13th place,63
marine_cup,14,14th place,50
marine_stakes,1,1st place,2200
marine_stakes,2,2nd place,880
marine_stakes,3,3rd place,550
marine_stakes,4,4th place,330
marine_stakes,5,5th place,220
marine_stakes,6,6th place,198
marine_stakes,7,7th place,176
marine_stakes,8,8th place,154
marine_stakes,9,9th place,132
marine_stakes,10,10th place,110
marine_stakes,11,11th place,88
marine_stakes,12,12th place,66
marine_stakes,13,13th place,55
marine_stakes,14,14th place,44
may_stakes,1,1st place,2400
may_stakes,2,2nd place,960
may_stakes,3,3rd place,600
may_stakes,4,4th place,360
may_stakes,5,5th place,240
may_stakes,6,6th place,216
may_stakes,7,7th place,192
may_stakes,8,8th place,168
may_stakes,9,9th place,144
may_stakes,10,10th place,120
may_stakes,11,11th place,96
may_stakes,12,12th place,72
may_stakes,13,13th place,60
may_stakes,14,14th place,48
may_stakes,15,15th place,36
may_stakes,16,16th place,24
may_stakes,17,17th place,24
may_stakes,18,18th place,24
meguro_kinen,1,1st place,5700
meguro_kinen,2,2nd place,2280
meguro_kinen,3,3rd place,1425
meguro_kinen,4,4th place,855
meguro_kinen,5,5th place,570
meguro_kinen,6,6th place,513
meguro_kinen,7,7th place,456
meguro_kinen,8,8th place,399
meguro_kinen,9,9th place,342
meguro_kinen,10,10th place,285
meguro_kinen,11,11th place,228
meguro_kinen,12,12th place,171
meguro_kinen,13,13th place,143
meguro_kinen,14,14th place,114
meguro_kinen,15,15th place,86
meguro_kinen,16,16th place,57
meguro_kinen,17,17th place,57
meguro_kinen,18,18th place,57
meitetsu_hai,1,1st place,2300
meitetsu_hai,2,2nd place,920
meitetsu_hai,3,3rd place,575
meitetsu_hai,4,4th place,345
meitetsu_hai,5,5th place,230
meitetsu_hai,6,6th place,207
meitetsu_hai,7,7th place,184
meitetsu_hai,8,8th place,161
meitetsu_hai,9,9th place,138
meitetsu_hai,10,10th place,115
meitetsu_hai,11,11th place,92
meitetsu_hai,12,12th place,69
meitetsu_hai,13,13th place,58
meitetsu_hai,14,14th place,46
meitetsu_hai,15,15th place,35
meitetsu_hai,16,16th place,23
mercury_cup,1,1st place,2300
mercury_cup,2,2nd place,920
mercury_cup,3,3rd place,575
mercury_cup,4,4th place,345
mercury_cup,5,5th place,230
mercury_cup,6,6th place,207
mercury_cup,7,7th place,184
mercury_cup,8,8th place,161
mercury_cup,9,9th place,138
mercury_cup,10,10th place,115
mercury_cup,11,11th place,92
mercury_cup,12,12th place,69
mercury_cup,13,13th place,58
mercury_cup,14,14th place,46
mermaid_stakes,1,1st place,3600
mermaid_stakes,2,2nd place,1440
mermaid_stakes,3,3rd place,900
mermaid_stakes,4,4th place,540
mermaid_stakes,5,5th place,360
mermaid_stakes,6,6th place,324
mermaid_stakes,7,7th place,288
mermaid_stakes,8,8th place,252
mermaid_stakes,9,9th place,216
mermaid_stakes,10,10th place,180
mermaid_stakes,11,11th place,144
mermaid_stakes,12,12th place,108
mermaid_stakes,13,13th place,90
mermaid_stakes,14,14th place,72
mermaid_stakes,15,15th place,54
mermaid_stakes,16,16th place,36
metropolitan_stakes,1,1st place,2600
metropolitan_stakes,2,2nd place,1040
metropolitan_stakes,3,3rd place,650
metropolitan_stakes,4,4th place,390
metropolitan_stakes,5,5th place,260
metropolitan_stakes,6,6th place,234
metropolitan_stakes,7,7th place,208
metropolitan_stakes,8,8th place,182
metropolitan_stakes,9,9th place,156
metropolitan_stakes,10,10th place,130
metropolitan_stakes,11,11th place,104
metropolitan_stakes,12,12th place,78
metropolitan_stakes,13,13th place,65
metropolitan_stakes,14,14th place,52
metropolitan_stakes,15,15th place,39
metropolitan_stakes,16,16th place,26
metropolitan_stakes,17,17th place,26
metropolitan_stakes,18,18th place,26
mile_championship,1,1st place,11000
mile_championship,2,2nd place,4400
mile_championship,3,3rd place,2750
mile_championship,4,4th place,1650
mile_championship,5,5th place,1100
mile_championship,6,6th place,990
mile_championship,7,7th place,880
mile_championship,8,8th place,770
mile_championship,9,9th place,660
mile_championship,10,10th place,550
mile_championship,11,11th place,440
mile_championship,12,12th place,330
mile_championship,13,13th place,275
mile_championship,14,14th place,220
mile_championship,15,15th place,165
mile_championship,16,16th place,110
mile_championship,17,17th place,110
mile_championship,18,18th place,110
milers_cup,1,1st place,5900
milers_cup,2,2nd place,2360
milers_cup,3,3rd place,1475
milers_cup,4,4th place,885
milers_cup,5,5th place,590
milers_cup,6,6th place,531
milers_cup,7,7th place,472
milers_cup,8,8th place,413
milers_cup,9,9th place,354
milers_cup,10,10th place,295
milers_cup,11,11th place,236
milers_cup,12,12th place,177
milers_cup,13,13th place,148
milers_cup,14,14th place,118
milers_cup,15,15th place,89
milers_cup,16,16th place,59
milers_cup,17,17th place,59
milers_cup,18,18th place,59
miyako_stakes,1,1st place,3800
miyako_stakes,2,2nd place,1520
miyako_stakes,3,3rd place,950
miyako_stakes,4,4th place,570
miyako_stakes,5,5th place,380
miyako_stakes,6,6th place,342
miyako_stakes,7,7th place,304
miyako_stakes,8,8th place,266
miyako_stakes,9,9th place,228
miyako_stakes,10,10th place,190
miyako_stakes,11,11th place,152
miyako_stakes,12,12th place,114
miyako_stakes,13,13th place,95
miyako_stakes,14,14th place,76
miyako_stakes,15,15th place,57
miyako_stakes,16,16th place,38
miyakooji_stakes,1,1st place,2600
miyakooji_stakes,2,2nd place,1040
miyakooji_stakes,3,3rd place,650
miyakooji_stakes,4,4th place,390
miyakooji_stakes,5,5th place,260
miyakooji_stakes,6,6th place,234
miyakooji_stakes,7,7th place,208
miyakooji_stakes,8,8th place,182
miyakooji_stakes,9,9th place,156
miyakooji_stakes,10,10th place,130
miyakooji_stakes,11,11th place,104
miyakooji_stakes,12,12th place,78
miyakooji_stakes,13,13th place,65
miyakooji_stakes,14,14th place,52
miyakooji_stakes,15,15th place,39
miyakooji_stakes,16,16th place,26
mochinoki_sho,1,1st place,1000
mochinoki_sho,2,2nd place,400
mochinoki_sho,3,3rd place,250
mochinoki_sho,4,4th place,150
mochinoki_sho,5,5th place,100
mochinoki_sho,6,6th place,90
mochinoki_sho,7,7th place,80
mochinoki_sho,8,8th place,70
mochinoki_sho,9,9th place,60
mochinoki_sho,10,10th place,50
mochinoki_sho,11,11th place,40
mochinoki_sho,12,12th place,30
mochinoki_sho,13,13th place,25
mochinoki_sho,14,14th place,20
mochinoki_sho,15,15th place,15
mochinoki_sho,16,16th place,7
momiji_stakes,1,1st place,1600
momiji_stakes,2,2nd place,640
momiji_stakes,3,3rd place,400
momiji_stakes,4,4th place,240
momiji_stakes,5,5th place,160
momiji_stakes,6,6th place,144
momiji_stakes,7,7th place,128
momiji_stakes,8,8th place,112
momiji_stakes,9,9th place,96
momiji_stakes,10,10th place,80
momiji_stakes,11,11th place,64
momiji_stakes,12,12th place,48
momiji_stakes,13,13th place,40
momiji_stakes,14,14th place,32
momiji_stakes,15,15th place,24
momiji_stakes,16,16th place,16
momiji_stakes,17,17th place,16
momiji_stakes,18,18th place,16
muromachi_stakes,1,1st place,2200
muromachi_stakes,2,2nd place,880
muromachi_stakes,3,3rd place,550
muromachi_stakes,4,4th place,330
muromachi_stakes,5,5th place,220
muromachi_stakes,6,6th place,198
muromachi_stakes,7,7th place,176
muromachi_stakes,8,8th place,154
muromachi_stakes,9,9th place,132
muromachi_stakes,10,10th place,110
muromachi_stakes,11,11th place,88
muromachi_stakes,12,12th place,66
muromachi_stakes,13,13th place,55
muromachi_stakes,14,14th place,44
muromachi_stakes,15,15th place,33
muromachi_stakes,16,16th place,22
musashino_stakes,1,1st place,3800
musashino_stakes,2,2nd place,1520
musashino_stakes,3,3rd place,950
musashino_stakes,4,4th place,570
musashino_stakes,5,5th place,380
musashino_stakes,6,6th place,342
musashino_stakes,7,7th place,304
musashino_stakes,8,8th place,266
musashino_stakes,9,9th place,228
musashino_stakes,10,10th place,190
musashino_stakes,11,11th place,152
musashino_stakes,12,12th place,114
musashino_stakes,13,13th place,95
musashino_stakes,14,14th place,76
musashino_stakes,15,15th place,57
musashino_stakes,16,16th place,38
nadeshiko_sho,1,1st place,1000
nadeshiko_sho,2,2nd place,400
nadeshiko_sho,3,3rd place,250
nadeshiko_sho,4,4th place,150
nadeshiko_sho,5,5th place,100
nadeshiko_sho,6,6th place,90
nadeshiko_sho,7,7th place,80
nadeshiko_sho,8,8th place,70
nadeshiko_sho,9,9th place,60
nadeshiko_sho,10,10th place,50
nadeshiko_sho,11,11th place,40
nadeshiko_sho,12,12th place,30
nadeshiko_sho,13,13th place,25
nadeshiko_sho,14,14th place,20
nadeshiko_sho,15,15th place,15
nadeshiko_sho,16,16th place,7
nagatsuki_stakes,1,1st place,2200
nagatsuki_stakes,2,2nd place,880
nagatsuki_stakes,3,3rd place,550
nagatsuki_stakes,4,4th place,330
nagatsuki_stakes,5,5th place,220
nagatsuki_stakes,6,6th place,198
nagatsuki_stakes,7,7th place,176
nagatsuki_stakes,8,8th place,154
nagatsuki_stakes,9,9th place,132
nagatsuki_stakes,10,10th place,110
nagatsuki_stakes,11,11th place,88
nagatsuki_stakes,12,12th place,66
nagatsuki_stakes,13,13th place,55
nagatsuki_stakes,14,14th place,44
nagatsuki_stakes,15,15th place,33
nagatsuki_stakes,16,16th place,22
nakayama_kimpai,1,1st place,4100
nakayama_kimpai,2,2nd place,1640
nakayama_kimpai,3,3rd place,1025
nakayama_kimpai,4,4th place,615
nakayama_kimpai,5,5th place,410
nakayama_kimpai,6,6th place,369
nakayama_kimpai,7,7th place,328
nakayama_kimpai,8,8th place,287
nakayama_kimpai,9,9th place,246
nakayama_kimpai,10,10th place,205
nakayama_kimpai,11,11th place,164
nakayama_kimpai,12,12th place,123
nakayama_kimpai,13,13th place,103
nakayama_kimpai,14,14th place,82
nakayama_kimpai,15,15th place,62
nakayama_kimpai,16,16th place,41
nakayama_kimpai,17,17th place,41
nakayama_kimpai,18,18th place,41
nakayama_kinen,1,1st place,6700
nakayama_kinen,2,2nd place,2680
nakayama_kinen,3,3rd place,1675
nakayama_kinen,4,4th place,1005
nakayama_kinen,5,5th place,670
nakayama_kinen,6,6th place,603
nakayama_kinen,7,7th place,536
nakayama_kinen,8,8th place,469
nakayama_kinen,9,9th place,402
nakayama_kinen,10,10th place,335
nakayama_kinen,11,11th place,268
nakayama_kinen,12,12th place,201
nakayama_kinen,13,13th place,168
nakayama_kinen,14,14th place,134
nakayama_kinen,15,15th place,101
nakayama_kinen,16,16th place,67
nakayama_umamusume_stakes,1,1st place,3600
nakayama_umamusume_stakes,2,2nd place,1440
nakayama_umamusume_stakes,3,3rd place,900
nakayama_umamusume_stakes,4,4th place,540
nakayama_umamusume_stakes,5,5th place,360
nakayama_umamusume_stakes,6,6th place,324
nakayama_umamusume_stakes,7,7th place,288
nakayama_umamusume_stakes,8,8th place,252
nakayama_umamusume_stakes,9,9th place,216
nakayama_umamusume_stakes,10,10th place,180
nakayama_umamusume_stakes,11,11th place,144
nakayama_umamusume_stakes,12,12th place,108
nakayama_umamusume_stakes,13,13th place,90
nakayama_umamusume_stakes,14,14th place,72
nakayama_umamusume_stakes,15,15th place,54
nakayama_umamusume_stakes,16,16th place,36
naruo_kinen,1,1st place,4100
naruo_kinen,2,2nd place,1640
naruo_kinen,3,3rd place,1025
naruo_kinen,4,4th place,615
naruo_kinen,5,5th place,410
naruo_kinen,6,6th place,369
naruo_kinen,7,7th place,328
naruo_kinen,8,8th place,287
naruo_kinen,9,9th place,246
naruo_kinen,10,10th place,205
naruo_kinen,11,11th place,164
naruo_kinen,12,12th place,123
naruo_kinen,13,13th place,103
naruo_kinen,14,14th place,82
naruo_kinen,15,15th place,62
naruo_kinen,16,16th place,41
negishi_stakes,1,1st place,3800
negishi_stakes,2,2nd place,1520
negishi_stakes,3,3rd place,950
negishi_stakes,4,4th place,570
negishi_stakes,5,5th place,380
negishi_stakes,6,6th place,342
negishi_stakes,7,7th place,304
negishi_stakes,8,8th place,266
negishi_stakes,9,9th place,228
negishi_stakes,10,10th place,190
negishi_stakes,11,11th place,152
negishi_stakes,12,12th place,114
negishi_stakes,13,13th place,95
negishi_stakes,14,14th place,76
negishi_stakes,15,15th place,57
negishi_stakes,16,16th place,38
new_year_stakes,1,1st place,2500
new_year_stakes,2,2nd place,1000
new_year_stakes,3,3rd place,625
new_year_stakes,4,4th place,375
new_year_stakes,5,5th place,250
new_year_stakes,6,6th place,225
new_year_stakes,7,7th place,200
new_year_stakes,8,8th place,175
new_year_stakes,9,9th place,150
new_year_stakes,10,10th place,125
new_year_stakes,11,11th place,100
new_year_stakes,12,12th place,75
new_year_stakes,13,13th place,63
new_year_stakes,14,14th place,50
new_year_stakes,15,15th place,38
new_year_stakes,16,16th place,25
new_zealand_trophy,1,1st place,5400
new_zealand_trophy,2,2nd place,2160
new_zealand_trophy,3,3rd place,1350
new_zealand_trophy,4,4th place,810
new_zealand_trophy,5,5th place,540
new_zealand_trophy,6,6th place,486
new_zealand_trophy,7,7th place,432
new_zealand_trophy,8,8th place,378
new_zealand_trophy,9,9th place,324
new_zealand_trophy,10,10th place,270
new_zealand_trophy,11,11th place,216
new_zealand_trophy,12,12th place,162
new_zealand_trophy,13,13th place,135
new_zealand_trophy,14,14th place,108
new_zealand_trophy,15,15th place,81
new_zealand_trophy,16,16th place,54
nhk_mile_cup,1,1st place,10500
nhk_mile_cup,2,2nd place,4200
nhk_mile_cup,3,3rd place,2625
nhk_mile_cup,4,4th place,1575
nhk_mile_cup,5,5th place,1050
nhk_mile_cup,6,6th place,945
nhk_mile_cup,7,7th place,840
nhk_mile_cup,8,8th place,735
nhk_mile_cup,9,9th place,630
nhk_mile_cup,10,10th place,525
nhk_mile_cup,11,11th place,420
nhk_mile_cup,12,12th place,315
nhk_mile_cup,13,13th place,263
nhk_mile_cup,14,14th place,210
nhk_mile_cup,15,15th place,158
nhk_mile_cup,16,16th place,105
nhk_mile_cup,17,17th place,105
nhk_mile_cup,18,18th place,105
nigawa_stakes,1,1st place,2300
nigawa_stakes,2,2nd place,920
nigawa_stakes,3,3rd place,575
nigawa_stakes,4,4th place,345
nigawa_stakes,5,5th place,230
nigawa_stakes,6,6th place,207
nigawa_stakes,7,7th place,184
nigawa_stakes,8,8th place,161
nigawa_stakes,9,9th place,138
nigawa_stakes,10,10th place,115
nigawa_stakes,11,11th place,92
nigawa_stakes,12,12th place,69
nigawa_stakes,13,13th place,58
nigawa_stakes,14,14th place,46
nigawa_stakes,15,15th place,35
nigawa_stakes,16,16th place,23
niigata_daishoten,1,1st place,4100
niigata_daishoten,2,2nd place,1640
niigata_daishoten,3,3rd place,1025
niigata_daishoten,4,4th place,615
niigata_daishoten,5,5th place,410
niigata_daishoten,6,6th place,369
niigata_daishoten,7,7th place,328
niigata_daishoten,8,8th place,287
niigata_daishoten,9,9th place,246
niigata_daishoten,10,10th place,205
niigata_daishoten,11,11th place,164
niigata_daishoten,12,12th place,123
niigata_daishoten,13,13th place,103
niigata_daishoten,14,14th place,82
niigata_daishoten,15,15th place,62
niigata_daishoten,16,16th place,41
niigata_daishoten,17,17th place,41
niigata_junior_stakes,1,1st place,3100
niigata_junior_stakes,2,2nd place,1240
niigata_junior_stakes,3,3rd place,775
niigata_junior_stakes,4,4th place,465
niigata_junior_stakes,5,5th place,310
niigata_junior_stakes,6,6th place,279
niigata_junior_stakes,7,7th place,248
niigata_junior_stakes,8,8th place,217
niigata_junior_stakes,9,9th place,186
niigata_junior_stakes,10,10th place,155
niigata_junior_stakes,11,11th place,124
niigata_junior_stakes,12,12th place,93
niigata_junior_stakes,13,13th place,78
niigata_junior_stakes,14,14th place,62
niigata_junior_stakes,15,15th place,47
niigata_junior_stakes,16,16th place,31
niigata_junior_stakes,17,17th place,31
niigata_junior_stakes,18,18th place,31
niigata_kinen,1,1st place,4100
niigata_kinen,2,2nd place,1640
niigata_kinen,3,3rd place,1025
niigata_kinen,4,4th place,615
niigata_kinen,5,5th place,410
niigata_kinen,6,6th place,369
niigata_kinen,7,7th place,328
niigata_kinen,8,8th place,287
niigata_kinen,9,9th place,246
niigata_kinen,10,10th place,205
niigata_kinen,11,11th place,164
niigata_kinen,12,12th place,123
niigata_kinen,13,13th place,103
niigata_kinen,14,14th place,82
niigata_kinen,15,15th place,62
niigata_kinen,16,16th place,41
niigata_kinen,17,17th place,41
nikkei_shinshun_hai,1,1st place,5700
nikkei_shinshun_hai,2,2nd place,2280
nikkei_shinshun_hai,3,3rd place,1425
nikkei_shinshun_hai,4,4th place,855
nikkei_shinshun_hai,5,5th place,570
nikkei_shinshun_hai,6,6th place,513
nikkei_shinshun_hai,7,7th place,456
nikkei_shinshun_hai,8,8th place,399
nikkei_shinshun_hai,9,9th place,342
nikkei_shinshun_hai,10,10th place,285
nikkei_shinshun_hai,11,11th place,228
nikkei_shinshun_hai,12,12th place,171
nikkei_shinshun_hai,13,13th place,143
nikkei_shinshun_hai,14,14th place,114
nikkei_shinshun_hai,15,15th place,86
nikkei_shinshun_hai,16,16th place,57
nikkei_shinshun_hai,17,17th place,57
nikkei_shinshun_hai,18,18th place,57
nikkei_sho,1,1st place,6700
nikkei_sho,2,2nd place,2680
nikkei_sho,3,3rd place,1675
nikkei_sho,4,4th place,1005
nikkei_sho,5,5th place,670
nikkei_sho,6,6th place,603
nikkei_sho,7,7th place,536
nikkei_sho,8,8th place,469
nikkei_sho,9,9th place,402
nikkei_sho,10,10th place,335
nikkei_sho,11,11th place,268
nikkei_sho,12,12th place,201
nikkei_sho,13,13th place,168
nikkei_sho,14,14th place,134
nikkei_sho,15,15th place,101
nikkei_sho,16,16th place,67
nojigiku_stakes,1,1st place,1600
nojigiku_stakes,2,2nd place,640
nojigiku_stakes,3,3rd place,400
nojigiku_stakes,4,4th place,240
nojigiku_stakes,5,5th place,160
nojigiku_stakes,6,6th place,144
nojigiku_stakes,7,7th place,128
nojigiku_stakes,8,8th place,112
nojigiku_stakes,9,9th place,96
nojigiku_stakes,10,10th place,80
nojigiku_stakes,11,11th place,64
nojigiku_stakes,12,12th place,48
nojigiku_stakes,13,13th place,40
nojigiku_stakes,14,14th place,32
nojigiku_stakes,15,15th place,24
nojigiku_stakes,16,16th place,16
nojigiku_stakes,17,17th place,16
nojigiku_stakes,18,18th place,16
nst_sho,1,1st place,2200
nst_sho,2,2nd place,880
nst_sho,3,3rd place,550
nst_sho,4,4th place,330
nst_sho,5,5th place,220
nst_sho,6,6th place,198
nst_sho,7,7th place,176
nst_sho,8,8th place,154
nst_sho,9,9th place,132
nst_sho,10,10th place,110
nst_sho,11,11th place,88
nst_sho,12,12th place,66
nst_sho,13,13th place,55
nst_sho,14,14th place,44
nst_sho,15,15th place,33
oasis_stakes,1,1st place,2300
oasis_stakes,2,2nd place,920
oasis_stakes,3,3rd place,575
oasis_stakes,4,4th place,345
oasis_stakes,5,5th place,230
oasis_stakes,6,6th place,207
oasis_stakes,7,7th place,184
oasis_stakes,8,8th place,161
oasis_stakes,9,9th place,138
oasis_stakes,10,10th place,115
oasis_stakes,11,11th place,92
oasis_stakes,12,12th place,69
oasis_stakes,13,13th place,58
oasis_stakes,14,14th place,46
oasis_stakes,15,15th place,35
oasis_stakes,16,16th place,23
ocean_stakes,1,1st place,4100
ocean_stakes,2,2nd place,1640
ocean_stakes,3,3rd place,1025
ocean_stakes,4,4th place,615
ocean_stakes,5,5th place,410
ocean_stakes,6,6th place,369
ocean_stakes,7,7th place,328
ocean_stakes,8,8th place,287
ocean_stakes,9,9th place,246
ocean_stakes,10,10th place,205
ocean_stakes,11,11th place,164
ocean_stakes,12,12th place,123
ocean_stakes,13,13th place,103
ocean_stakes,14,14th place,82
ocean_stakes,15,15th place,62
ocean_stakes,16,16th place,41
october_stakes,1,1st place,2600
october_stakes,2,2nd place,1040
october_stakes,3,3rd place,650
october_stakes,4,4th place,390
october_stakes,5,5th place,260
october_stakes,6,6th place,234
october_stakes,7,7th place,208
october_stakes,8,8th place,182
october_stakes,9,9th place,156
october_stakes,10,10th place,130
october_stakes,11,11th place,104
october_stakes,12,12th place,78
october_stakes,13,13th place,65
october_stakes,14,14th place,52
october_stakes,15,15th place,39
october_stakes,16,16th place,26
october_stakes,17,17th place,26
october_stakes,18,18th place,26
oka_sho,1,1st place,10500
oka_sho,2,2nd place,4200
oka_sho,3,3rd place,2625
oka_sho,4,4th place,1575
oka_sho,5,5th place,1050
oka_sho,6,6th place,945
oka_sho,7,7th place,840
oka_sho,8,8th place,735
oka_sho,9,9th place,630
oka_sho,10,10th place,525
oka_sho,11,11th place,420
oka_sho,12,12th place,315
oka_sho,13,13th place,263
oka_sho,14,14th place,210
oka_sho,15,15th place,158
oka_sho,16,16th place,105
oka_sho,17,17th place,105
oka_sho,18,18th place,105
onuma_stakes,1,1st place,2300
onuma_stakes,2,2nd place,920
onuma_stakes,3,3rd place,575
onuma_stakes,4,4th place,345
onuma_stakes,5,5th place,230
onuma_stakes,6,6th place,207
onuma_stakes,7,7th place,184
onuma_stakes,8,8th place,161
onuma_stakes,9,9th place,138
onuma_stakes,10,10th place,115
onuma_stakes,11,11th place,92
onuma_stakes,12,12th place,69
onuma_stakes,13,13th place,58
onuma_stakes,14,14th place,46
opal_stakes,1,1st place,2500
opal_stakes,2,2nd place,1000
opal_stakes,3,3rd place,625
opal_stakes,4,4th place,375
opal_stakes,5,5th place,250
opal_stakes,6,6th place,225
opal_stakes,7,7th place,200
opal_stakes,8,8th place,175
opal_stakes,9,9th place,150
opal_stakes,10,10th place,125
opal_stakes,11,11th place,100
opal_stakes,12,12th place,75
opal_stakes,13,13th place,63
opal_stakes,14,14th place,50
opal_stakes,15,15th place,38
opal_stakes,16,16th place,25
opal_stakes,17,17th place,25
opal_stakes,18,18th place,25
oro_cup,1,1st place,2500
oro_cup,2,2nd place,1000
oro_cup,3,3rd place,625
oro_cup,4,4th place,375
oro_cup,5,5th place,250
oro_cup,6,6th place,225
oro_cup,7,7th place,200
oro_cup,8,8th place,175
oro_cup,9,9th place,150
oro_cup,10,10th place,125
oro_cup,11,11th place,100
oro_cup,12,12th place,75
oro_cup,13,13th place,63
oro_cup,14,14th place,50
oro_cup,15,15th place,38
oro_cup,16,16th place,25
oro_cup,17,17th place,25
oro_cup,18,18th place,25
osaka_hai,1,1st place,13500
osaka_hai,2,2nd place,5400
osaka_hai,3,3rd place,3375
osaka_hai,4,4th place,2025
osaka_hai,5,5th place,1350
osaka_hai,6,6th place,1215
osaka_hai,7,7th place,1080
osaka_hai,8,8th place,945
osaka_hai,9,9th place,810
osaka_hai,10,10th place,675
osaka_hai,11,11th place,540
osaka_hai,12,12th place,405
osaka_hai,13,13th place,338
osaka_hai,14,14th place,270
osaka_hai,15,15th place,203
osaka_hai,16,16th place,135
osakajo_stakes,1,1st place,2600
osakajo_stakes,2,2nd place,1040
osakajo_stakes,3,3rd place,650
osakajo_stakes,4,4th place,390
osakajo_stakes,5,5th place,260
osakajo_stakes,6,6th place,234
osakajo_stakes,7,7th place,208
osakajo_stakes,8,8th place,182
osakajo_stakes,9,9th place,156
osakajo_stakes,10,10th place,130
osakajo_stakes,11,11th place,104
osakajo_stakes,12,12th place,78
osakajo_stakes,13,13th place,65
osakajo_stakes,14,14th place,52
osakajo_stakes,15,15th place,39
osakajo_stakes,16,16th place,26
osakajo_stakes,17,17th place,26
osakajo_stakes,18,18th place,26
oxalis_sho,1,1st place,1000
oxalis_sho,2,2nd place,400
oxalis_sho,3,3rd place,250
oxalis_sho,4,4th place,150
oxalis_sho,5,5th place,100
oxalis_sho,6,6th place,90
oxalis_sho,7,7th place,80
oxalis_sho,8,8th place,70
oxalis_sho,9,9th place,60
oxalis_sho,10,10th place,50
oxalis_sho,11,11th place,40
oxalis_sho,12,12th place,30
oxalis_sho,13,13th place,25
oxalis_sho,14,14th place,20
oxalis_sho,15,15th place,15
oxalis_sho,16,16th place,7
paradise_stakes,1,1st place,2500
paradise_stakes,2,2nd place,1000
paradise_stakes,3,3rd place,625
paradise_stakes,4,4th place,375
paradise_stakes,5,5th place,250
paradise_stakes,6,6th place,225
paradise_stakes,7,7th place,200
paradise_stakes,8,8th place,175
paradise_stakes,9,9th place,150
paradise_stakes,10,10th place,125
paradise_stakes,11,11th place,100
paradise_stakes,12,12th place,75
paradise_stakes,13,13th place,63
paradise_stakes,14,14th place,50
paradise_stakes,15,15th place,38
paradise_stakes,16,16th place,25
paradise_stakes,17,17th place,25
paradise_stakes,18,18th place,25
phoenix_sho,1,1st place,1600
phoenix_sho,2,2nd place,640
phoenix_sho,3,3rd place,400
phoenix_sho,4,4th place,240
phoenix_sho,5,5th place,160
phoenix_sho,6,6th place,144
phoenix_sho,7,7th place,128
phoenix_sho,8,8th place,112
phoenix_sho,9,9th place,96
phoenix_sho,10,10th place,80
phoenix_sho,11,11th place,64
phoenix_sho,12,12th place,48
phoenix_sho,13,13th place,40
phoenix_sho,14,14th place,32
phoenix_sho,15,15th place,24
phoenix_sho,16,16th place,16
phoenix_sho,17,17th place,16
phoenix_sho,18,18th place,16
platanus_sho,1,1st place,1000
platanus_sho,2,2nd place,400
platanus_sho,3,3rd place,250
platanus_sho,4,4th place,150
platanus_sho,5,5th place,100
platanus_sho,6,6th place,90
platanus_sho,7,7th place,80
platanus_sho,8,8th place,70
platanus_sho,9,9th place,60
platanus_sho,10,10th place,50
platanus_sho,11,11th place,40
platanus_sho,12,12th place,30
platanus_sho,13,13th place,25
platanus_sho,14,14th place,20
platanus_sho,15,15th place,15
platanus_sho,16,16th place,5
polaris_stakes,1,1st place,2200
polaris_stakes,2,2nd place,880
polaris_stakes,3,3rd place,550
polaris_stakes,4,4th place,330
polaris_stakes,5,5th place,220
polaris_stakes,6,6th place,198
polaris_stakes,7,7th place,176
polaris_stakes,8,8th place,154
polaris_stakes,9,9th place,132
polaris_stakes,10,10th place,110
polaris_stakes,11,11th place,88
polaris_stakes,12,12th place,66
polaris_stakes,13,13th place,55
polaris_stakes,14,14th place,44
polaris_stakes,15,15th place,33
polaris_stakes,16,16th place,22
pollux_stakes,1,1st place,2200
pollux_stakes,2,2nd place,880
pollux_stakes,3,3rd place,550
pollux_stakes,4,4th place,330
pollux_stakes,5,5th place,220
pollux_stakes,6,6th place,198
pollux_stakes,7,7th place,176
pollux_stakes,8,8th place,154
pollux_stakes,9,9th place,132
pollux_stakes,10,10th place,110
pollux_stakes,11,11th place,88
pollux_stakes,12,12th place,66
pollux_stakes,13,13th place,55
pollux_stakes,14,14th place,44
pollux_stakes,15,15th place,33
pollux_stakes,16,16th place,22
port_island_stakes,1,1st place,2500
port_island_stakes,2,2nd place,1000
port_island_stakes,3,3rd place,625
port_island_stakes,4,4th place,375
port_island_stakes,5,5th place,250
port_island_stakes,6,6th place,225
port_island_stakes,7,7th place,200
port_island_stakes,8,8th place,175
port_island_stakes,9,9th place,150
port_island_stakes,10,10th place,125
port_island_stakes,11,11th place,100
port_island_stakes,12,12th place,75
port_island_stakes,13,13th place,63
port_island_stakes,14,14th place,50
port_island_stakes,15,15th place,38
port_island_stakes,16,16th place,25
port_island_stakes,17,17th place,25
port_island_stakes,18,18th place,25
principal_stakes,1,1st place,2000
principal_stakes,2,2nd place,800
principal_stakes,3,3rd place,500
principal_stakes,4,4th place,300
principal_stakes,5,5th place,200
principal_stakes,6,6th place,180
principal_stakes,7,7th place,160
principal_stakes,8,8th place,140
principal_stakes,9,9th place,120
principal_stakes,10,10th place,100
principal_stakes,11,11th place,80
principal_stakes,12,12th place,60
principal_stakes,13,13th place,50
principal_stakes,14,14th place,40
principal_stakes,15,15th place,30
principal_stakes,16,16th place,20
principal_stakes,17,17th place,20
principal_stakes,18,18th place,20
procyon_stakes,1,1st place,3600
procyon_stakes,2,2nd place,1440
procyon_stakes,3,3rd place,900
procyon_stakes,4,4th place,540
procyon_stakes,5,5th place,360
procyon_stakes,6,6th place,324
procyon_stakes,7,7th place,288
procyon_stakes,8,8th place,252
procyon_stakes,9,9th place,216
procyon_stakes,10,10th place,180
procyon_stakes,11,11th place,144
procyon_stakes,12,12th place,108
procyon_stakes,13,13th place,90
procyon_stakes,14,14th place,72
procyon_stakes,15,15th place,54
procyon_stakes,16,16th place,36
queen_cup,1,1st place,3500
queen_cup,2,2nd place,1400
queen_cup,3,3rd place,875
queen_cup,4,4th place,525
queen_cup,5,5th place,350
queen_cup,6,6th place,315
queen_cup,7,7th place,280
queen_cup,8,8th place,245
queen_cup,9,9th place,210
queen_cup,10,10th place,175
queen_cup,11,11th place,140
queen_cup,12,12th place,105
queen_cup,13,13th place,88
queen_cup,14,14th place,70
queen_cup,15,15th place,53
queen_cup,16,16th place,35
queen_cup,17,17th place,35
queen_cup,18,18th place,35
queen_elizabeth_ii_cup,1,1st place,10500
queen_elizabeth_ii_cup,2,2nd place,4200
queen_elizabeth_ii_cup,3,3rd place,2625
queen_elizabeth_ii_cup,4,4th place,1575
queen_elizabeth_ii_cup,5,5th place,1050
queen_elizabeth_ii_cup,6,6th place,945
queen_elizabeth_ii_cup,7,7th place,840
queen_elizabeth_ii_cup,8,8th place,735
queen_elizabeth_ii_cup,9,9th place,630
queen_elizabeth_ii_cup,10,10th place,525
queen_elizabeth_ii_cup,11,11th place,420
queen_elizabeth_ii_cup,12,12th place,315
queen_elizabeth_ii_cup,13,13th place,263
queen_elizabeth_ii_cup,14,14th place,210
queen_elizabeth_ii_cup,15,15th place,158
queen_elizabeth_ii_cup,16,16th place,105
queen_elizabeth_ii_cup,17,17th place,105
queen_elizabeth_ii_cup,18,18th place,105
queen_sho,1,1st place,2100
queen_sho,2,2nd place,840
queen_sho,3,3rd place,525
queen_sho,4,4th place,315
queen_sho,5,5th place,210
queen_sho,6,6th place,189
queen_sho,7,7th place,168
queen_sho,8,8th place,147
queen_sho,9,9th place,126
queen_sho,10,10th place,105
queen_sho,11,11th place,84
queen_sho,12,12th place,63
queen_sho,13,13th place,53
queen_sho,14,14th place,42
queen_stakes,1,1st place,3600
queen_stakes,2,2nd place,1440
queen_stakes,3,3rd place,900
queen_stakes,4,4th place,540
queen_stakes,5,5th place,360
queen_stakes,6,6th place,324
queen_stakes,7,7th place,288
queen_stakes,8,8th place,252
queen_stakes,9,9th place,216
queen_stakes,10,10th place,180
queen_stakes,11,11th place,144
queen_stakes,12,12th place,108
queen_stakes,13,13th place,90
queen_stakes,14,14th place,72
radio_nikkei_sho,1,1st place,3800
radio_nikkei_sho,2,2nd place,1520
radio_nikkei_sho,3,3rd place,950
radio_nikkei_sho,4,4th place,570
radio_nikkei_sho,5,5th place,380
radio_nikkei_sho,6,6th place,342
radio_nikkei_sho,7,7th place,304
radio_nikkei_sho,8,8th place,266
radio_nikkei_sho,9,9th place,228
radio_nikkei_sho,10,10th place,190
radio_nikkei_sho,11,11th place,152
radio_nikkei_sho,12,12th place,114
radio_nikkei_sho,13,13th place,95
radio_nikkei_sho,14,14th place,76
radio_nikkei_sho,15,15th place,57
radio_nikkei_sho,16,16th place,38
radio_nippon_sho,1,1st place,2200
radio_nippon_sho,2,2nd place,880
radio_nippon_sho,3,3rd place,550
radio_nippon_sho,4,4th place,330
radio_nippon_sho,5,5th place,220
radio_nippon_sho,6,6th place,198
radio_nippon_sho,7,7th place,176
radio_nippon_sho,8,8th place,154
radio_nippon_sho,9,9th place,132
radio_nippon_sho,10,10th place,110
radio_nippon_sho,11,11th place,88
radio_nippon_sho,12,12th place,66
radio_nippon_sho,13,13th place,55
radio_nippon_sho,14,14th place,44
radio_nippon_sho,15,15th place,33
radio_nippon_sho,16,16th place,22
rakuyo_stakes,1,1st place,2500
rakuyo_stakes,2,2nd place,1000
rakuyo_stakes,3,3rd place,625
rakuyo_stakes,4,4th place,375
rakuyo_stakes,5,5th place,250
rakuyo_stakes,6,6th place,225
rakuyo_stakes,7,7th place,200
rakuyo_stakes,8,8th place,175
rakuyo_stakes,9,9th place,150
rakuyo_stakes,10,10th place,125
rakuyo_stakes,11,11th place,100
rakuyo_stakes,12,12th place,75
rakuyo_stakes,13,13th place,63
rakuyo_stakes,14,14th place,50
rakuyo_stakes,15,15th place,38
rakuyo_stakes,16,16th place,25
rakuyo_stakes,17,17th place,25
rigel_stakes,1,1st place,2500
rigel_stakes,2,2nd place,1000
rigel_stakes,3,3rd place,625
rigel_stakes,4,4th place,375
rigel_stakes,5,5th place,250
rigel_stakes,6,6th place,225
rigel_stakes,7,7th place,200
rigel_stakes,8,8th place,175
rigel_stakes,9,9th place,150
rigel_stakes,10,10th place,125
rigel_stakes,11,11th place,100
rigel_stakes,12,12th place,75
rigel_stakes,13,13th place,63
rigel_stakes,14,14th place,50
rigel_stakes,15,15th place,38
rigel_stakes,16,16th place,25
rigel_stakes,17,17th place,25
rigel_stakes,18,18th place,25
rindo_sho,1,1st place,1000
rindo_sho,2,2nd place,400
rindo_sho,3,3rd place,250
rindo_sho,4,4th place,150
rindo_sho,5,5th place,100
rindo_sho,6,6th place,90
rindo_sho,7,7th place,80
rindo_sho,8,8th place,70
rindo_sho,9,9th place,60
rindo_sho,10,10th place,50
rindo_sho,11,11th place,40
rindo_sho,12,12th place,30
rindo_sho,13,13th place,25
rindo_sho,14,14th place,20
rindo_sho,15,15th place,15
rindo_sho,16,16th place,7
rindo_sho,17,17th place,7
rindo_sho,18,18th place,7
ritto_stakes,1,1st place,2300
ritto_stakes,2,2nd place,920
ritto_stakes,3,3rd place,575
ritto_stakes,4,4th place,345
ritto_stakes,5,5th place,230
ritto_stakes,6,6th place,207
ritto_stakes,7,7th place,184
ritto_stakes,8,8th place,161
ritto_stakes,9,9th place,138
ritto_stakes,10,10th place,115
ritto_stakes,11,11th place,92
ritto_stakes,12,12th place,69
ritto_stakes,13,13th place,58
ritto_stakes,14,14th place,46
ritto_stakes,15,15th place,35
ritto_stakes,16,16th place,23
rokko_stakes,1,1st place,2500
rokko_stakes,2,2nd place,1000
rokko_stakes,3,3rd place,625
rokko_stakes,4,4th place,375
rokko_stakes,5,5th place,250
rokko_stakes,6,6th place,225
rokko_stakes,7,7th place,200
rokko_stakes,8,8th place,175
rokko_stakes,9,9th place,150
rokko_stakes,10,10th place,125
rokko_stakes,11,11th place,100
rokko_stakes,12,12th place,75
rokko_stakes,13,13th place,63
rokko_stakes,14,14th place,50
rokko_stakes,15,15th place,38
rokko_stakes,16,16th place,25
rokko_stakes,17,17th place,25
rokko_stakes,18,18th place,25
rose_stakes,1,1st place,5200
rose_stakes,2,2nd place,2080
rose_stakes,3,3rd place,1300
rose_stakes,4,4th place,780
rose_stakes,5,5th place,520
rose_stakes,6,6th place,468
rose_stakes,7,7th place,416
rose_stakes,8,8th place,364
rose_stakes,9,9th place,312
rose_stakes,10,10th place,260
rose_stakes,11,11th place,208
rose_stakes,12,12th place,156
rose_stakes,13,13th place,130
rose_stakes,14,14th place,104
rose_stakes,15,15th place,78
rose_stakes,16,16th place,52
rose_stakes,17,17th place,52
rose_stakes,18,18th place,52
saffron_sho,1,1st place,1000
saffron_sho,2,2nd place,400
saffron_sho,3,3rd place,250
saffron_sho,4,4th place,150
saffron_sho,5,5th place,100
saffron_sho,6,6th place,90
saffron_sho,7,7th place,80
saffron_sho,8,8th place,70
saffron_sho,9,9th place,60
saffron_sho,10,10th place,50
saffron_sho,11,11th place,40
saffron_sho,12,12th place,30
saffron_sho,13,13th place,25
saffron_sho,14,14th place,20
saffron_sho,15,15th place,15
saffron_sho,16,16th place,7
sannomiya_stakes,1,1st place,2200
sannomiya_stakes,2,2nd place,880
sannomiya_stakes,3,3rd place,550
sannomiya_stakes,4,4th place,330
sannomiya_stakes,5,5th place,220
sannomiya_stakes,6,6th place,198
sannomiya_stakes,7,7th place,176
sannomiya_stakes,8,8th place,154
sannomiya_stakes,9,9th place,132
sannomiya_stakes,10,10th place,110
sannomiya_stakes,11,11th place,88
sannomiya_stakes,12,12th place,66
sannomiya_stakes,13,13th place,55
sannomiya_stakes,14,14th place,44
sannomiya_stakes,15,15th place,33
sannomiya_stakes,16,16th place,22
sapporo_junior_stakes,1,1st place,3100
sapporo_junior_stakes,2,2nd place,1240
sapporo_junior_stakes,3,3rd place,775
sapporo_junior_stakes,4,4th place,465
sapporo_junior_stakes,5,5th place,310
sapporo_junior_stakes,6,6th place,279
sapporo_junior_stakes,7,7th place,248
sapporo_junior_stakes,8,8th place,217
sapporo_junior_stakes,9,9th place,186
sapporo_junior_stakes,10,10th place,155
sapporo_junior_stakes,11,11th place,124
sapporo_junior_stakes,12,12th place,93
sapporo_junior_stakes,13,13th place,78
sapporo_junior_stakes,14,14th place,62
sapporo_kinen,1,1st place,7000
sapporo_kinen,2,2nd place,2800
sapporo_kinen,3,3rd place,1750
sapporo_kinen,4,4th place,1050
sapporo_kinen,5,5th place,700
sapporo_kinen,6,6th place,630
sapporo_kinen,7,7th place,560
sapporo_kinen,8,8th place,490
sapporo_kinen,9,9th place,420
sapporo_kinen,10,10th place,350
sapporo_kinen,11,11th place,280
sapporo_kinen,12,12th place,210
sapporo_kinen,13,13th place,175
sapporo_kinen,14,14th place,140
sapporo_kinen,15,15th place,105
sapporo_kinen,16,16th place,70
sapporo_nikkei_open,1,1st place,2600
sapporo_nikkei_open,2,2nd place,1040
sapporo_nikkei_open,3,3rd place,650
sapporo_nikkei_open,4,4th place,390
sapporo_nikkei_open,5,5th place,260
sapporo_nikkei_open,6,6th place,234
sapporo_nikkei_open,7,7th place,208
sapporo_nikkei_open,8,8th place,182
sapporo_nikkei_open,9,9th place,156
sapporo_nikkei_open,10,10th place,130
sapporo_nikkei_open,11,11th place,104
sapporo_nikkei_open,12,12th place,78
sapporo_nikkei_open,13,13th place,65
sapporo_nikkei_open,14,14th place,52
satsuki_sho,1,1st place,11000
satsuki_sho,2,2nd place,4400
satsuki_sho,3,3rd place,2750
satsuki_sho,4,4th place,1650
satsuki_sho,5,5th place,1100
satsuki_sho,6,6th place,990
satsuki_sho,7,7th place,880
satsuki_sho,8,8th place,770
satsuki_sho,9,9th place,660
satsuki_sho,10,10th place,550
satsuki_sho,11,11th place,440
satsuki_sho,12,12th place,330
satsuki_sho,13,13th place,275
satsuki_sho,14,14th place,220
satsuki_sho,15,15th place,165
satsuki_sho,16,16th place,110
satsuki_sho,17,17th place,110
satsuki_sho,18,18th place,110
saudi_arabia_royal_cup,1,1st place,3300
saudi_arabia_royal_cup,2,2nd place,1320
saudi_arabia_royal_cup,3,3rd place,825
saudi_arabia_royal_cup,4,4th place,495
saudi_arabia_royal_cup,5,5th place,330
saudi_arabia_royal_cup,6,6th place,297
saudi_arabia_royal_cup,7,7th place,264
saudi_arabia_royal_cup,8,8th place,231
saudi_arabia_royal_cup,9,9th place,198
saudi_arabia_royal_cup,10,10th place,165
saudi_arabia_royal_cup,11,11th place,132
saudi_arabia_royal_cup,12,12th place,99
saudi_arabia_royal_cup,13,13th place,83
saudi_arabia_royal_cup,14,14th place,66
saudi_arabia_royal_cup,15,15th place,50
saudi_arabia_royal_cup,16,16th place,33
saudi_arabia_royal_cup,17,17th place,33
saudi_arabia_royal_cup,18,18th place,33
sazanka_sho,1,1st place,1000
sazanka_sho,2,2nd place,400
sazanka_sho,3,3rd place,250
sazanka_sho,4,4th place,150
sazanka_sho,5,5th place,100
sazanka_sho,6,6th place,90
sazanka_sho,7,7th place,80
sazanka_sho,8,8th place,70
sazanka_sho,9,9th place,60
sazanka_sho,10,10th place,50
sazanka_sho,11,11th place,40
sazanka_sho,12,12th place,30
sazanka_sho,13,13th place,25
sazanka_sho,14,14th place,20
sazanka_sho,15,15th place,15
sazanka_sho,16,16th place,7
sazanka_tv_hai,1,1st place,3200
sazanka_tv_hai,2,2nd place,1280
sazanka_tv_hai,3,3rd place,800
sazanka_tv_hai,4,4th place,480
sazanka_tv_hai,5,5th place,320
sazanka_tv_hai,6,6th place,288
sazanka_tv_hai,7,7th place,256
sazanka_tv_hai,8,8th place,224
sazanka_tv_hai,9,9th place,192
sazanka_tv_hai,10,10th place,160
sazanka_tv_hai,11,11th place,128
sazanka_tv_hai,12,12th place,96
sazanka_tv_hai,13,13th place,80
sazanka_tv_hai,14,14th place,64
seiryu_stakes,1,1st place,1800
seiryu_stakes,2,2nd place,720
seiryu_stakes,3,3rd place,450
seiryu_stakes,4,4th place,270
seiryu_stakes,5,5th place,180
seiryu_stakes,6,6th place,162
seiryu_stakes,7,7th place,144
seiryu_stakes,8,8th place,126
seiryu_stakes,9,9th place,108
seiryu_stakes,10,10th place,90
seiryu_stakes,11,11th place,72
seiryu_stakes,12,12th place,54
seiryu_stakes,13,13th place,45
seiryu_stakes,14,14th place,36
seiryu_stakes,15,15th place,27
seiryu_stakes,16,16th place,18
sekiya_kinen,1,1st place,3900
sekiya_kinen,2,2nd place,1560
sekiya_kinen,3,3rd place,975
sekiya_kinen,4,4th place,585
sekiya_kinen,5,5th place,390
sekiya_kinen,6,6th place,351
sekiya_kinen,7,7th place,312
sekiya_kinen,8,8th place,273
sekiya_kinen,9,9th place,234
sekiya_kinen,10,10th place,195
sekiya_kinen,11,11th place,156
sekiya_kinen,12,12th place,117
sekiya_kinen,13,13th place,98
sekiya_kinen,14,14th place,78
sekiya_kinen,15,15th place,59
sekiya_kinen,16,16th place,39
sekiya_kinen,17,17th place,39
sekiya_kinen,18,18th place,39
senryo_sho,1,1st place,1000
senryo_sho,2,2nd place,400
senryo_sho,3,3rd place,250
senryo_sho,4,4th place,150
senryo_sho,5,5th place,100
senryo_sho,6,6th place,90
senryo_sho,7,7th place,80
senryo_sho,8,8th place,70
senryo_sho,9,9th place,60
senryo_sho,10,10th place,50
senryo_sho,11,11th place,40
senryo_sho,12,12th place,30
senryo_sho,13,13th place,25
senryo_sho,14,14th place,20
senryo_sho,15,15th place,15
senryo_sho,16,16th place,7
senryo_sho,17,17th place,7
senryo_sho,18,18th place,7
shigiku_sho,1,1st place,1000
shigiku_sho,2,2nd place,400
shigiku_sho,3,3rd place,250
shigiku_sho,4,4th place,150
shigiku_sho,5,5th place,100
shigiku_sho,6,6th place,90
shigiku_sho,7,7th place,80
shigiku_sho,8,8th place,70
shigiku_sho,9,9th place,60
shigiku_sho,10,10th place,50
shigiku_sho,11,11th place,40
shigiku_sho,12,12th place,30
shigiku_sho,13,13th place,25
shigiku_sho,14,14th place,20
shigiku_sho,15,15th place,15
shigiku_sho,16,16th place,7
shigiku_sho,17,17th place,7
shigiku_sho,18,18th place,7
shimotsuki_stakes,1,1st place,2200
shimotsuki_stakes,2,2nd place,880
shimotsuki_stakes,3,3rd place,550
shimotsuki_stakes,4,4th place,330
shimotsuki_stakes,5,5th place,220
shimotsuki_stakes,6,6th place,198
shimotsuki_stakes,7,7th place,176
shimotsuki_stakes,8,8th place,154
shimotsuki_stakes,9,9th place,132
shimotsuki_stakes,10,10th place,110
shimotsuki_stakes,11,11th place,88
shimotsuki_stakes,12,12th place,66
shimotsuki_stakes,13,13th place,55
shimotsuki_stakes,14,14th place,44
shimotsuki_stakes,15,15th place,33
shimotsuki_stakes,16,16th place,22
shinetsu_stakes,1,1st place,2500
shinetsu_stakes,2,2nd place,1000
shinetsu_stakes,3,3rd place,625
shinetsu_stakes,4,4th place,375
shinetsu_stakes,5,5th place,250
shinetsu_stakes,6,6th place,225
shinetsu_stakes,7,7th place,200
shinetsu_stakes,8,8th place,175
shinetsu_stakes,9,9th place,150
shinetsu_stakes,10,10th place,125
shinetsu_stakes,11,11th place,100
shinetsu_stakes,12,12th place,75
shinetsu_stakes,13,13th place,63
shinetsu_stakes,14,14th place,50
shinetsu_stakes,15,15th place,38
shinetsu_stakes,16,16th place,25
shinetsu_stakes,17,17th place,25
shinetsu_stakes,18,18th place,25
shinzan_kinen,1,1st place,3800
shinzan_kinen,2,2nd place,1520
shinzan_kinen,3,3rd place,950
shinzan_kinen,4,4th place,570
shinzan_kinen,5,5th place,380
shinzan_kinen,6,6th place,342
shinzan_kinen,7,7th place,304
shinzan_kinen,8,8th place,266
shinzan_kinen,9,9th place,228
shinzan_kinen,10,10th place,190
shinzan_kinen,11,11th place,152
shinzan_kinen,12,12th place,114
shinzan_kinen,13,13th place,95
shinzan_kinen,14,14th place,76
shinzan_kinen,15,15th place,57
shinzan_kinen,16,16th place,38
shinzan_kinen,17,17th place,38
shinzan_kinen,18,18th place,38
shion_stakes,1,1st place,3500
shion_stakes,2,2nd place,1400
shion_stakes,3,3rd place,875
shion_stakes,4,4th place,525
shion_stakes,5,5th place,350
shion_stakes,6,6th place,315
shion_stakes,7,7th place,280
shion_stakes,8,8th place,245
shion_stakes,9,9th place,210
shion_stakes,10,10th place,175
shion_stakes,11,11th place,140
shion_stakes,12,12th place,105
shion_stakes,13,13th place,88
shion_stakes,14,14th place,70
shion_stakes,15,15th place,53
shion_stakes,16,16th place,35
shion_stakes,17,17th place,35
shion_stakes,18,18th place,35
shirafuji_stakes,1,1st place,2600
shirafuji_stakes,2,2nd place,1040
shirafuji_stakes,3,3rd place,650
shirafuji_stakes,4,4th place,390
shirafuji_stakes,5,5th place,260
shirafuji_stakes,6,6th place,234
shirafuji_stakes,7,7th place,208
shirafuji_stakes,8,8th place,182
shirafuji_stakes,9,9th place,156
shirafuji_stakes,10,10th place,130
shirafuji_stakes,11,11th place,104
shirafuji_stakes,12,12th place,78
shirafuji_stakes,13,13th place,65
shirafuji_stakes,14,14th place,52
shirafuji_stakes,15,15th place,39
shirafuji_stakes,16,16th place,26
shirafuji_stakes,17,17th place,26
shirafuji_stakes,18,18th place,26
shiragiku_sho,1,1st place,1000
shiragiku_sho,2,2nd place,400
shiragiku_sho,3,3rd place,250
shiragiku_sho,4,4th place,150
shiragiku_sho,5,5th place,100
shiragiku_sho,6,6th place,90
shiragiku_sho,7,7th place,80
shiragiku_sho,8,8th place,70
shiragiku_sho,9,9th place,60
shiragiku_sho,10,10th place,50
shiragiku_sho,11,11th place,40
shiragiku_sho,12,12th place,30
shiragiku_sho,13,13th place,25
shiragiku_sho,14,14th place,20
shiragiku_sho,15,15th place,15
shiragiku_sho,16,16th place,7
shiragiku_sho,17,17th place,7
shirayuri_stakes,1,1st place,2000
shirayuri_stakes,2,2nd place,800
shirayuri_stakes,3,3rd place,500
shirayuri_stakes,4,4th place,300
shirayuri_stakes,5,5th place,200
shirayuri_stakes,6,6th place,180
shirayuri_stakes,7,7th place,160
shirayuri_stakes,8,8th place,140
shirayuri_stakes,9,9th place,120
shirayuri_stakes,10,10th place,100
shirayuri_stakes,11,11th place,80
shirayuri_stakes,12,12th place,60
shirayuri_stakes,13,13th place,50
shirayuri_stakes,14,14th place,40
shirayuri_stakes,15,15th place,30
shirayuri_stakes,16,16th place,7
shiwasu_stakes,1,1st place,2300
shiwasu_stakes,2,2nd place,920
shiwasu_stakes,3,3rd place,575
shiwasu_stakes,4,4th place,345
shiwasu_stakes,5,5th place,230
shiwasu_stakes,6,6th place,207
shiwasu_stakes,7,7th place,184
shiwasu_stakes,8,8th place,161
shiwasu_stakes,9,9th place,138
shiwasu_stakes,10,10th place,115
shiwasu_stakes,11,11th place,92
shiwasu_stakes,12,12th place,69
shiwasu_stakes,13,13th place,58
shiwasu_stakes,14,14th place,46
shiwasu_stakes,15,15th place,35
shiwasu_stakes,16,16th place,23
shoryu_stakes,1,1st place,1800
shoryu_stakes,2,2nd place,720
shoryu_stakes,3,3rd place,450
shoryu_stakes,4,4th place,270
shoryu_stakes,5,5th place,180
shoryu_stakes,6,6th place,162
shoryu_stakes,7,7th place,144
shoryu_stakes,8,8th place,126
shoryu_stakes,9,9th place,108
shoryu_stakes,10,10th place,90
shoryu_stakes,11,11th place,72
shoryu_stakes,12,12th place,54
shoryu_stakes,13,13th place,45
shoryu_stakes,14,14th place,36
shoryu_stakes,15,15th place,27
shoryu_stakes,16,16th place,18
shuka_sho,1,1st place,10000
shuka_sho,2,2nd place,4000
shuka_sho,3,3rd place,2500
shuka_sho,4,4th place,1500
shuka_sho,5,5th place,1000
shuka_sho,6,6th place,900
shuka_sho,7,7th place,800
shuka_sho,8,8th place,700
shuka_sho,9,9th place,600
shuka_sho,10,10th place,500
shuka_sho,11,11th place,400
shuka_sho,12,12th place,300
shuka_sho,13,13th place,250
shuka_sho,14,14th place,200
shuka_sho,15,15th place,150
shuka_sho,16,16th place,100
shuka_sho,17,17th place,100
shuka_sho,18,18th place,100
shumeigiku_sho,1,1st place,1000
shumeigiku_sho,2,2nd place,400
shumeigiku_sho,3,3rd place,250
shumeigiku_sho,4,4th place,150
shumeigiku_sho,5,5th place,100
shumeigiku_sho,6,6th place,90
shumeigiku_sho,7,7th place,80
shumeigiku_sho,8,8th place,70
shumeigiku_sho,9,9th place,60
shumeigiku_sho,10,10th place,50
shumeigiku_sho,11,11th place,40
shumeigiku_sho,12,12th place,30
shumeigiku_sho,13,13th place,25
shumeigiku_sho,14,14th place,20
shumeigiku_sho,15,15th place,15
shumeigiku_sho,16,16th place,7
shumeigiku_sho,17,17th place,7
shumeigiku_sho,18,18th place,7
shunrai_stakes,1,1st place,2500
shunrai_stakes,2,2nd place,1000
shunrai_stakes,3,3rd place,625
shunrai_stakes,4,4th place,375
shunrai_stakes,5,5th place,250
shunrai_stakes,6,6th place,225
shunrai_stakes,7,7th place,200
shunrai_stakes,8,8th place,175
shunrai_stakes,9,9th place,150
shunrai_stakes,10,10th place,125
shunrai_stakes,11,11th place,100
shunrai_stakes,12,12th place,75
shunrai_stakes,13,13th place,63
shunrai_stakes,14,14th place,50
shunrai_stakes,15,15th place,38
shunrai_stakes,16,16th place,25
silk_road_stakes,1,1st place,3900
silk_road_stakes,2,2nd place,1560
silk_road_stakes,3,3rd place,975
silk_road_stakes,4,4th place,585
silk_road_stakes,5,5th place,390
silk_road_stakes,6,6th place,351
silk_road_stakes,7,7th place,312
silk_road_stakes,8,8th place,273
silk_road_stakes,9,9th place,234
silk_road_stakes,10,10th place,195
silk_road_stakes,11,11th place,156
silk_road_stakes,12,12th place,117
silk_road_stakes,13,13th place,98
silk_road_stakes,14,14th place,78
silk_road_stakes,15,15th place,59
silk_road_stakes,16,16th place,39
silk_road_stakes,17,17th place,39
silk_road_stakes,18,18th place,39
sirius_stakes,1,1st place,3600
sirius_stakes,2,2nd place,1440
sirius_stakes,3,3rd place,900
sirius_stakes,4,4th place,540
sirius_stakes,5,5th place,360
sirius_stakes,6,6th place,324
sirius_stakes,7,7th place,288
sirius_stakes,8,8th place,252
sirius_stakes,9,9th place,216
sirius_stakes,10,10th place,180
sirius_stakes,11,11th place,144
sirius_stakes,12,12th place,108
sirius_stakes,13,13th place,90
sirius_stakes,14,14th place,72
sirius_stakes,15,15th place,54
sirius_stakes,16,16th place,36
sleipnir_stakes,1,1st place,2200
sleipnir_stakes,2,2nd place,880
sleipnir_stakes,3,3rd place,550
sleipnir_stakes,4,4th place,330
sleipnir_stakes,5,5th place,220
sleipnir_stakes,6,6th place,198
sleipnir_stakes,7,7th place,176
sleipnir_stakes,8,8th place,154
sleipnir_stakes,9,9th place,132
sleipnir_stakes,10,10th place,110
sleipnir_stakes,11,11th place,88
sleipnir_stakes,12,12th place,66
sleipnir_stakes,13,13th place,55
sleipnir_stakes,14,14th place,44
sleipnir_stakes,15,15th place,33
sleipnir_stakes,16,16th place,22
sobu_stakes,1,1st place,2200
sobu_stakes,2,2nd place,880
sobu_stakes,3,3rd place,550
sobu_stakes,4,4th place,330
sobu_stakes,5,5th place,220
sobu_stakes,6,6th place,198
sobu_stakes,7,7th place,176
sobu_stakes,8,8th place,154
sobu_stakes,9,9th place,132
sobu_stakes,10,10th place,110
sobu_stakes,11,11th place,88
sobu_stakes,12,12th place,66
sobu_stakes,13,13th place,55
sobu_stakes,14,14th place,44
sobu_stakes,15,15th place,33
sobu_stakes,16,16th place,22
sparking_lady_cup,1,1st place,2500
sparking_lady_cup,2,2nd place,1000
sparking_lady_cup,3,3rd place,625
sparking_lady_cup,4,4th place,375
sparking_lady_cup,5,5th place,250
sparking_lady_cup,6,6th place,225
sparking_lady_cup,7,7th place,200
sparking_lady_cup,8,8th place,175
sparking_lady_cup,9,9th place,150
sparking_lady_cup,10,10th place,125
sparking_lady_cup,11,11th place,100
sparking_lady_cup,12,12th place,75
sparking_lady_cup,13,13th place,63
sparking_lady_cup,14,14th place,50
spring_stakes,1,1st place,5400
spring_stakes,2,2nd place,2160
spring_stakes,3,3rd place,1350
spring_stakes,4,4th place,810
spring_stakes,5,5th place,540
spring_stakes,6,6th place,486
spring_stakes,7,7th place,432
spring_stakes,8,8th place,378
spring_stakes,9,9th place,324
spring_stakes,10,10th place,270
spring_stakes,11,11th place,216
spring_stakes,12,12th place,162
spring_stakes,13,13th place,135
spring_stakes,14,14th place,108
spring_stakes,15,15th place,81
spring_stakes,16,16th place,54
sprinters_stakes,1,1st place,13000
sprinters_stakes,2,2nd place,5200
sprinters_stakes,3,3rd place,3250
sprinters_stakes,4,4th place,1950
sprinters_stakes,5,5th place,1300
sprinters_stakes,6,6th place,1170
sprinters_stakes,7,7th place,1040
sprinters_stakes,8,8th place,910
sprinters_stakes,9,9th place,780
sprinters_stakes,10,10th place,650
sprinters_stakes,11,11th place,520
sprinters_stakes,12,12th place,390
sprinters_stakes,13,13th place,325
sprinters_stakes,14,14th place,260
sprinters_stakes,15,15th place,195
sprinters_stakes,16,16th place,130
st_lite_kinen,1,1st place,5400
st_lite_kinen,2,2nd place,2160
st_lite_kinen,3,3rd place,1350
st_lite_kinen,4,4th place,810
st_lite_kinen,5,5th place,540
st_lite_kinen,6,6th place,486
st_lite_kinen,7,7th place,432
st_lite_kinen,8,8th place,378
st_lite_kinen,9,9th place,324
st_lite_kinen,10,10th place,270
st_lite_kinen,11,11th place,216
st_lite_kinen,12,12th place,162
st_lite_kinen,13,13th place,135
st_lite_kinen,14,14th place,108
st_lite_kinen,15,15th place,81
st_lite_kinen,16,16th place,54
st_lite_kinen,17,17th place,54
st_lite_kinen,18,18th place,54
stayers_stakes,1,1st place,6200
stayers_stakes,2,2nd place,2480
stayers_stakes,3,3rd place,1550
stayers_stakes,4,4th place,930
stayers_stakes,5,5th place,620
stayers_stakes,6,6th place,558
stayers_stakes,7,7th place,496
stayers_stakes,8,8th place,434
stayers_stakes,9,9th place,372
stayers_stakes,10,10th place,310
stayers_stakes,11,11th place,248
stayers_stakes,12,12th place,186
stayers_stakes,13,13th place,155
stayers_stakes,14,14th place,124
stayers_stakes,15,15th place,93
stayers_stakes,16,16th place,62
subaru_stakes,1,1st place,2300
subaru_stakes,2,2nd place,920
subaru_stakes,3,3rd place,575
subaru_stakes,4,4th place,345
subaru_stakes,5,5th place,230
subaru_stakes,6,6th place,207
subaru_stakes,7,7th place,184
subaru_stakes,8,8th place,161
subaru_stakes,9,9th place,138
subaru_stakes,10,10th place,115
subaru_stakes,11,11th place,92
subaru_stakes,12,12th place,69
subaru_stakes,13,13th place,58
subaru_stakes,14,14th place,46
subaru_stakes,15,15th place,35
subaru_stakes,16,16th place,23
sumire_stakes,1,1st place,2000
sumire_stakes,2,2nd place,800
sumire_stakes,3,3rd place,500
sumire_stakes,4,4th place,300
sumire_stakes,5,5th place,200
sumire_stakes,6,6th place,180
sumire_stakes,7,7th place,160
sumire_stakes,8,8th place,140
sumire_stakes,9,9th place,120
sumire_stakes,10,10th place,100
sumire_stakes,11,11th place,80
sumire_stakes,12,12th place,60
sumire_stakes,13,13th place,50
sumire_stakes,14,14th place,40
sumire_stakes,15,15th place,30
sumire_stakes,16,16th place,20
sumire_stakes,17,17th place,20
sumire_stakes,18,18th place,20
suzuran_sho,1,1st place,1600
suzuran_sho,2,2nd place,640
suzuran_sho,3,3rd place,400
suzuran_sho,4,4th place,240
suzuran_sho,5,5th place,160
suzuran_sho,6,6th place,144
suzuran_sho,7,7th place,128
suzuran_sho,8,8th place,112
suzuran_sho,9,9th place,96
suzuran_sho,10,10th place,80
suzuran_sho,11,11th place,64
suzuran_sho,12,12th place,48
suzuran_sho,13,13th place,40
suzuran_sho,14,14th place,32
suzuran_sho,15,15th place,24
suzuran_sho,16,16th place,16
swan_stakes,1,1st place,5900
swan_stakes,2,2nd place,2360
swan_stakes,3,3rd place,1475
swan_stakes,4,4th place,885
swan_stakes,5,5th place,590
swan_stakes,6,6th place,531
swan_stakes,7,7th place,472
swan_stakes,8,8th place,413
swan_stakes,9,9th place,354
swan_stakes,10,10th place,295
swan_stakes,11,11th place,236
swan_stakes,12,12th place,177
swan_stakes,13,13th place,148
swan_stakes,14,14th place,118
swan_stakes,15,15th place,89
swan_stakes,16,16th place,59
swan_stakes,17,17th place,59
swan_stakes,18,18th place,59
sweetpea_stakes,1,1st place,2000
sweetpea_stakes,2,2nd place,800
sweetpea_stakes,3,3rd place,500
sweetpea_stakes,4,4th place,300
sweetpea_stakes,5,5th place,200
sweetpea_stakes,6,6th place,180
sweetpea_stakes,7,7th place,160
sweetpea_stakes,8,8th place,140
sweetpea_stakes,9,9th place,120
sweetpea_stakes,10,10th place,100
sweetpea_stakes,11,11th place,80
sweetpea_stakes,12,12th place,60
sweetpea_stakes,13,13th place,50
sweetpea_stakes,14,14th place,40
sweetpea_stakes,15,15th place,30
sweetpea_stakes,16,16th place,20
sweetpea_stakes,17,17th place,20
sweetpea_stakes,18,18th place,20
tachibana_stakes,1,1st place,2000
tachibana_stakes,2,2nd place,800
tachibana_stakes,3,3rd place,500
tachibana_stakes,4,4th place,300
tachibana_stakes,5,5th place,200
tachibana_stakes,6,6th place,180
tachibana_stakes,7,7th place,160
tachibana_stakes,8,8th place,140
tachibana_stakes,9,9th place,120
tachibana_stakes,10,10th place,100
tachibana_stakes,11,11th place,80
tachibana_stakes,12,12th place,60
tachibana_stakes,13,13th place,50
tachibana_stakes,14,14th place,40
tachibana_stakes,15,15th place,30
tachibana_stakes,16,16th place,20
tachibana_stakes,17,17th place,20
tachibana_stakes,18,18th place,20
takamatsunomiya_kinen,1,1st place,13000
takamatsunomiya_kinen,2,2nd place,5200
takamatsunomiya_kinen,3,3rd place,3250
takamatsunomiya_kinen,4,4th place,1950
takamatsunomiya_kinen,5,5th place,1300
takamatsunomiya_kinen,6,6th place,1170
takamatsunomiya_kinen,7,7th place,1040
takamatsunomiya_kinen,8,8th place,910
takamatsunomiya_kinen,9,9th place,780
takamatsunomiya_kinen,10,10th place,650
takamatsunomiya_kinen,11,11th place,520
takamatsunomiya_kinen,12,12th place,390
takamatsunomiya_kinen,13,13th place,325
takamatsunomiya_kinen,14,14th place,260
takamatsunomiya_kinen,15,15th place,195
takamatsunomiya_kinen,16,16th place,130
takamatsunomiya_kinen,17,17th place,130
takamatsunomiya_kinen,18,18th place,130
takarazuka_kinen,1,1st place,15000
takarazuka_kinen,2,2nd place,6000
takarazuka_kinen,3,3rd place,3750
takarazuka_kinen,4,4th place,2250
takarazuka_kinen,5,5th place,1500
takarazuka_kinen,6,6th place,1350
takarazuka_kinen,7,7th place,1200
takarazuka_kinen,8,8th place,1050
takarazuka_kinen,9,9th place,900
takarazuka_kinen,10,10th place,750
takarazuka_kinen,11,11th place,600
takarazuka_kinen,12,12th place,450
takarazuka_kinen,13,13th place,375
takarazuka_kinen,14,14th place,300
takarazuka_kinen,15,15th place,225
takarazuka_kinen,16,16th place,150
takarazuka_kinen,17,17th place,150
takarazuka_kinen,18,18th place,150
tanabata_sho,1,1st place,4100
tanabata_sho,2,2nd place,1640
tanabata_sho,3,3rd place,1025
tanabata_sho,4,4th place,615
tanabata_sho,5,5th place,410
tanabata_sho,6,6th place,369
tanabata_sho,7,7th place,328
tanabata_sho,8,8th place,287
tanabata_sho,9,9th place,246
tanabata_sho,10,10th place,205
tanabata_sho,11,11th place,164
tanabata_sho,12,12th place,123
tanabata_sho,13,13th place,103
tanabata_sho,14,14th place,82
tanabata_sho,15,15th place,62
tanabata_sho,16,16th place,41
tancho_stakes,1,1st place,2400
tancho_stakes,2,2nd place,960
tancho_stakes,3,3rd place,600
tancho_stakes,4,4th place,360
tancho_stakes,5,5th place,240
tancho_stakes,6,6th place,216
tancho_stakes,7,7th place,192
tancho_stakes,8,8th place,168
tancho_stakes,9,9th place,144
tancho_stakes,10,10th place,120
tancho_stakes,11,11th place,96
tancho_stakes,12,12th place,72
tancho_stakes,13,13th place,60
tancho_stakes,14,14th place,48
tango_stakes,1,1st place,1800
tango_stakes,2,2nd place,720
tango_stakes,3,3rd place,450
tango_stakes,4,4th place,270
tango_stakes,5,5th place,180
tango_stakes,6,6th place,162
tango_stakes,7,7th place,144
tango_stakes,8,8th place,126
tango_stakes,9,9th place,108
tango_stakes,10,10th place,90
tango_stakes,11,11th place,72
tango_stakes,12,12th place,54
tango_stakes,13,13th place,45
tango_stakes,14,14th place,36
tango_stakes,15,15th place,27
tango_stakes,16,16th place,18
tanigawadake_stakes,1,1st place,2500
tanigawadake_stakes,2,2nd place,1000
tanigawadake_stakes,3,3rd place,625
tanigawadake_stakes,4,4th place,375
tanigawadake_stakes,5,5th place,250
tanigawadake_stakes,6,6th place,225
tanigawadake_stakes,7,7th place,200
tanigawadake_stakes,8,8th place,175
tanigawadake_stakes,9,9th place,150
tanigawadake_stakes,10,10th place,125
tanigawadake_stakes,11,11th place,100
tanigawadake_stakes,12,12th place,75
tanigawadake_stakes,13,13th place,63
tanigawadake_stakes,14,14th place,50
tanigawadake_stakes,15,15th place,38
tanigawadake_stakes,16,16th place,25
tanigawadake_stakes,17,17th place,25
tanzanite_stakes,1,1st place,2300
tanzanite_stakes,2,2nd place,920
tanzanite_stakes,3,3rd place,575
tanzanite_stakes,4,4th place,345
tanzanite_stakes,5,5th place,230
tanzanite_stakes,6,6th place,207
tanzanite_stakes,7,7th place,184
tanzanite_stakes,8,8th place,161
tanzanite_stakes,9,9th place,138
tanzanite_stakes,10,10th place,115
tanzanite_stakes,11,11th place,92
tanzanite_stakes,12,12th place,69
tanzanite_stakes,13,13th place,58
tanzanite_stakes,14,14th place,46
tanzanite_stakes,15,15th place,35
tanzanite_stakes,16,16th place,23
tck_jo_o_hai,1,1st place,2200
tck_jo_o_hai,2,2nd place,880
tck_jo_o_hai,3,3rd place,550
tck_jo_o_hai,4,4th place,330
tck_jo_o_hai,5,5th place,220
tck_jo_o_hai,6,6th place,198
tck_jo_o_hai,7,7th place,176
tck_jo_o_hai,8,8th place,154
tck_jo_o_hai,9,9th place,132
tck_jo_o_hai,10,10th place,110
tck_jo_o_hai,11,11th place,88
tck_jo_o_hai,12,12th place,66
tck_jo_o_hai,13,13th place,55
tck_jo_o_hai,14,14th place,44
tck_jo_o_hai,15,15th place,33
tck_jo_o_hai,16,16th place,22
teio_sho,1,1st place,6000
teio_sho,2,2nd place,2400
teio_sho,3,3rd place,1500
teio_sho,4,4th place,900
teio_sho,5,5th place,600
teio_sho,6,6th place,540
teio_sho,7,7th place,480
teio_sho,8,8th place,420
teio_sho,9,9th place,360
teio_sho,10,10th place,300
teio_sho,11,11th place,240
teio_sho,12,12th place,180
teio_sho,13,13th place,150
teio_sho,14,14th place,120
teio_sho,15,15th place,90
teio_sho,16,16th place,60
tempozan_stakes,1,1st place,2200
tempozan_stakes,2,2nd place,880
tempozan_stakes,3,3rd place,550
tempozan_stakes,4,4th place,330
tempozan_stakes,5,5th place,220
tempozan_stakes,6,6th place,198
tempozan_stakes,7,7th place,176
tempozan_stakes,8,8th place,154
tempozan_stakes,9,9th place,132
tempozan_stakes,10,10th place,110
tempozan_stakes,11,11th place,88
tempozan_stakes,12,12th place,66
tempozan_stakes,13,13th place,55
tempozan_stakes,14,14th place,44
tempozan_stakes,15,15th place,33
tempozan_stakes,16,16th place,22
tenno_sho_autumn,1,1st place,15000
tenno_sho_autumn,2,2nd place,6000
tenno_sho_autumn,3,3rd place,3750
tenno_sho_autumn,4,4th place,2250
tenno_sho_autumn,5,5th place,1500
tenno_sho_autumn,6,6th place,1350
tenno_sho_autumn,7,7th place,1200
tenno_sho_autumn,8,8th place,1050
tenno_sho_autumn,9,9th place,900
tenno_sho_autumn,10,10th place,750
tenno_sho_autumn,11,11th place,600
tenno_sho_autumn,12,12th place,450
tenno_sho_autumn,13,13th place,375
tenno_sho_autumn,14,14th place,300
tenno_sho_autumn,15,15th place,225
tenno_sho_autumn,16,16th place,150
tenno_sho_autumn,17,17th place,150
tenno_sho_autumn,18,18th place,150
tenno_sho_spring,1,1st place,15000
tenno_sho_spring,2,2nd place,6000
tenno_sho_spring,3,3rd place,3750
tenno_sho_spring,4,4th place,2250
tenno_sho_spring,5,5th place,1500
tenno_sho_spring,6,6th place,1350
tenno_sho_spring,7,7th place,1200
tenno_sho_spring,8,8th place,1050
tenno_sho_spring,9,9th place,900
tenno_sho_spring,10,10th place,750
tenno_sho_spring,11,11th place,600
tenno_sho_spring,12,12th place,450
tenno_sho_spring,13,13th place,375
tenno_sho_spring,14,14th place,300
tenno_sho_spring,15,15th place,225
tenno_sho_spring,16,16th place,150
tenno_sho_spring,17,17th place,150
tenno_sho_spring,18,18th place,150
tennozan_stakes,1,1st place,2200
tennozan_stakes,2,2nd place,880
tennozan_stakes,3,3rd place,550
tennozan_stakes,4,4th place,330
tennozan_stakes,5,5th place,220
tennozan_stakes,6,6th place,198
tennozan_stakes,7,7th place,176
tennozan_stakes,8,8th place,154
tennozan_stakes,9,9th place,132
tennozan_stakes,10,10th place,110
tennozan_stakes,11,11th place,88
tennozan_stakes,12,12th place,66
tennozan_stakes,13,13th place,55
tennozan_stakes,14,14th place,44
tennozan_stakes,15,15th place,33
tennozan_stakes,16,16th place,22
tokai_stakes,1,1st place,5500
tokai_stakes,2,2nd place,2200
tokai_stakes,3,3rd place,1375
tokai_stakes,4,4th place,825
tokai_stakes,5,5th place,550
tokai_stakes,6,6th place,495
tokai_stakes,7,7th place,440
tokai_stakes,8,8th place,385
tokai_stakes,9,9th place,330
tokai_stakes,10,10th place,275
tokai_stakes,11,11th place,220
tokai_stakes,12,12th place,165
tokai_stakes,13,13th place,138
tokai_stakes,14,14th place,110
tokai_stakes,15,15th place,83
tokai_stakes,16,16th place,55
toki_stakes,1,1st place,2500
toki_stakes,2,2nd place,1000
toki_stakes,3,3rd place,625
toki_stakes,4,4th place,375
toki_stakes,5,5th place,250
toki_stakes,6,6th place,225
toki_stakes,7,7th place,200
toki_stakes,8,8th place,175
toki_stakes,9,9th place,150
toki_stakes,10,10th place,125
toki_stakes,11,11th place,100
toki_stakes,12,12th place,75
toki_stakes,13,13th place,63
toki_stakes,14,14th place,50
toki_stakes,15,15th place,38
toki_stakes,16,16th place,25
toki_stakes,17,17th place,25
toki_stakes,18,18th place,25
tokyo_daishoten,1,1st place,8000
tokyo_daishoten,2,2nd place,3200
tokyo_daishoten,3,3rd place,2000
tokyo_daishoten,4,4th place,1200
tokyo_daishoten,5,5th place,800
tokyo_daishoten,6,6th place,720
tokyo_daishoten,7,7th place,640
tokyo_daishoten,8,8th place,560
tokyo_daishoten,9,9th place,480
tokyo_daishoten,10,10th place,400
tokyo_daishoten,11,11th place,320
tokyo_daishoten,12,12th place,240
tokyo_daishoten,13,13th place,200
tokyo_daishoten,14,14th place,160
tokyo_daishoten,15,15th place,120
tokyo_daishoten,16,16th place,80
tokyo_hai,1,1st place,3500
tokyo_hai,2,2nd place,1400
tokyo_hai,3,3rd place,875
tokyo_hai,4,4th place,525
tokyo_hai,5,5th place,350
tokyo_hai,6,6th place,315
tokyo_hai,7,7th place,280
tokyo_hai,8,8th place,245
tokyo_hai,9,9th place,210
tokyo_hai,10,10th place,175
tokyo_hai,11,11th place,140
tokyo_hai,12,12th place,105
tokyo_hai,13,13th place,88
tokyo_hai,14,14th place,70
tokyo_hai,15,15th place,53
tokyo_hai,16,16th place,35
tokyo_shimbun_hai,1,1st place,3900
tokyo_shimbun_hai,2,2nd place,1560
tokyo_shimbun_hai,3,3rd place,975
tokyo_shimbun_hai,4,4th place,585
tokyo_shimbun_hai,5,5th place,390
tokyo_shimbun_hai,6,6th place,351
tokyo_shimbun_hai,7,7th place,312
tokyo_shimbun_hai,8,8th place,273
tokyo_shimbun_hai,9,9th place,234
tokyo_shimbun_hai,10,10th place,195
tokyo_shimbun_hai,11,11th place,156
tokyo_shimbun_hai,12,12th place,117
tokyo_shimbun_hai,13,13th place,98
tokyo_shimbun_hai,14,14th place,78
tokyo_shimbun_hai,15,15th place,59
tokyo_shimbun_hai,16,16th place,39
tokyo_shimbun_hai,17,17th place,39
tokyo_shimbun_hai,18,18th place,39
tokyo_sports_hai_junior_stakes,1,1st place,3300
tokyo_sports_hai_junior_stakes,2,2nd place,1320
tokyo_sports_hai_junior_stakes,3,3rd place,825
tokyo_sports_hai_junior_stakes,4,4th place,495
tokyo_sports_hai_junior_stakes,5,5th place,330
tokyo_sports_hai_junior_stakes,6,6th place,297
tokyo_sports_hai_junior_stakes,7,7th place,264
tokyo_sports_hai_junior_stakes,8,8th place,231
tokyo_sports_hai_junior_stakes,9,9th place,198
tokyo_sports_hai_junior_stakes,10,10th place,165
tokyo_sports_hai_junior_stakes,11,11th place,132
tokyo_sports_hai_junior_stakes,12,12th place,99
tokyo_sports_hai_junior_stakes,13,13th place,83
tokyo_sports_hai_junior_stakes,14,14th place,66
tokyo_sports_hai_junior_stakes,15,15th place,50
tokyo_sports_hai_junior_stakes,16,16th place,33
tokyo_sports_hai_junior_stakes,17,17th place,33
tokyo_sports_hai_junior_stakes,18,18th place,33
tokyo_sprint,1,1st place,2700
tokyo_sprint,2,2nd place,1080
tokyo_sprint,3,3rd place,675
tokyo_sprint,4,4th place,405
tokyo_sprint,5,5th place,270
tokyo_sprint,6,6th place,243
tokyo_sprint,7,7th place,216
tokyo_sprint,8,8th place,189
tokyo_sprint,9,9th place,162
tokyo_sprint,10,10th place,135
tokyo_sprint,11,11th place,108
tokyo_sprint,12,12th place,81
tokyo_sprint,13,13th place,68
tokyo_sprint,14,14th place,54
tokyo_sprint,15,15th place,41
tokyo_sprint,16,16th place,27
tokyo_yushun_japanese_derby,1,1st place,20000
tokyo_yushun_japanese_derby,2,2nd place,8000
tokyo_yushun_japanese_derby,3,3rd place,5000
tokyo_yushun_japanese_derby,4,4th place,3000
tokyo_yushun_japanese_derby,5,5th place,2000
tokyo_yushun_japanese_derby,6,6th place,1800
tokyo_yushun_japanese_derby,7,7th place,1600
tokyo_yushun_japanese_derby,8,8th place,1400
tokyo_yushun_japanese_derby,9,9th place,1200
tokyo_yushun_japanese_derby,10,10th place,1000
tokyo_yushun_japanese_derby,11,11th place,800
tokyo_yushun_japanese_derby,12,12th place,600
tokyo_yushun_japanese_derby,13,13th place,500
tokyo_yushun_japanese_derby,14,14th place,400
tokyo_yushun_japanese_derby,15,15th place,300
tokyo_yushun_japanese_derby,16,16th place,200
tokyo_yushun_japanese_derby,17,17th place,200
tokyo_yushun_japanese_derby,18,18th place,200
tomoe_sho,1,1st place,2400
tomoe_sho,2,2nd place,960
tomoe_sho,3,3rd place,600
tomoe_sho,4,4th place,360
tomoe_sho,5,5th place,240
tomoe_sho,6,6th place,216
tomoe_sho,7,7th place,192
tomoe_sho,8,8th place,168
tomoe_sho,9,9th place,144
tomoe_sho,10,10th place,120
tomoe_sho,11,11th place,96
tomoe_sho,12,12th place,72
tomoe_sho,13,13th place,60
tomoe_sho,14,14th place,48
tomoe_sho,15,15th place,36
tomoe_sho,16,16th place,24
tsuwabuki_sho,1,1st place,1000
tsuwabuki_sho,2,2nd place,400
tsuwabuki_sho,3,3rd place,250
tsuwabuki_sho,4,4th place,150
tsuwabuki_sho,5,5th place,100
tsuwabuki_sho,6,6th place,90
tsuwabuki_sho,7,7th place,80
tsuwabuki_sho,8,8th place,70
tsuwabuki_sho,9,9th place,60
tsuwabuki_sho,10,10th place,50
tsuwabuki_sho,11,11th place,40
tsuwabuki_sho,12,12th place,30
tsuwabuki_sho,13,13th place,25
tsuwabuki_sho,14,14th place,20
tsuwabuki_sho,15,15th place,15
tsuwabuki_sho,16,16th place,7
tsuwabuki_sho,17,17th place,7
tsuwabuki_sho,18,18th place,7
tulip_sho,1,1st place,5200
tulip_sho,2,2nd place,2080
tulip_sho,3,3rd place,1300
tulip_sho,4,4th place,780
tulip_sho,5,5th place,520
tulip_sho,6,6th place,468
tulip_sho,7,7th place,416
tulip_sho,8,8th place,364
tulip_sho,9,9th place,312
tulip_sho,10,10th place,260
tulip_sho,11,11th place,208
tulip_sho,12,12th place,156
tulip_sho,13,13th place,130
tulip_sho,14,14th place,104
tulip_sho,15,15th place,78
tulip_sho,16,16th place,52
tulip_sho,17,17th place,52
tulip_sho,18,18th place,52
turquoise_stakes,1,1st place,3600
turquoise_stakes,2,2nd place,1440
turquoise_stakes,3,3rd place,900
turquoise_stakes,4,4th place,540
turquoise_stakes,5,5th place,360
turquoise_stakes,6,6th place,324
turquoise_stakes,7,7th place,288
turquoise_stakes,8,8th place,252
turquoise_stakes,9,9th place,216
turquoise_stakes,10,10th place,180
turquoise_stakes,11,11th place,144
turquoise_stakes,12,12th place,108
turquoise_stakes,13,13th place,90
turquoise_stakes,14,14th place,72
turquoise_stakes,15,15th place,54
turquoise_stakes,16,16th place,36
uhb_sho,1,1st place,2300
uhb_sho,2,2nd place,920
uhb_sho,3,3rd place,575
uhb_sho,4,4th place,345
uhb_sho,5,5th place,230
uhb_sho,6,6th place,207
uhb_sho,7,7th place,184
uhb_sho,8,8th place,161
uhb_sho,9,9th place,138
uhb_sho,10,10th place,115
uhb_sho,11,11th place,92
uhb_sho,12,12th place,69
uhb_sho,13,13th place,58
uhb_sho,14,14th place,46
uhb_sho,15,15th place,35
uhb_sho,16,16th place,23
unicorn_stakes,1,1st place,3500
unicorn_stakes,2,2nd place,1400
unicorn_stakes,3,3rd place,875
unicorn_stakes,4,4th place,525
unicorn_stakes,5,5th place,350
unicorn_stakes,6,6th place,315
unicorn_stakes,7,7th place,280
unicorn_stakes,8,8th place,245
unicorn_stakes,9,9th place,210
unicorn_stakes,10,10th place,175
unicorn_stakes,11,11th place,140
unicorn_stakes,12,12th place,105
unicorn_stakes,13,13th place,88
unicorn_stakes,14,14th place,70
unicorn_stakes,15,15th place,53
unicorn_stakes,16,16th place,35
uzumasa_stakes,1,1st place,2200
uzumasa_stakes,2,2nd place,880
uzumasa_stakes,3,3rd place,550
uzumasa_stakes,4,4th place,330
uzumasa_stakes,5,5th place,220
uzumasa_stakes,6,6th place,198
uzumasa_stakes,7,7th place,176
uzumasa_stakes,8,8th place,154
uzumasa_stakes,9,9th place,132
uzumasa_stakes,10,10th place,110
uzumasa_stakes,11,11th place,88
uzumasa_stakes,12,12th place,66
uzumasa_stakes,13,13th place,55
uzumasa_stakes,14,14th place,44
uzumasa_stakes,15,15th place,33
uzumasa_stakes,16,16th place,22
valentine_stakes,1,1st place,2200
valentine_stakes,2,2nd place,880
valentine_stakes,3,3rd place,550
valentine_stakes,4,4th place,330
valentine_stakes,5,5th place,220
valentine_stakes,6,6th place,198
valentine_stakes,7,7th place,176
valentine_stakes,8,8th place,154
valentine_stakes,9,9th place,132
valentine_stakes,10,10th place,110
valentine_stakes,11,11th place,88
valentine_stakes,12,12th place,66
valentine_stakes,13,13th place,55
valentine_stakes,14,14th place,44
valentine_stakes,15,15th place,33
valentine_stakes,16,16th place,22
victoria_mile,1,1st place,10500
victoria_mile,2,2nd place,4200
victoria_mile,3,3rd place,2625
victoria_mile,4,4th place,1575
victoria_mile,5,5th place,1050
victoria_mile,6,6th place,945
victoria_mile,7,7th place,840
victoria_mile,8,8th place,735
victoria_mile,9,9th place,630
victoria_mile,10,10th place,525
victoria_mile,11,11th place,420
victoria_mile,12,12th place,315
victoria_mile,13,13th place,263
victoria_mile,14,14th place,210
victoria_mile,15,15th place,158
victoria_mile,16,16th place,105
victoria_mile,17,17th place,105
victoria_mile,18,18th place,105
wakaba_stakes,1,1st place,2000
wakaba_stakes,2,2nd place,800
wakaba_stakes,3,3rd place,500
wakaba_stakes,4,4th place,300
wakaba_stakes,5,5th place,200
wakaba_stakes,6,6th place,180
wakaba_stakes,7,7th place,160
wakaba_stakes,8,8th place,140
wakaba_stakes,9,9th place,120
wakaba_stakes,10,10th place,100
wakaba_stakes,11,11th place,80
wakaba_stakes,12,12th place,60
wakaba_stakes,13,13th place,50
wakaba_stakes,14,14th place,40
wakaba_stakes,15,15th place,30
wakaba_stakes,16,16th place,20
wakagoma_stakes,1,1st place,2000
wakagoma_stakes,2,2nd place,800
wakagoma_stakes,3,3rd place,500
wakagoma_stakes,4,4th place,300
wakagoma_stakes,5,5th place,200
wakagoma_stakes,6,6th place,180
wakagoma_stakes,7,7th place,160
wakagoma_stakes,8,8th place,140
wakagoma_stakes,9,9th place,120
wakagoma_stakes,10,10th place,100
wakagoma_stakes,11,11th place,80
wakagoma_stakes,12,12th place,60
wakagoma_stakes,13,13th place,50
wakagoma_stakes,14,14th place,40
wakagoma_stakes,15,15th place,30
wakagoma_stakes,16,16th place,20
wakagoma_stakes,17,17th place,20
wakagoma_stakes,18,18th place,20
wasurenagusa_sho,1,1st place,2000
wasurenagusa_sho,2,2nd place,800
wasurenagusa_sho,3,3rd place,500
wasurenagusa_sho,4,4th place,300
wasurenagusa_sho,5,5th place,200
wasurenagusa_sho,6,6th place,180
wasurenagusa_sho,7,7th place,160
wasurenagusa_sho,8,8th place,140
wasurenagusa_sho,9,9th place,120
wasurenagusa_sho,10,10th place,100
wasurenagusa_sho,11,11th place,80
wasurenagusa_sho,12,12th place,60
wasurenagusa_sho,13,13th place,50
wasurenagusa_sho,14,14th place,40
wasurenagusa_sho,15,15th place,30
wasurenagusa_sho,16,16th place,20
yamato_stakes,1,1st place,2200
yamato_stakes,2,2nd place,880
yamato_stakes,3,3rd place,550
yamato_stakes,4,4th place,330
yamato_stakes,5,5th place,220
yamato_stakes,6,6th place,198
yamato_stakes,7,7th place,176
yamato_stakes,8,8th place,154
yamato_stakes,9,9th place,132
yamato_stakes,10,10th place,110
yamato_stakes,11,11th place,88
yamato_stakes,12,12th place,66
yamato_stakes,13,13th place,55
yamato_stakes,14,14th place,44
yamato_stakes,15,15th place,33
yamato_stakes,16,16th place,22
yasuda_kinen,1,1st place,13000
yasuda_kinen,2,2nd place,5200
yasuda_kinen,3,3rd place,3250
yasuda_kinen,4,4th place,1950
yasuda_kinen,5,5th place,1300
yasuda_kinen,6,6th place,1170
yasuda_kinen,7,7th place,1040
yasuda_kinen,8,8th place,910
yasuda_kinen,9,9th place,780
yasuda_kinen,10,10th place,650
yasuda_kinen,11,11th place,520
yasuda_kinen,12,12th place,390
yasuda_kinen,13,13th place,325
yasuda_kinen,14,14th place,260
yasuda_kinen,15,15th place,195
yasuda_kinen,16,16th place,130
yasuda_kinen,17,17th place,130
yasuda_kinen,18,18th place,130
yayoi_sho,1,1st place,5400
yayoi_sho,2,2nd place,2160
yayoi_sho,3,3rd place,1350
yayoi_sho,4,4th place,810
yayoi_sho,5,5th place,540
yayoi_sho,6,6th place,486
yayoi_sho,7,7th place,432
yayoi_sho,8,8th place,378
yayoi_sho,9,9th place,324
yayoi_sho,10,10th place,270
yayoi_sho,11,11th place,216
yayoi_sho,12,12th place,162
yayoi_sho,13,13th place,135
yayoi_sho,14,14th place,108
yayoi_sho,15,15th place,81
yayoi_sho,16,16th place,54
yayoi_sho,17,17th place,54
yayoi_sho,18,18th place,54
yodo_tankyori_stakes,1,1st place,2500
yodo_tankyori_stakes,2,2nd place,1000
yodo_tankyori_stakes,3,3rd place,625
yodo_tankyori_stakes,4,4th place,375
yodo_tankyori_stakes,5,5th place,250
yodo_tankyori_stakes,6,6th place,225
yodo_tankyori_stakes,7,7th place,200
yodo_tankyori_stakes,8,8th place,175
yodo_tankyori_stakes,9,9th place,150
yodo_tankyori_stakes,10,10th place,125
yodo_tankyori_stakes,11,11th place,100
yodo_tankyori_stakes,12,12th place,75
yodo_tankyori_stakes,13,13th place,63
yodo_tankyori_stakes,14,14th place,50
yodo_tankyori_stakes,15,15th place,38
yodo_tankyori_stakes,16,16th place,25
yodo_tankyori_stakes,17,17th place,25
yodo_tankyori_stakes,18,18th place,25
yonago_stakes,1,1st place,2500
yonago_stakes,2,2nd place,1000
yonago_stakes,3,3rd place,625
yonago_stakes,4,4th place,375
yonago_stakes,5,5th place,250
yonago_stakes,6,6th place,225
yonago_stakes,7,7th place,200
yonago_stakes,8,8th place,175
yonago_stakes,9,9th place,150
yonago_stakes,10,10th place,125
yonago_stakes,11,11th place,100
yonago_stakes,12,12th place,75
yonago_stakes,13,13th place,63
yonago_stakes,14,14th place,50
yonago_stakes,15,15th place,38
yonago_stakes,16,16th place,25
yonago_stakes,17,17th place,25
yonago_stakes,18,18th place,25
zen_nippon_junior_yushun,1,1st place,4200
zen_nippon_junior_yushun,2,2nd place,1680
zen_nippon_junior_yushun,3,3rd place,1050
zen_nippon_junior_yushun,4,4th place,630
zen_nippon_junior_yushun,5,5th place,420
zen_nippon_junior_yushun,6,6th place,378
zen_nippon_junior_yushun,7,7th place,336
zen_nippon_junior_yushun,8,8th place,294
zen_nippon_junior_yushun,9,9th place,252
zen_nippon_junior_yushun,10,10th place,210
zen_nippon_junior_yushun,11,11th place,168
zen_nippon_junior_yushun,12,12th place,126
zen_nippon_junior_yushun,13,13th place,105
zen_nippon_junior_yushun,14,14th place,84
