character_slug,group,event_id,title,detail,sort_order
special-week-special-dreamer,costume,how_should_i_pose,How Should I Pose?,Top::Power +20||Bot::Skill points +40,1
special-week-special-dreamer,costume,wear_your_heart_on_your_sleeve,Wear Your Heart on Your Sleeve,Top::Stamina +20||Bot::Guts +20,2
special-week-special-dreamer,costume,today_and_tomorrow_too,"Today and Tomorrow, Too",Top::Speed +20|(random) Get Hot Topic status||Bot::Wit +20|(random) Get Hot Topic status,3
special-week-special-dreamer,choices,a_beautiful_day_for_tennis,A Beautiful Day for Tennis,Top::Speed +10||Bot::Stamina +10,1
special-week-special-dreamer,choices,karaoke_connoisseur,Karaoke Connoisseur ♪,Top::Energy +10||Bot::Power +10,2
special-week-special-dreamer,choices,early_afternoon_payback,Early Afternoon Payback,Top::Energy +5|Wit +5||Bot::Pace Strategy hint +1,3
special-week-special-dreamer,choices,special_week_s_alter_ego,Special Week's Alter Ego,Top::Energy +30|Power +10|Skill points +10|!Randomly either|Energy +30|Speed -5|Power +15|Skill points +10|Get Slow Metabolism status||Bot::Energy +10|Power +5|Skill points +5||Mid::FE|!Randomly either|FE|Speed -5|Get Slow Metabolism status,4
special-week-special-dreamer,choices,putting_it_away_at_the_cafeteria,Putting It Away at the Cafeteria,Top::Energy +10|Skill points +5||Bot::!Randomly either (~90%)|Energy +30|Skill points +10|!Randomly either (~10%)|Energy +30|Skill points +10|Speed -5|Power +5|Get Slow Metabolism status,5
special-week-special-dreamer,date,because_it_s_special,Because It's Special,Top::Stamina +10||Bot::Speed +10,1
special-week-special-dreamer,date,a_place_i_want_to_take_you,A Place I Want to Take You,Top::Wit +10||Bot::Stamina +10,2
special-week-special-dreamer,date,someone_i_respect,Someone I Respect,Top::Skill points +30||Bot::Stamina +5|Guts +5||Mid::Speed +5|Power +5,3
special-week-special-dreamer,date,just_a_little_more,Just a Little More,Top::Homestretch Haste hint +1||Bot::Corner Adept ○ hint +1,4
special-week-special-dreamer,date,research_fanatic,Research Fanatic,Top::Tokyo Racecourse ○ hint +1||Bot::Nakayama Racecourse ○ hint +1,5
special-week-special-dreamer,secret,rivals_in_arms,Rivals in Arms,conditions::Win the Satsuki Sho|Win the Kikuka Sho|Win the Japan Cup (Classic)|Win the Takarazuka Kinen (Senior)|Win the Arima Kinen (Senior)||reward::Speed +40|Power +40|Guts +15|Stamina to Spare hint +1|Slick Surge hint +1,1
special-week-special-dreamer,no_choices,derby_trainer,Derby Trainer,Wit +5,1
special-week-special-dreamer,no_choices,derby_press_conference,Derby Press Conference!,Guts +5,2
special-week-special-dreamer,no_choices,a_rival_named,A Rival Named...,Stamina +5,3
special-week-special-dreamer,no_choices,bird_and_the_beast,Bird and the Beast,Speed +5,4
special-week-special-dreamer,no_choices,fire_in_your_eyes,Fire in Your Eyes,Stamina +5|Guts +5,5
special-week-special-dreamer,no_choices,a_dangerous_drink,A Dangerous Drink,Mood -1|Guts -5,6
special-week-special-dreamer,no_choices,master_trainer,Master Trainer,Stamina +10|(random) Get Practice Perfect ○ status,7
special-week-special-dreamer,no_choices,i_m_home,I'm Home!,All stats +5|Skill points +5,8
special-week-special-dreamer,no_choices,forecast_gloomy,Forecast: Gloomy,Mood -1,9
special-week-special-dreamer,no_choices,invasion_of_the_giant_carrots,Invasion of the Giant Carrots?,Energy -10|Mood -1,10
special-week-special-dreamer,no_choices,could_i_be_a_genius,Could I Be a Genius?!,All stats +5|Skill points +30|Mood +2|(random) Get Fast Learner status,11
special-week-special-dreamer,no_choices,a_place_i_miss,A Place I Miss...,Energy +15|Mood -1|Guts -5|!Randomly either|Energy +15|Guts -5|Get Slacker status|!Randomly either|Energy +15|Mood -1|Guts -5|Get Slacker status,12
special-week-special-dreamer,special,dance_lesson,Dance Lesson,Top::Guts +10||Bot::Stamina +10,9
special-week-special-dreamer,special,bonus_at_start,Bonus at start,Skill points +120,1
special-week-special-dreamer,special,failed_training_get_well_soon,Failed training (Get Well Soon!),Top::Mood -1|Last trained stat -5|(random) Get Practice Poor status||Bot::!Randomly either|Mood -1|Last trained stat -10|(random) Get Practice Poor status|!or|Get Practice Perfect ○ status,2
special-week-special-dreamer,special,failed_training_don_t_overdo_it,Failed training (Don't Overdo It!),Top::Energy +10|Mood -2|Last trained stat -10|2 random stats -10|(random) Get Practice Poor status||Bot::!Randomly either|Mood -3|Last trained stat -10|2 random stats -10|Get Practice Poor status|!or|Energy +10|Get Practice Perfect ○ status,3
special-week-special-dreamer,special,extra_training,Extra Training,Top::Energy -5|Last trained stat +5|(random) Heal a negative status effect||Bot::Energy +5,4
special-week-special-dreamer,special,at_summer_camp_year_2,At Summer Camp (Year 2),Top::Power +10||Bot::Guts +10,5
special-week-special-dreamer,special,fan_letter,Fan Letter,Mood +1|Skill points +30,6
special-week-special-dreamer,special,new_year_s_resolutions,New Year's Resolutions,Top::Energy +20||Mid::Skill points +20||Bot::All stats +5,7
special-week-special-dreamer,special,new_year_s_shrine_visit,New Year's Shrine Visit,Top::Energy +30||Mid::All stats +5||Bot::Skill points +35,8
special-week-special-dreamer,after_race,victory_1st,Victory! (1st),Top::Energy -15|1 random stat +10 / +8 / +5|Skill points +45 / +35 / +30|(random) Hint for a skill related to the race||Bot::!Randomly either|Energy -5|1 random stat +10 / +8 / +5|Skill points +45 / +35 / +30|(random) Hint for a skill related to the race|!or|Energy -20|1 random stat +10 / +8 / +5|Skill points +45 / +35 / +30|(random) Hint for a skill related to the race,1
special-week-special-dreamer,after_race,solid_showing_2nd_5th,Solid Showing (2nd-5th),Top::Energy -20|1 random stat +8 / +5 / +3|Skill points +45 / +35 / +30|(random) Hint for a skill related to the race||Bot::!Randomly either|Energy -10|1 random stat +8 / +5 / +3|Skill points +45 / +35 / +30|(random) Hint for a skill related to the race|!or|Energy -30|1 random stat +8 / +5 / +3|Skill points +45 / +35 / +30|(random) Hint for a skill related to the race,2
special-week-special-dreamer,after_race,defeat_6th_or_worse,Defeat (6th or worse),Top::Energy -25|1 random stat +4 / +3 / +0|Skill points +25 / +20 / +10|(random) Hint for a skill related to the race||Bot::!Randomly either|Energy -15|1 random stat +4 / +3 / +0|Skill points +25 / +20 / +10|(random) Hint for a skill related to the race|!or|Energy -35|1 random stat +4 / +3 / +0|Skill points +25 / +20 / +10|(random) Hint for a skill related to the race,3
special-week-special-dreamer,after_race,etsuko_s_elated_coverage,Etsuko's Elated Coverage,Energy -15|Mood +1|1 random stat +10 / +8 / +5|Skill points +45 / +35 / +30|Fans +500|(random) Hint for a skill related to the race|Etsuko Otonashi bond +15,4
special-week-special-dreamer,after_race,etsuko_s_exhaustive_coverage,Etsuko's Exhaustive Coverage,Top::!Randomly either|Energy -25|Mood -1|1 random stat +4 / +3 / +0|Skill points +25 / +20 / +10|Etsuko Otonashi bond -10|!or|Energy -15|Mood +1|1 random stat +4 / +3 / +0|Skill points +25 / +20 / +10|Etsuko Otonashi bond +15||Bot::Energy -20|1 random stat +4 / +3 / +0|Skill points +25 / +20 / +10|Etsuko Otonashi bond +10,5
special-week-hopping-vitamin-heart,costume,swimsuit_power_unlocked,Swimsuit Power Unlocked!,Top::Speed +10|Skill points +15||Bot::Wit +20,1
special-week-hopping-vitamin-heart,costume,best_summer_ever,Best Summer Ever!,Top::Stamina +10|Power +10||Bot::Energy +10|All stats +2,2
special-week-hopping-vitamin-heart,costume,to_my_dear_mama,To My Dear Mama,Top::Fighter hint +1|(random) Get Practice Perfect ○ status||Bot::Guts +20|(random) Get Practice Perfect ○ status,3
special-week-hopping-vitamin-heart,choices,a_beautiful_day_for_tennis,A Beautiful Day for Tennis,Top::Speed +10||Bot::Stamina +10,1
special-week-hopping-vitamin-heart,choices,karaoke_connoisseur,Karaoke Connoisseur ♪,Top::Energy +10||Bot::Power +10,2
special-week-hopping-vitamin-heart,choices,early_afternoon_payback,Early Afternoon Payback,Top::Energy +5|Wit +5||Bot::Pace Strategy hint +1,3
special-week-hopping-vitamin-heart,choices,special_week_s_alter_ego,Special Week's Alter Ego,Top::Energy +30|Power +10|Skill points +10|!Randomly either|Energy +30|Speed -5|Power +15|Skill points +10|Get Slow Metabolism status||Bot::Energy +10|Power +5|Skill points +5||Mid::FE|!Randomly either|FE|Speed -5|Get Slow Metabolism status,4
special-week-hopping-vitamin-heart,choices,putting_it_away_at_the_cafeteria,Putting It Away at the Cafeteria,Top::Energy +10|Skill points +5||Bot::!Randomly either (~90%)|Energy +30|Skill points +10|!Randomly either (~10%)|Energy +30|Skill points +10|Speed -5|Power +5|Get Slow Metabolism status,5
special-week-hopping-vitamin-heart,date,because_it_s_special,Because It's Special,Top::Stamina +10||Bot::Speed +10,1
special-week-hopping-vitamin-heart,date,a_place_i_want_to_take_you,A Place I Want to Take You,Top::Wit +10||Bot::Stamina +10,2
special-week-hopping-vitamin-heart,date,someone_i_respect,Someone I Respect,Top::Skill points +30||Bot::Stamina +5|Guts +5||Mid::Speed +5|Power +5,3
special-week-hopping-vitamin-heart,date,just_a_little_more,Just a Little More,Top::Homestretch Haste hint +1||Bot::Corner Adept ○ hint +1,4
special-week-hopping-vitamin-heart,date,research_fanatic,Research Fanatic,Top::Tokyo Racecourse ○ hint +1||Bot::Nakayama Racecourse ○ hint +1,5
special-week-hopping-vitamin-heart,secret,rivals_in_arms,Rivals in Arms,conditions::Win the Satsuki Sho|Win the Kikuka Sho|Win the Japan Cup (Classic)|Win the Takarazuka Kinen (Senior)|Win the Arima Kinen (Senior)||reward::Speed +40|Power +40|Guts +15|Stamina to Spare hint +1|Slick Surge hint +1,1
special-week-hopping-vitamin-heart,no_choices,derby_trainer,Derby Trainer,Wit +5,1
special-week-hopping-vitamin-heart,no_choices,derby_press_conference,Derby Press Conference!,Guts +5,2
special-week-hopping-vitamin-heart,no_choices,a_rival_named,A Rival Named...,Stamina +5,3
special-week-hopping-vitamin-heart,no_choices,bird_and_the_beast,Bird and the Beast,Speed +5,4
special-week-hopping-vitamin-heart,no_choices,fire_in_your_eyes,Fire in Your Eyes,Stamina +5|Guts +5,5
special-week-hopping-vitamin-heart,no_choices,a_dangerous_drink,A Dangerous Drink,Mood -1|Guts -5,6
special-week-hopping-vitamin-heart,no_choices,master_trainer,Master Trainer,Stamina +10|(random) Get Practice Perfect ○ status,7
special-week-hopping-vitamin-heart,no_choices,i_m_home,I'm Home!,All stats +5|Skill points +5,8
special-week-hopping-vitamin-heart,no_choices,forecast_gloomy,Forecast: Gloomy,Mood -1,9
special-week-hopping-vitamin-heart,no_choices,invasion_of_the_giant_carrots,Invasion of the Giant Carrots?,Energy -10|Mood -1,10
special-week-hopping-vitamin-heart,no_choices,could_i_be_a_genius,Could I Be a Genius?!,All stats +5|Skill points +30|Mood +2|(random) Get Fast Learner status,11
special-week-hopping-vitamin-heart,no_choices,a_place_i_miss,A Place I Miss...,Energy +15|Mood -1|Guts -5|!Randomly either|Energy +15|Guts -5|Get Slacker status|!Randomly either|Energy +15|Mood -1|Guts -5|Get Slacker status,12
special-week-hopping-vitamin-heart,special,dance_lesson,Dance Lesson,Top::Guts +10||Bot::Stamina +10,9
special-week-hopping-vitamin-heart,special,bonus_at_start,Bonus at start,Skill points +120,1
special-week-hopping-vitamin-heart,special,failed_training_get_well_soon,Failed training (Get Well Soon!),Top::Mood -1|Last trained stat -5|(random) Get Practice Poor status||Bot::!Randomly either|Mood -1|Last trained stat -10|(random) Get Practice Poor status|!or|Get Practice Perfect ○ status,2
special-week-hopping-vitamin-heart,special,failed_training_don_t_overdo_it,Failed training (Don't Overdo It!),Top::Energy +10|Mood -2|Last trained stat -10|2 random stats -10|(random) Get Practice Poor status||Bot::!Randomly either|Mood -3|Last trained stat -10|2 random stats -10|Get Practice Poor status|!or|Energy +10|Get Practice Perfect ○ status,3
special-week-hopping-vitamin-heart,special,extra_training,Extra Training,Top::Energy -5|Last trained stat +5|(random) Heal a negative status effect||Bot::Energy +5,4
special-week-hopping-vitamin-heart,special,at_summer_camp_year_2,At Summer Camp (Year 2),Top::Power +10||Bot::Guts +10,5
special-week-hopping-vitamin-heart,special,fan_letter,Fan Letter,Mood +1|Skill points +30,6
special-week-hopping-vitamin-heart,special,new_year_s_resolutions,New Year's Resolutions,Top::Energy +20||Mid::Skill points +20||Bot::All stats +5,7
special-week-hopping-vitamin-heart,special,new_year_s_shrine_visit,New Year's Shrine Visit,Top::Energy +30||Mid::All stats +5||Bot::Skill points +35,8
special-week-hopping-vitamin-heart,after_race,victory_1st,Victory! (1st),Top::Energy -15|1 random stat +10 / +8 / +5|Skill points +45 / +35 / +30|(random) Hint for a skill related to the race||Bot::!Randomly either|Energy -5|1 random stat +10 / +8 / +5|Skill points +45 / +35 / +30|(random) Hint for a skill related to the race|!or|Energy -20|1 random stat +10 / +8 / +5|Skill points +45 / +35 / +30|(random) Hint for a skill related to the race,1
special-week-hopping-vitamin-heart,after_race,solid_showing_2nd_5th,Solid Showing (2nd-5th),Top::Energy -20|1 random stat +8 / +5 / +3|Skill points +45 / +35 / +30|(random) Hint for a skill related to the race||Bot::!Randomly either|Energy -10|1 random stat +8 / +5 / +3|Skill points +45 / +35 / +30|(random) Hint for a skill related to the race|!or|Energy -30|1 random stat +8 / +5 / +3|Skill points +45 / +35 / +30|(random) Hint for a skill related to the race,2
special-week-hopping-vitamin-heart,after_race,defeat_6th_or_worse,Defeat (6th or worse),Top::Energy -25|1 random stat +4 / +3 / +0|Skill points +25 / +20 / +10|(random) Hint for a skill related to the race||Bot::!Randomly either|Energy -15|1 random stat +4 / +3 / +0|Skill points +25 / +20 / +10|(random) Hint for a skill related to the race|!or|Energy -35|1 random stat +4 / +3 / +0|Skill points +25 / +20 / +10|(random) Hint for a skill related to the race,3
special-week-hopping-vitamin-heart,after_race,etsuko_s_elated_coverage,Etsuko's Elated Coverage,Energy -15|Mood +1|1 random stat +10 / +8 / +5|Skill points +45 / +35 / +30|Fans +500|(random) Hint for a skill related to the race|Etsuko Otonashi bond +15,4
special-week-hopping-vitamin-heart,after_race,etsuko_s_exhaustive_coverage,Etsuko's Exhaustive Coverage,Top::!Randomly either|Energy -25|Mood -1|1 random stat +4 / +3 / +0|Skill points +25 / +20 / +10|Etsuko Otonashi bond -10|!or|Energy -15|Mood +1|1 random stat +4 / +3 / +0|Skill points +25 / +20 / +10|Etsuko Otonashi bond +15||Bot::Energy -20|1 random stat +4 / +3 / +0|Skill points +25 / +20 / +10|Etsuko Otonashi bond +10,5
silence-suzuka-silent-innocence,costume,the_color_of_the_landscape,The Color of the Landscape,Top::Guts +20||Bot::Power +20,1
silence-suzuka-silent-innocence,costume,hobbies_and_talents,Hobbies and Talents,Top::Stamina +20||Bot::Speed +10|Wit +10,2
silence-suzuka-silent-innocence,costume,umadol_special_class,Umadol ☆ Special Class!,Top::Speed +10|Power +10|(random) Get Hot Topic status||Bot::Guts +10|Wit +10|(random) Get Hot Topic status,3
silence-suzuka-silent-innocence,choices,teaching_suzuka_s_style,Teaching Suzuka's Style,Top::Speed +10||Bot::Wit +10,1
silence-suzuka-silent-innocence,choices,party_time,Party Time,Top::Energy +10||Bot::Stamina +5|Power +5,2
silence-suzuka-silent-innocence,choices,on_my_heels,On My Heels,Top::Speed +5|Skill points +15||Bot::Left-Handed ○ hint +1,3
silence-suzuka-silent-innocence,choices,white_temptation,White Temptation,Top::Energy +10|Skill points +5||Bot::!Randomly either (~90%)|Energy +30|Skill points +10|!Randomly either (~10%)|Energy +30|Skill points +10|Speed -5|Power +5|Get Slow Metabolism status,4
silence-suzuka-silent-innocence,date,my_little_snowscape,My Little Snowscape,Top::Stamina +10||Bot::Wit +10,1
silence-suzuka-silent-innocence,date,to_make_you_happy,To Make You Happy,Top::Power +10||Bot::Speed +5|Guts +5,2
silence-suzuka-silent-innocence,date,our_little_snowscape,Our Little Snowscape,Top::Stamina +10||Bot::Speed +10||Mid::Power +10,3
silence-suzuka-silent-innocence,date,how_to_spend_a_rainy_day,How to Spend a Rainy Day,Top::Guts +10||Bot::Speed +5|Wit +5,4
silence-suzuka-silent-innocence,date,are_they_compatible,Are They Compatible?,Top::Power +5|Guts +5||Bot::Stamina +10,5
silence-suzuka-silent-innocence,secret,an_inspiring_streak,An Inspiring Streak,"conditions::Get a win streak of 6+ graded races (G3, G2, G1)|After the win streak, without breaking it, also win the Tenno Sho (Autumn) (Senior)||reward::All stats +7|Runaway hint +1",1
silence-suzuka-silent-innocence,secret,after_the_mainichi_okan_onward_to_light,"After the Mainichi Okan: Onward, to Light",conditions::Win the Mainichi Okan (Senior)||reward::1 random stat +3|Skill points +35|Early Lead hint +1|Yayoi Akikawa bond +4,2
silence-suzuka-silent-innocence,no_choices,the_battle_begins,The Battle Begins,Speed +5,1
silence-suzuka-silent-innocence,no_choices,why_i_run,Why I Run,Speed +5,2
silence-suzuka-silent-innocence,no_choices,the_empress_s_gaze,The Empress's Gaze,Speed +5,3
silence-suzuka-silent-innocence,no_choices,faster_than_light,Faster Than Light,Speed +5,4
silence-suzuka-silent-innocence,no_choices,never_give_up,Never Give Up,Guts +5,5
silence-suzuka-silent-innocence,no_choices,onward_to_the_future,"Onward, to the Future",Wit +5,6
silence-suzuka-silent-innocence,no_choices,new_scenery,New Scenery,Mood -1|Power -5,7
silence-suzuka-silent-innocence,no_choices,the_look_of_the_sky,The Look of the Sky,Mood +1|Mood -1|Energy -10|Speed +20,8
silence-suzuka-silent-innocence,no_choices,master_trainer,Master Trainer,Speed +10|(random) Get Practice Perfect ○ status,9
silence-suzuka-silent-innocence,no_choices,a_new_rival,A New Rival,All stats +5|Skill points +5,10
silence-suzuka-silent-innocence,no_choices,forecast_gloomy,Forecast: Gloomy...,Mood -1,11
silence-suzuka-silent-innocence,no_choices,idle_mode,Idle Mode,Energy -10|Mood -1,12
silence-suzuka-silent-innocence,no_choices,an_unseen_summit,An Unseen Summit,All stats +5|Skill points +30|Mood +2|(random) Get Fast Learner status,13
silence-suzuka-silent-innocence,no_choices,naptime_escape,Naptime Escape,Energy +15|Mood -1|Guts -5|!Randomly either|Energy +15|Guts -5|Get Slacker status|!Randomly either|Energy +15|Mood -1|Guts -5|Get Slacker status,14
silence-suzuka-silent-innocence,special,dance_lesson,Dance Lesson,Top::Wit +10||Bot::Guts +10,9
silence-suzuka-silent-innocence,special,bonus_at_start,Bonus at start,Skill points +120,1
silence-suzuka-silent-innocence,special,failed_training_get_well_soon,Failed training (Get Well Soon!),Top::Mood -1|Last trained stat -5|(random) Get Practice Poor status||Bot::!Randomly either|Mood -1|Last trained stat -10|(random) Get Practice Poor status|!or|Get Practice Perfect ○ status,2
silence-suzuka-silent-innocence,special,failed_training_don_t_overdo_it,Failed training (Don't Overdo It!),Top::Energy +10|Mood -2|Last trained stat -10|2 random stats -10|(random) Get Practice Poor status||Bot::!Randomly either|Mood -3|Last trained stat -10|2 random stats -10|Get Practice Poor status|!or|Energy +10|Get Practice Perfect ○ status,3
silence-suzuka-silent-innocence,special,extra_training,Extra Training,Top::Energy -5|Last trained stat +5|(random) Heal a negative status effect||Bot::Energy +5,4
silence-suzuka-silent-innocence,special,at_summer_camp_year_2,At Summer Camp (Year 2),Top::Power +10||Bot::Guts +10,5
silence-suzuka-silent-innocence,special,fan_letter,Fan Letter,Mood +1|Skill points +30,6
silence-suzuka-silent-innocence,special,new_year_s_resolutions,New Year's Resolutions,Top::Energy +20||Mid::Skill points +20||Bot::All stats +5,7
silence-suzuka-silent-innocence,special,new_year_s_shrine_visit,New Year's Shrine Visit,Top::Energy +30||Mid::All stats +5||Bot::Skill points +35,8
silence-suzuka-silent-innocence,after_race,victory_1st,Victory! (1st),Top::Energy -15|1 random stat +10 / +8 / +5|Skill points +45 / +35 / +30|(random) Hint for a skill related to the race||Bot::!Randomly either|Energy -5|1 random stat +10 / +8 / +5|Skill points +45 / +35 / +30|(random) Hint for a skill related to the race|!or|Energy -20|1 random stat +10 / +8 / +5|Skill points +45 / +35 / +30|(random) Hint for a skill related to the race,1
silence-suzuka-silent-innocence,after_race,solid_showing_2nd_5th,Solid Showing (2nd-5th),Top::Energy -20|1 random stat +8 / +5 / +3|Skill points +45 / +35 / +30|(random) Hint for a skill related to the race||Bot::!Randomly either|Energy -10|1 random stat +8 / +5 / +3|Skill points +45 / +35 / +30|(random) Hint for a skill related to the race|!or|Energy -30|1 random stat +8 / +5 / +3|Skill points +45 / +35 / +30|(random) Hint for a skill related to the race,2
silence-suzuka-silent-innocence,after_race,defeat_6th_or_worse,Defeat (6th or worse),Top::Energy -25|1 random stat +4 / +3 / +0|Skill points +25 / +20 / +10|(random) Hint for a skill related to the race||Bot::!Randomly either|Energy -15|1 random stat +4 / +3 / +0|Skill points +25 / +20 / +10|(random) Hint for a skill related to the race|!or|Energy -35|1 random stat +4 / +3 / +0|Skill points +25 / +20 / +10|(random) Hint for a skill related to the race,3
silence-suzuka-silent-innocence,after_race,etsuko_s_elated_coverage,Etsuko's Elated Coverage,Energy -15|Mood +1|1 random stat +10 / +8 / +5|Skill points +45 / +35 / +30|Fans +500|(random) Hint for a skill related to the race|Etsuko Otonashi bond +15,4
silence-suzuka-silent-innocence,after_race,etsuko_s_exhaustive_coverage,Etsuko's Exhaustive Coverage,Top::!Randomly either|Energy -25|Mood -1|1 random stat +4 / +3 / +0|Skill points +25 / +20 / +10|Etsuko Otonashi bond -10|!or|Energy -15|Mood +1|1 random stat +4 / +3 / +0|Skill points +25 / +20 / +10|Etsuko Otonashi bond +15||Bot::Energy -20|1 random stat +4 / +3 / +0|Skill points +25 / +20 / +10|Etsuko Otonashi bond +10,5
tokai-teio-top-of-joyful,costume,good_luck_charm,Good Luck Charm,Top::Stamina +20||Bot::Wit +20,1
tokai-teio-top-of-joyful,costume,selfish_teio_and_a_nostalgic_view,Selfish Teio and a Nostalgic View,Top::Guts +20||Bot::Speed +10|Power +10,2
tokai-teio-top-of-joyful,costume,racewear_like_prez,Racewear Like Prez,Top::Speed +10|Wit +10|(random) Get Hot Topic status||Bot::Stamina +10|Guts +10|(random) Get Hot Topic status,3
tokai-teio-top-of-joyful,choices,empress_vs_monarch,Empress vs Monarch,Top::Guts +10||Bot::Skill points +30,1
tokai-teio-top-of-joyful,choices,cupcakes_for_all,Cupcakes for All,Top::Energy +5|Mood +1||Bot::Speed +5|Power +5,2
tokai-teio-top-of-joyful,choices,teio_s_warrior_training,Teio's Warrior Training,Top::Guts +10|Skill points +15||Bot::Prepared to Pass hint +1,3
tokai-teio-top-of-joyful,choices,karaoke_power,Karaoke Power?,Top::Guts +10||Bot::Speed +10,4
tokai-teio-top-of-joyful,choices,teio_an_umadol,"Teio, an Umadol?!",Top::Power +10||Bot::Speed +10,5
tokai-teio-top-of-joyful,choices,secret_to_strength,Secret to Strength,Top::Energy +10|Skill points +5||Bot::!Randomly either (~90%)|Energy +30|Skill points +10|!Randomly either (~10%)|Energy +30|Skill points +10|Speed -5|Power +5|Get Slow Metabolism status,6
tokai-teio-top-of-joyful,date,i_got_praised,I Got Praised!,Top::Stamina +10||Bot::Speed +10,1
tokai-teio-top-of-joyful,date,i_got_scolded,I Got Scolded!,Top::Wit +10||Bot::Power +5|Guts +5,2
tokai-teio-top-of-joyful,date,i_figured_it_out,I Figured It Out!,Top::Speed +5|Stamina +5||Bot::Guts +5|Wit +5||Mid::Power +10,3
tokai-teio-top-of-joyful,date,grown_up_time,Grown-Up Time,Top::Guts +10||Bot::Wit +10,4
tokai-teio-top-of-joyful,date,punny_prez,Punny Prez,Top::Stamina +5|Power +5||Bot::Speed +10,5
tokai-teio-top-of-joyful,secret,after_the_kikuka_sho_triple_crown_champion,After the Kikuka Sho: Triple Crown Champion!,conditions::triple_crown||reward::Speed +3|Stamina +3|Power +3|Guts +17|Wit +3|Skill points +45|Head-On hint +1|Yayoi Akikawa bond +5,1
tokai-teio-top-of-joyful,secret,a_springtime_celebration,A Springtime Celebration,conditions::spring_triple_crown||reward::Speed +30|Power +30|Stamina +30,2
tokai-teio-top-of-joyful,no_choices,a_lofty_goal,A Lofty Goal,Guts +5,1
tokai-teio-top-of-joyful,no_choices,pre_classics_press_conference,Pre-Classics Press Conference,Speed +5,2
tokai-teio-top-of-joyful,no_choices,going_to_the_kikuka_sho,Going to the Kikuka Sho!,Guts +5,3
tokai-teio-top-of-joyful,no_choices,earth_vs_heaven,Earth vs Heaven,Speed +5|Power +5,4
tokai-teio-top-of-joyful,no_choices,the_path_beyond_defeat,The Path Beyond Defeat,Guts +5,5
tokai-teio-top-of-joyful,no_choices,what_s_lacking,What's Lacking,Stamina +5,6
tokai-teio-top-of-joyful,no_choices,i_m_fine,I'm Fine...,Guts -5|Mood -1,7
tokai-teio-top-of-joyful,no_choices,you_can_t_have_it,You Can't Have It!,Stamina +30|Hydrate hint +1|!Randomly either|Stamina +15,8
tokai-teio-top-of-joyful,no_choices,master_trainer,Master Trainer,Guts +10|(random) Get Practice Perfect ○ status,9
tokai-teio-top-of-joyful,no_choices,triumphant_return,Triumphant Return,All stats +5|Skill points +5,10
tokai-teio-top-of-joyful,no_choices,no_encounter,No Encounter,Mood -1,11
tokai-teio-top-of-joyful,no_choices,i_won_t_lose,I Won't Lose!,Energy -10|Mood -1,12
tokai-teio-top-of-joyful,no_choices,what_s_missing,What's Missing,All stats +5|Skill points +30|Mood +2|(random) Get Fast Learner status,13
tokai-teio-top-of-joyful,no_choices,teio_s_got_this,Teio's Got This ♪,Energy +15|Mood -1|Guts -5|!Randomly either|Energy +15|Guts -5|Get Slacker status|!Randomly either|Energy +15|Mood -1|Guts -5|Get Slacker status,14
tokai-teio-top-of-joyful,special,dance_lesson,Dance Lesson,Top::Stamina +10||Bot::Power +10,9
tokai-teio-top-of-joyful,special,bonus_at_start,Bonus at start,Skill points +120,1
tokai-teio-top-of-joyful,special,failed_training_get_well_soon,Failed training (Get Well Soon!),Top::Mood -1|Last trained stat -5|(random) Get Practice Poor status||Bot::!Randomly either|Mood -1|Last trained stat -10|(random) Get Practice Poor status|!or|Get Practice Perfect ○ status,2
tokai-teio-top-of-joyful,special,failed_training_don_t_overdo_it,Failed training (Don't Overdo It!),Top::Energy +10|Mood -2|Last trained stat -10|2 random stats -10|(random) Get Practice Poor status||Bot::!Randomly either|Mood -3|Last trained stat -10|2 random stats -10|Get Practice Poor status|!or|Energy +10|Get Practice Perfect ○ status,3
tokai-teio-top-of-joyful,special,extra_training,Extra Training,Top::Energy -5|Last trained stat +5|(random) Heal a negative status effect||Bot::Energy +5,4
tokai-teio-top-of-joyful,special,at_summer_camp_year_2,At Summer Camp (Year 2),Top::Power +10||Bot::Guts +10,5
tokai-teio-top-of-joyful,special,fan_letter,Fan Letter,Mood +1|Skill points +30,6
tokai-teio-top-of-joyful,special,new_year_s_resolutions,New Year's Resolutions,Top::Energy +20||Mid::Skill points +20||Bot::All stats +5,7
tokai-teio-top-of-joyful,special,new_year_s_shrine_visit,New Year's Shrine Visit,Top::Energy +30||Mid::All stats +5||Bot::Skill points +35,8
tokai-teio-top-of-joyful,after_race,victory_1st,Victory! (1st),Top::Energy -15|1 random stat +10 / +8 / +5|Skill points +45 / +35 / +30|(random) Hint for a skill related to the race||Bot::!Randomly either|Energy -5|1 random stat +10 / +8 / +5|Skill points +45 / +35 / +30|(random) Hint for a skill related to the race|!or|Energy -20|1 random stat +10 / +8 / +5|Skill points +45 / +35 / +30|(random) Hint for a skill related to the race,1
tokai-teio-top-of-joyful,after_race,solid_showing_2nd_5th,Solid Showing (2nd-5th),Top::Energy -20|1 random stat +8 / +5 / +3|Skill points +45 / +35 / +30|(random) Hint for a skill related to the race||Bot::!Randomly either|Energy -10|1 random stat +8 / +5 / +3|Skill points +45 / +35 / +30|(random) Hint for a skill related to the race|!or|Energy -30|1 random stat +8 / +5 / +3|Skill points +45 / +35 / +30|(random) Hint for a skill related to the race,2
tokai-teio-top-of-joyful,after_race,defeat_6th_or_worse,Defeat (6th or worse),Top::Energy -25|1 random stat +4 / +3 / +0|Skill points +25 / +20 / +10|(random) Hint for a skill related to the race||Bot::!Randomly either|Energy -15|1 random stat +4 / +3 / +0|Skill points +25 / +20 / +10|(random) Hint for a skill related to the race|!or|Energy -35|1 random stat +4 / +3 / +0|Skill points +25 / +20 / +10|(random) Hint for a skill related to the race,3
tokai-teio-top-of-joyful,after_race,etsuko_s_elated_coverage,Etsuko's Elated Coverage,Energy -15|Mood +1|1 random stat +10 / +8 / +5|Skill points +45 / +35 / +30|Fans +500|(random) Hint for a skill related to the race|Etsuko Otonashi bond +15,4
tokai-teio-top-of-joyful,after_race,etsuko_s_exhaustive_coverage,Etsuko's Exhaustive Coverage,Top::!Randomly either|Energy -25|Mood -1|1 random stat +4 / +3 / +0|Skill points +25 / +20 / +10|Etsuko Otonashi bond -10|!or|Energy -15|Mood +1|1 random stat +4 / +3 / +0|Skill points +25 / +20 / +10|Etsuko Otonashi bond +15||Bot::Energy -20|1 random stat +4 / +3 / +0|Skill points +25 / +20 / +10|Etsuko Otonashi bond +10,5
tokai-teio-beyond-the-horizon,costume,rivals_on_paper_friends_in_practice,"Rivals on Paper, Friends in Practice",Top::Stamina to Spare hint +1||Bot::Speed +10|Skill points +15,1
tokai-teio-beyond-the-horizon,costume,the_secret_to_teio_tenacity,The Secret to Teio Tenacity,Top::Corner Acceleration ○ hint +1||Bot::Wit +10|Skill points +15,2
tokai-teio-beyond-the-horizon,costume,i_m_never_giving_up,I'm Never Giving Up!,Top::Stamina +15|Guts +5|(random) Get Practice Perfect ○ status||Bot::Power +5|Wit +15|(random) Get Practice Perfect ○ status,3
tokai-teio-beyond-the-horizon,choices,empress_vs_monarch,Empress vs Monarch,Top::Guts +10||Bot::Skill points +30,1
tokai-teio-beyond-the-horizon,choices,cupcakes_for_all,Cupcakes for All,Top::Energy +5|Mood +1||Bot::Speed +5|Power +5,2
tokai-teio-beyond-the-horizon,choices,teio_s_warrior_training,Teio's Warrior Training,Top::Guts +10|Skill points +15||Bot::Prepared to Pass hint +1,3
tokai-teio-beyond-the-horizon,choices,karaoke_power,Karaoke Power?,Top::Guts +10||Bot::Speed +10,4
tokai-teio-beyond-the-horizon,choices,teio_an_umadol,"Teio, an Umadol?!",Top::Power +10||Bot::Speed +10,5
tokai-teio-beyond-the-horizon,choices,secret_to_strength,Secret to Strength,Top::Energy +10|Skill points +5||Bot::!Randomly either (~90%)|Energy +30|Skill points +10|!Randomly either (~10%)|Energy +30|Skill points +10|Speed -5|Power +5|Get Slow Metabolism status,6
tokai-teio-beyond-the-horizon,date,i_got_praised,I Got Praised!,Top::Stamina +10||Bot::Speed +10,1
tokai-teio-beyond-the-horizon,date,i_got_scolded,I Got Scolded!,Top::Wit +10||Bot::Power +5|Guts +5,2
tokai-teio-beyond-the-horizon,date,i_figured_it_out,I Figured It Out!,Top::Speed +5|Stamina +5||Bot::Guts +5|Wit +5||Mid::Power +10,3
tokai-teio-beyond-the-horizon,date,grown_up_time,Grown-Up Time,Top::Guts +10||Bot::Wit +10,4
tokai-teio-beyond-the-horizon,date,punny_prez,Punny Prez,Top::Stamina +5|Power +5||Bot::Speed +10,5
tokai-teio-beyond-the-horizon,secret,after_the_kikuka_sho_triple_crown_champion,After the Kikuka Sho: Triple Crown Champion!,conditions::triple_crown||reward::Speed +3|Stamina +3|Power +3|Guts +17|Wit +3|Skill points +45|Head-On hint +1|Yayoi Akikawa bond +5,1
tokai-teio-beyond-the-horizon,secret,a_springtime_celebration,A Springtime Celebration,conditions::spring_triple_crown||reward::Speed +30|Power +30|Stamina +30,2
tokai-teio-beyond-the-horizon,no_choices,a_lofty_goal,A Lofty Goal,Guts +5,1
tokai-teio-beyond-the-horizon,no_choices,pre_classics_press_conference,Pre-Classics Press Conference,Speed +5,2
tokai-teio-beyond-the-horizon,no_choices,going_to_the_kikuka_sho,Going to the Kikuka Sho!,Guts +5,3
tokai-teio-beyond-the-horizon,no_choices,earth_vs_heaven,Earth vs Heaven,Speed +5|Power +5,4
tokai-teio-beyond-the-horizon,no_choices,the_path_beyond_defeat,The Path Beyond Defeat,Guts +5,5
tokai-teio-beyond-the-horizon,no_choices,what_s_lacking,What's Lacking,Stamina +5,6
tokai-teio-beyond-the-horizon,no_choices,i_m_fine,I'm Fine...,Guts -5|Mood -1,7
tokai-teio-beyond-the-horizon,no_choices,you_can_t_have_it,You Can't Have It!,Stamina +30|Hydrate hint +1|!Randomly either|Stamina +15,8
tokai-teio-beyond-the-horizon,no_choices,master_trainer,Master Trainer,Guts +10|(random) Get Practice Perfect ○ status,9
tokai-teio-beyond-the-horizon,no_choices,triumphant_return,Triumphant Return,All stats +5|Skill points +5,10
tokai-teio-beyond-the-horizon,no_choices,no_encounter,No Encounter,Mood -1,11
tokai-teio-beyond-the-horizon,no_choices,i_won_t_lose,I Won't Lose!,Energy -10|Mood -1,12
tokai-teio-beyond-the-horizon,no_choices,what_s_missing,What's Missing,All stats +5|Skill points +30|Mood +2|(random) Get Fast Learner status,13
tokai-teio-beyond-the-horizon,no_choices,teio_s_got_this,Teio's Got This ♪,Energy +15|Mood -1|Guts -5|!Randomly either|Energy +15|Guts -5|Get Slacker status|!Randomly either|Energy +15|Mood -1|Guts -5|Get Slacker status,14
tokai-teio-beyond-the-horizon,special,dance_lesson,Dance Lesson,Top::Stamina +10||Bot::Power +10,9
tokai-teio-beyond-the-horizon,special,bonus_at_start,Bonus at start,Skill points +120,1
tokai-teio-beyond-the-horizon,special,failed_training_get_well_soon,Failed training (Get Well Soon!),Top::Mood -1|Last trained stat -5|(random) Get Practice Poor status||Bot::!Randomly either|Mood -1|Last trained stat -10|(random) Get Practice Poor status|!or|Get Practice Perfect ○ status,2
tokai-teio-beyond-the-horizon,special,failed_training_don_t_overdo_it,Failed training (Don't Overdo It!),Top::Energy +10|Mood -2|Last trained stat -10|2 random stats -10|(random) Get Practice Poor status||Bot::!Randomly either|Mood -3|Last trained stat -10|2 random stats -10|Get Practice Poor status|!or|Energy +10|Get Practice Perfect ○ status,3
tokai-teio-beyond-the-horizon,special,extra_training,Extra Training,Top::Energy -5|Last trained stat +5|(random) Heal a negative status effect||Bot::Energy +5,4
tokai-teio-beyond-the-horizon,special,at_summer_camp_year_2,At Summer Camp (Year 2),Top::Power +10||Bot::Guts +10,5
tokai-teio-beyond-the-horizon,special,fan_letter,Fan Letter,Mood +1|Skill points +30,6
tokai-teio-beyond-the-horizon,special,new_year_s_resolutions,New Year's Resolutions,Top::Energy +20||Mid::Skill points +20||Bot::All stats +5,7
tokai-teio-beyond-the-horizon,special,new_year_s_shrine_visit,New Year's Shrine Visit,Top::Energy +30||Mid::All stats +5||Bot::Skill points +35,8
tokai-teio-beyond-the-horizon,after_race,victory_1st,Victory! (1st),Top::Energy -15|1 random stat +10 / +8 / +5|Skill points +45 / +35 / +30|(random) Hint for a skill related to the race||Bot::!Randomly either|Energy -5|1 random stat +10 / +8 / +5|Skill points +45 / +35 / +30|(random) Hint for a skill related to the race|!or|Energy -20|1 random stat +10 / +8 / +5|Skill points +45 / +35 / +30|(random) Hint for a skill related to the race,1
tokai-teio-beyond-the-horizon,after_race,solid_showing_2nd_5th,Solid Showing (2nd-5th),Top::Energy -20|1 random stat +8 / +5 / +3|Skill points +45 / +35 / +30|(random) Hint for a skill related to the race||Bot::!Randomly either|Energy -10|1 random stat +8 / +5 / +3|Skill points +45 / +35 / +30|(random) Hint for a skill related to the race|!or|Energy -30|1 random stat +8 / +5 / +3|Skill points +45 / +35 / +30|(random) Hint for a skill related to the race,2
tokai-teio-beyond-the-horizon,after_race,defeat_6th_or_worse,Defeat (6th or worse),Top::Energy -25|1 random stat +4 / +3 / +0|Skill points +25 / +20 / +10|(random) Hint for a skill related to the race||Bot::!Randomly either|Energy -15|1 random stat +4 / +3 / +0|Skill points +25 / +20 / +10|(random) Hint for a skill related to the race|!or|Energy -35|1 random stat +4 / +3 / +0|Skill points +25 / +20 / +10|(random) Hint for a skill related to the race,3
tokai-teio-beyond-the-horizon,after_race,etsuko_s_elated_coverage,Etsuko's Elated Coverage,Energy -15|Mood +1|1 random stat +10 / +8 / +5|Skill points +45 / +35 / +30|Fans +500|(random) Hint for a skill related to the race|Etsuko Otonashi bond +15,4
tokai-teio-beyond-the-horizon,after_race,etsuko_s_exhaustive_coverage,Etsuko's Exhaustive Coverage,Top::!Randomly either|Energy -25|Mood -1|1 random stat +4 / +3 / +0|Skill points +25 / +20 / +10|Etsuko Otonashi bond -10|!or|Energy -15|Mood +1|1 random stat +4 / +3 / +0|Skill points +25 / +20 / +10|Etsuko Otonashi bond +15||Bot::Energy -20|1 random stat +4 / +3 / +0|Skill points +25 / +20 / +10|Etsuko Otonashi bond +10,5
maruzensky-rouge-formula,costume,trendsetter,Trendsetter,Top::Speed +10|Wit +10||Bot::Power +20,1
maruzensky-rouge-formula,costume,sewing_star,Sewing Star,Top::Guts +20||Bot::Stamina +10|Power +10,2
maruzensky-rouge-formula,costume,my_favorite_things,My Favorite Things,Top::Speed +20|(random) Get Fast Learner status||Bot::Stamina +10|Guts +10|(random) Get Fast Learner status,3
maruzensky-rouge-formula,choices,hot_rod,Hot Rod,Top::Speed +10||Bot::Wit +10,1
maruzensky-rouge-formula,choices,let_s_play,Let's Play ♪,Top::Energy +10||Bot::Energy -5|Power +10|Guts +5,2
maruzensky-rouge-formula,choices,a_lady_s_style,A Lady's Style ☆,Top::Speed +5|Skill points +10|Mood +1||Bot::Huge Lead hint +1,3
maruzensky-rouge-formula,choices,let_s_cook,Let's Cook!,Top::Speed +20||Bot::Energy +10|Guts +10,4
maruzensky-rouge-formula,choices,the_road_to_a_rad_victory,The Road to a Rad Victory!,Top::Stamina +10|Deep Breaths hint +1||Bot::Wit +20,5
maruzensky-rouge-formula,choices,down_to_dance,Down to Dance!,Top::Speed +10|Skill points +15||Bot::Power +20,6
maruzensky-rouge-formula,choices,nostalgia_fever,Nostalgia Fever ☆,Top::Energy +10|Skill points +5||Bot::!Randomly either (~90%)|Energy +30|Skill points +10|!Randomly either (~10%)|Energy +30|Skill points +10|Speed -5|Power +5|Get Slow Metabolism status,7
maruzensky-rouge-formula,date,the_secret_to_supporting_each_other,The Secret to Supporting Each Other,Top::Speed +10||Bot::Power +10,1
maruzensky-rouge-formula,date,even_role_models_get_lonely,Even Role Models Get Lonely,Top::Stamina +5|Guts +5||Bot::Speed +5|Power +5,2
maruzensky-rouge-formula,date,take_the_wheel,Take the Wheel,Top::Power +10||Bot::Guts +10||Mid::Wit +10,3
maruzensky-rouge-formula,date,meeting_new_people_is_trendy,Meeting New People Is Trendy ☆,Top::Guts +10||Bot::Wit +10,4
maruzensky-rouge-formula,date,the_fun_never_stops,The Fun Never Stops ♪,Top::Speed +5|Wit +5||Bot::Stamina +5|Power +5,5
maruzensky-rouge-formula,secret,fukushima_in_summer,Fukushima in Summer,conditions::Win the Radio Nikkei Sho||reward::Energy -15|All stats +10|Skill points +60|Mood +3|Get Hot Topic status,1
maruzensky-rouge-formula,no_choices,feeling_top_gear,Feeling Top Gear,Speed +5,1
maruzensky-rouge-formula,no_choices,walk_the_walk,Walk the Walk,Speed +5,2
maruzensky-rouge-formula,no_choices,to_new_heights,To New Heights,Power +5,3
maruzensky-rouge-formula,no_choices,a_fun_race,A Fun Race,Wit +5,4
maruzensky-rouge-formula,no_choices,bring_it,Bring It,Speed +5|Guts +5,5
maruzensky-rouge-formula,no_choices,virtual_car_race,Virtual Car Race,Speed -5|Mood -1,6
maruzensky-rouge-formula,no_choices,master_trainer,Master Trainer,Speed +10|(random) Get Practice Perfect ○ status,7
maruzensky-rouge-formula,no_choices,the_coolest_spot,The Coolest Spot,All stats +5|Skill points +5,8
maruzensky-rouge-formula,no_choices,golden_oldies,Golden Oldies?,Mood -1,9
maruzensky-rouge-formula,no_choices,big_trouble,Big Trouble!,Energy -10|Mood -1,10
maruzensky-rouge-formula,no_choices,a_totally_bomb_new_feeling,A Totally Bomb ☆ New Feeling,All stats +5|Skill points +30|Mood +2|(random) Get Fast Learner status,11
maruzensky-rouge-formula,no_choices,shockingly_careless,Shockingly Careless,Energy +15|Mood -1|Guts -5|!Randomly either|Energy +15|Guts -5|Get Slacker status|!Randomly either|Energy +15|Mood -1|Guts -5|Get Slacker status,12
maruzensky-rouge-formula,special,dance_lesson,Dance Lesson,Top::Speed +10||Bot::Wit +10,9
maruzensky-rouge-formula,special,bonus_at_start,Bonus at start,Skill points +120,1
maruzensky-rouge-formula,special,failed_training_get_well_soon,Failed training (Get Well Soon!),Top::Mood -1|Last trained stat -5|(random) Get Practice Poor status||Bot::!Randomly either|Mood -1|Last trained stat -10|(random) Get Practice Poor status|!or|Get Practice Perfect ○ status,2
maruzensky-rouge-formula,special,failed_training_don_t_overdo_it,Failed training (Don't Overdo It!),Top::Energy +10|Mood -2|Last trained stat -10|2 random stats -10|(random) Get Practice Poor status||Bot::!Randomly either|Mood -3|Last trained stat -10|2 random stats -10|Get Practice Poor status|!or|Energy +10|Get Practice Perfect ○ status,3
maruzensky-rouge-formula,special,extra_training,Extra Training,Top::Energy -5|Last trained stat +5|(random) Heal a negative status effect||Bot::Energy +5,4
maruzensky-rouge-formula,special,at_summer_camp_year_2,At Summer Camp (Year 2),Top::Power +10||Bot::Guts +10,5
maruzensky-rouge-formula,special,fan_letter,Fan Letter,Mood +1|Skill points +30,6
maruzensky-rouge-formula,special,new_year_s_resolutions,New Year's Resolutions,Top::Energy +20||Mid::Skill points +20||Bot::All stats +5,7
maruzensky-rouge-formula,special,new_year_s_shrine_visit,New Year's Shrine Visit,Top::Energy +30||Mid::All stats +5||Bot::Skill points +35,8
maruzensky-rouge-formula,after_race,victory_1st,Victory! (1st),Top::Energy -15|1 random stat +10 / +8 / +5|Skill points +45 / +35 / +30|(random) Hint for a skill related to the race||Bot::!Randomly either|Energy -5|1 random stat +10 / +8 / +5|Skill points +45 / +35 / +30|(random) Hint for a skill related to the race|!or|Energy -20|1 random stat +10 / +8 / +5|Skill points +45 / +35 / +30|(random) Hint for a skill related to the race,1
maruzensky-rouge-formula,after_race,solid_showing_2nd_5th,Solid Showing (2nd-5th),Top::Energy -20|1 random stat +8 / +5 / +3|Skill points +45 / +35 / +30|(random) Hint for a skill related to the race||Bot::!Randomly either|Energy -10|1 random stat +8 / +5 / +3|Skill points +45 / +35 / +30|(random) Hint for a skill related to the race|!or|Energy -30|1 random stat +8 / +5 / +3|Skill points +45 / +35 / +30|(random) Hint for a skill related to the race,2
maruzensky-rouge-formula,after_race,defeat_6th_or_worse,Defeat (6th or worse),Top::Energy -25|1 random stat +4 / +3 / +0|Skill points +25 / +20 / +10|(random) Hint for a skill related to the race||Bot::!Randomly either|Energy -15|1 random stat +4 / +3 / +0|Skill points +25 / +20 / +10|(random) Hint for a skill related to the race|!or|Energy -35|1 random stat +4 / +3 / +0|Skill points +25 / +20 / +10|(random) Hint for a skill related to the race,3
maruzensky-rouge-formula,after_race,etsuko_s_elated_coverage,Etsuko's Elated Coverage,Energy -15|Mood +1|1 random stat +10 / +8 / +5|Skill points +45 / +35 / +30|Fans +500|(random) Hint for a skill related to the race|Etsuko Otonashi bond +15,4
maruzensky-rouge-formula,after_race,etsuko_s_exhaustive_coverage,Etsuko's Exhaustive Coverage,Top::!Randomly either|Energy -25|Mood -1|1 random stat +4 / +3 / +0|Skill points +25 / +20 / +10|Etsuko Otonashi bond -10|!or|Energy -15|Mood +1|1 random stat +4 / +3 / +0|Skill points +25 / +20 / +10|Etsuko Otonashi bond +15||Bot::Energy -20|1 random stat +4 / +3 / +0|Skill points +25 / +20 / +10|Etsuko Otonashi bond +10,5
maruzensky-blasting-off-summer-night,costume,the_maruzen_i_admire,The Maruzen I Admire,Top::Speed +10|Power +10||Bot::Energy +15,1
maruzensky-blasting-off-summer-night,costume,welcome_to_bubblyland,Welcome to Bubblyland,Top::Guts +20||Bot::Wit +20,2
maruzensky-blasting-off-summer-night,costume,maruzensky_s_treasure,Maruzensky's Treasure,Top::Fast-Paced hint +1|(random) Get Charming ○ status||Bot::Stamina +20|(random) Get Charming ○ status,3
maruzensky-blasting-off-summer-night,choices,hot_rod,Hot Rod,Top::Speed +10||Bot::Wit +10,1
maruzensky-blasting-off-summer-night,choices,let_s_play,Let's Play ♪,Top::Energy +10||Bot::Energy -5|Power +10|Guts +5,2
maruzensky-blasting-off-summer-night,choices,a_lady_s_style,A Lady's Style ☆,Top::Speed +5|Skill points +10|Mood +1||Bot::Huge Lead hint +1,3
maruzensky-blasting-off-summer-night,choices,let_s_cook,Let's Cook!,Top::Speed +20||Bot::Energy +10|Guts +10,4
maruzensky-blasting-off-summer-night,choices,the_road_to_a_rad_victory,The Road to a Rad Victory!,Top::Stamina +10|Deep Breaths hint +1||Bot::Wit +20,5
maruzensky-blasting-off-summer-night,choices,down_to_dance,Down to Dance!,Top::Speed +10|Skill points +15||Bot::Power +20,6
maruzensky-blasting-off-summer-night,choices,nostalgia_fever,Nostalgia Fever ☆,Top::Energy +10|Skill points +5||Bot::!Randomly either (~90%)|Energy +30|Skill points +10|!Randomly either (~10%)|Energy +30|Skill points +10|Speed -5|Power +5|Get Slow Metabolism status,7
maruzensky-blasting-off-summer-night,date,the_secret_to_supporting_each_other,The Secret to Supporting Each Other,Top::Speed +10||Bot::Power +10,1
maruzensky-blasting-off-summer-night,date,even_role_models_get_lonely,Even Role Models Get Lonely,Top::Stamina +5|Guts +5||Bot::Speed +5|Power +5,2
maruzensky-blasting-off-summer-night,date,take_the_wheel,Take the Wheel,Top::Power +10||Bot::Guts +10||Mid::Wit +10,3
maruzensky-blasting-off-summer-night,date,meeting_new_people_is_trendy,Meeting New People Is Trendy ☆,Top::Guts +10||Bot::Wit +10,4
maruzensky-blasting-off-summer-night,date,the_fun_never_stops,The Fun Never Stops ♪,Top::Speed +5|Wit +5||Bot::Stamina +5|Power +5,5
maruzensky-blasting-off-summer-night,secret,fukushima_in_summer,Fukushima in Summer,conditions::Win the Radio Nikkei Sho||reward::Energy -15|All stats +10|Skill points +60|Mood +3|Get Hot Topic status,1
maruzensky-blasting-off-summer-night,no_choices,feeling_top_gear,Feeling Top Gear,Speed +5,1
maruzensky-blasting-off-summer-night,no_choices,walk_the_walk,Walk the Walk,Speed +5,2
maruzensky-blasting-off-summer-night,no_choices,to_new_heights,To New Heights,Power +5,3
maruzensky-blasting-off-summer-night,no_choices,a_fun_race,A Fun Race,Wit +5,4
maruzensky-blasting-off-summer-night,no_choices,bring_it,Bring It,Speed +5|Guts +5,5
maruzensky-blasting-off-summer-night,no_choices,virtual_car_race,Virtual Car Race,Speed -5|Mood -1,6
maruzensky-blasting-off-summer-night,no_choices,master_trainer,Master Trainer,Speed +10|(random) Get Practice Perfect ○ status,7
maruzensky-blasting-off-summer-night,no_choices,the_coolest_spot,The Coolest Spot,All stats +5|Skill points +5,8
maruzensky-blasting-off-summer-night,no_choices,golden_oldies,Golden Oldies?,Mood -1,9
maruzensky-blasting-off-summer-night,no_choices,big_trouble,Big Trouble!,Energy -10|Mood -1,10
maruzensky-blasting-off-summer-night,no_choices,a_totally_bomb_new_feeling,A Totally Bomb ☆ New Feeling,All stats +5|Skill points +30|Mood +2|(random) Get Fast Learner status,11
maruzensky-blasting-off-summer-night,no_choices,shockingly_careless,Shockingly Careless,Energy +15|Mood -1|Guts -5|!Randomly either|Energy +15|Guts -5|Get Slacker status|!Randomly either|Energy +15|Mood -1|Guts -5|Get Slacker status,12
maruzensky-blasting-off-summer-night,special,dance_lesson,Dance Lesson,Top::Speed +10||Bot::Wit +10,9
maruzensky-blasting-off-summer-night,special,bonus_at_start,Bonus at start,Skill points +120,1
maruzensky-blasting-off-summer-night,special,failed_training_get_well_soon,Failed training (Get Well Soon!),Top::Mood -1|Last trained stat -5|(random) Get Practice Poor status||Bot::!Randomly either|Mood -1|Last trained stat -10|(random) Get Practice Poor status|!or|Get Practice Perfect ○ status,2
maruzensky-blasting-off-summer-night,special,failed_training_don_t_overdo_it,Failed training (Don't Overdo It!),Top::Energy +10|Mood -2|Last trained stat -10|2 random stats -10|(random) Get Practice Poor status||Bot::!Randomly either|Mood -3|Last trained stat -10|2 random stats -10|Get Practice Poor status|!or|Energy +10|Get Practice Perfect ○ status,3
maruzensky-blasting-off-summer-night,special,extra_training,Extra Training,Top::Energy -5|Last trained stat +5|(random) Heal a negative status effect||Bot::Energy +5,4
maruzensky-blasting-off-summer-night,special,at_summer_camp_year_2,At Summer Camp (Year 2),Top::Power +10||Bot::Guts +10,5
maruzensky-blasting-off-summer-night,special,fan_letter,Fan Letter,Mood +1|Skill points +30,6
maruzensky-blasting-off-summer-night,special,new_year_s_resolutions,New Year's Resolutions,Top::Energy +20||Mid::Skill points +20||Bot::All stats +5,7
maruzensky-blasting-off-summer-night,special,new_year_s_shrine_visit,New Year's Shrine Visit,Top::Energy +30||Mid::All stats +5||Bot::Skill points +35,8
maruzensky-blasting-off-summer-night,after_race,victory_1st,Victory! (1st),Top::Energy -15|1 random stat +10 / +8 / +5|Skill points +45 / +35 / +30|(random) Hint for a skill related to the race||Bot::!Randomly either|Energy -5|1 random stat +10 / +8 / +5|Skill points +45 / +35 / +30|(random) Hint for a skill related to the race|!or|Energy -20|1 random stat +10 / +8 / +5|Skill points +45 / +35 / +30|(random) Hint for a skill related to the race,1
maruzensky-blasting-off-summer-night,after_race,solid_showing_2nd_5th,Solid Showing (2nd-5th),Top::Energy -20|1 random stat +8 / +5 / +3|Skill points +45 / +35 / +30|(random) Hint for a skill related to the race||Bot::!Randomly either|Energy -10|1 random stat +8 / +5 / +3|Skill points +45 / +35 / +30|(random) Hint for a skill related to the race|!or|Energy -30|1 random stat +8 / +5 / +3|Skill points +45 / +35 / +30|(random) Hint for a skill related to the race,2
maruzensky-blasting-off-summer-night,after_race,defeat_6th_or_worse,Defeat (6th or worse),Top::Energy -25|1 random stat +4 / +3 / +0|Skill points +25 / +20 / +10|(random) Hint for a skill related to the race||Bot::!Randomly either|Energy -15|1 random stat +4 / +3 / +0|Skill points +25 / +20 / +10|(random) Hint for a skill related to the race|!or|Energy -35|1 random stat +4 / +3 / +0|Skill points +25 / +20 / +10|(random) Hint for a skill related to the race,3
maruzensky-blasting-off-summer-night,after_race,etsuko_s_elated_coverage,Etsuko's Elated Coverage,Energy -15|Mood +1|1 random stat +10 / +8 / +5|Skill points +45 / +35 / +30|Fans +500|(random) Hint for a skill related to the race|Etsuko Otonashi bond +15,4
maruzensky-blasting-off-summer-night,after_race,etsuko_s_exhaustive_coverage,Etsuko's Exhaustive Coverage,Top::!Randomly either|Energy -25|Mood -1|1 random stat +4 / +3 / +0|Skill points +25 / +20 / +10|Etsuko Otonashi bond -10|!or|Energy -15|Mood +1|1 random stat +4 / +3 / +0|Skill points +25 / +20 / +10|Etsuko Otonashi bond +15||Bot::Energy -20|1 random stat +4 / +3 / +0|Skill points +25 / +20 / +10|Etsuko Otonashi bond +10,5
fuji-kiseki-shooting-star-revue,costume,what_a_wonderful_stage,What a Wonderful Stage!,Top::Stamina +20||Bot::Speed +10|Power +10,1
fuji-kiseki-shooting-star-revue,costume,my_dear_sister,My Dear Sister,Top::Power +20||Bot::Wit +20,2
fuji-kiseki-shooting-star-revue,costume,a_quiet_moment,A Quiet Moment,Top::Guts +20|(random) Get Practice Perfect ○ status||Bot::Stamina +20|(random) Get Practice Perfect ○ status,3
fuji-kiseki-shooting-star-revue,choices,act_1_smile,Act 1: Smile,Top::RC|Guts +10||Bot::RC|Power +10,1
fuji-kiseki-shooting-star-revue,choices,a_gracious_doorkeeper,A Gracious Doorkeeper,Top::Speed +10||Bot::Power +10,2
fuji-kiseki-shooting-star-revue,choices,dream_maker,@DREAM_MAKER,Top::Power +10||Bot::Wit +10,3
fuji-kiseki-shooting-star-revue,choices,two_superstars_compete,Two Superstars Compete,Top::Guts +10|Skill points +15||Bot::Disorient hint +1,4
fuji-kiseki-shooting-star-revue,choices,go_easy_on_the_affection,Go Easy on the Affection,Top::Energy +10|Skill points +5||Bot::!Randomly either (~90%)|Energy +30|Skill points +10|!Randomly either (~10%)|Energy +30|Skill points +10|Speed -5|Power +5|Get Slow Metabolism status,5
fuji-kiseki-shooting-star-revue,date,no_regrets,No Regrets,Top::Wit +10||Bot::Power +10,1
fuji-kiseki-shooting-star-revue,date,for_your_sake_alone,For Your Sake Alone,Top::Guts +10||Bot::Speed +10,2
fuji-kiseki-shooting-star-revue,date,the_greatest_blessing_in_life,The Greatest Blessing in Life,Top::Stamina +10||Bot::Power +10||Mid::Speed +10,3
fuji-kiseki-shooting-star-revue,date,one_act_from_the_wings,One Act from the Wings,Top::Guts +10||Bot::Stamina +10,4
fuji-kiseki-shooting-star-revue,date,stargazing,Stargazing,Top::Speed +10||Bot::Power +10,5
fuji-kiseki-shooting-star-revue,secret,words_do_no_justice,Words Do No Justice,conditions::3_crown_route|Win the Satsuki Sho|Win the Tokyo Yushun (Japanese Derby)|Win the Kikuka Sho||reward::Speed +20|Stamina +20|Power +20|Prepared to Pass hint +1,1
fuji-kiseki-shooting-star-revue,secret,can_t_stop_the_beat,Can't Stop the Beat,"conditions::win_g1_cnt_class_distance: 3|3|[0, 1]|Win the Takamatsunomiya Kinen||reward::Mood +1|Power +20|Wit +20|Unyielding Spirit hint +1",2
fuji-kiseki-shooting-star-revue,secret,my_lucky_star,My Lucky Star,conditions::Win the Tenno Sho (Autumn) (Senior)|Win the Japan Cup (Senior)|Win the Arima Kinen (Senior)|Win the Takarazuka Kinen (Senior)||reward::Mood +1|Speed +25|Stamina +25|Guts +25|Preferred Position hint +1,3
fuji-kiseki-shooting-star-revue,no_choices,act_2_tonight_the_world_is_wild,"Act 2: Tonight, the World Is Wild",Stamina +5,1
fuji-kiseki-shooting-star-revue,no_choices,act_3_a_rose_by_any_other_name,Act 3: A Rose by Any Other Name,Speed +5,2
fuji-kiseki-shooting-star-revue,no_choices,act_4_you_re_beautiful,Act 4: You're Beautiful,Wit +5,3
fuji-kiseki-shooting-star-revue,no_choices,act_5_as_you_like_it,Act 5: As You Like It,Speed +5,4
fuji-kiseki-shooting-star-revue,no_choices,so_sweet_it_gives_you_heartburn,So Sweet It Gives You Heartburn,Mood -1|Speed -5,5
fuji-kiseki-shooting-star-revue,no_choices,intermission_ready_to_love,Intermission: Ready to Love,Mood +2|Energy +10|Speed +20|!Randomly either|Mood +1|Energy +10|Speed +10|!Randomly either|Energy +5|Speed +5,6
fuji-kiseki-shooting-star-revue,no_choices,master_trainer,Master Trainer,Wit +10|(random) Get Practice Perfect ○ status,7
fuji-kiseki-shooting-star-revue,no_choices,finale_light_through_yonder_window,Finale: Light through Yonder Window,All stats +5|Skill points +5,8
fuji-kiseki-shooting-star-revue,no_choices,magical_mishap,Magical Mishap,Mood -1,9
fuji-kiseki-shooting-star-revue,no_choices,a_hoarse_voice,A Hoarse Voice,Energy -10|Mood -1,10
fuji-kiseki-shooting-star-revue,no_choices,a_prince_in_the_darkness,A Prince in the Darkness,All stats +5|Skill points +30|Mood +2|(random) Get Fast Learner status,11
fuji-kiseki-shooting-star-revue,no_choices,as_you_wish,As You Wish...,Energy +15|Mood -1|Guts -5|!Randomly either|Energy +15|Guts -5|Get Slacker status|!Randomly either|Energy +15|Mood -1|Guts -5|Get Slacker status,12
fuji-kiseki-shooting-star-revue,special,dance_lesson,Dance Lesson,Top::Speed +10||Bot::Stamina +10,9
fuji-kiseki-shooting-star-revue,special,bonus_at_start,Bonus at start,Skill points +120,1
fuji-kiseki-shooting-star-revue,special,failed_training_get_well_soon,Failed training (Get Well Soon!),Top::Mood -1|Last trained stat -5|(random) Get Practice Poor status||Bot::!Randomly either|Mood -1|Last trained stat -10|(random) Get Practice Poor status|!or|Get Practice Perfect ○ status,2
fuji-kiseki-shooting-star-revue,special,failed_training_don_t_overdo_it,Failed training (Don't Overdo It!),Top::Energy +10|Mood -2|Last trained stat -10|2 random stats -10|(random) Get Practice Poor status||Bot::!Randomly either|Mood -3|Last trained stat -10|2 random stats -10|Get Practice Poor status|!or|Energy +10|Get Practice Perfect ○ status,3
fuji-kiseki-shooting-star-revue,special,extra_training,Extra Training,Top::Energy -5|Last trained stat +5|(random) Heal a negative status effect||Bot::Energy +5,4
fuji-kiseki-shooting-star-revue,special,at_summer_camp_year_2,At Summer Camp (Year 2),Top::Power +10||Bot::Guts +10,5
fuji-kiseki-shooting-star-revue,special,fan_letter,Fan Letter,Mood +1|Skill points +30,6
fuji-kiseki-shooting-star-revue,special,new_year_s_resolutions,New Year's Resolutions,Top::Energy +20||Mid::Skill points +20||Bot::All stats +5,7
fuji-kiseki-shooting-star-revue,special,new_year_s_shrine_visit,New Year's Shrine Visit,Top::Energy +30||Mid::All stats +5||Bot::Skill points +35,8
fuji-kiseki-shooting-star-revue,after_race,victory_1st,Victory! (1st),Top::Energy -15|1 random stat +10 / +8 / +5|Skill points +45 / +35 / +30|(random) Hint for a skill related to the race||Bot::!Randomly either|Energy -5|1 random stat +10 / +8 / +5|Skill points +45 / +35 / +30|(random) Hint for a skill related to the race|!or|Energy -20|1 random stat +10 / +8 / +5|Skill points +45 / +35 / +30|(random) Hint for a skill related to the race,1
fuji-kiseki-shooting-star-revue,after_race,solid_showing_2nd_5th,Solid Showing (2nd-5th),Top::Energy -20|1 random stat +8 / +5 / +3|Skill points +45 / +35 / +30|(random) Hint for a skill related to the race||Bot::!Randomly either|Energy -10|1 random stat +8 / +5 / +3|Skill points +45 / +35 / +30|(random) Hint for a skill related to the race|!or|Energy -30|1 random stat +8 / +5 / +3|Skill points +45 / +35 / +30|(random) Hint for a skill related to the race,2
fuji-kiseki-shooting-star-revue,after_race,defeat_6th_or_worse,Defeat (6th or worse),Top::Energy -25|1 random stat +4 / +3 / +0|Skill points +25 / +20 / +10|(random) Hint for a skill related to the race||Bot::!Randomly either|Energy -15|1 random stat +4 / +3 / +0|Skill points +25 / +20 / +10|(random) Hint for a skill related to the race|!or|Energy -35|1 random stat +4 / +3 / +0|Skill points +25 / +20 / +10|(random) Hint for a skill related to the race,3
fuji-kiseki-shooting-star-revue,after_race,etsuko_s_elated_coverage,Etsuko's Elated Coverage,Energy -15|Mood +1|1 random stat +10 / +8 / +5|Skill points +45 / +35 / +30|Fans +500|(random) Hint for a skill related to the race|Etsuko Otonashi bond +15,4
fuji-kiseki-shooting-star-revue,after_race,etsuko_s_exhaustive_coverage,Etsuko's Exhaustive Coverage,Top::!Randomly either|Energy -25|Mood -1|1 random stat +4 / +3 / +0|Skill points +25 / +20 / +10|Etsuko Otonashi bond -10|!or|Energy -15|Mood +1|1 random stat +4 / +3 / +0|Skill points +25 / +20 / +10|Etsuko Otonashi bond +15||Bot::Energy -20|1 random stat +4 / +3 / +0|Skill points +25 / +20 / +10|Etsuko Otonashi bond +10,5
oguri-cap-starlight-beat,costume,pinned_hopes,Pinned Hopes,Top::Stamina +10|Power +10||Bot::Wit +20,1
oguri-cap-starlight-beat,costume,oguri_the_forest_guide,Oguri the Forest Guide?,Top::Speed +20||Bot::Power +20,2
oguri-cap-starlight-beat,costume,better_than_a_plushie,Better Than a Plushie,Top::Guts +20|(random) Get Hot Topic status||Bot::Stamina +20|(random) Get Hot Topic status,3
oguri-cap-starlight-beat,choices,lost_umamusume,Lost Umamusume,Top::Guts +10||Bot::Speed +10,1
oguri-cap-starlight-beat,choices,field_workout,Field Workout,Top::Guts +10||Bot::Power +10,2
oguri-cap-starlight-beat,choices,running_on_full,Running on Full,Top::Energy +10|Skill points +15||Bot::Nakayama Racecourse ○ hint +1,3
oguri-cap-starlight-beat,choices,oguri_s_gluttony_championship,Oguri's Gluttony Championship,Top::Energy +30|Power +10|Skill points +10|!Randomly either|Energy +30|Speed -5|Power +5|Skill points +10|Get Slow Metabolism status||Bot::Energy +10|Power +5|Skill points +5||Mid::FE|Speed -20|Power +20|Skill points +20|Get Slow Metabolism status|!Randomly either|FE|Power +20|Skill points +20,4
oguri-cap-starlight-beat,choices,bottomless_pit,Bottomless Pit,Top::Energy +10|Skill points +5||Bot::!Randomly either (~90%)|Energy +30|Skill points +10|!Randomly either (~10%)|Energy +30|Skill points +10|Speed -5|Power +5|Get Slow Metabolism status,5
oguri-cap-starlight-beat,date,oguri_makes_a_resolution,Oguri Makes a Resolution,Top::Speed +5|Wit +5||Bot::Stamina +5|Guts +5,1
oguri-cap-starlight-beat,date,oguri_perseveres,Oguri Perseveres,Top::Guts +10||Bot::Power +10,2
oguri-cap-starlight-beat,date,oguri_matures,Oguri Matures,Top::Wit +10||Bot::Stamina +10||Mid::Power +10,3
oguri-cap-starlight-beat,date,something_smells_good,Something Smells Good!,Top::Speed +10||Bot::Guts +10,4
oguri-cap-starlight-beat,date,high_level_rival,High-Level Rival,Top::Speed +5|Stamina +5||Bot::Power +5|Wit +5,5
oguri-cap-starlight-beat,secret,at_the_tenno_sho_spring,At the Tenno Sho (Spring),conditions::Participate in the Tenno Sho (Spring)||reward::Energy -20/-15|Mood +1|1 random stat +4/+10|Skill points +25/+45,1
oguri-cap-starlight-beat,secret,at_the_tenno_sho_spring,At the Tenno Sho (Spring),conditions::Do not participate in the Tenno Sho (Spring)||reward::Mood +1,2
oguri-cap-starlight-beat,secret,together_forever,Together Forever,conditions::Win the Kikuka Sho|Win the Arima Kinen (Classic)|Win the Osaka Hai|Win the Tenno Sho (Spring)|Triggers during Late December Senior Year||reward::Speed +10|Stamina +10|Skill points +30|Hydrate hint +1,3
oguri-cap-starlight-beat,no_choices,that_s_why_i_ll_win,That's Why I'll Win,Power +5,1
oguri-cap-starlight-beat,no_choices,spread_the_word,Spread the Word,Guts +5,2
oguri-cap-starlight-beat,no_choices,a_gathering_of_greats,A Gathering of Greats,Stamina +5,3
oguri-cap-starlight-beat,no_choices,like_a_river,Like a River,Power +5,4
oguri-cap-starlight-beat,no_choices,the_road_ahead,The Road Ahead,Speed +5,5
oguri-cap-starlight-beat,no_choices,familiar_faces_in_the_clouds,Familiar Faces in the Clouds,Energy -10|Mood -1,6
oguri-cap-starlight-beat,no_choices,master_trainer,Master Trainer,Power +10|(random) Get Practice Perfect ○ status,7
oguri-cap-starlight-beat,no_choices,let_s_give_a_big_wave,Let's Give a Big Wave,All stats +5|Skill points +5,8
oguri-cap-starlight-beat,no_choices,dream_feast,Dream Feast,Mood -1,9
oguri-cap-starlight-beat,no_choices,city_shock,City Shock,Energy -10|Mood -1,10
oguri-cap-starlight-beat,no_choices,oguri_s_heart_pounding_training,Oguri's Heart-Pounding Training,All stats +5|Skill points +30|Mood +2|(random) Get Fast Learner status,11
oguri-cap-starlight-beat,no_choices,oguri_and_the_fluffy_feline,Oguri and the Fluffy Feline,Energy +15|Mood -1|Guts -5|!Randomly either|Energy +15|Guts -5|Get Slacker status|!Randomly either|Energy +15|Mood -1|Guts -5|Get Slacker status,12
oguri-cap-starlight-beat,special,dance_lesson,Dance Lesson,Top::Power +10||Bot::Speed +10,9
oguri-cap-starlight-beat,special,bonus_at_start,Bonus at start,Skill points +120,1
oguri-cap-starlight-beat,special,failed_training_get_well_soon,Failed training (Get Well Soon!),Top::Mood -1|Last trained stat -5|(random) Get Practice Poor status||Bot::!Randomly either|Mood -1|Last trained stat -10|(random) Get Practice Poor status|!or|Get Practice Perfect ○ status,2
oguri-cap-starlight-beat,special,failed_training_don_t_overdo_it,Failed training (Don't Overdo It!),Top::Energy +10|Mood -2|Last trained stat -10|2 random stats -10|(random) Get Practice Poor status||Bot::!Randomly either|Mood -3|Last trained stat -10|2 random stats -10|Get Practice Poor status|!or|Energy +10|Get Practice Perfect ○ status,3
oguri-cap-starlight-beat,special,extra_training,Extra Training,Top::Energy -5|Last trained stat +5|(random) Heal a negative status effect||Bot::Energy +5,4
oguri-cap-starlight-beat,special,at_summer_camp_year_2,At Summer Camp (Year 2),Top::Power +10||Bot::Guts +10,5
oguri-cap-starlight-beat,special,fan_letter,Fan Letter,Mood +1|Skill points +30,6
oguri-cap-starlight-beat,special,new_year_s_resolutions,New Year's Resolutions,Top::Energy +20||Mid::Skill points +20||Bot::All stats +5,7
oguri-cap-starlight-beat,special,new_year_s_shrine_visit,New Year's Shrine Visit,Top::Energy +30||Mid::All stats +5||Bot::Skill points +35,8
oguri-cap-starlight-beat,after_race,victory_1st,Victory! (1st),Top::Energy -15|1 random stat +10 / +8 / +5|Skill points +45 / +35 / +30|(random) Hint for a skill related to the race||Bot::!Randomly either|Energy -5|1 random stat +10 / +8 / +5|Skill points +45 / +35 / +30|(random) Hint for a skill related to the race|!or|Energy -20|1 random stat +10 / +8 / +5|Skill points +45 / +35 / +30|(random) Hint for a skill related to the race,1
oguri-cap-starlight-beat,after_race,solid_showing_2nd_5th,Solid Showing (2nd-5th),Top::Energy -20|1 random stat +8 / +5 / +3|Skill points +45 / +35 / +30|(random) Hint for a skill related to the race||Bot::!Randomly either|Energy -10|1 random stat +8 / +5 / +3|Skill points +45 / +35 / +30|(random) Hint for a skill related to the race|!or|Energy -30|1 random stat +8 / +5 / +3|Skill points +45 / +35 / +30|(random) Hint for a skill related to the race,2
oguri-cap-starlight-beat,after_race,defeat_6th_or_worse,Defeat (6th or worse),Top::Energy -25|1 random stat +4 / +3 / +0|Skill points +25 / +20 / +10|(random) Hint for a skill related to the race||Bot::!Randomly either|Energy -15|1 random stat +4 / +3 / +0|Skill points +25 / +20 / +10|(random) Hint for a skill related to the race|!or|Energy -35|1 random stat +4 / +3 / +0|Skill points +25 / +20 / +10|(random) Hint for a skill related to the race,3
oguri-cap-starlight-beat,after_race,etsuko_s_elated_coverage,Etsuko's Elated Coverage,Energy -15|Mood +1|1 random stat +10 / +8 / +5|Skill points +45 / +35 / +30|Fans +500|(random) Hint for a skill related to the race|Etsuko Otonashi bond +15,4
oguri-cap-starlight-beat,after_race,etsuko_s_exhaustive_coverage,Etsuko's Exhaustive Coverage,Top::!Randomly either|Energy -25|Mood -1|1 random stat +4 / +3 / +0|Skill points +25 / +20 / +10|Etsuko Otonashi bond -10|!or|Energy -15|Mood +1|1 random stat +4 / +3 / +0|Skill points +25 / +20 / +10|Etsuko Otonashi bond +15||Bot::Energy -20|1 random stat +4 / +3 / +0|Skill points +25 / +20 / +10|Etsuko Otonashi bond +10,5
gold-ship-red-strife,costume,the_red_of_the_protagonist,The Red of the Protagonist!,Top::Wit +20||Bot::Guts +20,1
gold-ship-red-strife,costume,a_date_golshi_style,"A Date, Golshi Style",Top::Stamina +20||Bot::Power +20,2
gold-ship-red-strife,costume,a_sudden_episode_from_golshi_s_past,A Sudden Episode from Golshi's Past!,Top::Stamina +10|Wit +10|(random) Get Fast Learner status||Bot::Speed +20|(random) Get Fast Learner status,3
gold-ship-red-strife,choices,summer_camp_year_3_ends,Summer Camp (Year 3) Ends,1 random stat +5,1
gold-ship-red-strife,choices,pair_discount_repeat_offender,Pair Discount Repeat Offender,Top::Guts +10||Bot::Stamina +10,2
gold-ship-red-strife,choices,which_did_you_lose,Which Did You Lose?,Top::Energy -10|Power +20||Bot::Speed +10,3
gold-ship-red-strife,choices,my_part_time_job_is_crazy,My Part-Time Job Is... Crazy?,Top::Stamina +10|Skill points +15||Bot::Hanshin Racecourse ○ hint +1,4
gold-ship-red-strife,choices,the_day_after_voices_hoarse,"The Day After, Voices Hoarse",Top::Stamina +10|Wit +10||Bot::Guts +15|Mood +1,5
gold-ship-red-strife,choices,this_one_s_for_keeps,This One's For Keeps!,Top::Energy +10||Bot::Skill points +60|Non-Standard Distance ○ hint +1|!Randomly either|Skill points +15|Get Slacker status,6
gold-ship-red-strife,choices,killer_appetite,Killer Appetite!,Top::Energy +10|Skill points +5||Bot::!Randomly either (~90%)|Energy +30|Skill points +10|!Randomly either (~10%)|Energy +30|Skill points +10|Speed -5|Power +5|Get Slow Metabolism status,7
gold-ship-red-strife,date,legend_of_the_left_pinky,Legend of the Left Pinky,Top::Stamina +10||Bot::Speed +10,1
gold-ship-red-strife,date,hello_from_about_1_5_billion_years_ago,Hello From About 1.5 Billion Years Ago,Top::Guts +10||Bot::Wit +10,2
gold-ship-red-strife,date,and_then_she,And Then She...,Top::Speed +10||Bot::Guts +10||Mid::Power +10,3
gold-ship-red-strife,date,a_lovely_place,A Lovely Place,Top::Stamina +10||Bot::Wit +10,4
gold-ship-red-strife,date,nighttime_park_visit,Nighttime Park Visit,Top::Guts +10||Bot::Speed +10,5
gold-ship-red-strife,secret,after_the_takarazuka_kinen_keyword_2,After the Takarazuka Kinen: Keyword 2,conditions::Win the Takarazuka Kinen (Classic)|Win the Takarazuka Kinen (Senior)||reward::Mood +1|Power +15|All stats +3|Skill points +45|Yayoi Akikawa bond +4|Mood +3|All stats +3|Skill points +45|All stats +5|Skill points +15|(random) Get Charming ○ status|Yayoi Akikawa bond +4|!Randomly either|All stats +3|Skill points +45|SG,1
gold-ship-red-strife,no_choices,moms_over_gods,Moms Over Gods,Power +5,1
gold-ship-red-strife,no_choices,aiming_for_paris_fashion_week,Aiming for Paris Fashion Week,Stamina +5,2
gold-ship-red-strife,no_choices,aiming_for_normiedom,Aiming for Normiedom,Guts +5,3
gold-ship-red-strife,no_choices,a_serious_battle,A Serious Battle,Guts +5,4
gold-ship-red-strife,no_choices,road_to_eden,Road to Eden,Stamina +10,5
gold-ship-red-strife,no_choices,the_seven_wonders_of_golshi_pending,The Seven Wonders of Golshi (Pending),Speed -5|Mood -1,6
gold-ship-red-strife,no_choices,golshi_the_fickle_maiden,Golshi the Fickle Maiden ☆,Energy +20|Mood +1|FD,7
gold-ship-red-strife,no_choices,master_trainer,Master Trainer,Stamina +10|(random) Get Practice Perfect ○ status,8
gold-ship-red-strife,no_choices,the_start_of_a_new_journey,The Start of a New Journey!,All stats +5|Skill points +5,9
gold-ship-red-strife,no_choices,golshi_in_big_trouble,Golshi in Big Trouble?!,Mood -1,10
gold-ship-red-strife,no_choices,school_defense_squad,School Defense Squad?,Energy -10|Mood -1,11
gold-ship-red-strife,no_choices,golshi_the_great_detective,Golshi the Great Detective?,All stats +5|Skill points +30|Mood +2|(random) Get Fast Learner status,12
gold-ship-red-strife,no_choices,into_the_sky,Into the Sky?,Energy +15|Mood -1|Guts -5|!Randomly either|Energy +15|Guts -5|Get Slacker status|!Randomly either|Energy +15|Mood -1|Guts -5|Get Slacker status,13
gold-ship-red-strife,special,dance_lesson,Dance Lesson,Top::Power +10||Bot::Guts +10,9
gold-ship-red-strife,special,bonus_at_start,Bonus at start,Skill points +120,1
gold-ship-red-strife,special,failed_training_get_well_soon,Failed training (Get Well Soon!),Top::Mood -1|Last trained stat -5|(random) Get Practice Poor status||Bot::!Randomly either|Mood -1|Last trained stat -10|(random) Get Practice Poor status|!or|Get Practice Perfect ○ status,2
gold-ship-red-strife,special,failed_training_don_t_overdo_it,Failed training (Don't Overdo It!),Top::Energy +10|Mood -2|Last trained stat -10|2 random stats -10|(random) Get Practice Poor status||Bot::!Randomly either|Mood -3|Last trained stat -10|2 random stats -10|Get Practice Poor status|!or|Energy +10|Get Practice Perfect ○ status,3
gold-ship-red-strife,special,extra_training,Extra Training,Top::Energy -5|Last trained stat +5|(random) Heal a negative status effect||Bot::Energy +5,4
gold-ship-red-strife,special,at_summer_camp_year_2,At Summer Camp (Year 2),Top::Power +10||Bot::Guts +10,5
gold-ship-red-strife,special,fan_letter,Fan Letter,Mood +1|Skill points +30,6
gold-ship-red-strife,special,new_year_s_resolutions,New Year's Resolutions,Top::Energy +20||Mid::Skill points +20||Bot::All stats +5,7
gold-ship-red-strife,special,new_year_s_shrine_visit,New Year's Shrine Visit,Top::Energy +30||Mid::All stats +5||Bot::Skill points +35,8
gold-ship-red-strife,after_race,victory_1st,Victory! (1st),Top::Energy -15|1 random stat +10 / +8 / +5|Skill points +45 / +35 / +30|(random) Hint for a skill related to the race||Bot::!Randomly either|Energy -5|1 random stat +10 / +8 / +5|Skill points +45 / +35 / +30|(random) Hint for a skill related to the race|!or|Energy -20|1 random stat +10 / +8 / +5|Skill points +45 / +35 / +30|(random) Hint for a skill related to the race,1
gold-ship-red-strife,after_race,solid_showing_2nd_5th,Solid Showing (2nd-5th),Top::Energy -20|1 random stat +8 / +5 / +3|Skill points +45 / +35 / +30|(random) Hint for a skill related to the race||Bot::!Randomly either|Energy -10|1 random stat +8 / +5 / +3|Skill points +45 / +35 / +30|(random) Hint for a skill related to the race|!or|Energy -30|1 random stat +8 / +5 / +3|Skill points +45 / +35 / +30|(random) Hint for a skill related to the race,2
gold-ship-red-strife,after_race,defeat_6th_or_worse,Defeat (6th or worse),Top::Energy -25|1 random stat +4 / +3 / +0|Skill points +25 / +20 / +10|(random) Hint for a skill related to the race||Bot::!Randomly either|Energy -15|1 random stat +4 / +3 / +0|Skill points +25 / +20 / +10|(random) Hint for a skill related to the race|!or|Energy -35|1 random stat +4 / +3 / +0|Skill points +25 / +20 / +10|(random) Hint for a skill related to the race,3
gold-ship-red-strife,after_race,etsuko_s_elated_coverage,Etsuko's Elated Coverage,Energy -15|Mood +1|1 random stat +10 / +8 / +5|Skill points +45 / +35 / +30|Fans +500|(random) Hint for a skill related to the race|Etsuko Otonashi bond +15,4
gold-ship-red-strife,after_race,etsuko_s_exhaustive_coverage,Etsuko's Exhaustive Coverage,Top::!Randomly either|Energy -25|Mood -1|1 random stat +4 / +3 / +0|Skill points +25 / +20 / +10|Etsuko Otonashi bond -10|!or|Energy -15|Mood +1|1 random stat +4 / +3 / +0|Skill points +25 / +20 / +10|Etsuko Otonashi bond +15||Bot::Energy -20|1 random stat +4 / +3 / +0|Skill points +25 / +20 / +10|Etsuko Otonashi bond +10,5
vodka-wild-top-gear,costume,vintage_style,Vintage Style,Top::Power +20||Bot::Stamina +20,1
vodka-wild-top-gear,costume,makings_of_a_friend,Makings of a Friend,Top::Speed +20|(random) Get Practice Perfect ○ status||Bot::Guts +20,2
vodka-wild-top-gear,costume,hot_and_cool,Hot and Cool,Top::Speed +20|(random) Get Practice Perfect ○ status||Bot::Speed +10|Power +10|(random) Get Practice Perfect ○ status,3
vodka-wild-top-gear,choices,like_a_kid,Like a Kid,Top::Speed +10||Bot::Power +10,1
vodka-wild-top-gear,choices,challenging_fate,Challenging Fate,Top::Stamina +10||Bot::Speed +10,2
vodka-wild-top-gear,choices,showdown_by_the_river,Showdown by the River!,Top::Wit +10|Skill points +15||Bot::Shifting Gears hint +1,3
vodka-wild-top-gear,choices,the_ultimate_choice,The Ultimate Choice,Top::Energy -10|Stamina +5|Guts +5|!Randomly either|Energy +10|Stamina +15|Guts +15||Bot::Energy +5|Mood +1,4
vodka-wild-top-gear,choices,awkward_honesty,Awkward Honesty,Top::Energy +10|Skill points +5||Bot::!Randomly either (~90%)|Energy +30|Skill points +10|!Randomly either (~10%)|Energy +30|Skill points +10|Speed -5|Power +5|Get Slow Metabolism status,5
vodka-wild-top-gear,date,the_standards_of_coolness,The Standards of Coolness,Top::Wit +10||Bot::Guts +10,1
vodka-wild-top-gear,date,ring_out_passionate_sound,"Ring Out, Passionate Sound!",Top::Speed +10||Bot::Stamina +10,2
vodka-wild-top-gear,date,the_way_of_cool,The Way of Cool,Top::Power +10||Bot::Speed +10||Mid::Stamina +5|Guts +5,3
vodka-wild-top-gear,date,let_s_take_a_little_detour,Let's Take a Little Detour,Top::Speed +10||Bot::Energy +5|Mood +1,4
vodka-wild-top-gear,date,sugar_and_spice,Sugar and Spice,Top::Energy +5/+10||Bot::Power +10,5
vodka-wild-top-gear,secret,the_coolest_and_number_one,The Coolest and Number One,conditions::Win the Tulip Sho|Win the Oka Sho|Win the Shuka Sho|Win the Queen Elizabeth II Cup (Classic)|Win the Osaka Hai|Win the Tenno Sho (Autumn)|Win the Arima Kinen (Classic)|Win the Arima Kinen (Senior)||reward::Speed +25|Power +25|Stamina +25|Skill points +25|All I've Got hint +1|Slick Surge hint +1|Pedal to the Metal hint +1,1
vodka-wild-top-gear,secret,after_the_queen_elizabeth_ii_cup_tyrannical_queen,After the Queen Elizabeth II Cup: Tyrannical Queen!,conditions::beat_rival: 101701|2|1009||reward::Energy -15|Mood +1|1 random stat +10|Skill points +45,2
vodka-wild-top-gear,secret,after_the_queen_elizabeth_ii_cup_tsundere_queen,After the Queen Elizabeth II Cup: Tsundere Queen,conditions::lose_to_rival: 101701|2|1009||reward::Energy -20|1 random stat +8|Skill points +45,3
vodka-wild-top-gear,secret,after_the_yasuda_kinen_pedal_to_the_metal,After the Yasuda Kinen: Pedal to the Metal!,conditions::Win the Yasuda Kinen (Senior)||reward::RR|Nimble Navigator hint +1,4
vodka-wild-top-gear,secret,after_the_yasuda_kinen_consecutive_celebration,After the Yasuda Kinen: Consecutive Celebration,conditions::race_w2: 101101||reward::All stats +3|Power +20|Skill points +65|Nimble Navigator hint +1|Get Practice Perfect ○ status|Yayoi Akikawa bond +4,5
vodka-wild-top-gear,no_choices,crossroads,Crossroads,Power +5,1
vodka-wild-top-gear,no_choices,dream_junction,Dream Junction,Power +5,2
vodka-wild-top-gear,no_choices,can_t_all_be_sunshine,Can't All Be Sunshine,Guts +5,3
vodka-wild-top-gear,no_choices,an_outlaw_again,An Outlaw Again,Power +5,4
vodka-wild-top-gear,no_choices,road_of_stardust,Road of Stardust,Speed +5|Power +5,5
vodka-wild-top-gear,no_choices,this_is_a_nightmare,This is a Nightmare!,Mood -1|Wit -5,6
vodka-wild-top-gear,no_choices,master_trainer,Master Trainer,Speed +10|(random) Get Practice Perfect ○ status,7
vodka-wild-top-gear,no_choices,unending_challenge,Unending Challenge,All stats +5|Skill points +5,8
vodka-wild-top-gear,no_choices,manners_are_important,Manners Are Important!,Mood -1,9
vodka-wild-top-gear,no_choices,beware_of_sudden_downpours,Beware of Sudden Downpours,Energy -10|Mood -1,10
vodka-wild-top-gear,no_choices,fire_up_your_engines,Fire Up Your Engines!,All stats +5|Skill points +30|Mood +2|(random) Get Fast Learner status,11
vodka-wild-top-gear,no_choices,hot_ride,Hot Ride,Energy +15|Mood -1|Guts -5|!Randomly either|Energy +15|Guts -5|Get Slacker status|!Randomly either|Energy +15|Mood -1|Guts -5|Get Slacker status,12
vodka-wild-top-gear,special,dance_lesson,Dance Lesson,Top::Guts +10||Bot::Stamina +10,9
vodka-wild-top-gear,special,bonus_at_start,Bonus at start,Skill points +120,1
vodka-wild-top-gear,special,failed_training_get_well_soon,Failed training (Get Well Soon!),Top::Mood -1|Last trained stat -5|(random) Get Practice Poor status||Bot::!Randomly either|Mood -1|Last trained stat -10|(random) Get Practice Poor status|!or|Get Practice Perfect ○ status,2
vodka-wild-top-gear,special,failed_training_don_t_overdo_it,Failed training (Don't Overdo It!),Top::Energy +10|Mood -2|Last trained stat -10|2 random stats -10|(random) Get Practice Poor status||Bot::!Randomly either|Mood -3|Last trained stat -10|2 random stats -10|Get Practice Poor status|!or|Energy +10|Get Practice Perfect ○ status,3
vodka-wild-top-gear,special,extra_training,Extra Training,Top::Energy -5|Last trained stat +5|(random) Heal a negative status effect||Bot::Energy +5,4
vodka-wild-top-gear,special,at_summer_camp_year_2,At Summer Camp (Year 2),Top::Power +10||Bot::Guts +10,5
vodka-wild-top-gear,special,fan_letter,Fan Letter,Mood +1|Skill points +30,6
vodka-wild-top-gear,special,new_year_s_resolutions,New Year's Resolutions,Top::Energy +20||Mid::Skill points +20||Bot::All stats +5,7
vodka-wild-top-gear,special,new_year_s_shrine_visit,New Year's Shrine Visit,Top::Energy +30||Mid::All stats +5||Bot::Skill points +35,8
vodka-wild-top-gear,after_race,victory_1st,Victory! (1st),Top::Energy -15|1 random stat +10 / +8 / +5|Skill points +45 / +35 / +30|(random) Hint for a skill related to the race||Bot::!Randomly either|Energy -5|1 random stat +10 / +8 / +5|Skill points +45 / +35 / +30|(random) Hint for a skill related to the race|!or|Energy -20|1 random stat +10 / +8 / +5|Skill points +45 / +35 / +30|(random) Hint for a skill related to the race,1
vodka-wild-top-gear,after_race,solid_showing_2nd_5th,Solid Showing (2nd-5th),Top::Energy -20|1 random stat +8 / +5 / +3|Skill points +45 / +35 / +30|(random) Hint for a skill related to the race||Bot::!Randomly either|Energy -10|1 random stat +8 / +5 / +3|Skill points +45 / +35 / +30|(random) Hint for a skill related to the race|!or|Energy -30|1 random stat +8 / +5 / +3|Skill points +45 / +35 / +30|(random) Hint for a skill related to the race,2
vodka-wild-top-gear,after_race,defeat_6th_or_worse,Defeat (6th or worse),Top::Energy -25|1 random stat +4 / +3 / +0|Skill points +25 / +20 / +10|(random) Hint for a skill related to the race||Bot::!Randomly either|Energy -15|1 random stat +4 / +3 / +0|Skill points +25 / +20 / +10|(random) Hint for a skill related to the race|!or|Energy -35|1 random stat +4 / +3 / +0|Skill points +25 / +20 / +10|(random) Hint for a skill related to the race,3
vodka-wild-top-gear,after_race,etsuko_s_elated_coverage,Etsuko's Elated Coverage,Energy -15|Mood +1|1 random stat +10 / +8 / +5|Skill points +45 / +35 / +30|Fans +500|(random) Hint for a skill related to the race|Etsuko Otonashi bond +15,4
vodka-wild-top-gear,after_race,etsuko_s_exhaustive_coverage,Etsuko's Exhaustive Coverage,Top::!Randomly either|Energy -25|Mood -1|1 random stat +4 / +3 / +0|Skill points +25 / +20 / +10|Etsuko Otonashi bond -10|!or|Energy -15|Mood +1|1 random stat +4 / +3 / +0|Skill points +25 / +20 / +10|Etsuko Otonashi bond +15||Bot::Energy -20|1 random stat +4 / +3 / +0|Skill points +25 / +20 / +10|Etsuko Otonashi bond +10,5
daiwa-scarlet-top-of-blue,costume,the_best_pose,The Best Pose,Top::Stamina +10|Power +10||Bot::Wit +20,1
daiwa-scarlet-top-of-blue,costume,the_weight_of_racewear,The Weight of Racewear,Top::Speed +20||Bot::Guts +20,2
daiwa-scarlet-top-of-blue,costume,looking_good,Looking Good,Top::Stamina +10|Wit +10|(random) Get Hot Topic status||Bot::Speed +10|Guts +10|(random) Get Hot Topic status,3
daiwa-scarlet-top-of-blue,choices,her,Her,Top::Power +5|RC||Bot::Power +5|RC,1
daiwa-scarlet-top-of-blue,choices,recommended_restaurant,Recommended Restaurant,Top::Speed +5|Power +5||Bot::Guts +5|Mood +1,2
daiwa-scarlet-top-of-blue,choices,advice_from_an_older_student,Advice from an Older Student,Top::Speed +10||Bot::Power +10,3
daiwa-scarlet-top-of-blue,choices,enjoying_number_one,Enjoying Number One,Top::Stamina +10|Skill points +15||Bot::Unyielding Spirit hint +1,4
daiwa-scarlet-top-of-blue,choices,can_t_lose_sight_of_number_one,Can't Lose Sight of Number One!,Top::Energy +10|Skill points +5||Bot::!Randomly either (~90%)|Energy +30|Skill points +10|!Randomly either (~10%)|Energy +30|Skill points +10|Speed -5|Power +5|Get Slow Metabolism status,5
daiwa-scarlet-top-of-blue,date,as_a_model_student,As a Model Student...,Top::Wit +10||Bot::Skill points +30,1
daiwa-scarlet-top-of-blue,date,just_a_little_more,Just a Little More,Top::Skill points +30||Bot::Power +10,2
daiwa-scarlet-top-of-blue,date,under_the_evening_star,Under the Evening Star,Top::Skill points +30||Bot::Speed +5|Stamina +5||Mid::Power +10,3
daiwa-scarlet-top-of-blue,date,rained_on,Rained On,Top::Guts +10||Bot::Wit +10,4
daiwa-scarlet-top-of-blue,date,how_to_spend_a_day_off,How to Spend a Day Off,Top::Energy +10||Bot::Mood +1|Wit +5,5
daiwa-scarlet-top-of-blue,secret,number_one_and_the_coolest,Number One and the Coolest,conditions::Win the Hanshin Juvenile Fillies|Win the Oka Sho|Win the Tokyo Yushun (Japanese Derby)|Win the Takarazuka Kinen (Classic)|Win the Shuka Sho|Win the Queen Elizabeth II Cup (Classic)|Win the Japan Cup (Classic)|Win the Osaka Hai|Win the Tenno Sho (Autumn)|Win the Japan Cup (Senior)|Triggers during Late December Senior Year||reward::All stats +15|Skill points +50|Unyielding Spirit hint +1|Head-On hint +1|Nimble Navigator hint +1,1
daiwa-scarlet-top-of-blue,secret,the_japanese_derby,The Japanese Derby,conditions::Participate in the Japanese Oaks||reward::RR|Mood +1,2
daiwa-scarlet-top-of-blue,secret,after_the_shuka_sho_obviously,After the Shuka Sho: Obviously!,conditions::beat_rival: 101401|1008||reward::RR,3
daiwa-scarlet-top-of-blue,secret,after_the_shuka_sho_aching_legs,After the Shuka Sho: Aching Legs,conditions::lose_to_rival: 101401|1008||reward::RR,4
daiwa-scarlet-top-of-blue,secret,after_the_tenno_sho_autumn_they_haven_t_changed,After the Tenno Sho (Autumn): They Haven't Changed,conditions::Win the Tenno Sho (Autumn) (Senior)||reward::RR|Steadfast hint +1,5
daiwa-scarlet-top-of-blue,no_choices,there_can_only_be_one,There Can Only Be One,Wit +5,1
daiwa-scarlet-top-of-blue,no_choices,my_number_one,My Number One,Wit +5,2
daiwa-scarlet-top-of-blue,no_choices,empty_room,Empty Room,Wit +5,3
daiwa-scarlet-top-of-blue,no_choices,number_one_rival,Number-One Rival,Guts +5|Wit +5,4
daiwa-scarlet-top-of-blue,no_choices,a_curious_rumor,A Curious Rumor,Guts -5|Mood -1,5
daiwa-scarlet-top-of-blue,no_choices,run_run_futsal_time,"Run, Run, Futsal Time!",Energy +10|Speed +15|Shifting Gears hint +1|!Randomly either|Energy +10|Speed +10,6
daiwa-scarlet-top-of-blue,no_choices,master_trainer,Master Trainer,Wit +10|(random) Get Practice Perfect ○ status,7
daiwa-scarlet-top-of-blue,no_choices,a_primo_connection,A Primo Connection,All stats +5|Skill points +5,8
daiwa-scarlet-top-of-blue,no_choices,twintail_troubles,Twintail Troubles,Mood -1,9
daiwa-scarlet-top-of-blue,no_choices,my_perch,My Perch,Energy -10|Mood -1,10
daiwa-scarlet-top-of-blue,no_choices,a_dream_a_spell_or_a_revelation,A Dream? A Spell? Or a Revelation?,All stats +5|Skill points +30|Mood +2|(random) Get Fast Learner status,11
daiwa-scarlet-top-of-blue,no_choices,enthusiastic_reading,Enthusiastic Reading,Energy +15|Mood -1|Guts -5|!Randomly either|Energy +15|Guts -5|Get Slacker status|!Randomly either|Energy +15|Mood -1|Guts -5|Get Slacker status,12
daiwa-scarlet-top-of-blue,special,dance_lesson,Dance Lesson,Top::Guts +10||Bot::Speed +10,9
daiwa-scarlet-top-of-blue,special,bonus_at_start,Bonus at start,Skill points +120,1
daiwa-scarlet-top-of-blue,special,failed_training_get_well_soon,Failed training (Get Well Soon!),Top::Mood -1|Last trained stat -5|(random) Get Practice Poor status||Bot::!Randomly either|Mood -1|Last trained stat -10|(random) Get Practice Poor status|!or|Get Practice Perfect ○ status,2
daiwa-scarlet-top-of-blue,special,failed_training_don_t_overdo_it,Failed training (Don't Overdo It!),Top::Energy +10|Mood -2|Last trained stat -10|2 random stats -10|(random) Get Practice Poor status||Bot::!Randomly either|Mood -3|Last trained stat -10|2 random stats -10|Get Practice Poor status|!or|Energy +10|Get Practice Perfect ○ status,3
daiwa-scarlet-top-of-blue,special,extra_training,Extra Training,Top::Energy -5|Last trained stat +5|(random) Heal a negative status effect||Bot::Energy +5,4
daiwa-scarlet-top-of-blue,special,at_summer_camp_year_2,At Summer Camp (Year 2),Top::Power +10||Bot::Guts +10,5
daiwa-scarlet-top-of-blue,special,fan_letter,Fan Letter,Mood +1|Skill points +30,6
daiwa-scarlet-top-of-blue,special,new_year_s_resolutions,New Year's Resolutions,Top::Energy +20||Mid::Skill points +20||Bot::All stats +5,7
daiwa-scarlet-top-of-blue,special,new_year_s_shrine_visit,New Year's Shrine Visit,Top::Energy +30||Mid::All stats +5||Bot::Skill points +35,8
daiwa-scarlet-top-of-blue,after_race,victory_1st,Victory! (1st),Top::Energy -15|1 random stat +10 / +8 / +5|Skill points +45 / +35 / +30|(random) Hint for a skill related to the race||Bot::!Randomly either|Energy -5|1 random stat +10 / +8 / +5|Skill points +45 / +35 / +30|(random) Hint for a skill related to the race|!or|Energy -20|1 random stat +10 / +8 / +5|Skill points +45 / +35 / +30|(random) Hint for a skill related to the race,1
daiwa-scarlet-top-of-blue,after_race,solid_showing_2nd_5th,Solid Showing (2nd-5th),Top::Energy -20|1 random stat +8 / +5 / +3|Skill points +45 / +35 / +30|(random) Hint for a skill related to the race||Bot::!Randomly either|Energy -10|1 random stat +8 / +5 / +3|Skill points +45 / +35 / +30|(random) Hint for a skill related to the race|!or|Energy -30|1 random stat +8 / +5 / +3|Skill points +45 / +35 / +30|(random) Hint for a skill related to the race,2
daiwa-scarlet-top-of-blue,after_race,defeat_6th_or_worse,Defeat (6th or worse),Top::Energy -25|1 random stat +4 / +3 / +0|Skill points +25 / +20 / +10|(random) Hint for a skill related to the race||Bot::!Randomly either|Energy -15|1 random stat +4 / +3 / +0|Skill points +25 / +20 / +10|(random) Hint for a skill related to the race|!or|Energy -35|1 random stat +4 / +3 / +0|Skill points +25 / +20 / +10|(random) Hint for a skill related to the race,3
daiwa-scarlet-top-of-blue,after_race,etsuko_s_elated_coverage,Etsuko's Elated Coverage,Energy -15|Mood +1|1 random stat +10 / +8 / +5|Skill points +45 / +35 / +30|Fans +500|(random) Hint for a skill related to the race|Etsuko Otonashi bond +15,4
daiwa-scarlet-top-of-blue,after_race,etsuko_s_exhaustive_coverage,Etsuko's Exhaustive Coverage,Top::!Randomly either|Energy -25|Mood -1|1 random stat +4 / +3 / +0|Skill points +25 / +20 / +10|Etsuko Otonashi bond -10|!or|Energy -15|Mood +1|1 random stat +4 / +3 / +0|Skill points +25 / +20 / +10|Etsuko Otonashi bond +15||Bot::Energy -20|1 random stat +4 / +3 / +0|Skill points +25 / +20 / +10|Etsuko Otonashi bond +10,5
taiki-shuttle-wild-frontier,costume,quick_draw_showdown,Quick Draw Showdown,Top::Energy +10|Speed +10||Bot::Energy +10|Wit +10,1
taiki-shuttle-wild-frontier,costume,must_win_match,Must-Win Match,Top::Wit +20||Bot::Stamina +20,2
taiki-shuttle-wild-frontier,costume,to_the_top,To the Top!,Top::Power +10|Guts +10|(random) Get Fast Learner status||Bot::Speed +10|Wit +10|(random) Get Fast Learner status,3
taiki-shuttle-wild-frontier,choices,hide_and_seek,Hide-and-Seek,Top::Speed +10||Bot::Stamina +10,1
taiki-shuttle-wild-frontier,choices,embracing_guidance,Embracing Guidance,Top::Power +10||Bot::Energy +10,2
taiki-shuttle-wild-frontier,choices,harvest_festival,Harvest Festival,Top::Power +10|Skill points +15||Bot::Prepared to Pass hint +1,3
taiki-shuttle-wild-frontier,choices,serial_riddler,Serial Riddler,Top::Mood +1|Stamina +5|Power +10|!Randomly either|Mood -1||Bot::Wit +10,4
taiki-shuttle-wild-frontier,choices,taste_of_home,Taste of Home,Top::Mood +1|Speed +10|Power +5|!Randomly either|Mood -1||Bot::Wit +10,5
taiki-shuttle-wild-frontier,choices,meaty_heaven,Meaty Heaven,Top::Energy +10|Skill points +5||Bot::!Randomly either (~90%)|Energy +30|Skill points +10|!Randomly either (~10%)|Energy +30|Skill points +10|Speed -5|Power +5|Get Slow Metabolism status,6
taiki-shuttle-wild-frontier,date,rainy_power,Rainy Power,Top::Power +10||Bot::Skill points +30,1
taiki-shuttle-wild-frontier,date,rainy_choice,Rainy Choice,Top::Speed +5|Guts +5||Bot::Stamina +5|Wit +5,2
taiki-shuttle-wild-frontier,date,rainy_rescue,Rainy Rescue,Top::Skill points +30||Bot::Power +5|Wit +5||Mid::Speed +5|Guts +5,3
taiki-shuttle-wild-frontier,date,let_s_patrol,Let's Patrol!,Top::Power +10||Bot::Energy +10,4
taiki-shuttle-wild-frontier,date,going_home_together,Going Home Together,Top::Mood +1|Speed +5||Bot::Mood +1|Stamina +5,5
taiki-shuttle-wild-frontier,secret,beyond_the_mile,Beyond the Mile,conditions::Win the Mile Championship (Classic)|Win the Kinko Sho|Win the Takarazuka Kinen (Senior)|Win the Mainichi Okan (Senior)|Win the Tenno Sho (Autumn) (Senior)||reward::Speed +25|Power +25|Guts +25|Skill points +50|All I've Got hint +1|No Looking Back hint +1|Head-On hint +1,1
taiki-shuttle-wild-frontier,secret,silence_suzuka_awakening_1,Silence Suzuka: Awakening 1,conditions::do_not_race: 3|3|1||reward::NO,2
taiki-shuttle-wild-frontier,secret,silence_suzuka_awakening_2,Silence Suzuka: Awakening 2,conditions::do_not_race: 3|6|2||reward::NO,3
taiki-shuttle-wild-frontier,secret,silence_suzuka_awakening_3,Silence Suzuka: Awakening 3,conditions::do_not_race: 3|10|1||reward::NO,4
taiki-shuttle-wild-frontier,secret,silence_suzuka_awakening_4,Silence Suzuka: Awakening 4,conditions::do_not_race: 3|10|2||reward::NO,5
taiki-shuttle-wild-frontier,no_choices,racing_dreams,Racing Dreams,Speed +5,1
taiki-shuttle-wild-frontier,no_choices,frontier_spirit,Frontier Spirit,Power +5,2
taiki-shuttle-wild-frontier,no_choices,a_path_forward,A Path Forward,Power +5,3
taiki-shuttle-wild-frontier,no_choices,pioneer,Pioneer,Power +5,4
taiki-shuttle-wild-frontier,no_choices,chasing_your_shadow,Chasing Your Shadow,Speed +10,5
taiki-shuttle-wild-frontier,no_choices,outlaw,Outlaw?,Mood -1|Guts -5|(random) Get Slacker status,6
taiki-shuttle-wild-frontier,no_choices,master_trainer,Master Trainer,Speed +10|(random) Get Practice Perfect ○ status,7
taiki-shuttle-wild-frontier,no_choices,through_the_wilds_with_a_smile,Through the Wilds with a Smile,All stats +5|Skill points +5,8
taiki-shuttle-wild-frontier,no_choices,academic_crisis,Academic Crisis!,Mood -1,9
taiki-shuttle-wild-frontier,no_choices,early_to_bed_early_to_shoot,"Early to Bed, Early to Shoot?",Energy -10|Mood -1,10
taiki-shuttle-wild-frontier,no_choices,cowgirl_s_got_this,Cowgirl's Got This!,All stats +5|Skill points +30|Mood +2|(random) Get Fast Learner status,11
taiki-shuttle-wild-frontier,no_choices,friendly_distraction,Friendly Distraction,Energy +15|Mood -1|Guts -5|!Randomly either|Energy +15|Guts -5|Get Slacker status|!Randomly either|Energy +15|Mood -1|Guts -5|Get Slacker status,12
taiki-shuttle-wild-frontier,special,dance_lesson,Dance Lesson,Top::Power +10||Bot::Speed +10,9
taiki-shuttle-wild-frontier,special,bonus_at_start,Bonus at start,Skill points +120,1
taiki-shuttle-wild-frontier,special,failed_training_get_well_soon,Failed training (Get Well Soon!),Top::Mood -1|Last trained stat -5|(random) Get Practice Poor status||Bot::!Randomly either|Mood -1|Last trained stat -10|(random) Get Practice Poor status|!or|Get Practice Perfect ○ status,2
taiki-shuttle-wild-frontier,special,failed_training_don_t_overdo_it,Failed training (Don't Overdo It!),Top::Energy +10|Mood -2|Last trained stat -10|2 random stats -10|(random) Get Practice Poor status||Bot::!Randomly either|Mood -3|Last trained stat -10|2 random stats -10|Get Practice Poor status|!or|Energy +10|Get Practice Perfect ○ status,3
taiki-shuttle-wild-frontier,special,extra_training,Extra Training,Top::Energy -5|Last trained stat +5|(random) Heal a negative status effect||Bot::Energy +5,4
taiki-shuttle-wild-frontier,special,at_summer_camp_year_2,At Summer Camp (Year 2),Top::Power +10||Bot::Guts +10,5
taiki-shuttle-wild-frontier,special,fan_letter,Fan Letter,Mood +1|Skill points +30,6
taiki-shuttle-wild-frontier,special,new_year_s_resolutions,New Year's Resolutions,Top::Energy +20||Mid::Skill points +20||Bot::All stats +5,7
taiki-shuttle-wild-frontier,special,new_year_s_shrine_visit,New Year's Shrine Visit,Top::Energy +30||Mid::All stats +5||Bot::Skill points +35,8
taiki-shuttle-wild-frontier,after_race,victory_1st,Victory! (1st),Top::Energy -15|1 random stat +10 / +8 / +5|Skill points +45 / +35 / +30|(random) Hint for a skill related to the race||Bot::!Randomly either|Energy -5|1 random stat +10 / +8 / +5|Skill points +45 / +35 / +30|(random) Hint for a skill related to the race|!or|Energy -20|1 random stat +10 / +8 / +5|Skill points +45 / +35 / +30|(random) Hint for a skill related to the race,1
taiki-shuttle-wild-frontier,after_race,solid_showing_2nd_5th,Solid Showing (2nd-5th),Top::Energy -20|1 random stat +8 / +5 / +3|Skill points +45 / +35 / +30|(random) Hint for a skill related to the race||Bot::!Randomly either|Energy -10|1 random stat +8 / +5 / +3|Skill points +45 / +35 / +30|(random) Hint for a skill related to the race|!or|Energy -30|1 random stat +8 / +5 / +3|Skill points +45 / +35 / +30|(random) Hint for a skill related to the race,2
taiki-shuttle-wild-frontier,after_race,defeat_6th_or_worse,Defeat (6th or worse),Top::Energy -25|1 random stat +4 / +3 / +0|Skill points +25 / +20 / +10|(random) Hint for a skill related to the race||Bot::!Randomly either|Energy -15|1 random stat +4 / +3 / +0|Skill points +25 / +20 / +10|(random) Hint for a skill related to the race|!or|Energy -35|1 random stat +4 / +3 / +0|Skill points +25 / +20 / +10|(random) Hint for a skill related to the race,3
taiki-shuttle-wild-frontier,after_race,etsuko_s_elated_coverage,Etsuko's Elated Coverage,Energy -15|Mood +1|1 random stat +10 / +8 / +5|Skill points +45 / +35 / +30|Fans +500|(random) Hint for a skill related to the race|Etsuko Otonashi bond +15,4
taiki-shuttle-wild-frontier,after_race,etsuko_s_exhaustive_coverage,Etsuko's Exhaustive Coverage,Top::!Randomly either|Energy -25|Mood -1|1 random stat +4 / +3 / +0|Skill points +25 / +20 / +10|Etsuko Otonashi bond -10|!or|Energy -15|Mood +1|1 random stat +4 / +3 / +0|Skill points +25 / +20 / +10|Etsuko Otonashi bond +15||Bot::Energy -20|1 random stat +4 / +3 / +0|Skill points +25 / +20 / +10|Etsuko Otonashi bond +10,5
grass-wonder-rock-piercing-blue,costume,hidden_meaning,Hidden Meaning,Top::Stamina +10|Guts +10||Bot::Power +20,1
grass-wonder-rock-piercing-blue,costume,principles,Principles,Top::Speed +20||Bot::Stamina +20,2
grass-wonder-rock-piercing-blue,costume,hate_to_lose,Hate to Lose,Top::Wit +20|(random) Get Fast Learner status||Bot::Stamina +10|Guts +10|(random) Get Fast Learner status,3
grass-wonder-rock-piercing-blue,choices,errands_have_perks,Errands Have Perks,Top::Speed +5|Stamina +5||Bot::Energy +5|Wit +5,1
grass-wonder-rock-piercing-blue,choices,beauteaful,Beauteaful,Top::Wit +5|Skill points +15||Bot::Speed +10,2
grass-wonder-rock-piercing-blue,choices,tracen_karuta_queen,Tracen Karuta Queen,Top::Speed +10|Wit +5||Bot::Competitive Spirit ○ hint +1,3
grass-wonder-rock-piercing-blue,choices,in_search_of_refreshment,In Search of Refreshment,"Top::Mood -1|Guts +30|1,500,000 CC hint +1|!Randomly either|Energy -10|Guts +30|1,500,000 CC hint +1||Bot::Mood -1|Wit +30|Be Still hint +1|!Randomly either|Energy -10|Wit +30|Be Still hint +1",4
grass-wonder-rock-piercing-blue,choices,together_for_tea,Together for Tea,Top::Energy +10|Skill points +5||Bot::!Randomly either (~90%)|Energy +30|Skill points +10|!Randomly either (~10%)|Energy +30|Skill points +10|Speed -5|Power +5|Get Slow Metabolism status,5
grass-wonder-rock-piercing-blue,date,yamato_nadeshiko,Yamato Nadeshiko,Top::Power +5|Wit +5||Bot::Speed +10,1
grass-wonder-rock-piercing-blue,date,childhoods_apart,Childhoods Apart,Top::Guts +10||Bot::Stamina +10,2
grass-wonder-rock-piercing-blue,date,nadeshiko_gal,Nadeshiko Gal,Top::Power +10||Bot::Wit +10||Mid::Speed +10,3
grass-wonder-rock-piercing-blue,date,childhood_dream,Childhood Dream,Top::Speed +5|Guts +5||Bot::Stamina +5|Wit +5,4
grass-wonder-rock-piercing-blue,date,flower_vase,Flower Vase,Top::Guts +5|Wit +5||Bot::Speed +5|Stamina +5,5
grass-wonder-rock-piercing-blue,secret,beyond_the_triple_crown,Beyond the Triple Crown,conditions::Win the ['100501']|Win the ['101001']|Win the ['101501']||reward::Speed +15|Power +15|Wit +15|Skill points +25|Up-Tempo hint +1,1
grass-wonder-rock-piercing-blue,no_choices,the_beast_s_successor,The Beast's Successor,Speed +5|Wit +5,1
grass-wonder-rock-piercing-blue,no_choices,gathering_of_legends,Gathering of Legends,Guts +5,2
grass-wonder-rock-piercing-blue,no_choices,out_of_reach,Out of Reach,Guts +5,3
grass-wonder-rock-piercing-blue,no_choices,rival_awakening,Rival Awakening,Wit +10,4
grass-wonder-rock-piercing-blue,no_choices,flying_car,Flying Car,Mood -1|Power -5,5
grass-wonder-rock-piercing-blue,no_choices,master_trainer,Master Trainer,Wit +10|(random) Get Practice Perfect ○ status,6
grass-wonder-rock-piercing-blue,no_choices,the_journey_continues,The Journey Continues,All stats +5|Skill points +5,7
grass-wonder-rock-piercing-blue,no_choices,tumult,Tumult,Mood -1,8
grass-wonder-rock-piercing-blue,no_choices,competitive,Competitive,Energy -10|Mood -1,9
grass-wonder-rock-piercing-blue,no_choices,one_destination,One Destination,All stats +5|Skill points +30|Mood +2|(random) Get Fast Learner status,10
grass-wonder-rock-piercing-blue,no_choices,help_pre_test_panic,Help! Pre-Test Panic,Energy +15|Mood -1|Guts -5|!Randomly either|Energy +15|Guts -5|Get Slacker status|!Randomly either|Energy +15|Mood -1|Guts -5|Get Slacker status,11
grass-wonder-rock-piercing-blue,special,dance_lesson,Dance Lesson,Top::Power +10||Bot::Guts +10,9
grass-wonder-rock-piercing-blue,special,bonus_at_start,Bonus at start,Skill points +120,1
grass-wonder-rock-piercing-blue,special,failed_training_get_well_soon,Failed training (Get Well Soon!),Top::Mood -1|Last trained stat -5|(random) Get Practice Poor status||Bot::!Randomly either|Mood -1|Last trained stat -10|(random) Get Practice Poor status|!or|Get Practice Perfect ○ status,2
grass-wonder-rock-piercing-blue,special,failed_training_don_t_overdo_it,Failed training (Don't Overdo It!),Top::Energy +10|Mood -2|Last trained stat -10|2 random stats -10|(random) Get Practice Poor status||Bot::!Randomly either|Mood -3|Last trained stat -10|2 random stats -10|Get Practice Poor status|!or|Energy +10|Get Practice Perfect ○ status,3
grass-wonder-rock-piercing-blue,special,extra_training,Extra Training,Top::Energy -5|Last trained stat +5|(random) Heal a negative status effect||Bot::Energy +5,4
grass-wonder-rock-piercing-blue,special,at_summer_camp_year_2,At Summer Camp (Year 2),Top::Power +10||Bot::Guts +10,5
grass-wonder-rock-piercing-blue,special,fan_letter,Fan Letter,Mood +1|Skill points +30,6
grass-wonder-rock-piercing-blue,special,new_year_s_resolutions,New Year's Resolutions,Top::Energy +20||Mid::Skill points +20||Bot::All stats +5,7
grass-wonder-rock-piercing-blue,special,new_year_s_shrine_visit,New Year's Shrine Visit,Top::Energy +30||Mid::All stats +5||Bot::Skill points +35,8
grass-wonder-rock-piercing-blue,after_race,victory_1st,Victory! (1st),Top::Energy -15|1 random stat +10 / +8 / +5|Skill points +45 / +35 / +30|(random) Hint for a skill related to the race||Bot::!Randomly either|Energy -5|1 random stat +10 / +8 / +5|Skill points +45 / +35 / +30|(random) Hint for a skill related to the race|!or|Energy -20|1 random stat +10 / +8 / +5|Skill points +45 / +35 / +30|(random) Hint for a skill related to the race,1
grass-wonder-rock-piercing-blue,after_race,solid_showing_2nd_5th,Solid Showing (2nd-5th),Top::Energy -20|1 random stat +8 / +5 / +3|Skill points +45 / +35 / +30|(random) Hint for a skill related to the race||Bot::!Randomly either|Energy -10|1 random stat +8 / +5 / +3|Skill points +45 / +35 / +30|(random) Hint for a skill related to the race|!or|Energy -30|1 random stat +8 / +5 / +3|Skill points +45 / +35 / +30|(random) Hint for a skill related to the race,2
grass-wonder-rock-piercing-blue,after_race,defeat_6th_or_worse,Defeat (6th or worse),Top::Energy -25|1 random stat +4 / +3 / +0|Skill points +25 / +20 / +10|(random) Hint for a skill related to the race||Bot::!Randomly either|Energy -15|1 random stat +4 / +3 / +0|Skill points +25 / +20 / +10|(random) Hint for a skill related to the race|!or|Energy -35|1 random stat +4 / +3 / +0|Skill points +25 / +20 / +10|(random) Hint for a skill related to the race,3
grass-wonder-rock-piercing-blue,after_race,etsuko_s_elated_coverage,Etsuko's Elated Coverage,Energy -15|Mood +1|1 random stat +10 / +8 / +5|Skill points +45 / +35 / +30|Fans +500|(random) Hint for a skill related to the race|Etsuko Otonashi bond +15,4
grass-wonder-rock-piercing-blue,after_race,etsuko_s_exhaustive_coverage,Etsuko's Exhaustive Coverage,Top::!Randomly either|Energy -25|Mood -1|1 random stat +4 / +3 / +0|Skill points +25 / +20 / +10|Etsuko Otonashi bond -10|!or|Energy -15|Mood +1|1 random stat +4 / +3 / +0|Skill points +25 / +20 / +10|Etsuko Otonashi bond +15||Bot::Energy -20|1 random stat +4 / +3 / +0|Skill points +25 / +20 / +10|Etsuko Otonashi bond +10,5
grass-wonder-saint-jade-healer,costume,a_warrior_s_spirit,A Warrior's Spirit,Top::Mood +1|Power +10||Bot::Energy +15,1
grass-wonder-saint-jade-healer,costume,whimsical_encounter,Whimsical Encounter,Top::Guts +10|Wit +10||Bot::Stamina +20,2
grass-wonder-saint-jade-healer,costume,everlasting_game,Everlasting Game,Top::Sharp Gaze hint +1|(random) Get Hot Topic status||Bot::Speed +10|Skill points +15|(random) Get Hot Topic status,3
grass-wonder-saint-jade-healer,choices,errands_have_perks,Errands Have Perks,Top::Speed +5|Stamina +5||Bot::Energy +5|Wit +5,1
grass-wonder-saint-jade-healer,choices,beauteaful,Beauteaful,Top::Wit +5|Skill points +15||Bot::Speed +10,2
grass-wonder-saint-jade-healer,choices,tracen_karuta_queen,Tracen Karuta Queen,Top::Speed +10|Wit +5||Bot::Competitive Spirit ○ hint +1,3
grass-wonder-saint-jade-healer,choices,in_search_of_refreshment,In Search of Refreshment,"Top::Mood -1|Guts +30|1,500,000 CC hint +1|!Randomly either|Energy -10|Guts +30|1,500,000 CC hint +1||Bot::Mood -1|Wit +30|Be Still hint +1|!Randomly either|Energy -10|Wit +30|Be Still hint +1",4
grass-wonder-saint-jade-healer,choices,together_for_tea,Together for Tea,Top::Energy +10|Skill points +5||Bot::!Randomly either (~90%)|Energy +30|Skill points +10|!Randomly either (~10%)|Energy +30|Skill points +10|Speed -5|Power +5|Get Slow Metabolism status,5
grass-wonder-saint-jade-healer,date,yamato_nadeshiko,Yamato Nadeshiko,Top::Power +5|Wit +5||Bot::Speed +10,1
grass-wonder-saint-jade-healer,date,childhoods_apart,Childhoods Apart,Top::Guts +10||Bot::Stamina +10,2
grass-wonder-saint-jade-healer,date,nadeshiko_gal,Nadeshiko Gal,Top::Power +10||Bot::Wit +10||Mid::Speed +10,3
grass-wonder-saint-jade-healer,date,childhood_dream,Childhood Dream,Top::Speed +5|Guts +5||Bot::Stamina +5|Wit +5,4
grass-wonder-saint-jade-healer,date,flower_vase,Flower Vase,Top::Guts +5|Wit +5||Bot::Speed +5|Stamina +5,5
grass-wonder-saint-jade-healer,secret,beyond_the_triple_crown,Beyond the Triple Crown,conditions::Win the ['100501']|Win the ['101001']|Win the ['101501']||reward::Speed +15|Power +15|Wit +15|Skill points +25|Up-Tempo hint +1,1
grass-wonder-saint-jade-healer,no_choices,the_beast_s_successor,The Beast's Successor,Speed +5|Wit +5,1
grass-wonder-saint-jade-healer,no_choices,gathering_of_legends,Gathering of Legends,Guts +5,2
grass-wonder-saint-jade-healer,no_choices,out_of_reach,Out of Reach,Guts +5,3
grass-wonder-saint-jade-healer,no_choices,rival_awakening,Rival Awakening,Wit +10,4
grass-wonder-saint-jade-healer,no_choices,flying_car,Flying Car,Mood -1|Power -5,5
grass-wonder-saint-jade-healer,no_choices,master_trainer,Master Trainer,Wit +10|(random) Get Practice Perfect ○ status,6
grass-wonder-saint-jade-healer,no_choices,the_journey_continues,The Journey Continues,All stats +5|Skill points +5,7
grass-wonder-saint-jade-healer,no_choices,tumult,Tumult,Mood -1,8
grass-wonder-saint-jade-healer,no_choices,competitive,Competitive,Energy -10|Mood -1,9
grass-wonder-saint-jade-healer,no_choices,one_destination,One Destination,All stats +5|Skill points +30|Mood +2|(random) Get Fast Learner status,10
grass-wonder-saint-jade-healer,no_choices,help_pre_test_panic,Help! Pre-Test Panic,Energy +15|Mood -1|Guts -5|!Randomly either|Energy +15|Guts -5|Get Slacker status|!Randomly either|Energy +15|Mood -1|Guts -5|Get Slacker status,11
grass-wonder-saint-jade-healer,special,dance_lesson,Dance Lesson,Top::Power +10||Bot::Guts +10,9
grass-wonder-saint-jade-healer,special,bonus_at_start,Bonus at start,Skill points +120,1
grass-wonder-saint-jade-healer,special,failed_training_get_well_soon,Failed training (Get Well Soon!),Top::Mood -1|Last trained stat -5|(random) Get Practice Poor status||Bot::!Randomly either|Mood -1|Last trained stat -10|(random) Get Practice Poor status|!or|Get Practice Perfect ○ status,2
grass-wonder-saint-jade-healer,special,failed_training_don_t_overdo_it,Failed training (Don't Overdo It!),Top::Energy +10|Mood -2|Last trained stat -10|2 random stats -10|(random) Get Practice Poor status||Bot::!Randomly either|Mood -3|Last trained stat -10|2 random stats -10|Get Practice Poor status|!or|Energy +10|Get Practice Perfect ○ status,3
grass-wonder-saint-jade-healer,special,extra_training,Extra Training,Top::Energy -5|Last trained stat +5|(random) Heal a negative status effect||Bot::Energy +5,4
grass-wonder-saint-jade-healer,special,at_summer_camp_year_2,At Summer Camp (Year 2),Top::Power +10||Bot::Guts +10,5
grass-wonder-saint-jade-healer,special,fan_letter,Fan Letter,Mood +1|Skill points +30,6
grass-wonder-saint-jade-healer,special,new_year_s_resolutions,New Year's Resolutions,Top::Energy +20||Mid::Skill points +20||Bot::All stats +5,7
grass-wonder-saint-jade-healer,special,new_year_s_shrine_visit,New Year's Shrine Visit,Top::Energy +30||Mid::All stats +5||Bot::Skill points +35,8
grass-wonder-saint-jade-healer,after_race,victory_1st,Victory! (1st),Top::Energy -15|1 random stat +10 / +8 / +5|Skill points +45 / +35 / +30|(random) Hint for a skill related to the race||Bot::!Randomly either|Energy -5|1 random stat +10 / +8 / +5|Skill points +45 / +35 / +30|(random) Hint for a skill related to the race|!or|Energy -20|1 random stat +10 / +8 / +5|Skill points +45 / +35 / +30|(random) Hint for a skill related to the race,1
grass-wonder-saint-jade-healer,after_race,solid_showing_2nd_5th,Solid Showing (2nd-5th),Top::Energy -20|1 random stat +8 / +5 / +3|Skill points +45 / +35 / +30|(random) Hint for a skill related to the race||Bot::!Randomly either|Energy -10|1 random stat +8 / +5 / +3|Skill points +45 / +35 / +30|(random) Hint for a skill related to the race|!or|Energy -30|1 random stat +8 / +5 / +3|Skill points +45 / +35 / +30|(random) Hint for a skill related to the race,2
grass-wonder-saint-jade-healer,after_race,defeat_6th_or_worse,Defeat (6th or worse),Top::Energy -25|1 random stat +4 / +3 / +0|Skill points +25 / +20 / +10|(random) Hint for a skill related to the race||Bot::!Randomly either|Energy -15|1 random stat +4 / +3 / +0|Skill points +25 / +20 / +10|(random) Hint for a skill related to the race|!or|Energy -35|1 random stat +4 / +3 / +0|Skill points +25 / +20 / +10|(random) Hint for a skill related to the race,3
grass-wonder-saint-jade-healer,after_race,etsuko_s_elated_coverage,Etsuko's Elated Coverage,Energy -15|Mood +1|1 random stat +10 / +8 / +5|Skill points +45 / +35 / +30|Fans +500|(random) Hint for a skill related to the race|Etsuko Otonashi bond +15,4
grass-wonder-saint-jade-healer,after_race,etsuko_s_exhaustive_coverage,Etsuko's Exhaustive Coverage,Top::!Randomly either|Energy -25|Mood -1|1 random stat +4 / +3 / +0|Skill points +25 / +20 / +10|Etsuko Otonashi bond -10|!or|Energy -15|Mood +1|1 random stat +4 / +3 / +0|Skill points +25 / +20 / +10|Etsuko Otonashi bond +15||Bot::Energy -20|1 random stat +4 / +3 / +0|Skill points +25 / +20 / +10|Etsuko Otonashi bond +10,5
hishi-amazon-amazoness-lapis,costume,another_level,Another Level,Top::Power +20||Bot::Guts +20,1
hishi-amazon-amazoness-lapis,costume,one_on_one_gangster_racewear,One-on-One! Gangster! Racewear!,Top::Power +20||Bot::Stamina +20,2
hishi-amazon-amazoness-lapis,costume,friend_or_rival,Friend or Rival?,Top::Power +20|(random) Get Practice Perfect ○ status||Bot::Wit +20|(random) Get Practice Perfect ○ status,3
hishi-amazon-amazoness-lapis,choices,hishiama_s_dorm_leader_breakfast,Hishiama's Dorm-Leader Breakfast,Top::Speed +10||Bot::Power +10,1
hishi-amazon-amazoness-lapis,choices,hishiama_s_needlework,Hishiama's Needlework,Top::Power +10||Bot::Stamina +5|Guts +5,2
hishi-amazon-amazoness-lapis,choices,hishiama_s_foraging,Hishiama's Foraging,Top::Power +10|Skill points +15||Bot::Homestretch Haste hint +1,3
hishi-amazon-amazoness-lapis,choices,the_magic_of_sweets,The Magic of Sweets?,Top::Energy +10|Skill points +5||Bot::!Randomly either (~90%)|Energy +30|Skill points +10|!Randomly either (~10%)|Energy +30|Skill points +10|Speed -5|Power +5|Get Slow Metabolism status,4
hishi-amazon-amazoness-lapis,date,blazing_memories,Blazing Memories,Top::Power +10||Bot::Wit +10,1
hishi-amazon-amazoness-lapis,date,cool_and_fiery_sisters,Cool and Fiery Sisters,Top::Speed +10||Bot::Stamina +10,2
hishi-amazon-amazoness-lapis,date,torrential_passion,Torrential Passion,Top::Speed +10||Bot::Wit +10||Mid::Power +10,3
hishi-amazon-amazoness-lapis,date,hishiama_s_special_view,Hishiama's Special View,Top::Speed +5|Power +5||Bot::Guts +10,4
hishi-amazon-amazoness-lapis,date,hishiama_and_the_arts,Hishiama and the Arts,Top::Speed +10||Bot::Stamina +10,5
hishi-amazon-amazoness-lapis,secret,after_the_shuka_sho_triple_tiara,After the Shuka Sho: Triple Tiara,conditions::Win the Oka Sho|Win the Japanese Oaks|Win the Shuka Sho||reward::Mood +1|All stats +5|Skill points +60|Steadfast hint +1|Yayoi Akikawa bond +4,1
hishi-amazon-amazoness-lapis,no_choices,strong_and_noble,Strong and Noble,Speed +10,1
hishi-amazon-amazoness-lapis,no_choices,our_one_on_one,Our One-on-One,Power +10,2
hishi-amazon-amazoness-lapis,no_choices,the_one_i_want_to_overtake,The One I Want to Overtake,Guts +5,3
hishi-amazon-amazoness-lapis,no_choices,narita_brian,Narita Brian,Guts +5,4
hishi-amazon-amazoness-lapis,no_choices,an_unchanging_pair,An Unchanging Pair,NO,5
hishi-amazon-amazoness-lapis,no_choices,even_hishiama_can_t_win,Even Hishiama Can't Win?,Mood -1|Power -5,6
hishi-amazon-amazoness-lapis,no_choices,dorm_leader_to_the_rescue,Dorm Leader to the Rescue!,Mood +1|Guts +10|Skill points +30|!Randomly either|Mood +1|Skill points +30|!Randomly either|Guts +10,7
hishi-amazon-amazoness-lapis,no_choices,master_trainer,Master Trainer,Speed +10|(random) Get Practice Perfect ○ status,8
hishi-amazon-amazoness-lapis,no_choices,nearby_flame,Nearby Flame,All stats +5|Skill points +5,9
hishi-amazon-amazoness-lapis,no_choices,hishiama_s_weakness,Hishiama's Weakness?,Mood -1,10
hishi-amazon-amazoness-lapis,no_choices,hishiama_s_responsibility,Hishiama's Responsibility!,Energy -10|Mood -1,11
hishi-amazon-amazoness-lapis,no_choices,tactical_recipes,Tactical Recipes,All stats +5|Skill points +30|Mood +2|(random) Get Fast Learner status,12
hishi-amazon-amazoness-lapis,no_choices,a_nostalgic_flavor,A Nostalgic Flavor,Energy +15|Mood -1|Guts -5|!Randomly either|Energy +15|Guts -5|Get Slacker status|!Randomly either|Energy +15|Mood -1|Guts -5|Get Slacker status,13
hishi-amazon-amazoness-lapis,special,dance_lesson,Dance Lesson,Top::Power +10||Bot::Wit +10,9
hishi-amazon-amazoness-lapis,special,bonus_at_start,Bonus at start,Skill points +120,1
hishi-amazon-amazoness-lapis,special,failed_training_get_well_soon,Failed training (Get Well Soon!),Top::Mood -1|Last trained stat -5|(random) Get Practice Poor status||Bot::!Randomly either|Mood -1|Last trained stat -10|(random) Get Practice Poor status|!or|Get Practice Perfect ○ status,2
hishi-amazon-amazoness-lapis,special,failed_training_don_t_overdo_it,Failed training (Don't Overdo It!),Top::Energy +10|Mood -2|Last trained stat -10|2 random stats -10|(random) Get Practice Poor status||Bot::!Randomly either|Mood -3|Last trained stat -10|2 random stats -10|Get Practice Poor status|!or|Energy +10|Get Practice Perfect ○ status,3
hishi-amazon-amazoness-lapis,special,extra_training,Extra Training,Top::Energy -5|Last trained stat +5|(random) Heal a negative status effect||Bot::Energy +5,4
hishi-amazon-amazoness-lapis,special,at_summer_camp_year_2,At Summer Camp (Year 2),Top::Power +10||Bot::Guts +10,5
hishi-amazon-amazoness-lapis,special,fan_letter,Fan Letter,Mood +1|Skill points +30,6
hishi-amazon-amazoness-lapis,special,new_year_s_resolutions,New Year's Resolutions,Top::Energy +20||Mid::Skill points +20||Bot::All stats +5,7
hishi-amazon-amazoness-lapis,special,new_year_s_shrine_visit,New Year's Shrine Visit,Top::Energy +30||Mid::All stats +5||Bot::Skill points +35,8
hishi-amazon-amazoness-lapis,after_race,victory_1st,Victory! (1st),Top::Energy -15|1 random stat +10 / +8 / +5|Skill points +45 / +35 / +30|(random) Hint for a skill related to the race||Bot::!Randomly either|Energy -5|1 random stat +10 / +8 / +5|Skill points +45 / +35 / +30|(random) Hint for a skill related to the race|!or|Energy -20|1 random stat +10 / +8 / +5|Skill points +45 / +35 / +30|(random) Hint for a skill related to the race,1
hishi-amazon-amazoness-lapis,after_race,solid_showing_2nd_5th,Solid Showing (2nd-5th),Top::Energy -20|1 random stat +8 / +5 / +3|Skill points +45 / +35 / +30|(random) Hint for a skill related to the race||Bot::!Randomly either|Energy -10|1 random stat +8 / +5 / +3|Skill points +45 / +35 / +30|(random) Hint for a skill related to the race|!or|Energy -30|1 random stat +8 / +5 / +3|Skill points +45 / +35 / +30|(random) Hint for a skill related to the race,2
hishi-amazon-amazoness-lapis,after_race,defeat_6th_or_worse,Defeat (6th or worse),Top::Energy -25|1 random stat +4 / +3 / +0|Skill points +25 / +20 / +10|(random) Hint for a skill related to the race||Bot::!Randomly either|Energy -15|1 random stat +4 / +3 / +0|Skill points +25 / +20 / +10|(random) Hint for a skill related to the race|!or|Energy -35|1 random stat +4 / +3 / +0|Skill points +25 / +20 / +10|(random) Hint for a skill related to the race,3
hishi-amazon-amazoness-lapis,after_race,etsuko_s_elated_coverage,Etsuko's Elated Coverage,Energy -15|Mood +1|1 random stat +10 / +8 / +5|Skill points +45 / +35 / +30|Fans +500|(random) Hint for a skill related to the race|Etsuko Otonashi bond +15,4
hishi-amazon-amazoness-lapis,after_race,etsuko_s_exhaustive_coverage,Etsuko's Exhaustive Coverage,Top::!Randomly either|Energy -25|Mood -1|1 random stat +4 / +3 / +0|Skill points +25 / +20 / +10|Etsuko Otonashi bond -10|!or|Energy -15|Mood +1|1 random stat +4 / +3 / +0|Skill points +25 / +20 / +10|Etsuko Otonashi bond +15||Bot::Energy -20|1 random stat +4 / +3 / +0|Skill points +25 / +20 / +10|Etsuko Otonashi bond +10,5
mejiro-mcqueen-elegance-line,costume,resolve_and_duty,Resolve and Duty,Top::Speed +10|Wit +10||Bot::Power +20,1
mejiro-mcqueen-elegance-line,costume,late_night_fanservice_training,Late-Night Fanservice Training,Top::Guts +20||Bot::Speed +20,2
mejiro-mcqueen-elegance-line,costume,elegance,Elegance,Top::Stamina +10|Power +10|(random) Get Practice Perfect ○ status||Bot::Wit +20|(random) Get Practice Perfect ○ status,3
mejiro-mcqueen-elegance-line,choices,queen_of_the_island,Queen of the Island,Top::Speed +10||Bot::Stamina +10,1
mejiro-mcqueen-elegance-line,choices,it_s_called_a_sea_pineapple,It's Called a Sea Pineapple!,Top::Skill points +30||Bot::Stamina +10,2
mejiro-mcqueen-elegance-line,choices,cooking_up_memories,Cooking Up Memories,Top::Energy +15||Bot::Early Lead hint +1,3
mejiro-mcqueen-elegance-line,choices,the_allure_of_racecourse_food,The Allure of Racecourse Food,Top::Energy +30|Stamina +10|Skill points +10|!Randomly either|Energy +30|Skill points +10|Speed -5|Power +5|Get Slow Metabolism status||Bot::Guts +15|Skill points +5||Mid::Energy +50|Wit +10|!Randomly either|Energy +50|Wit -10|Get Slow Metabolism status,4
mejiro-mcqueen-elegance-line,choices,attack_of_the_chestnut_feast,Attack of the Chestnut Feast!,Top::Energy +10|Skill points +5||Bot::!Randomly either (~90%)|Energy +30|Skill points +10|!Randomly either (~10%)|Energy +30|Skill points +10|Speed -5|Power +5|Get Slow Metabolism status,5
mejiro-mcqueen-elegance-line,date,two_tickets_for_the_silver_screen,Two Tickets for the Silver Screen,Top::Stamina +10||Bot::Wit +5|Skill points +15,1
mejiro-mcqueen-elegance-line,date,an_excited_young_lady,An Excited Young Lady,Top::Guts +10||Bot::Power +10,2
mejiro-mcqueen-elegance-line,date,endless_kingdom,Endless Kingdom,Top::Stamina +10||Bot::Wit +10||Mid::Speed +5|Power +5,3
mejiro-mcqueen-elegance-line,date,bargain_find,Bargain Find,Top::Speed +10||Bot::Guts +10,4
mejiro-mcqueen-elegance-line,date,three_ramen_bowls_worth_of_temptation,Three Ramen Bowls' Worth of Temptation,Top::Skill points +30||Bot::Speed +5|Stamina +5,5
mejiro-mcqueen-elegance-line,secret,autumn_congratulations,Autumn Congratulations,conditions::autumn_triple_crown_senior||reward::Speed +15|Stamina +15|Guts +15|Skill points +15,1
mejiro-mcqueen-elegance-line,no_choices,blame_game,Blame Game,Wit +5,1
mejiro-mcqueen-elegance-line,no_choices,ever_since,Ever Since,Stamina +5,2
mejiro-mcqueen-elegance-line,no_choices,versus_ryan,Versus Ryan,Guts +5,3
mejiro-mcqueen-elegance-line,no_choices,hopes_for_the_tenno_sho,Hopes for the Tenno Sho,Stamina +5,4
mejiro-mcqueen-elegance-line,no_choices,heir_to_the_mejiro_family,Heir to the Mejiro Family,Stamina +10,5
mejiro-mcqueen-elegance-line,no_choices,calm_and_collected,Calm and Collected?,Mood -1|Power -5,6
mejiro-mcqueen-elegance-line,no_choices,master_trainer,Master Trainer,Stamina +10|(random) Get Practice Perfect ○ status,7
mejiro-mcqueen-elegance-line,no_choices,getting_boring,Getting Boring,All stats +5|Skill points +5,8
mejiro-mcqueen-elegance-line,no_choices,slipped_through_the_cracks,Slipped Through the Cracks,Mood -1,9
mejiro-mcqueen-elegance-line,no_choices,early_morning_run,Early-Morning Run,Energy -10|Mood -1,10
mejiro-mcqueen-elegance-line,no_choices,limit_testing,Limit Testing,All stats +5|Skill points +30|Mood +2|(random) Get Fast Learner status,11
mejiro-mcqueen-elegance-line,no_choices,attack_of_the_space_baseball_zombies,Attack of the Space Baseball Zombies!,Energy +15|Mood -1|Guts -5|!Randomly either|Energy +15|Guts -5|Get Slacker status|!Randomly either|Energy +15|Mood -1|Guts -5|Get Slacker status,12
mejiro-mcqueen-elegance-line,special,dance_lesson,Dance Lesson,Top::Stamina +10||Bot::Wit +10,9
mejiro-mcqueen-elegance-line,special,bonus_at_start,Bonus at start,Skill points +120,1
mejiro-mcqueen-elegance-line,special,failed_training_get_well_soon,Failed training (Get Well Soon!),Top::Mood -1|Last trained stat -5|(random) Get Practice Poor status||Bot::!Randomly either|Mood -1|Last trained stat -10|(random) Get Practice Poor status|!or|Get Practice Perfect ○ status,2
mejiro-mcqueen-elegance-line,special,failed_training_don_t_overdo_it,Failed training (Don't Overdo It!),Top::Energy +10|Mood -2|Last trained stat -10|2 random stats -10|(random) Get Practice Poor status||Bot::!Randomly either|Mood -3|Last trained stat -10|2 random stats -10|Get Practice Poor status|!or|Energy +10|Get Practice Perfect ○ status,3
mejiro-mcqueen-elegance-line,special,extra_training,Extra Training,Top::Energy -5|Last trained stat +5|(random) Heal a negative status effect||Bot::Energy +5,4
mejiro-mcqueen-elegance-line,special,at_summer_camp_year_2,At Summer Camp (Year 2),Top::Power +10||Bot::Guts +10,5
mejiro-mcqueen-elegance-line,special,fan_letter,Fan Letter,Mood +1|Skill points +30,6
mejiro-mcqueen-elegance-line,special,new_year_s_resolutions,New Year's Resolutions,Top::Energy +20||Mid::Skill points +20||Bot::All stats +5,7
mejiro-mcqueen-elegance-line,special,new_year_s_shrine_visit,New Year's Shrine Visit,Top::Energy +30||Mid::All stats +5||Bot::Skill points +35,8
mejiro-mcqueen-elegance-line,after_race,victory_1st,Victory! (1st),Top::Energy -15|1 random stat +10 / +8 / +5|Skill points +45 / +35 / +30|(random) Hint for a skill related to the race||Bot::!Randomly either|Energy -5|1 random stat +10 / +8 / +5|Skill points +45 / +35 / +30|(random) Hint for a skill related to the race|!or|Energy -20|1 random stat +10 / +8 / +5|Skill points +45 / +35 / +30|(random) Hint for a skill related to the race,1
mejiro-mcqueen-elegance-line,after_race,solid_showing_2nd_5th,Solid Showing (2nd-5th),Top::Energy -20|1 random stat +8 / +5 / +3|Skill points +45 / +35 / +30|(random) Hint for a skill related to the race||Bot::!Randomly either|Energy -10|1 random stat +8 / +5 / +3|Skill points +45 / +35 / +30|(random) Hint for a skill related to the race|!or|Energy -30|1 random stat +8 / +5 / +3|Skill points +45 / +35 / +30|(random) Hint for a skill related to the race,2
mejiro-mcqueen-elegance-line,after_race,defeat_6th_or_worse,Defeat (6th or worse),Top::Energy -25|1 random stat +4 / +3 / +0|Skill points +25 / +20 / +10|(random) Hint for a skill related to the race||Bot::!Randomly either|Energy -15|1 random stat +4 / +3 / +0|Skill points +25 / +20 / +10|(random) Hint for a skill related to the race|!or|Energy -35|1 random stat +4 / +3 / +0|Skill points +25 / +20 / +10|(random) Hint for a skill related to the race,3
mejiro-mcqueen-elegance-line,after_race,etsuko_s_elated_coverage,Etsuko's Elated Coverage,Energy -15|Mood +1|1 random stat +10 / +8 / +5|Skill points +45 / +35 / +30|Fans +500|(random) Hint for a skill related to the race|Etsuko Otonashi bond +15,4
mejiro-mcqueen-elegance-line,after_race,etsuko_s_exhaustive_coverage,Etsuko's Exhaustive Coverage,Top::!Randomly either|Energy -25|Mood -1|1 random stat +4 / +3 / +0|Skill points +25 / +20 / +10|Etsuko Otonashi bond -10|!or|Energy -15|Mood +1|1 random stat +4 / +3 / +0|Skill points +25 / +20 / +10|Etsuko Otonashi bond +15||Bot::Energy -20|1 random stat +4 / +3 / +0|Skill points +25 / +20 / +10|Etsuko Otonashi bond +10,5
mejiro-mcqueen-end-of-sky,costume,my_roommate_s_concern,My Roommate's Concern,Top::Calm in a Crowd hint +1||Bot::Stamina +10|Skill points +15,1
mejiro-mcqueen-end-of-sky,costume,my_family_makes_a_difficult_decision,My Family Makes a Difficult Decision,Top::Speed +10|Power +10||Bot::Stamina +7|Guts +7|Wit +7,2
mejiro-mcqueen-end-of-sky,costume,my_rival_no_matter_the_stage,"My Rival, No Matter the Stage",Top::Prudent Positioning hint +1|(random) Get Hot Topic status||Bot::Wit +10|Skill points +15|(random) Get Hot Topic status,3
mejiro-mcqueen-end-of-sky,choices,queen_of_the_island,Queen of the Island,Top::Speed +10||Bot::Stamina +10,1
mejiro-mcqueen-end-of-sky,choices,it_s_called_a_sea_pineapple,It's Called a Sea Pineapple!,Top::Skill points +30||Bot::Stamina +10,2
mejiro-mcqueen-end-of-sky,choices,cooking_up_memories,Cooking Up Memories,Top::Energy +15||Bot::Early Lead hint +1,3
mejiro-mcqueen-end-of-sky,choices,the_allure_of_racecourse_food,The Allure of Racecourse Food,Top::Energy +30|Stamina +10|Skill points +10|!Randomly either|Energy +30|Skill points +10|Speed -5|Power +5|Get Slow Metabolism status||Bot::Guts +15|Skill points +5||Mid::Energy +50|Wit +10|!Randomly either|Energy +50|Wit -10|Get Slow Metabolism status,4
mejiro-mcqueen-end-of-sky,choices,attack_of_the_chestnut_feast,Attack of the Chestnut Feast!,Top::Energy +10|Skill points +5||Bot::!Randomly either (~90%)|Energy +30|Skill points +10|!Randomly either (~10%)|Energy +30|Skill points +10|Speed -5|Power +5|Get Slow Metabolism status,5
mejiro-mcqueen-end-of-sky,date,two_tickets_for_the_silver_screen,Two Tickets for the Silver Screen,Top::Stamina +10||Bot::Wit +5|Skill points +15,1
mejiro-mcqueen-end-of-sky,date,an_excited_young_lady,An Excited Young Lady,Top::Guts +10||Bot::Power +10,2
mejiro-mcqueen-end-of-sky,date,endless_kingdom,Endless Kingdom,Top::Stamina +10||Bot::Wit +10||Mid::Speed +5|Power +5,3
mejiro-mcqueen-end-of-sky,date,bargain_find,Bargain Find,Top::Speed +10||Bot::Guts +10,4
mejiro-mcqueen-end-of-sky,date,three_ramen_bowls_worth_of_temptation,Three Ramen Bowls' Worth of Temptation,Top::Skill points +30||Bot::Speed +5|Stamina +5,5
mejiro-mcqueen-end-of-sky,secret,autumn_congratulations,Autumn Congratulations,conditions::autumn_triple_crown_senior||reward::Speed +15|Stamina +15|Guts +15|Skill points +15,1
mejiro-mcqueen-end-of-sky,no_choices,blame_game,Blame Game,Wit +5,1
mejiro-mcqueen-end-of-sky,no_choices,ever_since,Ever Since,Stamina +5,2
mejiro-mcqueen-end-of-sky,no_choices,versus_ryan,Versus Ryan,Guts +5,3
mejiro-mcqueen-end-of-sky,no_choices,hopes_for_the_tenno_sho,Hopes for the Tenno Sho,Stamina +5,4
mejiro-mcqueen-end-of-sky,no_choices,heir_to_the_mejiro_family,Heir to the Mejiro Family,Stamina +10,5
mejiro-mcqueen-end-of-sky,no_choices,calm_and_collected,Calm and Collected?,Mood -1|Power -5,6
mejiro-mcqueen-end-of-sky,no_choices,master_trainer,Master Trainer,Stamina +10|(random) Get Practice Perfect ○ status,7
mejiro-mcqueen-end-of-sky,no_choices,getting_boring,Getting Boring,All stats +5|Skill points +5,8
mejiro-mcqueen-end-of-sky,no_choices,slipped_through_the_cracks,Slipped Through the Cracks,Mood -1,9
mejiro-mcqueen-end-of-sky,no_choices,early_morning_run,Early-Morning Run,Energy -10|Mood -1,10
mejiro-mcqueen-end-of-sky,no_choices,limit_testing,Limit Testing,All stats +5|Skill points +30|Mood +2|(random) Get Fast Learner status,11
mejiro-mcqueen-end-of-sky,no_choices,attack_of_the_space_baseball_zombies,Attack of the Space Baseball Zombies!,Energy +15|Mood -1|Guts -5|!Randomly either|Energy +15|Guts -5|Get Slacker status|!Randomly either|Energy +15|Mood -1|Guts -5|Get Slacker status,12
mejiro-mcqueen-end-of-sky,special,dance_lesson,Dance Lesson,Top::Stamina +10||Bot::Wit +10,9
mejiro-mcqueen-end-of-sky,special,bonus_at_start,Bonus at start,Skill points +120,1
mejiro-mcqueen-end-of-sky,special,failed_training_get_well_soon,Failed training (Get Well Soon!),Top::Mood -1|Last trained stat -5|(random) Get Practice Poor status||Bot::!Randomly either|Mood -1|Last trained stat -10|(random) Get Practice Poor status|!or|Get Practice Perfect ○ status,2
mejiro-mcqueen-end-of-sky,special,failed_training_don_t_overdo_it,Failed training (Don't Overdo It!),Top::Energy +10|Mood -2|Last trained stat -10|2 random stats -10|(random) Get Practice Poor status||Bot::!Randomly either|Mood -3|Last trained stat -10|2 random stats -10|Get Practice Poor status|!or|Energy +10|Get Practice Perfect ○ status,3
mejiro-mcqueen-end-of-sky,special,extra_training,Extra Training,Top::Energy -5|Last trained stat +5|(random) Heal a negative status effect||Bot::Energy +5,4
mejiro-mcqueen-end-of-sky,special,at_summer_camp_year_2,At Summer Camp (Year 2),Top::Power +10||Bot::Guts +10,5
mejiro-mcqueen-end-of-sky,special,fan_letter,Fan Letter,Mood +1|Skill points +30,6
mejiro-mcqueen-end-of-sky,special,new_year_s_resolutions,New Year's Resolutions,Top::Energy +20||Mid::Skill points +20||Bot::All stats +5,7
mejiro-mcqueen-end-of-sky,special,new_year_s_shrine_visit,New Year's Shrine Visit,Top::Energy +30||Mid::All stats +5||Bot::Skill points +35,8
mejiro-mcqueen-end-of-sky,after_race,victory_1st,Victory! (1st),Top::Energy -15|1 random stat +10 / +8 / +5|Skill points +45 / +35 / +30|(random) Hint for a skill related to the race||Bot::!Randomly either|Energy -5|1 random stat +10 / +8 / +5|Skill points +45 / +35 / +30|(random) Hint for a skill related to the race|!or|Energy -20|1 random stat +10 / +8 / +5|Skill points +45 / +35 / +30|(random) Hint for a skill related to the race,1
mejiro-mcqueen-end-of-sky,after_race,solid_showing_2nd_5th,Solid Showing (2nd-5th),Top::Energy -20|1 random stat +8 / +5 / +3|Skill points +45 / +35 / +30|(random) Hint for a skill related to the race||Bot::!Randomly either|Energy -10|1 random stat +8 / +5 / +3|Skill points +45 / +35 / +30|(random) Hint for a skill related to the race|!or|Energy -30|1 random stat +8 / +5 / +3|Skill points +45 / +35 / +30|(random) Hint for a skill related to the race,2
mejiro-mcqueen-end-of-sky,after_race,defeat_6th_or_worse,Defeat (6th or worse),Top::Energy -25|1 random stat +4 / +3 / +0|Skill points +25 / +20 / +10|(random) Hint for a skill related to the race||Bot::!Randomly either|Energy -15|1 random stat +4 / +3 / +0|Skill points +25 / +20 / +10|(random) Hint for a skill related to the race|!or|Energy -35|1 random stat +4 / +3 / +0|Skill points +25 / +20 / +10|(random) Hint for a skill related to the race,3
mejiro-mcqueen-end-of-sky,after_race,etsuko_s_elated_coverage,Etsuko's Elated Coverage,Energy -15|Mood +1|1 random stat +10 / +8 / +5|Skill points +45 / +35 / +30|Fans +500|(random) Hint for a skill related to the race|Etsuko Otonashi bond +15,4
mejiro-mcqueen-end-of-sky,after_race,etsuko_s_exhaustive_coverage,Etsuko's Exhaustive Coverage,Top::!Randomly either|Energy -25|Mood -1|1 random stat +4 / +3 / +0|Skill points +25 / +20 / +10|Etsuko Otonashi bond -10|!or|Energy -15|Mood +1|1 random stat +4 / +3 / +0|Skill points +25 / +20 / +10|Etsuko Otonashi bond +15||Bot::Energy -20|1 random stat +4 / +3 / +0|Skill points +25 / +20 / +10|Etsuko Otonashi bond +10,5
el-condor-pasa-el-numero-1,costume,determination_of_the_world_s_strongest,Determination of the World's Strongest,Top::Power +20||Bot::Stamina +20,1
el-condor-pasa-el-numero-1,costume,cactus_feast,Cactus Feast,Top::Speed +10|Stamina +10||Bot::Wit +20,2
el-condor-pasa-el-numero-1,costume,song_of_courage,Song of Courage,Top::Power +20|(random) Get Fast Learner status||Bot::Speed +10|Power +10|(random) Get Fast Learner status,3
el-condor-pasa-el-numero-1,choices,a_personalized_mask,A Personalized Mask,Top::Speed +10||Bot::Power +10,1
el-condor-pasa-el-numero-1,choices,salsa_roja,Salsa Roja,Top::Stamina +10||Bot::Power +10,2
el-condor-pasa-el-numero-1,choices,go_for_the_extra_large_pizza,Go for the Extra-Large Pizza!,Top::Power +10|Skill points +15||Bot::Soft Step hint +1,3
el-condor-pasa-el-numero-1,choices,hot_and_spicy,Hot and Spicy!,Top::Energy +10|Skill points +5||Bot::!Randomly either (~90%)|Energy +30|Skill points +10|!Randomly either (~10%)|Energy +30|Skill points +10|Speed -5|Power +5|Get Slow Metabolism status,4
el-condor-pasa-el-numero-1,date,the_wrestler_i_admire,The Wrestler I Admire,Top::Stamina +10||Bot::Speed +10,1
el-condor-pasa-el-numero-1,date,shocking_retirement,Shocking Retirement,Top::Guts +10||Bot::Power +10,2
el-condor-pasa-el-numero-1,date,renewed_resolve,Renewed Resolve,Top::Guts +10||Bot::Stamina +10||Mid::Speed +5|Stamina +5,3
el-condor-pasa-el-numero-1,date,the_academy_at_night,The Academy at Night,Top::Mood +1|Guts +5||Bot::Energy +10,4
el-condor-pasa-el-numero-1,date,flower_language,Flower Language,Top::Mood +1|Wit +5||Bot::Energy +10,5
el-condor-pasa-el-numero-1,secret,mile_secrets,Mile Secrets!,conditions::Win the NHK Mile Cup|Win the Mile Championship (Classic)|Win the Yasuda Kinen (Senior)||reward::Speed +30|Wit +30|Skill points +30,1
el-condor-pasa-el-numero-1,no_choices,playing_hero,Playing Hero,Power +5,1
el-condor-pasa-el-numero-1,no_choices,a_fighting_spirit_with_no_outlet,A Fighting Spirit with No Outlet,Power +5,2
el-condor-pasa-el-numero-1,no_choices,unmasked,Unmasked,Power +5,3
el-condor-pasa-el-numero-1,no_choices,carnaval_for_tomorrow,Carnaval for Tomorrow,Power +5,4
el-condor-pasa-el-numero-1,no_choices,get_the_party_started,Get the Party Started!,Speed +5|Power +5,5
el-condor-pasa-el-numero-1,no_choices,runaway_mambo,Runaway Mambo,Mood -1|Stamina -5,6
el-condor-pasa-el-numero-1,no_choices,lucha_libre_soul,Lucha Libre Soul,Power +15|Guts +10|!Randomly either|Power +25|Guts +15|Wet Conditions ○ hint +1,7
el-condor-pasa-el-numero-1,no_choices,master_trainer,Master Trainer,Power +10|(random) Get Practice Perfect ○ status,8
el-condor-pasa-el-numero-1,no_choices,flying_higher_than_anyone,Flying Higher than Anyone,All stats +5|Skill points +5,9
el-condor-pasa-el-numero-1,no_choices,stupid_time_difference,Stupid Time Difference...,Mood -1,10
el-condor-pasa-el-numero-1,no_choices,source_of_power,Source of Power,Energy -10|Mood -1,11
el-condor-pasa-el-numero-1,no_choices,el_especial_explosion,El Especial Explosion!,All stats +5|Skill points +30|Mood +2|(random) Get Fast Learner status,12
el-condor-pasa-el-numero-1,no_choices,forget_something,Forget Something?,Energy +15|Mood -1|Guts -5|!Randomly either|Energy +15|Guts -5|Get Slacker status|!Randomly either|Energy +15|Mood -1|Guts -5|Get Slacker status,13
el-condor-pasa-el-numero-1,special,dance_lesson,Dance Lesson,Top::Stamina +10||Bot::Wit +10,9
el-condor-pasa-el-numero-1,special,bonus_at_start,Bonus at start,Skill points +120,1
el-condor-pasa-el-numero-1,special,failed_training_get_well_soon,Failed training (Get Well Soon!),Top::Mood -1|Last trained stat -5|(random) Get Practice Poor status||Bot::!Randomly either|Mood -1|Last trained stat -10|(random) Get Practice Poor status|!or|Get Practice Perfect ○ status,2
el-condor-pasa-el-numero-1,special,failed_training_don_t_overdo_it,Failed training (Don't Overdo It!),Top::Energy +10|Mood -2|Last trained stat -10|2 random stats -10|(random) Get Practice Poor status||Bot::!Randomly either|Mood -3|Last trained stat -10|2 random stats -10|Get Practice Poor status|!or|Energy +10|Get Practice Perfect ○ status,3
el-condor-pasa-el-numero-1,special,extra_training,Extra Training,Top::Energy -5|Last trained stat +5|(random) Heal a negative status effect||Bot::Energy +5,4
el-condor-pasa-el-numero-1,special,at_summer_camp_year_2,At Summer Camp (Year 2),Top::Power +10||Bot::Guts +10,5
el-condor-pasa-el-numero-1,special,fan_letter,Fan Letter,Mood +1|Skill points +30,6
el-condor-pasa-el-numero-1,special,new_year_s_resolutions,New Year's Resolutions,Top::Energy +20||Mid::Skill points +20||Bot::All stats +5,7
el-condor-pasa-el-numero-1,special,new_year_s_shrine_visit,New Year's Shrine Visit,Top::Energy +30||Mid::All stats +5||Bot::Skill points +35,8
el-condor-pasa-el-numero-1,after_race,victory_1st,Victory! (1st),Top::Energy -15|1 random stat +10 / +8 / +5|Skill points +45 / +35 / +30|(random) Hint for a skill related to the race||Bot::!Randomly either|Energy -5|1 random stat +10 / +8 / +5|Skill points +45 / +35 / +30|(random) Hint for a skill related to the race|!or|Energy -20|1 random stat +10 / +8 / +5|Skill points +45 / +35 / +30|(random) Hint for a skill related to the race,1
el-condor-pasa-el-numero-1,after_race,solid_showing_2nd_5th,Solid Showing (2nd-5th),Top::Energy -20|1 random stat +8 / +5 / +3|Skill points +45 / +35 / +30|(random) Hint for a skill related to the race||Bot::!Randomly either|Energy -10|1 random stat +8 / +5 / +3|Skill points +45 / +35 / +30|(random) Hint for a skill related to the race|!or|Energy -30|1 random stat +8 / +5 / +3|Skill points +45 / +35 / +30|(random) Hint for a skill related to the race,2
el-condor-pasa-el-numero-1,after_race,defeat_6th_or_worse,Defeat (6th or worse),Top::Energy -25|1 random stat +4 / +3 / +0|Skill points +25 / +20 / +10|(random) Hint for a skill related to the race||Bot::!Randomly either|Energy -15|1 random stat +4 / +3 / +0|Skill points +25 / +20 / +10|(random) Hint for a skill related to the race|!or|Energy -35|1 random stat +4 / +3 / +0|Skill points +25 / +20 / +10|(random) Hint for a skill related to the race,3
el-condor-pasa-el-numero-1,after_race,etsuko_s_elated_coverage,Etsuko's Elated Coverage,Energy -15|Mood +1|1 random stat +10 / +8 / +5|Skill points +45 / +35 / +30|Fans +500|(random) Hint for a skill related to the race|Etsuko Otonashi bond +15,4
el-condor-pasa-el-numero-1,after_race,etsuko_s_exhaustive_coverage,Etsuko's Exhaustive Coverage,Top::!Randomly either|Energy -25|Mood -1|1 random stat +4 / +3 / +0|Skill points +25 / +20 / +10|Etsuko Otonashi bond -10|!or|Energy -15|Mood +1|1 random stat +4 / +3 / +0|Skill points +25 / +20 / +10|Etsuko Otonashi bond +15||Bot::Energy -20|1 random stat +4 / +3 / +0|Skill points +25 / +20 / +10|Etsuko Otonashi bond +10,5
el-condor-pasa-kukulkan-monk,costume,passion_filled_outfit,Passion-filled Outfit,Top::Calm in a Crowd hint +1||Bot::Speed +7|Power +7|Guts +7,1
el-condor-pasa-kukulkan-monk,costume,passion_connection_guidance,Passion! Connection! Guidance!,Top::Power +20||Bot::Mood +1|Wit +10,2
el-condor-pasa-kukulkan-monk,costume,a_challenge_from_the_past,A Challenge from the Past,Top::Speed +10|Power +10|(random) Get Charming ○ status||Bot::Go with the Flow hint +1|(random) Get Charming ○ status,3
el-condor-pasa-kukulkan-monk,choices,a_personalized_mask,A Personalized Mask,Top::Speed +10||Bot::Power +10,1
el-condor-pasa-kukulkan-monk,choices,salsa_roja,Salsa Roja,Top::Stamina +10||Bot::Power +10,2
el-condor-pasa-kukulkan-monk,choices,go_for_the_extra_large_pizza,Go for the Extra-Large Pizza!,Top::Power +10|Skill points +15||Bot::Soft Step hint +1,3
el-condor-pasa-kukulkan-monk,choices,hot_and_spicy,Hot and Spicy!,Top::Energy +10|Skill points +5||Bot::!Randomly either (~90%)|Energy +30|Skill points +10|!Randomly either (~10%)|Energy +30|Skill points +10|Speed -5|Power +5|Get Slow Metabolism status,4
el-condor-pasa-kukulkan-monk,date,the_wrestler_i_admire,The Wrestler I Admire,Top::Stamina +10||Bot::Speed +10,1
el-condor-pasa-kukulkan-monk,date,shocking_retirement,Shocking Retirement,Top::Guts +10||Bot::Power +10,2
el-condor-pasa-kukulkan-monk,date,renewed_resolve,Renewed Resolve,Top::Guts +10||Bot::Stamina +10||Mid::Speed +5|Stamina +5,3
el-condor-pasa-kukulkan-monk,date,the_academy_at_night,The Academy at Night,Top::Mood +1|Guts +5||Bot::Energy +10,4
el-condor-pasa-kukulkan-monk,date,flower_language,Flower Language,Top::Mood +1|Wit +5||Bot::Energy +10,5
el-condor-pasa-kukulkan-monk,secret,mile_secrets,Mile Secrets!,conditions::Win the NHK Mile Cup|Win the Mile Championship (Classic)|Win the Yasuda Kinen (Senior)||reward::Speed +30|Wit +30|Skill points +30,1
el-condor-pasa-kukulkan-monk,no_choices,playing_hero,Playing Hero,Power +5,1
el-condor-pasa-kukulkan-monk,no_choices,a_fighting_spirit_with_no_outlet,A Fighting Spirit with No Outlet,Power +5,2
el-condor-pasa-kukulkan-monk,no_choices,unmasked,Unmasked,Power +5,3
el-condor-pasa-kukulkan-monk,no_choices,carnaval_for_tomorrow,Carnaval for Tomorrow,Power +5,4
el-condor-pasa-kukulkan-monk,no_choices,get_the_party_started,Get the Party Started!,Speed +5|Power +5,5
el-condor-pasa-kukulkan-monk,no_choices,runaway_mambo,Runaway Mambo,Mood -1|Stamina -5,6
el-condor-pasa-kukulkan-monk,no_choices,lucha_libre_soul,Lucha Libre Soul,Power +15|Guts +10|!Randomly either|Power +25|Guts +15|Wet Conditions ○ hint +1,7
el-condor-pasa-kukulkan-monk,no_choices,master_trainer,Master Trainer,Power +10|(random) Get Practice Perfect ○ status,8
el-condor-pasa-kukulkan-monk,no_choices,flying_higher_than_anyone,Flying Higher than Anyone,All stats +5|Skill points +5,9
el-condor-pasa-kukulkan-monk,no_choices,stupid_time_difference,Stupid Time Difference...,Mood -1,10
el-condor-pasa-kukulkan-monk,no_choices,source_of_power,Source of Power,Energy -10|Mood -1,11
el-condor-pasa-kukulkan-monk,no_choices,el_especial_explosion,El Especial Explosion!,All stats +5|Skill points +30|Mood +2|(random) Get Fast Learner status,12
el-condor-pasa-kukulkan-monk,no_choices,forget_something,Forget Something?,Energy +15|Mood -1|Guts -5|!Randomly either|Energy +15|Guts -5|Get Slacker status|!Randomly either|Energy +15|Mood -1|Guts -5|Get Slacker status,13
el-condor-pasa-kukulkan-monk,special,dance_lesson,Dance Lesson,Top::Stamina +10||Bot::Wit +10,9
el-condor-pasa-kukulkan-monk,special,bonus_at_start,Bonus at start,Skill points +120,1
el-condor-pasa-kukulkan-monk,special,failed_training_get_well_soon,Failed training (Get Well Soon!),Top::Mood -1|Last trained stat -5|(random) Get Practice Poor status||Bot::!Randomly either|Mood -1|Last trained stat -10|(random) Get Practice Poor status|!or|Get Practice Perfect ○ status,2
el-condor-pasa-kukulkan-monk,special,failed_training_don_t_overdo_it,Failed training (Don't Overdo It!),Top::Energy +10|Mood -2|Last trained stat -10|2 random stats -10|(random) Get Practice Poor status||Bot::!Randomly either|Mood -3|Last trained stat -10|2 random stats -10|Get Practice Poor status|!or|Energy +10|Get Practice Perfect ○ status,3
el-condor-pasa-kukulkan-monk,special,extra_training,Extra Training,Top::Energy -5|Last trained stat +5|(random) Heal a negative status effect||Bot::Energy +5,4
el-condor-pasa-kukulkan-monk,special,at_summer_camp_year_2,At Summer Camp (Year 2),Top::Power +10||Bot::Guts +10,5
el-condor-pasa-kukulkan-monk,special,fan_letter,Fan Letter,Mood +1|Skill points +30,6
el-condor-pasa-kukulkan-monk,special,new_year_s_resolutions,New Year's Resolutions,Top::Energy +20||Mid::Skill points +20||Bot::All stats +5,7
el-condor-pasa-kukulkan-monk,special,new_year_s_shrine_visit,New Year's Shrine Visit,Top::Energy +30||Mid::All stats +5||Bot::Skill points +35,8
el-condor-pasa-kukulkan-monk,after_race,victory_1st,Victory! (1st),Top::Energy -15|1 random stat +10 / +8 / +5|Skill points +45 / +35 / +30|(random) Hint for a skill related to the race||Bot::!Randomly either|Energy -5|1 random stat +10 / +8 / +5|Skill points +45 / +35 / +30|(random) Hint for a skill related to the race|!or|Energy -20|1 random stat +10 / +8 / +5|Skill points +45 / +35 / +30|(random) Hint for a skill related to the race,1
el-condor-pasa-kukulkan-monk,after_race,solid_showing_2nd_5th,Solid Showing (2nd-5th),Top::Energy -20|1 random stat +8 / +5 / +3|Skill points +45 / +35 / +30|(random) Hint for a skill related to the race||Bot::!Randomly either|Energy -10|1 random stat +8 / +5 / +3|Skill points +45 / +35 / +30|(random) Hint for a skill related to the race|!or|Energy -30|1 random stat +8 / +5 / +3|Skill points +45 / +35 / +30|(random) Hint for a skill related to the race,2
el-condor-pasa-kukulkan-monk,after_race,defeat_6th_or_worse,Defeat (6th or worse),Top::Energy -25|1 random stat +4 / +3 / +0|Skill points +25 / +20 / +10|(random) Hint for a skill related to the race||Bot::!Randomly either|Energy -15|1 random stat +4 / +3 / +0|Skill points +25 / +20 / +10|(random) Hint for a skill related to the race|!or|Energy -35|1 random stat +4 / +3 / +0|Skill points +25 / +20 / +10|(random) Hint for a skill related to the race,3
el-condor-pasa-kukulkan-monk,after_race,etsuko_s_elated_coverage,Etsuko's Elated Coverage,Energy -15|Mood +1|1 random stat +10 / +8 / +5|Skill points +45 / +35 / +30|Fans +500|(random) Hint for a skill related to the race|Etsuko Otonashi bond +15,4
el-condor-pasa-kukulkan-monk,after_race,etsuko_s_exhaustive_coverage,Etsuko's Exhaustive Coverage,Top::!Randomly either|Energy -25|Mood -1|1 random stat +4 / +3 / +0|Skill points +25 / +20 / +10|Etsuko Otonashi bond -10|!or|Energy -15|Mood +1|1 random stat +4 / +3 / +0|Skill points +25 / +20 / +10|Etsuko Otonashi bond +15||Bot::Energy -20|1 random stat +4 / +3 / +0|Skill points +25 / +20 / +10|Etsuko Otonashi bond +10,5
tm-opera-o-o-sole-so,costume,fit_for_a_king,Fit for a King,Top::Wit +20||Bot::Power +20,1
tm-opera-o-o-sole-so,costume,for_my_admirer,For My Admirer,Top::Stamina +10|Guts +10||Bot::Speed +20,2
tm-opera-o-o-sole-so,costume,strength_of_will,Strength of Will,Top::Wit +20|(random) Get Fast Learner status||Bot::Speed +10|Power +10|Speed +20|(random) Get Fast Learner status,3
tm-opera-o-o-sole-so,choices,fantastic_voyeur,Fantastic Voyeur,Top::Power +10||Bot::Wit +10,1
tm-opera-o-o-sole-so,choices,blinding_beauty,Blinding Beauty,Top::Energy -10|Power +20||Bot::Speed +10,2
tm-opera-o-o-sole-so,choices,bring_me_your_finest,Bring Me Your Finest,Top::Speed +10|Skill points +15||Bot::Non-Standard Distance ○ hint +1,3
tm-opera-o-o-sole-so,choices,battle_of_kings_the_great_ramen_war,Battle of Kings: The Great Ramen War,Top::Energy +10|Skill points +5||Bot::!Randomly either (~90%)|Energy +30|Skill points +10|!Randomly either (~10%)|Energy +30|Skill points +10|Speed -5|Power +5|Get Slow Metabolism status,4
tm-opera-o-o-sole-so,date,the_princess_in_pajamas,The Princess in Pajamas,Top::Speed +10||Bot::Stamina +10,1
tm-opera-o-o-sole-so,date,what_the_mirror_reflects,What the Mirror Reflects,Top::Wit +10||Bot::Guts +10,2
tm-opera-o-o-sole-so,date,my_radiance_is_yours,My Radiance is Yours,Top::Power +10||Bot::Guts +10||Mid::Wit +10,3
tm-opera-o-o-sole-so,date,maintaining_magnificence,Maintaining Magnificence,Top::Speed +10||Bot::Wit +10,4
tm-opera-o-o-sole-so,date,evening_opera_o_theater,Evening Opera O Theater,Top::Power +10||Bot::Energy +10,5
tm-opera-o-o-sole-so,secret,senior_autumn_triple_crown_achieved,Senior Autumn Triple Crown Achieved!,conditions::autumn_triple_crown_same_year||reward::Mood +1|All stats +10|Skill points +20,1
tm-opera-o-o-sole-so,no_choices,year_end_dinner_show,Year-End Dinner Show,Guts +5,1
tm-opera-o-o-sole-so,no_choices,find_a_rival,Find a Rival!,Wit +5,2
tm-opera-o-o-sole-so,no_choices,our_one_year_war,Our One-Year War,Stamina +5|Wit +5,3
tm-opera-o-o-sole-so,no_choices,the_sea_god_emerges,The Sea God Emerges,Power +5,4
tm-opera-o-o-sole-so,no_choices,amidst_the_applause,Amidst the Applause,Stamina +5,5
tm-opera-o-o-sole-so,no_choices,an_overlord_s_anguish,An Overlord's Anguish,Mood -1|Stamina -5,6
tm-opera-o-o-sole-so,no_choices,mirror_mirror,"Mirror, Mirror",Mood +1|1 random stat +10,7
tm-opera-o-o-sole-so,no_choices,master_trainer,Master Trainer,Guts +10|(random) Get Practice Perfect ○ status,8
tm-opera-o-o-sole-so,no_choices,o_my_beautiful_reign,"O, My Beautiful Reign",All stats +5|Skill points +5,9
tm-opera-o-o-sole-so,no_choices,our_fated_showdown,Our Fated Showdown,Mood -1,10
tm-opera-o-o-sole-so,no_choices,dancing_in_the_rain,Dancing in the Rain,Energy -10|Mood -1,11
tm-opera-o-o-sole-so,no_choices,the_overlord_method,The Overlord Method,All stats +5|Skill points +30|Mood +2|(random) Get Fast Learner status,12
tm-opera-o-o-sole-so,no_choices,floral_dialogue,Floral Dialogue,Energy +15|Mood -1|Guts -5|!Randomly either|Energy +15|Guts -5|Get Slacker status|!Randomly either|Energy +15|Mood -1|Guts -5|Get Slacker status,13
tm-opera-o-o-sole-so,special,dance_lesson,Dance Lesson,Top::Stamina +10||Bot::Speed +10,9
tm-opera-o-o-sole-so,special,bonus_at_start,Bonus at start,Skill points +120,1
tm-opera-o-o-sole-so,special,failed_training_get_well_soon,Failed training (Get Well Soon!),Top::Mood -1|Last trained stat -5|(random) Get Practice Poor status||Bot::!Randomly either|Mood -1|Last trained stat -10|(random) Get Practice Poor status|!or|Get Practice Perfect ○ status,2
tm-opera-o-o-sole-so,special,failed_training_don_t_overdo_it,Failed training (Don't Overdo It!),Top::Energy +10|Mood -2|Last trained stat -10|2 random stats -10|(random) Get Practice Poor status||Bot::!Randomly either|Mood -3|Last trained stat -10|2 random stats -10|Get Practice Poor status|!or|Energy +10|Get Practice Perfect ○ status,3
tm-opera-o-o-sole-so,special,extra_training,Extra Training,Top::Energy -5|Last trained stat +5|(random) Heal a negative status effect||Bot::Energy +5,4
tm-opera-o-o-sole-so,special,at_summer_camp_year_2,At Summer Camp (Year 2),Top::Power +10||Bot::Guts +10,5
tm-opera-o-o-sole-so,special,fan_letter,Fan Letter,Mood +1|Skill points +30,6
tm-opera-o-o-sole-so,special,new_year_s_resolutions,New Year's Resolutions,Top::Energy +20||Mid::Skill points +20||Bot::All stats +5,7
tm-opera-o-o-sole-so,special,new_year_s_shrine_visit,New Year's Shrine Visit,Top::Energy +30||Mid::All stats +5||Bot::Skill points +35,8
tm-opera-o-o-sole-so,after_race,victory_1st,Victory! (1st),Top::Energy -15|1 random stat +10 / +8 / +5|Skill points +45 / +35 / +30|(random) Hint for a skill related to the race||Bot::!Randomly either|Energy -5|1 random stat +10 / +8 / +5|Skill points +45 / +35 / +30|(random) Hint for a skill related to the race|!or|Energy -20|1 random stat +10 / +8 / +5|Skill points +45 / +35 / +30|(random) Hint for a skill related to the race,1
tm-opera-o-o-sole-so,after_race,solid_showing_2nd_5th,Solid Showing (2nd-5th),Top::Energy -20|1 random stat +8 / +5 / +3|Skill points +45 / +35 / +30|(random) Hint for a skill related to the race||Bot::!Randomly either|Energy -10|1 random stat +8 / +5 / +3|Skill points +45 / +35 / +30|(random) Hint for a skill related to the race|!or|Energy -30|1 random stat +8 / +5 / +3|Skill points +45 / +35 / +30|(random) Hint for a skill related to the race,2
tm-opera-o-o-sole-so,after_race,defeat_6th_or_worse,Defeat (6th or worse),Top::Energy -25|1 random stat +4 / +3 / +0|Skill points +25 / +20 / +10|(random) Hint for a skill related to the race||Bot::!Randomly either|Energy -15|1 random stat +4 / +3 / +0|Skill points +25 / +20 / +10|(random) Hint for a skill related to the race|!or|Energy -35|1 random stat +4 / +3 / +0|Skill points +25 / +20 / +10|(random) Hint for a skill related to the race,3
tm-opera-o-o-sole-so,after_race,etsuko_s_elated_coverage,Etsuko's Elated Coverage,Energy -15|Mood +1|1 random stat +10 / +8 / +5|Skill points +45 / +35 / +30|Fans +500|(random) Hint for a skill related to the race|Etsuko Otonashi bond +15,4
tm-opera-o-o-sole-so,after_race,etsuko_s_exhaustive_coverage,Etsuko's Exhaustive Coverage,Top::!Randomly either|Energy -25|Mood -1|1 random stat +4 / +3 / +0|Skill points +25 / +20 / +10|Etsuko Otonashi bond -10|!or|Energy -15|Mood +1|1 random stat +4 / +3 / +0|Skill points +25 / +20 / +10|Etsuko Otonashi bond +15||Bot::Energy -20|1 random stat +4 / +3 / +0|Skill points +25 / +20 / +10|Etsuko Otonashi bond +10,5
narita-brian-maverick,costume,strategy,Strategy,Top::Speed +20||Bot::Power +20,1
narita-brian-maverick,costume,tact,Tact,Top::Stamina +20||Bot::Wit +20,2
narita-brian-maverick,costume,flexibility,Flexibility,Top::Speed +20|(random) Get Hot Topic status||Bot::Guts +20|(random) Get Hot Topic status,3
narita-brian-maverick,choices,aspiration,Aspiration,Top::Power +10||Bot::Energy -10|Power +20,1
narita-brian-maverick,choices,transcendence,Transcendence,Top::Power +10||Bot::Stamina +5|Guts +5,2
narita-brian-maverick,choices,ability,Ability,Top::Speed +15||Bot::Passing Pro hint +1,3
narita-brian-maverick,choices,starving_warriors,Starving Warriors,Top::Energy +5|Wit +10||Bot::Energy -10|Mood +1|Speed +25|!Randomly either|Energy -10|Speed +10||Mid::Energy -10|Mood +1|Stamina +25|!Randomly either|Energy -10|Stamina +10||4::Energy -10|Mood +1|Power +25|!Randomly either|Energy -10|Power +10,4
narita-brian-maverick,choices,carnivore,Carnivore,Top::Energy +10|Skill points +5||Bot::!Randomly either (~90%)|Energy +30|Skill points +10|!Randomly either (~10%)|Energy +30|Skill points +10|Speed -5|Power +5|Get Slow Metabolism status,5
narita-brian-maverick,date,a_lone_wolf_s_diet,A Lone Wolf's Diet,Top::Speed +5|Power +5||Bot::Stamina +10,1
narita-brian-maverick,date,caught_by_brian,Caught by Brian!,Top::Stamina +10||Bot::Guts +10,2
narita-brian-maverick,date,digging_in,Digging In,Top::Speed +10||Bot::Stamina +10||Mid::Guts +10,3
narita-brian-maverick,date,a_lone_wolf_hunts_alone,A Lone Wolf Hunts Alone,Top::Stamina +5|Guts +5||Bot::Power +5|Wit +5,4
narita-brian-maverick,date,breakthrough,Breakthrough,Top::Stamina +10||Bot::Wit +10,5
narita-brian-maverick,secret,public_appearance,Public Appearance,conditions::triple_crown|brian_five||reward::BRIAN_TRYHARD|NO,1
narita-brian-maverick,secret,after_the_takarazuka_kinen_talent,After the Takarazuka Kinen: Talent,conditions::beat_rival: 101201|2|1023||reward::Energy -15|1 random stat +10|Skill points +45,2
narita-brian-maverick,secret,after_the_takarazuka_kinen_composure,After the Takarazuka Kinen: Composure,conditions::lose_to_rival: 101201|2|1023||reward::Energy -15|1 random stat +8|Skill points +45,3
narita-brian-maverick,no_choices,hold_back,Hold Back,Power +10,1
narita-brian-maverick,no_choices,now,Now,Guts +5,2
narita-brian-maverick,no_choices,peak,Peak,Stamina +5,3
narita-brian-maverick,no_choices,proposition,Proposition,Wit +5,4
narita-brian-maverick,no_choices,challenge,Challenge,Speed +5,5
narita-brian-maverick,no_choices,autumn,Autumn,Power +5,6
narita-brian-maverick,no_choices,trust,Trust,Stamina +5,7
narita-brian-maverick,no_choices,sister,Sister,Wit +5,8
narita-brian-maverick,no_choices,it_s_not_easy_being_a_lone_wolf,It's Not Easy Being a Lone Wolf,Mood -1|Stamina -5,9
narita-brian-maverick,no_choices,master_trainer,Master Trainer,Power +10|(random) Get Practice Perfect ○ status,10
narita-brian-maverick,no_choices,together,Together,All stats +5|Skill points +5,11
narita-brian-maverick,no_choices,looking_over_my_shoulder,Looking Over My Shoulder,Mood -1,12
narita-brian-maverick,no_choices,green_redemption,Green Redemption,Energy -10|Mood -1,13
narita-brian-maverick,no_choices,eye_opener,Eye-Opener,All stats +5|Skill points +30|Mood +2|(random) Get Fast Learner status,14
narita-brian-maverick,no_choices,perfect_weather,Perfect Weather,Energy +15|Mood -1|Guts -5|!Randomly either|Energy +15|Guts -5|Get Slacker status|!Randomly either|Energy +15|Mood -1|Guts -5|Get Slacker status,15
narita-brian-maverick,special,dance_lesson,Dance Lesson,Top::Stamina +10||Bot::Wit +10,9
narita-brian-maverick,special,bonus_at_start,Bonus at start,Skill points +120,1
narita-brian-maverick,special,failed_training_get_well_soon,Failed training (Get Well Soon!),Top::Mood -1|Last trained stat -5|(random) Get Practice Poor status||Bot::!Randomly either|Mood -1|Last trained stat -10|(random) Get Practice Poor status|!or|Get Practice Perfect ○ status,2
narita-brian-maverick,special,failed_training_don_t_overdo_it,Failed training (Don't Overdo It!),Top::Energy +10|Mood -2|Last trained stat -10|2 random stats -10|(random) Get Practice Poor status||Bot::!Randomly either|Mood -3|Last trained stat -10|2 random stats -10|Get Practice Poor status|!or|Energy +10|Get Practice Perfect ○ status,3
narita-brian-maverick,special,extra_training,Extra Training,Top::Energy -5|Last trained stat +5|(random) Heal a negative status effect||Bot::Energy +5,4
narita-brian-maverick,special,at_summer_camp_year_2,At Summer Camp (Year 2),Top::Power +10||Bot::Guts +10,5
narita-brian-maverick,special,fan_letter,Fan Letter,Mood +1|Skill points +30,6
narita-brian-maverick,special,new_year_s_resolutions,New Year's Resolutions,Top::Energy +20||Mid::Skill points +20||Bot::All stats +5,7
narita-brian-maverick,special,new_year_s_shrine_visit,New Year's Shrine Visit,Top::Energy +30||Mid::All stats +5||Bot::Skill points +35,8
narita-brian-maverick,after_race,victory_1st,Victory! (1st),Top::Energy -15|1 random stat +10 / +8 / +5|Skill points +45 / +35 / +30|(random) Hint for a skill related to the race||Bot::!Randomly either|Energy -5|1 random stat +10 / +8 / +5|Skill points +45 / +35 / +30|(random) Hint for a skill related to the race|!or|Energy -20|1 random stat +10 / +8 / +5|Skill points +45 / +35 / +30|(random) Hint for a skill related to the race,1
narita-brian-maverick,after_race,solid_showing_2nd_5th,Solid Showing (2nd-5th),Top::Energy -20|1 random stat +8 / +5 / +3|Skill points +45 / +35 / +30|(random) Hint for a skill related to the race||Bot::!Randomly either|Energy -10|1 random stat +8 / +5 / +3|Skill points +45 / +35 / +30|(random) Hint for a skill related to the race|!or|Energy -30|1 random stat +8 / +5 / +3|Skill points +45 / +35 / +30|(random) Hint for a skill related to the race,2
narita-brian-maverick,after_race,defeat_6th_or_worse,Defeat (6th or worse),Top::Energy -25|1 random stat +4 / +3 / +0|Skill points +25 / +20 / +10|(random) Hint for a skill related to the race||Bot::!Randomly either|Energy -15|1 random stat +4 / +3 / +0|Skill points +25 / +20 / +10|(random) Hint for a skill related to the race|!or|Energy -35|1 random stat +4 / +3 / +0|Skill points +25 / +20 / +10|(random) Hint for a skill related to the race,3
narita-brian-maverick,after_race,etsuko_s_elated_coverage,Etsuko's Elated Coverage,Energy -15|Mood +1|1 random stat +10 / +8 / +5|Skill points +45 / +35 / +30|Fans +500|(random) Hint for a skill related to the race|Etsuko Otonashi bond +15,4
narita-brian-maverick,after_race,etsuko_s_exhaustive_coverage,Etsuko's Exhaustive Coverage,Top::!Randomly either|Energy -25|Mood -1|1 random stat +4 / +3 / +0|Skill points +25 / +20 / +10|Etsuko Otonashi bond -10|!or|Energy -15|Mood +1|1 random stat +4 / +3 / +0|Skill points +25 / +20 / +10|Etsuko Otonashi bond +15||Bot::Energy -20|1 random stat +4 / +3 / +0|Skill points +25 / +20 / +10|Etsuko Otonashi bond +10,5
symboli-rudolf-road-of-emperor,costume,midway_reflection,Midway Reflection,Top::Speed +20||Bot::Power +20,1
symboli-rudolf-road-of-emperor,costume,the_smiling_emperor_s_new_clothes,The Smiling Emperor's New Clothes,Top::Wit +20||Bot::Guts +20,2
symboli-rudolf-road-of-emperor,costume,the_distant_view_from_the_end_of_the_road,The Distant View from the End of the Road,Top::Stamina +20|(random) Get Hot Topic status||Bot::Guts +20|(random) Get Hot Topic status,3
symboli-rudolf-road-of-emperor,choices,those_who_march_forth,Those Who March Forth,Top::Speed +5|Power +5||Bot::Stamina +5|Guts +5,1
symboli-rudolf-road-of-emperor,choices,the_emperor_s_social_studies,The Emperor's Social Studies,Top::Energy -10|Stamina +10|Power +10||Bot::Wit +5|Skill points +15,2
symboli-rudolf-road-of-emperor,choices,the_emperor_s_spare_time,The Emperor's Spare Time,Top::Wit +10|Skill points +15||Bot::Rainy Days ○ hint +1,3
symboli-rudolf-road-of-emperor,choices,at_any_time,At Any Time,Top::Energy -5|Guts +20|Yayoi Akikawa bond +10||Bot::Energy +10,4
symboli-rudolf-road-of-emperor,choices,sudden_kindness,Sudden Kindness,Top::Energy -5|Stamina +20|Yayoi Akikawa bond +10||Bot::Energy +10,5
symboli-rudolf-road-of-emperor,choices,as_good_as_my_word,As Good As My Word,Top::Energy -5|Power +20|Yayoi Akikawa bond +10||Bot::Energy +10,6
symboli-rudolf-road-of-emperor,choices,the_emperor_s_satiation,The Emperor's Satiation,Top::Energy +10|Skill points +5||Bot::!Randomly either (~90%)|Energy +30|Skill points +10|!Randomly either (~10%)|Energy +30|Skill points +10|Speed -5|Power +5|Get Slow Metabolism status,7
symboli-rudolf-road-of-emperor,date,birds_of_a_feather,Birds of a Feather,Top::Speed +10||Bot::Stamina +10,1
symboli-rudolf-road-of-emperor,date,well_earned_respect,Well-Earned Respect,Top::Wit +10||Bot::Power +10,2
symboli-rudolf-road-of-emperor,date,a_clear_and_beautiful_night,A Clear and Beautiful Night,Top::Speed +10||Bot::Wit +10||Mid::Stamina +10,3
symboli-rudolf-road-of-emperor,date,the_emperor_s_daily_routine,The Emperor's Daily Routine,Top::Power +10||Bot::Guts +10,4
symboli-rudolf-road-of-emperor,date,the_emperor_s_path,The Emperor's Path,Top::Wit +10||Bot::Power +10,5
symboli-rudolf-road-of-emperor,secret,after_the_kikuka_sho_three_crowns_attained,After the Kikuka Sho: Three Crowns Attained,conditions::triple_crown||reward::All stats +3|Guts +15|Skill points +45|Be Still hint +1|Yayoi Akikawa bond +4,1
symboli-rudolf-road-of-emperor,secret,challenge_met,Challenge Met,"conditions::win_g1: [0, 6]||reward::1 random stat +10",2
symboli-rudolf-road-of-emperor,secret,seven_crowns_attained,Seven Crowns Attained,conditions::win_g1: 7||reward::Energy +15|Mood +1|1 random stat +10,3
symboli-rudolf-road-of-emperor,secret,current_of_success,Current of Success,conditions::win_g1: 8||reward::Energy +30|Mood +3|1 random stat +15,4
symboli-rudolf-road-of-emperor,no_choices,trusty_aids,Trusty Aids,Wit +5,1
symboli-rudolf-road-of-emperor,no_choices,silent_contemplation,Silent Contemplation,Speed +5,2
symboli-rudolf-road-of-emperor,no_choices,discord,Discord,Speed +5,3
symboli-rudolf-road-of-emperor,no_choices,dark_portents,Dark Portents,Guts +5,4
symboli-rudolf-road-of-emperor,no_choices,blood_sweat_and_tears,"Blood, Sweat, and Tears",Wit +5,5
symboli-rudolf-road-of-emperor,no_choices,the_emperor_falls,The Emperor Falls,NO,6
symboli-rudolf-road-of-emperor,no_choices,the_fog_lifts,The Fog Lifts,Wit +5,7
symboli-rudolf-road-of-emperor,no_choices,the_emperor_s_gloom,The Emperor's Gloom,Mood -1|Guts -5,8
symboli-rudolf-road-of-emperor,no_choices,master_trainer,Master Trainer,Wit +10|(random) Get Practice Perfect ○ status,9
symboli-rudolf-road-of-emperor,no_choices,everchanging_seasons,Everchanging Seasons,All stats +5|Skill points +5,10
symboli-rudolf-road-of-emperor,no_choices,the_emperor_s_anguish,The Emperor's Anguish?,Mood -1,11
symboli-rudolf-road-of-emperor,no_choices,the_emperor_s_struggle,The Emperor's Struggle,Energy -10|Mood -1,12
symboli-rudolf-road-of-emperor,no_choices,the_emperor_s_foundation,The Emperor's Foundation,All stats +5|Skill points +30|Mood +2|(random) Get Fast Learner status,13
symboli-rudolf-road-of-emperor,no_choices,the_emperor_s_blunder,The Emperor's Blunder,Energy +15|Mood -1|Guts -5|!Randomly either|Energy +15|Guts -5|Get Slacker status|!Randomly either|Energy +15|Mood -1|Guts -5|Get Slacker status,14
symboli-rudolf-road-of-emperor,special,dance_lesson,Dance Lesson,Top::Wit +10||Bot::Power +10,9
symboli-rudolf-road-of-emperor,special,bonus_at_start,Bonus at start,Skill points +120,1
symboli-rudolf-road-of-emperor,special,failed_training_get_well_soon,Failed training (Get Well Soon!),Top::Mood -1|Last trained stat -5|(random) Get Practice Poor status||Bot::!Randomly either|Mood -1|Last trained stat -10|(random) Get Practice Poor status|!or|Get Practice Perfect ○ status,2
symboli-rudolf-road-of-emperor,special,failed_training_don_t_overdo_it,Failed training (Don't Overdo It!),Top::Energy +10|Mood -2|Last trained stat -10|2 random stats -10|(random) Get Practice Poor status||Bot::!Randomly either|Mood -3|Last trained stat -10|2 random stats -10|Get Practice Poor status|!or|Energy +10|Get Practice Perfect ○ status,3
symboli-rudolf-road-of-emperor,special,extra_training,Extra Training,Top::Energy -5|Last trained stat +5|(random) Heal a negative status effect||Bot::Energy +5,4
symboli-rudolf-road-of-emperor,special,at_summer_camp_year_2,At Summer Camp (Year 2),Top::Power +10||Bot::Guts +10,5
symboli-rudolf-road-of-emperor,special,fan_letter,Fan Letter,Mood +1|Skill points +30,6
symboli-rudolf-road-of-emperor,special,new_year_s_resolutions,New Year's Resolutions,Top::Energy +20||Mid::Skill points +20||Bot::All stats +5,7
symboli-rudolf-road-of-emperor,special,new_year_s_shrine_visit,New Year's Shrine Visit,Top::Energy +30||Mid::All stats +5||Bot::Skill points +35,8
symboli-rudolf-road-of-emperor,after_race,victory_1st,Victory! (1st),Top::Energy -15|1 random stat +10 / +8 / +5|Skill points +45 / +35 / +30|(random) Hint for a skill related to the race||Bot::!Randomly either|Energy -5|1 random stat +10 / +8 / +5|Skill points +45 / +35 / +30|(random) Hint for a skill related to the race|!or|Energy -20|1 random stat +10 / +8 / +5|Skill points +45 / +35 / +30|(random) Hint for a skill related to the race,1
symboli-rudolf-road-of-emperor,after_race,solid_showing_2nd_5th,Solid Showing (2nd-5th),Top::Energy -20|1 random stat +8 / +5 / +3|Skill points +45 / +35 / +30|(random) Hint for a skill related to the race||Bot::!Randomly either|Energy -10|1 random stat +8 / +5 / +3|Skill points +45 / +35 / +30|(random) Hint for a skill related to the race|!or|Energy -30|1 random stat +8 / +5 / +3|Skill points +45 / +35 / +30|(random) Hint for a skill related to the race,2
symboli-rudolf-road-of-emperor,after_race,defeat_6th_or_worse,Defeat (6th or worse),Top::Energy -25|1 random stat +4 / +3 / +0|Skill points +25 / +20 / +10|(random) Hint for a skill related to the race||Bot::!Randomly either|Energy -15|1 random stat +4 / +3 / +0|Skill points +25 / +20 / +10|(random) Hint for a skill related to the race|!or|Energy -35|1 random stat +4 / +3 / +0|Skill points +25 / +20 / +10|(random) Hint for a skill related to the race,3
symboli-rudolf-road-of-emperor,after_race,etsuko_s_elated_coverage,Etsuko's Elated Coverage,Energy -15|Mood +1|1 random stat +10 / +8 / +5|Skill points +45 / +35 / +30|Fans +500|(random) Hint for a skill related to the race|Etsuko Otonashi bond +15,4
symboli-rudolf-road-of-emperor,after_race,etsuko_s_exhaustive_coverage,Etsuko's Exhaustive Coverage,Top::!Randomly either|Energy -25|Mood -1|1 random stat +4 / +3 / +0|Skill points +25 / +20 / +10|Etsuko Otonashi bond -10|!or|Energy -15|Mood +1|1 random stat +4 / +3 / +0|Skill points +25 / +20 / +10|Etsuko Otonashi bond +15||Bot::Energy -20|1 random stat +4 / +3 / +0|Skill points +25 / +20 / +10|Etsuko Otonashi bond +10,5
air-groove-empress-road,costume,flowers_for_you,Flowers for You,Top::Wit +20||Bot::Speed +20,1
air-groove-empress-road,costume,a_beautiful_stress_relief_method,A Beautiful Stress Relief Method?,Top::Stamina +20||Bot::Guts +20,2
air-groove-empress-road,costume,guidepost,Guidepost,Top::Speed +20|(random) Get Hot Topic status||Bot::Power +20|(random) Get Hot Topic status,3
air-groove-empress-road,choices,empress_and_monarch,Empress and Monarch,Top::Power +10||Bot::Wit +10,1
air-groove-empress-road,choices,operation_flowerbed,Operation: Flowerbed,Top::Energy +5|Wit +5||Bot::Energy -10|Speed +10|Power +10,2
air-groove-empress-road,choices,empress_and_emperor,Empress and Emperor,Top::Homestretch Haste hint +1||Bot::Mood +1|Skill points +15,3
air-groove-empress-road,choices,seize_her,Seize Her!,Top::Energy +10||Bot::Energy -10|Mood +1|Speed +20,4
air-groove-empress-road,choices,take_good_care_of_your_tail,Take Good Care of Your Tail,Top::Energy +10||Bot::Energy -10|Mood +1|Power +20,5
air-groove-empress-road,choices,suggestion_box_of_freedom,Suggestion Box of Freedom,Top::Energy +10||Bot::Energy -10|Mood +1|Wit +20,6
air-groove-empress-road,choices,a_taste_of_effort,A Taste of Effort,Top::Energy +10|Skill points +5||Bot::!Randomly either (~90%)|Energy +30|Skill points +10|!Randomly either (~10%)|Energy +30|Skill points +10|Speed -5|Power +5|Get Slow Metabolism status,7
air-groove-empress-road,date,a_little_encounter,A Little Encounter,Top::Wit +10||Bot::Guts +10,1
air-groove-empress-road,date,sweet_potato_cake,Sweet Potato Cake,Top::Power +10||Bot::Stamina +10,2
air-groove-empress-road,date,imprinted_memories,Imprinted Memories,Top::Speed +10||Bot::Power +10||Mid::Stamina +10,3
air-groove-empress-road,date,a_blinking_light_means_stop,A Blinking Light Means Stop,Top::Wit +10||Bot::Power +10,4
air-groove-empress-road,date,smoldering_silently,Smoldering Silently,Top::Stamina +10||Bot::Speed +10,5
air-groove-empress-road,secret,after_the_shuka_sho_reign,After the Shuka Sho: Reign,conditions::Win the Oka Sho|Win the Japanese Oaks|Win the Shuka Sho||reward::All stats +3|Skill points +65|Yayoi Akikawa bond +4,1
air-groove-empress-road,no_choices,to_be_a_scepter,To Be a Scepter,Power +5,1
air-groove-empress-road,no_choices,ideals_for_whose_benefit,Ideals for Whose Benefit?,Wit +5,2
air-groove-empress-road,no_choices,she_who_races_ahead,She Who Races Ahead,Guts +5,3
air-groove-empress-road,no_choices,please_rise,Please Rise,Power +10,4
air-groove-empress-road,no_choices,mother_and_daughter,Mother and Daughter,Wit +5,5
air-groove-empress-road,no_choices,confused_by_a_joke,Confused by a Joke,Mood -1|Wit -5,6
air-groove-empress-road,no_choices,master_trainer,Master Trainer,Power +10|(random) Get Practice Perfect ○ status,7
air-groove-empress-road,no_choices,your_ideal,Your Ideal,All stats +5|Skill points +5,8
air-groove-empress-road,no_choices,flowers_and_distraction,Flowers and Distraction,Mood -1,9
air-groove-empress-road,no_choices,a_glint_of_anger,A Glint of Anger,Energy -10|Mood -1,10
air-groove-empress-road,no_choices,after_the_sticker_demon,After the Sticker Demon!,All stats +5|Skill points +30|Mood +2|(random) Get Fast Learner status,11
air-groove-empress-road,no_choices,of_storms_and_flowers,Of Storms and Flowers,Energy +15|Mood -1|Guts -5|!Randomly either|Energy +15|Guts -5|Get Slacker status|!Randomly either|Energy +15|Mood -1|Guts -5|Get Slacker status,12
air-groove-empress-road,special,dance_lesson,Dance Lesson,Top::Power +10||Bot::Speed +10,9
air-groove-empress-road,special,bonus_at_start,Bonus at start,Skill points +120,1
air-groove-empress-road,special,failed_training_get_well_soon,Failed training (Get Well Soon!),Top::Mood -1|Last trained stat -5|(random) Get Practice Poor status||Bot::!Randomly either|Mood -1|Last trained stat -10|(random) Get Practice Poor status|!or|Get Practice Perfect ○ status,2
air-groove-empress-road,special,failed_training_don_t_overdo_it,Failed training (Don't Overdo It!),Top::Energy +10|Mood -2|Last trained stat -10|2 random stats -10|(random) Get Practice Poor status||Bot::!Randomly either|Mood -3|Last trained stat -10|2 random stats -10|Get Practice Poor status|!or|Energy +10|Get Practice Perfect ○ status,3
air-groove-empress-road,special,extra_training,Extra Training,Top::Energy -5|Last trained stat +5|(random) Heal a negative status effect||Bot::Energy +5,4
air-groove-empress-road,special,at_summer_camp_year_2,At Summer Camp (Year 2),Top::Power +10||Bot::Guts +10,5
air-groove-empress-road,special,fan_letter,Fan Letter,Mood +1|Skill points +30,6
air-groove-empress-road,special,new_year_s_resolutions,New Year's Resolutions,Top::Energy +20||Mid::Skill points +20||Bot::All stats +5,7
air-groove-empress-road,special,new_year_s_shrine_visit,New Year's Shrine Visit,Top::Energy +30||Mid::All stats +5||Bot::Skill points +35,8
air-groove-empress-road,after_race,victory_1st,Victory! (1st),Top::Energy -15|1 random stat +10 / +8 / +5|Skill points +45 / +35 / +30|(random) Hint for a skill related to the race||Bot::!Randomly either|Energy -5|1 random stat +10 / +8 / +5|Skill points +45 / +35 / +30|(random) Hint for a skill related to the race|!or|Energy -20|1 random stat +10 / +8 / +5|Skill points +45 / +35 / +30|(random) Hint for a skill related to the race,1
air-groove-empress-road,after_race,solid_showing_2nd_5th,Solid Showing (2nd-5th),Top::Energy -20|1 random stat +8 / +5 / +3|Skill points +45 / +35 / +30|(random) Hint for a skill related to the race||Bot::!Randomly either|Energy -10|1 random stat +8 / +5 / +3|Skill points +45 / +35 / +30|(random) Hint for a skill related to the race|!or|Energy -30|1 random stat +8 / +5 / +3|Skill points +45 / +35 / +30|(random) Hint for a skill related to the race,2
air-groove-empress-road,after_race,defeat_6th_or_worse,Defeat (6th or worse),Top::Energy -25|1 random stat +4 / +3 / +0|Skill points +25 / +20 / +10|(random) Hint for a skill related to the race||Bot::!Randomly either|Energy -15|1 random stat +4 / +3 / +0|Skill points +25 / +20 / +10|(random) Hint for a skill related to the race|!or|Energy -35|1 random stat +4 / +3 / +0|Skill points +25 / +20 / +10|(random) Hint for a skill related to the race,3
air-groove-empress-road,after_race,etsuko_s_elated_coverage,Etsuko's Elated Coverage,Energy -15|Mood +1|1 random stat +10 / +8 / +5|Skill points +45 / +35 / +30|Fans +500|(random) Hint for a skill related to the race|Etsuko Otonashi bond +15,4
air-groove-empress-road,after_race,etsuko_s_exhaustive_coverage,Etsuko's Exhaustive Coverage,Top::!Randomly either|Energy -25|Mood -1|1 random stat +4 / +3 / +0|Skill points +25 / +20 / +10|Etsuko Otonashi bond -10|!or|Energy -15|Mood +1|1 random stat +4 / +3 / +0|Skill points +25 / +20 / +10|Etsuko Otonashi bond +15||Bot::Energy -20|1 random stat +4 / +3 / +0|Skill points +25 / +20 / +10|Etsuko Otonashi bond +10,5
air-groove-quercus-civilis,costume,who_will_stand_beside_her,Who Will Stand Beside Her?,Top::Go with the Flow hint +1||Bot::Guts +10|Wit +10,1
air-groove-quercus-civilis,costume,never_ending_road,Never-Ending Road,Top::Up-Tempo hint +1||Bot::Power +20,2
air-groove-quercus-civilis,costume,the_empress_and_mom,The Empress and Mom,Top::Speed +10|Stamina +10|(random) Get Charming ○ status||Bot::Stamina +10|Power +10|(random) Get Charming ○ status,3
air-groove-quercus-civilis,choices,empress_and_monarch,Empress and Monarch,Top::Power +10||Bot::Wit +10,1
air-groove-quercus-civilis,choices,operation_flowerbed,Operation: Flowerbed,Top::Energy +5|Wit +5||Bot::Energy -10|Speed +10|Power +10,2
air-groove-quercus-civilis,choices,empress_and_emperor,Empress and Emperor,Top::Homestretch Haste hint +1||Bot::Mood +1|Skill points +15,3
air-groove-quercus-civilis,choices,seize_her,Seize Her!,Top::Energy +10||Bot::Energy -10|Mood +1|Speed +20,4
air-groove-quercus-civilis,choices,take_good_care_of_your_tail,Take Good Care of Your Tail,Top::Energy +10||Bot::Energy -10|Mood +1|Power +20,5
air-groove-quercus-civilis,choices,suggestion_box_of_freedom,Suggestion Box of Freedom,Top::Energy +10||Bot::Energy -10|Mood +1|Wit +20,6
air-groove-quercus-civilis,choices,a_taste_of_effort,A Taste of Effort,Top::Energy +10|Skill points +5||Bot::!Randomly either (~90%)|Energy +30|Skill points +10|!Randomly either (~10%)|Energy +30|Skill points +10|Speed -5|Power +5|Get Slow Metabolism status,7
air-groove-quercus-civilis,date,a_little_encounter,A Little Encounter,Top::Wit +10||Bot::Guts +10,1
air-groove-quercus-civilis,date,sweet_potato_cake,Sweet Potato Cake,Top::Power +10||Bot::Stamina +10,2
air-groove-quercus-civilis,date,imprinted_memories,Imprinted Memories,Top::Speed +10||Bot::Power +10||Mid::Stamina +10,3
air-groove-quercus-civilis,date,a_blinking_light_means_stop,A Blinking Light Means Stop,Top::Wit +10||Bot::Power +10,4
air-groove-quercus-civilis,date,smoldering_silently,Smoldering Silently,Top::Stamina +10||Bot::Speed +10,5
air-groove-quercus-civilis,secret,after_the_shuka_sho_reign,After the Shuka Sho: Reign,conditions::Win the Oka Sho|Win the Japanese Oaks|Win the Shuka Sho||reward::All stats +3|Skill points +65|Yayoi Akikawa bond +4,1
air-groove-quercus-civilis,no_choices,to_be_a_scepter,To Be a Scepter,Power +5,1
air-groove-quercus-civilis,no_choices,ideals_for_whose_benefit,Ideals for Whose Benefit?,Wit +5,2
air-groove-quercus-civilis,no_choices,she_who_races_ahead,She Who Races Ahead,Guts +5,3
air-groove-quercus-civilis,no_choices,please_rise,Please Rise,Power +10,4
air-groove-quercus-civilis,no_choices,mother_and_daughter,Mother and Daughter,Wit +5,5
air-groove-quercus-civilis,no_choices,confused_by_a_joke,Confused by a Joke,Mood -1|Wit -5,6
air-groove-quercus-civilis,no_choices,master_trainer,Master Trainer,Power +10|(random) Get Practice Perfect ○ status,7
air-groove-quercus-civilis,no_choices,your_ideal,Your Ideal,All stats +5|Skill points +5,8
air-groove-quercus-civilis,no_choices,flowers_and_distraction,Flowers and Distraction,Mood -1,9
air-groove-quercus-civilis,no_choices,a_glint_of_anger,A Glint of Anger,Energy -10|Mood -1,10
air-groove-quercus-civilis,no_choices,after_the_sticker_demon,After the Sticker Demon!,All stats +5|Skill points +30|Mood +2|(random) Get Fast Learner status,11
air-groove-quercus-civilis,no_choices,of_storms_and_flowers,Of Storms and Flowers,Energy +15|Mood -1|Guts -5|!Randomly either|Energy +15|Guts -5|Get Slacker status|!Randomly either|Energy +15|Mood -1|Guts -5|Get Slacker status,12
air-groove-quercus-civilis,special,dance_lesson,Dance Lesson,Top::Power +10||Bot::Speed +10,9
air-groove-quercus-civilis,special,bonus_at_start,Bonus at start,Skill points +120,1
air-groove-quercus-civilis,special,failed_training_get_well_soon,Failed training (Get Well Soon!),Top::Mood -1|Last trained stat -5|(random) Get Practice Poor status||Bot::!Randomly either|Mood -1|Last trained stat -10|(random) Get Practice Poor status|!or|Get Practice Perfect ○ status,2
air-groove-quercus-civilis,special,failed_training_don_t_overdo_it,Failed training (Don't Overdo It!),Top::Energy +10|Mood -2|Last trained stat -10|2 random stats -10|(random) Get Practice Poor status||Bot::!Randomly either|Mood -3|Last trained stat -10|2 random stats -10|Get Practice Poor status|!or|Energy +10|Get Practice Perfect ○ status,3
air-groove-quercus-civilis,special,extra_training,Extra Training,Top::Energy -5|Last trained stat +5|(random) Heal a negative status effect||Bot::Energy +5,4
air-groove-quercus-civilis,special,at_summer_camp_year_2,At Summer Camp (Year 2),Top::Power +10||Bot::Guts +10,5
air-groove-quercus-civilis,special,fan_letter,Fan Letter,Mood +1|Skill points +30,6
air-groove-quercus-civilis,special,new_year_s_resolutions,New Year's Resolutions,Top::Energy +20||Mid::Skill points +20||Bot::All stats +5,7
air-groove-quercus-civilis,special,new_year_s_shrine_visit,New Year's Shrine Visit,Top::Energy +30||Mid::All stats +5||Bot::Skill points +35,8
air-groove-quercus-civilis,after_race,victory_1st,Victory! (1st),Top::Energy -15|1 random stat +10 / +8 / +5|Skill points +45 / +35 / +30|(random) Hint for a skill related to the race||Bot::!Randomly either|Energy -5|1 random stat +10 / +8 / +5|Skill points +45 / +35 / +30|(random) Hint for a skill related to the race|!or|Energy -20|1 random stat +10 / +8 / +5|Skill points +45 / +35 / +30|(random) Hint for a skill related to the race,1
air-groove-quercus-civilis,after_race,solid_showing_2nd_5th,Solid Showing (2nd-5th),Top::Energy -20|1 random stat +8 / +5 / +3|Skill points +45 / +35 / +30|(random) Hint for a skill related to the race||Bot::!Randomly either|Energy -10|1 random stat +8 / +5 / +3|Skill points +45 / +35 / +30|(random) Hint for a skill related to the race|!or|Energy -30|1 random stat +8 / +5 / +3|Skill points +45 / +35 / +30|(random) Hint for a skill related to the race,2
air-groove-quercus-civilis,after_race,defeat_6th_or_worse,Defeat (6th or worse),Top::Energy -25|1 random stat +4 / +3 / +0|Skill points +25 / +20 / +10|(random) Hint for a skill related to the race||Bot::!Randomly either|Energy -15|1 random stat +4 / +3 / +0|Skill points +25 / +20 / +10|(random) Hint for a skill related to the race|!or|Energy -35|1 random stat +4 / +3 / +0|Skill points +25 / +20 / +10|(random) Hint for a skill related to the race,3
air-groove-quercus-civilis,after_race,etsuko_s_elated_coverage,Etsuko's Elated Coverage,Energy -15|Mood +1|1 random stat +10 / +8 / +5|Skill points +45 / +35 / +30|Fans +500|(random) Hint for a skill related to the race|Etsuko Otonashi bond +15,4
air-groove-quercus-civilis,after_race,etsuko_s_exhaustive_coverage,Etsuko's Exhaustive Coverage,Top::!Randomly either|Energy -25|Mood -1|1 random stat +4 / +3 / +0|Skill points +25 / +20 / +10|Etsuko Otonashi bond -10|!or|Energy -15|Mood +1|1 random stat +4 / +3 / +0|Skill points +25 / +20 / +10|Etsuko Otonashi bond +15||Bot::Energy -20|1 random stat +4 / +3 / +0|Skill points +25 / +20 / +10|Etsuko Otonashi bond +10,5
agnes-digital-super-express-full-color-special,costume,teach_us_your_ways_digital,"Teach Us Your Ways, Digital!",Top::Wit +20||Bot::Power +20,1
agnes-digital-super-express-full-color-special,costume,i_simp_ly_wanna_help,"I ""Simp""ly Wanna Help...",Top::Speed +10|Power +10||Bot::Stamina +10|Guts +10,2
agnes-digital-super-express-full-color-special,costume,give_freely_for_she_is_my_oshi,"Give Freely, for She Is My Oshi!",Top::Stamina +10|Skill points +15|(random) Get Hot Topic status||Bot::Power +20|(random) Get Hot Topic status,3
agnes-digital-super-express-full-color-special,choices,the_endless_possibilities_of_moe,The Endless Possibilities of Moe,Top::Speed +10||Bot::Stamina +10,1
agnes-digital-super-express-full-color-special,choices,when_fantasy_becomes_real,When Fantasy Becomes Real,Top::Power +5|Guts +5||Bot::Energy +5|Wit +5,2
agnes-digital-super-express-full-color-special,choices,the_cafeteria_is_basically_a_collab_cafe_ngl,The Cafeteria is Basically a Collab Cafe NGL,Top::Top Pick hint +1||Bot::Acceleration hint +1,3
agnes-digital-super-express-full-color-special,choices,umamusume_quiz_relationships_arc,Umamusume Quiz ☆ –Relationships Arc–,Top::Speed +15|Homestretch Haste hint +1||Bot::Speed +5,4
agnes-digital-super-express-full-color-special,choices,umamusume_quiz_preferences_arc,Umamusume Quiz ☆ –Preferences Arc–,Top::Stamina +5||Bot::Stamina +15|Kyoto Racecourse ○ hint +1,5
agnes-digital-super-express-full-color-special,choices,umamusume_quiz_roots_arc,Umamusume Quiz ☆ –Roots Arc–,Top::Power +15|Mile Corners ○ hint +1||Bot::Power +5,6
agnes-digital-super-express-full-color-special,choices,i_d_be_honored_to_trade,I'd Be Honored to Trade!,Top::Energy +10|Skill points +5||Bot::!Randomly either (~90%)|Energy +30|Skill points +10|!Randomly either (~10%)|Energy +30|Skill points +10|Speed -5|Power +5|Get Slow Metabolism status,7
agnes-digital-super-express-full-color-special,date,the_oshi_report_induction_arc,The Oshi Report –Induction Arc–,Top::Stamina +10||Bot::Speed +10,1
agnes-digital-super-express-full-color-special,date,the_oshi_report_peak_arc,The Oshi Report –Peak Arc–,Top::Stamina +10||Bot::Wit +10,2
agnes-digital-super-express-full-color-special,date,the_oshi_report_recognition_arc,The Oshi Report –Recognition Arc–,Top::Guts +10||Bot::Speed +10||Mid::Skill points +30,3
agnes-digital-super-express-full-color-special,date,the_best_life_is_the_simp_life,The Best Life Is the Simp Life,Top::Speed +10||Bot::Guts +10,4
agnes-digital-super-express-full-color-special,date,oshi_proximity_alert,Oshi Proximity Alert?!,Top::Power +10||Bot::Energy +10,5
agnes-digital-super-express-full-color-special,secret,all_round_ruler,All-Round Ruler,conditions::win_or: 102101|102201|Win the Oka Sho|Win the NHK Mile Cup|win_or: 101801|2|101801|3|Win the February Stakes|Win the Victoria Mile|win_or: 101101|2|101101|3||reward::Speed +20|Power +20|Skill points +30|Updrafters hint +1|Unyielding Spirit hint +1,1
agnes-digital-super-express-full-color-special,secret,after_the_takarazuka_kinen_on_fire_like_no_one_s_ever_seen,After the Takarazuka Kinen: On Fire Like No One's Ever Seen,conditions::Participate in the Takarazuka Kinen (Classic)||reward::1 random stat +4/+5/+10|Skill points +25/+40/+45,2
agnes-digital-super-express-full-color-special,secret,after_the_mile_ch_nambu_hai_this_is_heaven,After the Mile Ch. Nambu Hai: This Is Heaven,conditions::Win the M.C. Nambu Hai||reward::Energy -15|Speed +5|Stamina +5|Power +10|1 random stat +10|Skill points +45|Morioka Racecourse ○ hint +1|Rapid Gain hint +1,3
agnes-digital-super-express-full-color-special,no_choices,no_backseating,No Backseating!,Wit +5,1
agnes-digital-super-express-full-color-special,no_choices,what_comes_of_connecting,What Comes of Connecting,Power +5,2
agnes-digital-super-express-full-color-special,no_choices,takarazuka_showdown,Takarazuka Showdown!,NO,3
agnes-digital-super-express-full-color-special,no_choices,first_rate_terms,First-Rate Terms,Guts +5,4
agnes-digital-super-express-full-color-special,no_choices,i_m_rooting_for_you,I'm Rooting For You!,Speed +5,5
agnes-digital-super-express-full-color-special,no_choices,this_time_whatever_it_takes,"This Time, Whatever It Takes",Power +10,6
agnes-digital-super-express-full-color-special,no_choices,repost_to_apply,Repost to Apply,Wit -5|Mood -1,7
agnes-digital-super-express-full-color-special,no_choices,master_trainer,Master Trainer,Power +10|(random) Get Practice Perfect ○ status,8
agnes-digital-super-express-full-color-special,no_choices,world_class_all_rounder,World-Class All-Rounder,All stats +5|Skill points +5,9
agnes-digital-super-express-full-color-special,no_choices,a_raffle_is_a_raffle,A Raffle Is a Raffle,Mood -1,10
agnes-digital-super-express-full-color-special,no_choices,i_smell_moe,I Smell Moe,Energy -10|Mood -1,11
agnes-digital-super-express-full-color-special,no_choices,lucid_daydreaming,Lucid Daydreaming!,All stats +5|Skill points +30|Mood +2|(random) Get Fast Learner status,12
agnes-digital-super-express-full-color-special,no_choices,one_more_song_just_one_more,One More Song! Just One More!,Energy +15|Mood -1|Guts -5|!Randomly either|Energy +15|Guts -5|Get Slacker status|!Randomly either|Energy +15|Mood -1|Guts -5|Get Slacker status,13
agnes-digital-super-express-full-color-special,special,dance_lesson,Dance Lesson,Top::Power +10||Bot::Wit +10,9
agnes-digital-super-express-full-color-special,special,bonus_at_start,Bonus at start,Skill points +120,1
agnes-digital-super-express-full-color-special,special,failed_training_get_well_soon,Failed training (Get Well Soon!),Top::Mood -1|Last trained stat -5|(random) Get Practice Poor status||Bot::!Randomly either|Mood -1|Last trained stat -10|(random) Get Practice Poor status|!or|Get Practice Perfect ○ status,2
agnes-digital-super-express-full-color-special,special,failed_training_don_t_overdo_it,Failed training (Don't Overdo It!),Top::Energy +10|Mood -2|Last trained stat -10|2 random stats -10|(random) Get Practice Poor status||Bot::!Randomly either|Mood -3|Last trained stat -10|2 random stats -10|Get Practice Poor status|!or|Energy +10|Get Practice Perfect ○ status,3
agnes-digital-super-express-full-color-special,special,extra_training,Extra Training,Top::Energy -5|Last trained stat +5|(random) Heal a negative status effect||Bot::Energy +5,4
agnes-digital-super-express-full-color-special,special,at_summer_camp_year_2,At Summer Camp (Year 2),Top::Power +10||Bot::Guts +10,5
agnes-digital-super-express-full-color-special,special,fan_letter,Fan Letter,Mood +1|Skill points +30,6
agnes-digital-super-express-full-color-special,special,new_year_s_resolutions,New Year's Resolutions,Top::Energy +20||Mid::Skill points +20||Bot::All stats +5,7
agnes-digital-super-express-full-color-special,special,new_year_s_shrine_visit,New Year's Shrine Visit,Top::Energy +30||Mid::All stats +5||Bot::Skill points +35,8
agnes-digital-super-express-full-color-special,after_race,victory_1st,Victory! (1st),Top::Energy -15|1 random stat +10 / +8 / +5|Skill points +45 / +35 / +30|(random) Hint for a skill related to the race||Bot::!Randomly either|Energy -5|1 random stat +10 / +8 / +5|Skill points +45 / +35 / +30|(random) Hint for a skill related to the race|!or|Energy -20|1 random stat +10 / +8 / +5|Skill points +45 / +35 / +30|(random) Hint for a skill related to the race,1
agnes-digital-super-express-full-color-special,after_race,solid_showing_2nd_5th,Solid Showing (2nd-5th),Top::Energy -20|1 random stat +8 / +5 / +3|Skill points +45 / +35 / +30|(random) Hint for a skill related to the race||Bot::!Randomly either|Energy -10|1 random stat +8 / +5 / +3|Skill points +45 / +35 / +30|(random) Hint for a skill related to the race|!or|Energy -30|1 random stat +8 / +5 / +3|Skill points +45 / +35 / +30|(random) Hint for a skill related to the race,2
agnes-digital-super-express-full-color-special,after_race,defeat_6th_or_worse,Defeat (6th or worse),Top::Energy -25|1 random stat +4 / +3 / +0|Skill points +25 / +20 / +10|(random) Hint for a skill related to the race||Bot::!Randomly either|Energy -15|1 random stat +4 / +3 / +0|Skill points +25 / +20 / +10|(random) Hint for a skill related to the race|!or|Energy -35|1 random stat +4 / +3 / +0|Skill points +25 / +20 / +10|(random) Hint for a skill related to the race,3
agnes-digital-super-express-full-color-special,after_race,etsuko_s_elated_coverage,Etsuko's Elated Coverage,Energy -15|Mood +1|1 random stat +10 / +8 / +5|Skill points +45 / +35 / +30|Fans +500|(random) Hint for a skill related to the race|Etsuko Otonashi bond +15,4
agnes-digital-super-express-full-color-special,after_race,etsuko_s_exhaustive_coverage,Etsuko's Exhaustive Coverage,Top::!Randomly either|Energy -25|Mood -1|1 random stat +4 / +3 / +0|Skill points +25 / +20 / +10|Etsuko Otonashi bond -10|!or|Energy -15|Mood +1|1 random stat +4 / +3 / +0|Skill points +25 / +20 / +10|Etsuko Otonashi bond +15||Bot::Energy -20|1 random stat +4 / +3 / +0|Skill points +25 / +20 / +10|Etsuko Otonashi bond +10,5
seiun-sky-blue-cloud-thumbing,costume,sleepy_time_incense,Sleepy Time Incense,Top::Wit +20||Bot::Stamina +20,1
seiun-sky-blue-cloud-thumbing,costume,tactician_vs_king,Tactician vs. King,Top::Guts +20||Bot::Speed +20,2
seiun-sky-blue-cloud-thumbing,costume,who_do_you_run_for,Who Do You Run For?,Top::Stamina +20|(random) Get Charming ○ status||Bot::Power +20|(random) Get Charming ○ status,3
seiun-sky-blue-cloud-thumbing,choices,is_cat_language_real,Is Cat Language Real?,Top::Stamina +10||Bot::Wit +10,1
seiun-sky-blue-cloud-thumbing,choices,shady_dealings,Shady Dealings,Top::Speed +10||Bot::Power +10,2
seiun-sky-blue-cloud-thumbing,choices,sei_s_escape_plan,Sei's Escape Plan,Top::Speed +10|Skill points +15||Bot::Subdued Late Surgers hint +1,3
seiun-sky-blue-cloud-thumbing,choices,sunny_day_standoff,Sunny Day Standoff,Top::Speed +25|!Randomly either|Speed +5|Mood -1||Bot::Energy +20|Deep Breaths hint +1|!Randomly either|Energy +10|(random) Get Slacker status||Mid::Energy +5|Speed +5,4
seiun-sky-blue-cloud-thumbing,choices,i_can_unwind_outdoors_too,I Can Unwind Outdoors Too,Top::Energy +10|Skill points +5||Bot::!Randomly either (~90%)|Energy +30|Skill points +10|!Randomly either (~10%)|Energy +30|Skill points +10|Speed -5|Power +5|Get Slow Metabolism status,5
seiun-sky-blue-cloud-thumbing,date,cat_expert,Cat Expert,Top::Wit +10||Bot::Speed +10,1
seiun-sky-blue-cloud-thumbing,date,cat_patrol,Cat Patrol,Top::Stamina +10||Bot::Guts +10,2
seiun-sky-blue-cloud-thumbing,date,goodbye_cat,"Goodbye, Cat",Top::Wit +10||Bot::Stamina +10||Mid::Power +10,3
seiun-sky-blue-cloud-thumbing,date,nap_master,Nap Master,Top::Stamina +10||Bot::Wit +10,4
seiun-sky-blue-cloud-thumbing,date,cloudy_followed_by,"Cloudy, Followed By...",Top::Guts +10||Bot::Speed +10,5
seiun-sky-blue-cloud-thumbing,secret,east_vs_west,East vs. West,conditions::Participate in the Kyoto Daishoten (Classic)||reward::NO,1
seiun-sky-blue-cloud-thumbing,secret,facing_the_otherworldly_front_runner,Facing the Otherworldly Front-Runner,conditions::Participate in the Mainichi Okan (Classic)||reward::NO,2
seiun-sky-blue-cloud-thumbing,secret,landed_that_triple_crown,Landed That Triple Crown!,conditions::triple_crown||reward::Mood +1|Speed +5|Power +5|Fast-Paced hint +1,3
seiun-sky-blue-cloud-thumbing,no_choices,the_ultimate_generation,The Ultimate Generation,Stamina +5,1
seiun-sky-blue-cloud-thumbing,no_choices,a_shadow_on_the_trickster_s_path,A Shadow on the Trickster's Path,Power +5,2
seiun-sky-blue-cloud-thumbing,no_choices,zero_bites,Zero Bites,NO,3
seiun-sky-blue-cloud-thumbing,no_choices,zero_bites_1,Zero Bites +1,Guts +5,4
seiun-sky-blue-cloud-thumbing,no_choices,got_a_bite,Got a Bite,S_NORE|HIGHEST_FACILITY|Speed +10|Front Runner Straightaways ○ hint +1|!Randomly either|Stamina +10|Shake It Out hint +1|!Randomly either|Power +10|Highlander hint +1|!Randomly either|Guts +10|Steadfast hint +1|!Randomly either|Wit +10|Hesitant Late Surgers hint +1,5
seiun-sky-blue-cloud-thumbing,no_choices,the_sweetest_storm,The Sweetest Storm,Guts +5,6
seiun-sky-blue-cloud-thumbing,no_choices,a_trap_unsprung,A Trap Unsprung...,Mood -1|Stamina -5,7
seiun-sky-blue-cloud-thumbing,no_choices,master_trainer,Master Trainer,Power +10|(random) Get Practice Perfect ○ status,8
seiun-sky-blue-cloud-thumbing,no_choices,happily_ever_after,Happily Ever After?,All stats +5|Skill points +5,9
seiun-sky-blue-cloud-thumbing,no_choices,i_hate_tight_spaces,I Hate Tight Spaces,Mood -1,10
seiun-sky-blue-cloud-thumbing,no_choices,the_nap_master_s_blunder,The Nap Master's Blunder,Energy -10|Mood -1,11
seiun-sky-blue-cloud-thumbing,no_choices,luck_is_a_talent,Luck Is a Talent?,All stats +5|Skill points +30|Mood +2|(random) Get Fast Learner status,12
seiun-sky-blue-cloud-thumbing,no_choices,an_angler_s_disgrace,An Angler's Disgrace,Energy +15|Mood -1|Guts -5|!Randomly either|Energy +15|Guts -5|Get Slacker status|!Randomly either|Energy +15|Mood -1|Guts -5|Get Slacker status,13
seiun-sky-blue-cloud-thumbing,special,dance_lesson,Dance Lesson,Top::Guts +10||Bot::Stamina +10,9
seiun-sky-blue-cloud-thumbing,special,bonus_at_start,Bonus at start,Skill points +120,1
seiun-sky-blue-cloud-thumbing,special,failed_training_get_well_soon,Failed training (Get Well Soon!),Top::Mood -1|Last trained stat -5|(random) Get Practice Poor status||Bot::!Randomly either|Mood -1|Last trained stat -10|(random) Get Practice Poor status|!or|Get Practice Perfect ○ status,2
seiun-sky-blue-cloud-thumbing,special,failed_training_don_t_overdo_it,Failed training (Don't Overdo It!),Top::Energy +10|Mood -2|Last trained stat -10|2 random stats -10|(random) Get Practice Poor status||Bot::!Randomly either|Mood -3|Last trained stat -10|2 random stats -10|Get Practice Poor status|!or|Energy +10|Get Practice Perfect ○ status,3
seiun-sky-blue-cloud-thumbing,special,extra_training,Extra Training,Top::Energy -5|Last trained stat +5|(random) Heal a negative status effect||Bot::Energy +5,4
seiun-sky-blue-cloud-thumbing,special,at_summer_camp_year_2,At Summer Camp (Year 2),Top::Power +10||Bot::Guts +10,5
seiun-sky-blue-cloud-thumbing,special,fan_letter,Fan Letter,Mood +1|Skill points +30,6
seiun-sky-blue-cloud-thumbing,special,new_year_s_resolutions,New Year's Resolutions,Top::Energy +20||Mid::Skill points +20||Bot::All stats +5,7
seiun-sky-blue-cloud-thumbing,special,new_year_s_shrine_visit,New Year's Shrine Visit,Top::Energy +30||Mid::All stats +5||Bot::Skill points +35,8
seiun-sky-blue-cloud-thumbing,after_race,victory_1st,Victory! (1st),Top::Energy -15|1 random stat +10 / +8 / +5|Skill points +45 / +35 / +30|(random) Hint for a skill related to the race||Bot::!Randomly either|Energy -5|1 random stat +10 / +8 / +5|Skill points +45 / +35 / +30|(random) Hint for a skill related to the race|!or|Energy -20|1 random stat +10 / +8 / +5|Skill points +45 / +35 / +30|(random) Hint for a skill related to the race,1
seiun-sky-blue-cloud-thumbing,after_race,solid_showing_2nd_5th,Solid Showing (2nd-5th),Top::Energy -20|1 random stat +8 / +5 / +3|Skill points +45 / +35 / +30|(random) Hint for a skill related to the race||Bot::!Randomly either|Energy -10|1 random stat +8 / +5 / +3|Skill points +45 / +35 / +30|(random) Hint for a skill related to the race|!or|Energy -30|1 random stat +8 / +5 / +3|Skill points +45 / +35 / +30|(random) Hint for a skill related to the race,2
seiun-sky-blue-cloud-thumbing,after_race,defeat_6th_or_worse,Defeat (6th or worse),Top::Energy -25|1 random stat +4 / +3 / +0|Skill points +25 / +20 / +10|(random) Hint for a skill related to the race||Bot::!Randomly either|Energy -15|1 random stat +4 / +3 / +0|Skill points +25 / +20 / +10|(random) Hint for a skill related to the race|!or|Energy -35|1 random stat +4 / +3 / +0|Skill points +25 / +20 / +10|(random) Hint for a skill related to the race,3
seiun-sky-blue-cloud-thumbing,after_race,etsuko_s_elated_coverage,Etsuko's Elated Coverage,Energy -15|Mood +1|1 random stat +10 / +8 / +5|Skill points +45 / +35 / +30|Fans +500|(random) Hint for a skill related to the race|Etsuko Otonashi bond +15,4
seiun-sky-blue-cloud-thumbing,after_race,etsuko_s_exhaustive_coverage,Etsuko's Exhaustive Coverage,Top::!Randomly either|Energy -25|Mood -1|1 random stat +4 / +3 / +0|Skill points +25 / +20 / +10|Etsuko Otonashi bond -10|!or|Energy -15|Mood +1|1 random stat +4 / +3 / +0|Skill points +25 / +20 / +10|Etsuko Otonashi bond +15||Bot::Energy -20|1 random stat +4 / +3 / +0|Skill points +25 / +20 / +10|Etsuko Otonashi bond +10,5
biwa-hayahide-pf-victory-formula,costume,to_keep_or_not_to_keep,"To Keep, or Not to Keep?",Top::Wit +20||Bot::Stamina +10|Power +10,1
biwa-hayahide-pf-victory-formula,costume,a_realistic_fairytale,A Realistic Fairytale,Top::Power +20||Bot::Guts +20,2
biwa-hayahide-pf-victory-formula,costume,theory_the_greatest_weapon,"Theory, the Greatest Weapon",Top::Stamina +20|(random) Get Hot Topic status|!Randomly either|Wit +20|(random) Get Hot Topic status||Bot::Wit +20|(random) Get Practice Perfect ○ status|(random) Get Hot Topic status,3
biwa-hayahide-pf-victory-formula,choices,memories_of_cooking_and_sisterhood,Memories of Cooking and Sisterhood,Top::Power +10||Bot::Stamina +5|Wit +5,1
biwa-hayahide-pf-victory-formula,choices,a_new_side,A New Side,Top::Speed +10||Bot::Stamina +10,2
biwa-hayahide-pf-victory-formula,choices,battle_with_a_raging_dragon,Battle With a Raging Dragon,Top::Power +5|Guts +10||Bot::Hanshin Racecourse ○ hint +1,3
biwa-hayahide-pf-victory-formula,choices,banana_fiend,Banana Fiend ♪,Top::Energy +10|Skill points +5||Bot::!Randomly either (~90%)|Energy +30|Skill points +10|!Randomly either (~10%)|Energy +30|Skill points +10|Speed -5|Power +5|Get Slow Metabolism status,4
biwa-hayahide-pf-victory-formula,date,reading_in_a_cafe,Reading in a Cafe,Top::Stamina +10||Bot::Speed +10,1
biwa-hayahide-pf-victory-formula,date,sharp_contrast,Sharp Contrast,Top::Wit +10||Bot::Guts +10,2
biwa-hayahide-pf-victory-formula,date,emergency_presentation,Emergency Presentation,Top::Wit +10||Bot::Power +10||Mid::Stamina +10,3
biwa-hayahide-pf-victory-formula,date,hide_and_seek_master,Hide and Seek Master,Top::Guts +10||Bot::Speed +10,4
biwa-hayahide-pf-victory-formula,date,game_theory,Game Theory,Top::Wit +10||Bot::Power +10,5
biwa-hayahide-pf-victory-formula,secret,our_method,Our Method,conditions::triple_crown||reward::RESULT_GOOD|Speed +10|Guts +10|Skill points +10|Straightaway Acceleration hint +1|RESULT_BAD|Speed +5|Guts +5,1
biwa-hayahide-pf-victory-formula,secret,unruly_equation,Unruly Equation,conditions::ev: 501023520|rt_race_w: 10009|1||reward::Energy +20|Hanshin Racecourse ○ hint +1,2
biwa-hayahide-pf-victory-formula,secret,after_the_takarazuka_kinen_the_top,After the Takarazuka Kinen: The Top,conditions::Win the Takarazuka Kinen (Senior)||reward::All stats +3|Skill points +45|Yayoi Akikawa bond +4|Prepared to Pass hint +1,3
biwa-hayahide-pf-victory-formula,no_choices,a_description_of_the_present_moment,A Description of the Present Moment,Wit +5,1
biwa-hayahide-pf-victory-formula,no_choices,principles_beyond_recollection,Principles Beyond Recollection,Guts +5,2
biwa-hayahide-pf-victory-formula,no_choices,fact,Fact,Stamina +5,3
biwa-hayahide-pf-victory-formula,no_choices,the_peer_effect,The Peer Effect,Stamina +5|Guts +5,4
biwa-hayahide-pf-victory-formula,no_choices,authoring_the_equation,Authoring the Equation,Wit +5,5
biwa-hayahide-pf-victory-formula,no_choices,emphasis_on_nutrition,Emphasis on Nutrition?,Mood -1|Stamina -5,6
biwa-hayahide-pf-victory-formula,no_choices,master_trainer,Master Trainer,Stamina +10|(random) Get Practice Perfect ○ status,7
biwa-hayahide-pf-victory-formula,no_choices,dear_sister,Dear Sister,All stats +5|Skill points +5,8
biwa-hayahide-pf-victory-formula,no_choices,expanding_gloom,Expanding Gloom,Mood -1,9
biwa-hayahide-pf-victory-formula,no_choices,unforeseen_circumstances,Unforeseen Circumstances,Energy -10|Mood -1,10
biwa-hayahide-pf-victory-formula,no_choices,if_you_re_all_watching,If You're All Watching,All stats +5|Skill points +30|Mood +2|(random) Get Fast Learner status,11
biwa-hayahide-pf-victory-formula,no_choices,optimal_glasses,Optimal Glasses,Energy +15|Mood -1|Guts -5|!Randomly either|Energy +15|Guts -5|Get Slacker status|!Randomly either|Energy +15|Mood -1|Guts -5|Get Slacker status,12
biwa-hayahide-pf-victory-formula,special,dance_lesson,Dance Lesson,Top::Speed +10||Bot::Guts +10,9
biwa-hayahide-pf-victory-formula,special,bonus_at_start,Bonus at start,Skill points +120,1
biwa-hayahide-pf-victory-formula,special,failed_training_get_well_soon,Failed training (Get Well Soon!),Top::Mood -1|Last trained stat -5|(random) Get Practice Poor status||Bot::!Randomly either|Mood -1|Last trained stat -10|(random) Get Practice Poor status|!or|Get Practice Perfect ○ status,2
biwa-hayahide-pf-victory-formula,special,failed_training_don_t_overdo_it,Failed training (Don't Overdo It!),Top::Energy +10|Mood -2|Last trained stat -10|2 random stats -10|(random) Get Practice Poor status||Bot::!Randomly either|Mood -3|Last trained stat -10|2 random stats -10|Get Practice Poor status|!or|Energy +10|Get Practice Perfect ○ status,3
biwa-hayahide-pf-victory-formula,special,extra_training,Extra Training,Top::Energy -5|Last trained stat +5|(random) Heal a negative status effect||Bot::Energy +5,4
biwa-hayahide-pf-victory-formula,special,at_summer_camp_year_2,At Summer Camp (Year 2),Top::Power +10||Bot::Guts +10,5
biwa-hayahide-pf-victory-formula,special,fan_letter,Fan Letter,Mood +1|Skill points +30,6
biwa-hayahide-pf-victory-formula,special,new_year_s_resolutions,New Year's Resolutions,Top::Energy +20||Mid::Skill points +20||Bot::All stats +5,7
biwa-hayahide-pf-victory-formula,special,new_year_s_shrine_visit,New Year's Shrine Visit,Top::Energy +30||Mid::All stats +5||Bot::Skill points +35,8
biwa-hayahide-pf-victory-formula,after_race,victory_1st,Victory! (1st),Top::Energy -15|1 random stat +10 / +8 / +5|Skill points +45 / +35 / +30|(random) Hint for a skill related to the race||Bot::!Randomly either|Energy -5|1 random stat +10 / +8 / +5|Skill points +45 / +35 / +30|(random) Hint for a skill related to the race|!or|Energy -20|1 random stat +10 / +8 / +5|Skill points +45 / +35 / +30|(random) Hint for a skill related to the race,1
biwa-hayahide-pf-victory-formula,after_race,solid_showing_2nd_5th,Solid Showing (2nd-5th),Top::Energy -20|1 random stat +8 / +5 / +3|Skill points +45 / +35 / +30|(random) Hint for a skill related to the race||Bot::!Randomly either|Energy -10|1 random stat +8 / +5 / +3|Skill points +45 / +35 / +30|(random) Hint for a skill related to the race|!or|Energy -30|1 random stat +8 / +5 / +3|Skill points +45 / +35 / +30|(random) Hint for a skill related to the race,2
biwa-hayahide-pf-victory-formula,after_race,defeat_6th_or_worse,Defeat (6th or worse),Top::Energy -25|1 random stat +4 / +3 / +0|Skill points +25 / +20 / +10|(random) Hint for a skill related to the race||Bot::!Randomly either|Energy -15|1 random stat +4 / +3 / +0|Skill points +25 / +20 / +10|(random) Hint for a skill related to the race|!or|Energy -35|1 random stat +4 / +3 / +0|Skill points +25 / +20 / +10|(random) Hint for a skill related to the race,3
biwa-hayahide-pf-victory-formula,after_race,etsuko_s_elated_coverage,Etsuko's Elated Coverage,Energy -15|Mood +1|1 random stat +10 / +8 / +5|Skill points +45 / +35 / +30|Fans +500|(random) Hint for a skill related to the race|Etsuko Otonashi bond +15,4
biwa-hayahide-pf-victory-formula,after_race,etsuko_s_exhaustive_coverage,Etsuko's Exhaustive Coverage,Top::!Randomly either|Energy -25|Mood -1|1 random stat +4 / +3 / +0|Skill points +25 / +20 / +10|Etsuko Otonashi bond -10|!or|Energy -15|Mood +1|1 random stat +4 / +3 / +0|Skill points +25 / +20 / +10|Etsuko Otonashi bond +15||Bot::Energy -20|1 random stat +4 / +3 / +0|Skill points +25 / +20 / +10|Etsuko Otonashi bond +10,5
mayano-top-gun-scramble-zone,costume,maya_s_thrilling_test_of_courage,Maya's Thrilling ☆ Test of Courage,Top::Power +20||Bot::Guts +20,1
mayano-top-gun-scramble-zone,costume,sweet_feelings_for_you,Sweet Feelings for You ♪,Top::Stamina +20||Bot::Wit +20,2
mayano-top-gun-scramble-zone,costume,mayano_takes_off,Mayano Takes Off ☆,Top::Speed +20|(random) Get Charming ○ status||Bot::Stamina +20|(random) Get Charming ○ status,3
mayano-top-gun-scramble-zone,choices,maya_will_teach_you,Maya Will Teach You ☆,Top::Power +5|Guts +5||Bot::Wit +10,1
mayano-top-gun-scramble-zone,choices,tips_from_a_top_model,Tips from a Top Model!,Top::Energy -10|Stamina +20||Bot::Speed +10,2
mayano-top-gun-scramble-zone,choices,maya_s_race_class,Maya's Race Class ☆,Top::Stamina +10|Skill points +15||Bot::Straightaway Adept hint +1,3
mayano-top-gun-scramble-zone,choices,hearty_chanko,Hearty Chanko! ☆,Top::Energy +10|Skill points +5||Bot::!Randomly either (~90%)|Energy +30|Skill points +10|!Randomly either (~10%)|Energy +30|Skill points +10|Speed -5|Power +5|Get Slow Metabolism status,4
mayano-top-gun-scramble-zone,date,maya_s_exciting_livestream,Maya's Exciting ☆ Livestream!,Top::Stamina +5|Power +5||Bot::Guts +10,1
mayano-top-gun-scramble-zone,date,maya_s_euphoric_livestream,Maya's Euphoric ☆ Livestream!,Top::Speed +10||Bot::Stamina +10,2
mayano-top-gun-scramble-zone,date,maya_s_twinkly_determination,Maya's Twinkly ☆ Determination!,Top::Speed +5|Stamina +5||Bot::Power +10||Mid::Wit +10,3
mayano-top-gun-scramble-zone,date,maya_s_special_someone,Maya's Special Someone!,Top::Speed +10||Bot::Guts +10,4
mayano-top-gun-scramble-zone,date,wish_on_a_star,Wish on a Star,Top::Wit +10||Bot::Speed +10,5
mayano-top-gun-scramble-zone,secret,the_fruits_of_my_labor,The Fruits of My Labor,conditions::win_g1_strat: 1|win_g1_strat: 2|win_g1_strat: 3|win_g1_strat: 4|Triggers during Late December Senior Year||reward::All stats +5|Skill points +30|Final Push hint +1|Head-On hint +1|Slick Surge hint +1|Straightaway Spurt hint +1,1
mayano-top-gun-scramble-zone,no_choices,i_wanna_twinkle,I Wanna Twinkle!,Wit +5,1
mayano-top-gun-scramble-zone,no_choices,wanna_go_on_a_date,Wanna Go on a Date?,Stamina +5,2
mayano-top-gun-scramble-zone,no_choices,take_aim,Take Aim,Guts +5,3
mayano-top-gun-scramble-zone,no_choices,the_twinkle_of_youth,The Twinkle of Youth,Stamina +5,4
mayano-top-gun-scramble-zone,no_choices,toward_the_setting_sun,Toward the Setting Sun,Stamina +5|Guts +5,5
mayano-top-gun-scramble-zone,no_choices,this_excitement_is_hard_to_crack,This Excitement Is Hard to Crack! ☆,Mood -1|Wit -5,6
mayano-top-gun-scramble-zone,no_choices,maya_s_love_advice,Maya's Love Advice?!,Wit +10|(random) Get Fast Learner status,7
mayano-top-gun-scramble-zone,no_choices,get_me_in_the_mood,Get Me in the Mood ☆,Mood +2|All stats +5|!Randomly either|Mood +1|All stats +3|!Randomly either|Mood -1|Wit +10,8
mayano-top-gun-scramble-zone,no_choices,master_trainer,Master Trainer,Stamina +10|(random) Get Practice Perfect ○ status,9
mayano-top-gun-scramble-zone,no_choices,take_off_for_the_future,Take off for the Future,All stats +5|Skill points +5,10
mayano-top-gun-scramble-zone,no_choices,i_m_not_a_kid,I'm Not a Kid!,Mood -1,11
mayano-top-gun-scramble-zone,no_choices,grand_love_plan,Grand Love Plan ♪,Energy -10|Mood -1,12
mayano-top-gun-scramble-zone,no_choices,mayano_flying_high,Mayano Flying High ☆,All stats +5|Skill points +30|Mood +2|(random) Get Fast Learner status,13
mayano-top-gun-scramble-zone,no_choices,chase_me,Chase Me ☆,Energy +15|Mood -1|Guts -5|!Randomly either|Energy +15|Guts -5|Get Slacker status|!Randomly either|Energy +15|Mood -1|Guts -5|Get Slacker status,14
mayano-top-gun-scramble-zone,special,dance_lesson,Dance Lesson,Top::Guts +10||Bot::Speed +10,9
mayano-top-gun-scramble-zone,special,bonus_at_start,Bonus at start,Skill points +120,1
mayano-top-gun-scramble-zone,special,failed_training_get_well_soon,Failed training (Get Well Soon!),Top::Mood -1|Last trained stat -5|(random) Get Practice Poor status||Bot::!Randomly either|Mood -1|Last trained stat -10|(random) Get Practice Poor status|!or|Get Practice Perfect ○ status,2
mayano-top-gun-scramble-zone,special,failed_training_don_t_overdo_it,Failed training (Don't Overdo It!),Top::Energy +10|Mood -2|Last trained stat -10|2 random stats -10|(random) Get Practice Poor status||Bot::!Randomly either|Mood -3|Last trained stat -10|2 random stats -10|Get Practice Poor status|!or|Energy +10|Get Practice Perfect ○ status,3
mayano-top-gun-scramble-zone,special,extra_training,Extra Training,Top::Energy -5|Last trained stat +5|(random) Heal a negative status effect||Bot::Energy +5,4
mayano-top-gun-scramble-zone,special,at_summer_camp_year_2,At Summer Camp (Year 2),Top::Power +10||Bot::Guts +10,5
mayano-top-gun-scramble-zone,special,fan_letter,Fan Letter,Mood +1|Skill points +30,6
mayano-top-gun-scramble-zone,special,new_year_s_resolutions,New Year's Resolutions,Top::Energy +20||Mid::Skill points +20||Bot::All stats +5,7
mayano-top-gun-scramble-zone,special,new_year_s_shrine_visit,New Year's Shrine Visit,Top::Energy +30||Mid::All stats +5||Bot::Skill points +35,8
mayano-top-gun-scramble-zone,after_race,victory_1st,Victory! (1st),Top::Energy -15|1 random stat +10 / +8 / +5|Skill points +45 / +35 / +30|(random) Hint for a skill related to the race||Bot::!Randomly either|Energy -5|1 random stat +10 / +8 / +5|Skill points +45 / +35 / +30|(random) Hint for a skill related to the race|!or|Energy -20|1 random stat +10 / +8 / +5|Skill points +45 / +35 / +30|(random) Hint for a skill related to the race,1
mayano-top-gun-scramble-zone,after_race,solid_showing_2nd_5th,Solid Showing (2nd-5th),Top::Energy -20|1 random stat +8 / +5 / +3|Skill points +45 / +35 / +30|(random) Hint for a skill related to the race||Bot::!Randomly either|Energy -10|1 random stat +8 / +5 / +3|Skill points +45 / +35 / +30|(random) Hint for a skill related to the race|!or|Energy -30|1 random stat +8 / +5 / +3|Skill points +45 / +35 / +30|(random) Hint for a skill related to the race,2
mayano-top-gun-scramble-zone,after_race,defeat_6th_or_worse,Defeat (6th or worse),Top::Energy -25|1 random stat +4 / +3 / +0|Skill points +25 / +20 / +10|(random) Hint for a skill related to the race||Bot::!Randomly either|Energy -15|1 random stat +4 / +3 / +0|Skill points +25 / +20 / +10|(random) Hint for a skill related to the race|!or|Energy -35|1 random stat +4 / +3 / +0|Skill points +25 / +20 / +10|(random) Hint for a skill related to the race,3
mayano-top-gun-scramble-zone,after_race,etsuko_s_elated_coverage,Etsuko's Elated Coverage,Energy -15|Mood +1|1 random stat +10 / +8 / +5|Skill points +45 / +35 / +30|Fans +500|(random) Hint for a skill related to the race|Etsuko Otonashi bond +15,4
mayano-top-gun-scramble-zone,after_race,etsuko_s_exhaustive_coverage,Etsuko's Exhaustive Coverage,Top::!Randomly either|Energy -25|Mood -1|1 random stat +4 / +3 / +0|Skill points +25 / +20 / +10|Etsuko Otonashi bond -10|!or|Energy -15|Mood +1|1 random stat +4 / +3 / +0|Skill points +25 / +20 / +10|Etsuko Otonashi bond +15||Bot::Energy -20|1 random stat +4 / +3 / +0|Skill points +25 / +20 / +10|Etsuko Otonashi bond +10,5
mayano-top-gun-sunlight-bouquet,costume,you_re_my_sunshine,You're My Sunshine ☆,Top::Stamina +20||Bot::Power +20,1
mayano-top-gun-sunlight-bouquet,costume,meant_to_be,Meant to Be ♪,Top::Pace Strategy hint +1||Bot::Straightaway Acceleration hint +1,2
mayano-top-gun-sunlight-bouquet,costume,with_my_whole_heart,With My Whole Heart!,Top::Stamina +10|Skill points +15|(random) Get Practice Perfect ○ status||Bot::Energy +15|(random) Get Practice Perfect ○ status,3
mayano-top-gun-sunlight-bouquet,choices,maya_will_teach_you,Maya Will Teach You ☆,Top::Power +5|Guts +5||Bot::Wit +10,1
mayano-top-gun-sunlight-bouquet,choices,tips_from_a_top_model,Tips from a Top Model!,Top::Energy -10|Stamina +20||Bot::Speed +10,2
mayano-top-gun-sunlight-bouquet,choices,maya_s_race_class,Maya's Race Class ☆,Top::Stamina +10|Skill points +15||Bot::Straightaway Adept hint +1,3
mayano-top-gun-sunlight-bouquet,choices,hearty_chanko,Hearty Chanko! ☆,Top::Energy +10|Skill points +5||Bot::!Randomly either (~90%)|Energy +30|Skill points +10|!Randomly either (~10%)|Energy +30|Skill points +10|Speed -5|Power +5|Get Slow Metabolism status,4
mayano-top-gun-sunlight-bouquet,date,maya_s_exciting_livestream,Maya's Exciting ☆ Livestream!,Top::Stamina +5|Power +5||Bot::Guts +10,1
mayano-top-gun-sunlight-bouquet,date,maya_s_euphoric_livestream,Maya's Euphoric ☆ Livestream!,Top::Speed +10||Bot::Stamina +10,2
mayano-top-gun-sunlight-bouquet,date,maya_s_twinkly_determination,Maya's Twinkly ☆ Determination!,Top::Speed +5|Stamina +5||Bot::Power +10||Mid::Wit +10,3
mayano-top-gun-sunlight-bouquet,date,maya_s_special_someone,Maya's Special Someone!,Top::Speed +10||Bot::Guts +10,4
mayano-top-gun-sunlight-bouquet,date,wish_on_a_star,Wish on a Star,Top::Wit +10||Bot::Speed +10,5
mayano-top-gun-sunlight-bouquet,secret,the_fruits_of_my_labor,The Fruits of My Labor,conditions::win_g1_strat: 1|win_g1_strat: 2|win_g1_strat: 3|win_g1_strat: 4|Triggers during Late December Senior Year||reward::All stats +5|Skill points +30|Final Push hint +1|Head-On hint +1|Slick Surge hint +1|Straightaway Spurt hint +1,1
mayano-top-gun-sunlight-bouquet,no_choices,i_wanna_twinkle,I Wanna Twinkle!,Wit +5,1
mayano-top-gun-sunlight-bouquet,no_choices,wanna_go_on_a_date,Wanna Go on a Date?,Stamina +5,2
mayano-top-gun-sunlight-bouquet,no_choices,take_aim,Take Aim,Guts +5,3
mayano-top-gun-sunlight-bouquet,no_choices,the_twinkle_of_youth,The Twinkle of Youth,Stamina +5,4
mayano-top-gun-sunlight-bouquet,no_choices,toward_the_setting_sun,Toward the Setting Sun,Stamina +5|Guts +5,5
mayano-top-gun-sunlight-bouquet,no_choices,this_excitement_is_hard_to_crack,This Excitement Is Hard to Crack! ☆,Mood -1|Wit -5,6
mayano-top-gun-sunlight-bouquet,no_choices,maya_s_love_advice,Maya's Love Advice?!,Wit +10|(random) Get Fast Learner status,7
mayano-top-gun-sunlight-bouquet,no_choices,get_me_in_the_mood,Get Me in the Mood ☆,Mood +2|All stats +5|!Randomly either|Mood +1|All stats +3|!Randomly either|Mood -1|Wit +10,8
mayano-top-gun-sunlight-bouquet,no_choices,master_trainer,Master Trainer,Stamina +10|(random) Get Practice Perfect ○ status,9
mayano-top-gun-sunlight-bouquet,no_choices,take_off_for_the_future,Take off for the Future,All stats +5|Skill points +5,10
mayano-top-gun-sunlight-bouquet,no_choices,i_m_not_a_kid,I'm Not a Kid!,Mood -1,11
mayano-top-gun-sunlight-bouquet,no_choices,grand_love_plan,Grand Love Plan ♪,Energy -10|Mood -1,12
mayano-top-gun-sunlight-bouquet,no_choices,mayano_flying_high,Mayano Flying High ☆,All stats +5|Skill points +30|Mood +2|(random) Get Fast Learner status,13
mayano-top-gun-sunlight-bouquet,no_choices,chase_me,Chase Me ☆,Energy +15|Mood -1|Guts -5|!Randomly either|Energy +15|Guts -5|Get Slacker status|!Randomly either|Energy +15|Mood -1|Guts -5|Get Slacker status,14
mayano-top-gun-sunlight-bouquet,special,dance_lesson,Dance Lesson,Top::Guts +10||Bot::Speed +10,9
mayano-top-gun-sunlight-bouquet,special,bonus_at_start,Bonus at start,Skill points +120,1
mayano-top-gun-sunlight-bouquet,special,failed_training_get_well_soon,Failed training (Get Well Soon!),Top::Mood -1|Last trained stat -5|(random) Get Practice Poor status||Bot::!Randomly either|Mood -1|Last trained stat -10|(random) Get Practice Poor status|!or|Get Practice Perfect ○ status,2
mayano-top-gun-sunlight-bouquet,special,failed_training_don_t_overdo_it,Failed training (Don't Overdo It!),Top::Energy +10|Mood -2|Last trained stat -10|2 random stats -10|(random) Get Practice Poor status||Bot::!Randomly either|Mood -3|Last trained stat -10|2 random stats -10|Get Practice Poor status|!or|Energy +10|Get Practice Perfect ○ status,3
mayano-top-gun-sunlight-bouquet,special,extra_training,Extra Training,Top::Energy -5|Last trained stat +5|(random) Heal a negative status effect||Bot::Energy +5,4
mayano-top-gun-sunlight-bouquet,special,at_summer_camp_year_2,At Summer Camp (Year 2),Top::Power +10||Bot::Guts +10,5
mayano-top-gun-sunlight-bouquet,special,fan_letter,Fan Letter,Mood +1|Skill points +30,6
mayano-top-gun-sunlight-bouquet,special,new_year_s_resolutions,New Year's Resolutions,Top::Energy +20||Mid::Skill points +20||Bot::All stats +5,7
mayano-top-gun-sunlight-bouquet,special,new_year_s_shrine_visit,New Year's Shrine Visit,Top::Energy +30||Mid::All stats +5||Bot::Skill points +35,8
mayano-top-gun-sunlight-bouquet,after_race,victory_1st,Victory! (1st),Top::Energy -15|1 random stat +10 / +8 / +5|Skill points +45 / +35 / +30|(random) Hint for a skill related to the race||Bot::!Randomly either|Energy -5|1 random stat +10 / +8 / +5|Skill points +45 / +35 / +30|(random) Hint for a skill related to the race|!or|Energy -20|1 random stat +10 / +8 / +5|Skill points +45 / +35 / +30|(random) Hint for a skill related to the race,1
mayano-top-gun-sunlight-bouquet,after_race,solid_showing_2nd_5th,Solid Showing (2nd-5th),Top::Energy -20|1 random stat +8 / +5 / +3|Skill points +45 / +35 / +30|(random) Hint for a skill related to the race||Bot::!Randomly either|Energy -10|1 random stat +8 / +5 / +3|Skill points +45 / +35 / +30|(random) Hint for a skill related to the race|!or|Energy -30|1 random stat +8 / +5 / +3|Skill points +45 / +35 / +30|(random) Hint for a skill related to the race,2
mayano-top-gun-sunlight-bouquet,after_race,defeat_6th_or_worse,Defeat (6th or worse),Top::Energy -25|1 random stat +4 / +3 / +0|Skill points +25 / +20 / +10|(random) Hint for a skill related to the race||Bot::!Randomly either|Energy -15|1 random stat +4 / +3 / +0|Skill points +25 / +20 / +10|(random) Hint for a skill related to the race|!or|Energy -35|1 random stat +4 / +3 / +0|Skill points +25 / +20 / +10|(random) Hint for a skill related to the race,3
mayano-top-gun-sunlight-bouquet,after_race,etsuko_s_elated_coverage,Etsuko's Elated Coverage,Energy -15|Mood +1|1 random stat +10 / +8 / +5|Skill points +45 / +35 / +30|Fans +500|(random) Hint for a skill related to the race|Etsuko Otonashi bond +15,4
mayano-top-gun-sunlight-bouquet,after_race,etsuko_s_exhaustive_coverage,Etsuko's Exhaustive Coverage,Top::!Randomly either|Energy -25|Mood -1|1 random stat +4 / +3 / +0|Skill points +25 / +20 / +10|Etsuko Otonashi bond -10|!or|Energy -15|Mood +1|1 random stat +4 / +3 / +0|Skill points +25 / +20 / +10|Etsuko Otonashi bond +15||Bot::Energy -20|1 random stat +4 / +3 / +0|Skill points +25 / +20 / +10|Etsuko Otonashi bond +10,5
mihono-bourbon-mb-19890425,costume,trail_of_light,Trail of Light,Top::Speed +20||Bot::Power +20,1
mihono-bourbon-mb-19890425,costume,smiles_are_contagious,Smiles Are Contagious,Top::Stamina +20||Bot::Guts +20,2
mihono-bourbon-mb-19890425,costume,who_to_count_on,Who to Count On,Top::Wit +20|(random) Get Hot Topic status||Bot::Power +20|(random) Get Hot Topic status,3
mihono-bourbon-mb-19890425,choices,operation_execute_orders,Operation: Execute Orders,Top::Stamina +10||Bot::Power +10,1
mihono-bourbon-mb-19890425,choices,operation_extra_classes,Operation: Extra Classes,Top::Energy +10|Mood +1||Bot::Wit +10,2
mihono-bourbon-mb-19890425,choices,operation_excursion_trouble,Operation: Excursion Trouble,Top::Stamina +10|Skill points +15||Bot::Wet Conditions ○ hint +1,3
mihono-bourbon-mb-19890425,choices,brutal_training,Brutal Training,Top::Energy -10|Power +5/+20|Skill points +5/+10||Bot::Energy +5,4
mihono-bourbon-mb-19890425,choices,the_perfect_dessert,The Perfect Dessert,Top::Energy +10|Skill points +5||Bot::!Randomly either (~90%)|Energy +30|Skill points +10|!Randomly either (~10%)|Energy +30|Skill points +10|Speed -5|Power +5|Get Slow Metabolism status,5
mihono-bourbon-mb-19890425,date,let_s_make_memories,Let's Make Memories,Top::Speed +10||Bot::Guts +10,1
mihono-bourbon-mb-19890425,date,bourbon_s_challenge,Bourbon's Challenge?,Top::Power +10||Bot::Wit +10,2
mihono-bourbon-mb-19890425,date,you_re_irreplaceable_to_me,You're Irreplaceable to Me,Top::Stamina +10||Bot::Speed +10||Mid::Power +10,3
mihono-bourbon-mb-19890425,date,operation_dance_fever,Operation: Dance Fever,Top::Stamina +5|Guts +5||Bot::Stamina +5|Wit +5,4
mihono-bourbon-mb-19890425,date,operation_festival_fun,Operation: Festival Fun,Top::Power +10||Bot::Stamina +5|Guts +5,5
mihono-bourbon-mb-19890425,secret,after_the_japanese_derby_the_second_crown,After the Japanese Derby: The Second Crown,conditions::Win the Tokyo Yushun (Japanese Derby)||reward::RR|Final Push hint +1,1
mihono-bourbon-mb-19890425,secret,after_the_kikuka_sho_triple_crown_champion,After the Kikuka Sho: Triple Crown Champion,conditions::triple_crown||reward::All stats +3|Guts +25|Skill points +45|Straightaway Acceleration hint +1|Yayoi Akikawa bond +4,2
mihono-bourbon-mb-19890425,no_choices,mission_specification,Mission / Specification,Speed +5,1
mihono-bourbon-mb-19890425,no_choices,error_disarray,Error / Disarray,Stamina +5,2
mihono-bourbon-mb-19890425,no_choices,solution_winning_drive,Solution / Winning Drive,Power +5,3
mihono-bourbon-mb-19890425,no_choices,record_courage,Record / Courage,Guts +5,4
mihono-bourbon-mb-19890425,no_choices,request_strength,Request / Strength,Speed +5|Power +5,5
mihono-bourbon-mb-19890425,no_choices,don_t_touch_the_machines,Don't Touch the Machines,Guts -5|Mood -1,6
mihono-bourbon-mb-19890425,no_choices,master_trainer,Master Trainer,Power +10|(random) Get Practice Perfect ○ status,7
mihono-bourbon-mb-19890425,no_choices,you_re_my_trainer,You're My Trainer,All stats +5|Skill points +5,8
mihono-bourbon-mb-19890425,no_choices,difficulty_level_maximum,Difficulty Level: Maximum,Mood -1,9
mihono-bourbon-mb-19890425,no_choices,it_s_bourbon_not_barbin,"It's Bourbon, Not Barbin",Energy -10|Mood -1,10
mihono-bourbon-mb-19890425,no_choices,operation_change_of_pace,Operation: Change of Pace,All stats +5|Skill points +30|Mood +2|(random) Get Fast Learner status,11
mihono-bourbon-mb-19890425,no_choices,cheerful_shopping,Cheerful Shopping,Energy +15|Mood -1|Guts -5|!Randomly either|Energy +15|Guts -5|Get Slacker status|!Randomly either|Energy +15|Mood -1|Guts -5|Get Slacker status,12
mihono-bourbon-mb-19890425,special,dance_lesson,Dance Lesson,Top::PT +10||Bot::Stamina +10,9
mihono-bourbon-mb-19890425,special,bonus_at_start,Bonus at start,Skill points +120,1
mihono-bourbon-mb-19890425,special,failed_training_get_well_soon,Failed training (Get Well Soon!),Top::Mood -1|Last trained stat -5|(random) Get Practice Poor status||Bot::!Randomly either|Mood -1|Last trained stat -10|(random) Get Practice Poor status|!or|Get Practice Perfect ○ status,2
mihono-bourbon-mb-19890425,special,failed_training_don_t_overdo_it,Failed training (Don't Overdo It!),Top::Energy +10|Mood -2|Last trained stat -10|2 random stats -10|(random) Get Practice Poor status||Bot::!Randomly either|Mood -3|Last trained stat -10|2 random stats -10|Get Practice Poor status|!or|Energy +10|Get Practice Perfect ○ status,3
mihono-bourbon-mb-19890425,special,extra_training,Extra Training,Top::Energy -5|Last trained stat +5|(random) Heal a negative status effect||Bot::Energy +5,4
mihono-bourbon-mb-19890425,special,at_summer_camp_year_2,At Summer Camp (Year 2),Top::Power +10||Bot::Guts +10,5
mihono-bourbon-mb-19890425,special,fan_letter,Fan Letter,Mood +1|Skill points +30,6
mihono-bourbon-mb-19890425,special,new_year_s_resolutions,New Year's Resolutions,Top::Energy +20||Mid::Skill points +20||Bot::All stats +5,7
mihono-bourbon-mb-19890425,special,new_year_s_shrine_visit,New Year's Shrine Visit,Top::Energy +30||Mid::All stats +5||Bot::Skill points +35,8
mihono-bourbon-mb-19890425,after_race,victory_1st,Victory! (1st),Top::Energy -15|1 random stat +10 / +8 / +5|Skill points +45 / +35 / +30|(random) Hint for a skill related to the race||Bot::!Randomly either|Energy -5|1 random stat +10 / +8 / +5|Skill points +45 / +35 / +30|(random) Hint for a skill related to the race|!or|Energy -20|1 random stat +10 / +8 / +5|Skill points +45 / +35 / +30|(random) Hint for a skill related to the race,1
mihono-bourbon-mb-19890425,after_race,solid_showing_2nd_5th,Solid Showing (2nd-5th),Top::Energy -20|1 random stat +8 / +5 / +3|Skill points +45 / +35 / +30|(random) Hint for a skill related to the race||Bot::!Randomly either|Energy -10|1 random stat +8 / +5 / +3|Skill points +45 / +35 / +30|(random) Hint for a skill related to the race|!or|Energy -30|1 random stat +8 / +5 / +3|Skill points +45 / +35 / +30|(random) Hint for a skill related to the race,2
mihono-bourbon-mb-19890425,after_race,defeat_6th_or_worse,Defeat (6th or worse),Top::Energy -25|1 random stat +4 / +3 / +0|Skill points +25 / +20 / +10|(random) Hint for a skill related to the race||Bot::!Randomly either|Energy -15|1 random stat +4 / +3 / +0|Skill points +25 / +20 / +10|(random) Hint for a skill related to the race|!or|Energy -35|1 random stat +4 / +3 / +0|Skill points +25 / +20 / +10|(random) Hint for a skill related to the race,3
mihono-bourbon-mb-19890425,after_race,etsuko_s_elated_coverage,Etsuko's Elated Coverage,Energy -15|Mood +1|1 random stat +10 / +8 / +5|Skill points +45 / +35 / +30|Fans +500|(random) Hint for a skill related to the race|Etsuko Otonashi bond +15,4
mihono-bourbon-mb-19890425,after_race,etsuko_s_exhaustive_coverage,Etsuko's Exhaustive Coverage,Top::!Randomly either|Energy -25|Mood -1|1 random stat +4 / +3 / +0|Skill points +25 / +20 / +10|Etsuko Otonashi bond -10|!or|Energy -15|Mood +1|1 random stat +4 / +3 / +0|Skill points +25 / +20 / +10|Etsuko Otonashi bond +15||Bot::Energy -20|1 random stat +4 / +3 / +0|Skill points +25 / +20 / +10|Etsuko Otonashi bond +10,5
mejiro-ryan-straight-line,costume,my_signature_racewear,My Signature Racewear,Top::Guts +20||Bot::Speed +20,1
mejiro-ryan-straight-line,costume,heart_pounding_aquarium,Heart-Pounding Aquarium,Top::Power +10|Wit +10||Bot::Stamina +10|Wit +10,2
mejiro-ryan-straight-line,costume,refreshingly_real,Refreshingly Real,Top::Stamina +20|(random) Get Hot Topic status||Bot::Power +20|(random) Get Hot Topic status,3
mejiro-ryan-straight-line,choices,muscle_jealousy,Muscle Jealousy,Top::Guts +10||Bot::Wit +10,1
mejiro-ryan-straight-line,choices,the_pony_girl_and_the_wolf_prince,The Pony Girl and the Wolf Prince,Top::Energy +5|Stamina +5||Bot::Energy +5|Speed +5,2
mejiro-ryan-straight-line,choices,real_gains,Real Gains,Top::Power +10|Skill points +15||Bot::Wet Conditions ○ hint +1,3
mejiro-ryan-straight-line,choices,rest_day,Rest Day,Top::Energy +10|Skill points +5||Bot::!Randomly either (~90%)|Energy +30|Skill points +10|!Randomly either (~10%)|Energy +30|Skill points +10|Speed -5|Power +5|Get Slow Metabolism status,4
mejiro-ryan-straight-line,date,nerve_racking_rest_time,Nerve-Racking Rest Time,Top::Stamina +10||Bot::Power +10,1
mejiro-ryan-straight-line,date,flush_with_feelings,Flush with Feelings,Top::Wit +10||Bot::Speed +10,2
mejiro-ryan-straight-line,date,with_relaxation_and_trust_comes,With Relaxation and Trust Comes...,Top::Speed +10||Bot::Stamina +10||Mid::Power +10,3
mejiro-ryan-straight-line,date,ryan_to_the_rescue,Ryan to the Rescue!,Top::Power +10||Bot::Guts +10,4
mejiro-ryan-straight-line,date,the_little_fans_of_the_umadol,The Little Fans of the Umadol,Top::Power +10||Bot::Wit +10,5
mejiro-ryan-straight-line,secret,a_fresh_wind,A Fresh Wind,conditions::triple_crown||reward::Power +15|Slick Surge hint +1,1
mejiro-ryan-straight-line,no_choices,mcqueen_s_dilemma,McQueen's Dilemma,Power +5,1
mejiro-ryan-straight-line,no_choices,catch_me_at_nakayama,Catch Me at Nakayama ♪,Power +5,2
mejiro-ryan-straight-line,no_choices,leave_our_cares_to_the_wind,Leave Our Cares to the Wind,Guts +5,3
mejiro-ryan-straight-line,no_choices,in_pursuit_of_her_rival,In Pursuit of Her Rival,Power +5,4
mejiro-ryan-straight-line,no_choices,swole_but_sore,Swole but Sore,Power -5|Mood -1,5
mejiro-ryan-straight-line,no_choices,muscles_can_do_anything,Muscles Can Do Anything!,Energy -10|Power +20|Get Practice Perfect ○ status|!Randomly either|Energy -10|Stamina +20|Power +20|Get Practice Perfect ◎ status,6
mejiro-ryan-straight-line,no_choices,master_trainer,Master Trainer,Power +10|(random) Get Practice Perfect ○ status,7
mejiro-ryan-straight-line,no_choices,mejiro_maker,Mejiro Maker,All stats +5|Skill points +5,8
mejiro-ryan-straight-line,no_choices,if_only_i_could,If Only I Could,Mood -1,9
mejiro-ryan-straight-line,no_choices,a_glum_gut,A Glum Gut,Energy -10|Mood -1,10
mejiro-ryan-straight-line,no_choices,new_heights_of_muscle,New Heights of Muscle,All stats +5|Skill points +30|Mood +2|(random) Get Fast Learner status,11
mejiro-ryan-straight-line,no_choices,training_for_love_stories,Training for... Love Stories?!,Energy +15|Mood -1|Guts -5|!Randomly either|Energy +15|Guts -5|Get Slacker status|!Randomly either|Energy +15|Mood -1|Guts -5|Get Slacker status,12
mejiro-ryan-straight-line,special,dance_lesson,Dance Lesson,Top::Power +10||Bot::Speed +10,9
mejiro-ryan-straight-line,special,bonus_at_start,Bonus at start,Skill points +120,1
mejiro-ryan-straight-line,special,failed_training_get_well_soon,Failed training (Get Well Soon!),Top::Mood -1|Last trained stat -5|(random) Get Practice Poor status||Bot::!Randomly either|Mood -1|Last trained stat -10|(random) Get Practice Poor status|!or|Get Practice Perfect ○ status,2
mejiro-ryan-straight-line,special,failed_training_don_t_overdo_it,Failed training (Don't Overdo It!),Top::Energy +10|Mood -2|Last trained stat -10|2 random stats -10|(random) Get Practice Poor status||Bot::!Randomly either|Mood -3|Last trained stat -10|2 random stats -10|Get Practice Poor status|!or|Energy +10|Get Practice Perfect ○ status,3
mejiro-ryan-straight-line,special,extra_training,Extra Training,Top::Energy -5|Last trained stat +5|(random) Heal a negative status effect||Bot::Energy +5,4
mejiro-ryan-straight-line,special,at_summer_camp_year_2,At Summer Camp (Year 2),Top::Power +10||Bot::Guts +10,5
mejiro-ryan-straight-line,special,fan_letter,Fan Letter,Mood +1|Skill points +30,6
mejiro-ryan-straight-line,special,new_year_s_resolutions,New Year's Resolutions,Top::Energy +20||Mid::Skill points +20||Bot::All stats +5,7
mejiro-ryan-straight-line,special,new_year_s_shrine_visit,New Year's Shrine Visit,Top::Energy +30||Mid::All stats +5||Bot::Skill points +35,8
mejiro-ryan-straight-line,after_race,victory_1st,Victory! (1st),Top::Energy -15|1 random stat +10 / +8 / +5|Skill points +45 / +35 / +30|(random) Hint for a skill related to the race||Bot::!Randomly either|Energy -5|1 random stat +10 / +8 / +5|Skill points +45 / +35 / +30|(random) Hint for a skill related to the race|!or|Energy -20|1 random stat +10 / +8 / +5|Skill points +45 / +35 / +30|(random) Hint for a skill related to the race,1
mejiro-ryan-straight-line,after_race,solid_showing_2nd_5th,Solid Showing (2nd-5th),Top::Energy -20|1 random stat +8 / +5 / +3|Skill points +45 / +35 / +30|(random) Hint for a skill related to the race||Bot::!Randomly either|Energy -10|1 random stat +8 / +5 / +3|Skill points +45 / +35 / +30|(random) Hint for a skill related to the race|!or|Energy -30|1 random stat +8 / +5 / +3|Skill points +45 / +35 / +30|(random) Hint for a skill related to the race,2
mejiro-ryan-straight-line,after_race,defeat_6th_or_worse,Defeat (6th or worse),Top::Energy -25|1 random stat +4 / +3 / +0|Skill points +25 / +20 / +10|(random) Hint for a skill related to the race||Bot::!Randomly either|Energy -15|1 random stat +4 / +3 / +0|Skill points +25 / +20 / +10|(random) Hint for a skill related to the race|!or|Energy -35|1 random stat +4 / +3 / +0|Skill points +25 / +20 / +10|(random) Hint for a skill related to the race,3
mejiro-ryan-straight-line,after_race,etsuko_s_elated_coverage,Etsuko's Elated Coverage,Energy -15|Mood +1|1 random stat +10 / +8 / +5|Skill points +45 / +35 / +30|Fans +500|(random) Hint for a skill related to the race|Etsuko Otonashi bond +15,4
mejiro-ryan-straight-line,after_race,etsuko_s_exhaustive_coverage,Etsuko's Exhaustive Coverage,Top::!Randomly either|Energy -25|Mood -1|1 random stat +4 / +3 / +0|Skill points +25 / +20 / +10|Etsuko Otonashi bond -10|!or|Energy -15|Mood +1|1 random stat +4 / +3 / +0|Skill points +25 / +20 / +10|Etsuko Otonashi bond +15||Bot::Energy -20|1 random stat +4 / +3 / +0|Skill points +25 / +20 / +10|Etsuko Otonashi bond +10,5
hishi-akebono-bono-alla-moda,costume,bringing_the_buono,Bringing the Buono!,Top::Speed +20||Bot::Guts +20,1
hishi-akebono-bono-alla-moda,costume,growing_big_and_tall,Growing Big and Tall!,Top::Wit +10|Skill points +15||Bot::Energy +15,2
hishi-akebono-bono-alla-moda,costume,tall_and_proud,Tall and Proud!,Top::Power +20|(random) Get Fast Learner status||Bot::Stamina +20|(random) Get Fast Learner status,3
hishi-akebono-bono-alla-moda,choices,survival_lesson,Survival ☆ Lesson,Top::Energy -10|Stamina +10|Guts +10||Bot::Energy -10|Stamina +20,1
hishi-akebono-bono-alla-moda,choices,a_gourmet_gathering,A Gourmet Gathering ☆,Top::Power +10||Bot::Guts +10,2
hishi-akebono-bono-alla-moda,choices,you_can_t_patrol_on_an_empty_stomach,You Can't Patrol on an Empty Stomach ☆,Top::Energy +20||Bot::Stamina to Spare hint +1,3
hishi-akebono-bono-alla-moda,choices,the_benefits_of_late_night_chanko,The Benefits of Late-Night Chanko,Top::Energy +70||Bot::Energy +40|Mood +1|HE,4
hishi-akebono-bono-alla-moda,choices,when_opposites_attract_and_clash,When Opposites Attract... and Clash!,Top::Speed +30|Countermeasure hint +1|!Randomly either|Energy -5|Speed +10||Bot::Energy +10|Power +10|!Randomly either|Energy +5|Get Slow Metabolism status||Mid::Wit +5,5
hishi-akebono-bono-alla-moda,choices,a_buono_taste_testing_party,A Buono Taste-Testing Party ☆,Top::Energy +10|Skill points +5||Bot::!Randomly either (~90%)|Energy +30|Skill points +10|!Randomly either (~10%)|Energy +30|Skill points +10|Speed -5|Power +5|Get Slow Metabolism status,6
hishi-akebono-bono-alla-moda,date,bring_it_on_ceramics_class,"Bring It On, Ceramics Class!",Top::Wit +10||Bot::Power +10,1
hishi-akebono-bono-alla-moda,date,bring_it_on_lunch,"Bring It On, Lunch!",Top::Guts +10||Bot::Power +10,2
hishi-akebono-bono-alla-moda,date,bring_it_on_love,"Bring It On, Love!",Top::Speed +10||Bot::Skill points +30||Mid::Stamina +5|Guts +5,3
hishi-akebono-bono-alla-moda,date,space_food,Space Food,Top::Wit +10||Bot::Energy +10,4
hishi-akebono-bono-alla-moda,date,go_big_or_go_home,Go Big or Go Home!,Top::Speed +5|Power +5||Bot::Stamina +5|Skill points +15,5
hishi-akebono-bono-alla-moda,no_choices,mismatched_match,Mismatched Match,Stamina +5,1
hishi-akebono-bono-alla-moda,no_choices,sweet_little_hero,Sweet Little Hero,Guts +5,2
hishi-akebono-bono-alla-moda,no_choices,letting_things_cook,Letting Things Cook,Wit +5,3
hishi-akebono-bono-alla-moda,no_choices,my_chanko,My Chanko,Speed +5,4
hishi-akebono-bono-alla-moda,no_choices,for_a_buono_race,For a Buono Race!,Power +10,5
hishi-akebono-bono-alla-moda,no_choices,the_missing_flavor,The Missing Flavor,Mood -1|Speed -5,6
hishi-akebono-bono-alla-moda,no_choices,master_trainer,Master Trainer,Power +10|(random) Get Practice Perfect ○ status,7
hishi-akebono-bono-alla-moda,no_choices,i_see_your_smile_in_the_pot,I See Your Smile in the Pot,All stats +5|Skill points +5,8
hishi-akebono-bono-alla-moda,no_choices,day_of_repenting,Day of Repenting,Mood -1,9
hishi-akebono-bono-alla-moda,no_choices,incomplete_recipe,Incomplete Recipe,Energy -10|Mood -1,10
hishi-akebono-bono-alla-moda,no_choices,fleet_footed_fusion_sprinter_attack,Fleet-Footed Fusion! Sprinter Attack!,All stats +5|Skill points +30|Mood +2|(random) Get Fast Learner status,11
hishi-akebono-bono-alla-moda,no_choices,hold_on_tight,Hold On Tight! ☆,Energy +15|Mood -1|Guts -5|!Randomly either|Energy +15|Guts -5|Get Slacker status|!Randomly either|Energy +15|Mood -1|Guts -5|Get Slacker status,12
hishi-akebono-bono-alla-moda,special,dance_lesson,Dance Lesson,Top::Power +10||Bot::Wit +10,9
hishi-akebono-bono-alla-moda,special,bonus_at_start,Bonus at start,Skill points +120,1
hishi-akebono-bono-alla-moda,special,failed_training_get_well_soon,Failed training (Get Well Soon!),Top::Mood -1|Last trained stat -5|(random) Get Practice Poor status||Bot::!Randomly either|Mood -1|Last trained stat -10|(random) Get Practice Poor status|!or|Get Practice Perfect ○ status,2
hishi-akebono-bono-alla-moda,special,failed_training_don_t_overdo_it,Failed training (Don't Overdo It!),Top::Energy +10|Mood -2|Last trained stat -10|2 random stats -10|(random) Get Practice Poor status||Bot::!Randomly either|Mood -3|Last trained stat -10|2 random stats -10|Get Practice Poor status|!or|Energy +10|Get Practice Perfect ○ status,3
hishi-akebono-bono-alla-moda,special,extra_training,Extra Training,Top::Energy -5|Last trained stat +5|(random) Heal a negative status effect||Bot::Energy +5,4
hishi-akebono-bono-alla-moda,special,at_summer_camp_year_2,At Summer Camp (Year 2),Top::Power +10||Bot::Guts +10,5
hishi-akebono-bono-alla-moda,special,fan_letter,Fan Letter,Mood +1|Skill points +30,6
hishi-akebono-bono-alla-moda,special,new_year_s_resolutions,New Year's Resolutions,Top::Energy +20||Mid::Skill points +20||Bot::All stats +5,7
hishi-akebono-bono-alla-moda,special,new_year_s_shrine_visit,New Year's Shrine Visit,Top::Energy +30||Mid::All stats +5||Bot::Skill points +35,8
hishi-akebono-bono-alla-moda,after_race,victory_1st,Victory! (1st),Top::Energy -15|1 random stat +10 / +8 / +5|Skill points +45 / +35 / +30|(random) Hint for a skill related to the race||Bot::!Randomly either|Energy -5|1 random stat +10 / +8 / +5|Skill points +45 / +35 / +30|(random) Hint for a skill related to the race|!or|Energy -20|1 random stat +10 / +8 / +5|Skill points +45 / +35 / +30|(random) Hint for a skill related to the race,1
hishi-akebono-bono-alla-moda,after_race,solid_showing_2nd_5th,Solid Showing (2nd-5th),Top::Energy -20|1 random stat +8 / +5 / +3|Skill points +45 / +35 / +30|(random) Hint for a skill related to the race||Bot::!Randomly either|Energy -10|1 random stat +8 / +5 / +3|Skill points +45 / +35 / +30|(random) Hint for a skill related to the race|!or|Energy -30|1 random stat +8 / +5 / +3|Skill points +45 / +35 / +30|(random) Hint for a skill related to the race,2
hishi-akebono-bono-alla-moda,after_race,defeat_6th_or_worse,Defeat (6th or worse),Top::Energy -25|1 random stat +4 / +3 / +0|Skill points +25 / +20 / +10|(random) Hint for a skill related to the race||Bot::!Randomly either|Energy -15|1 random stat +4 / +3 / +0|Skill points +25 / +20 / +10|(random) Hint for a skill related to the race|!or|Energy -35|1 random stat +4 / +3 / +0|Skill points +25 / +20 / +10|(random) Hint for a skill related to the race,3
hishi-akebono-bono-alla-moda,after_race,etsuko_s_elated_coverage,Etsuko's Elated Coverage,Energy -15|Mood +1|1 random stat +10 / +8 / +5|Skill points +45 / +35 / +30|Fans +500|(random) Hint for a skill related to the race|Etsuko Otonashi bond +15,4
hishi-akebono-bono-alla-moda,after_race,etsuko_s_exhaustive_coverage,Etsuko's Exhaustive Coverage,Top::!Randomly either|Energy -25|Mood -1|1 random stat +4 / +3 / +0|Skill points +25 / +20 / +10|Etsuko Otonashi bond -10|!or|Energy -15|Mood +1|1 random stat +4 / +3 / +0|Skill points +25 / +20 / +10|Etsuko Otonashi bond +15||Bot::Energy -20|1 random stat +4 / +3 / +0|Skill points +25 / +20 / +10|Etsuko Otonashi bond +10,5
rice-shower-rose-dream,costume,am_i_enough,Am I Enough?,Top::Guts +20||Bot::Power +20,1
rice-shower-rose-dream,costume,sweet_lively_joy,Sweet & Lively Joy,Top::Speed +10|Stamina +10||Bot::Wit +20,2
rice-shower-rose-dream,costume,i_am_enough,I Am Enough,Top::Guts +10|Wit +10|(random) Get Charming ○ status||Bot::Stamina +10|Power +10|(random) Get Charming ○ status,3
rice-shower-rose-dream,choices,training_inspiration,Training Inspiration,Top::Energy -10|Guts +20||Bot::Energy +5|Skill points +15,1
rice-shower-rose-dream,choices,wonderful_new_worlds,Wonderful New Worlds,Top::Stamina +10||Bot::Speed +5|Wit +5,2
rice-shower-rose-dream,choices,looking_on_the_bright_side,Looking on the Bright Side,Top::Stamina +5|Guts +10||Bot::Firm Conditions ○ hint +1,3
rice-shower-rose-dream,choices,a_wish_to_the_goddesses,A Wish to the Goddesses,1 random stat +30|Mood +1|!Randomly either|1 random stat +15,4
rice-shower-rose-dream,choices,a_page_about_apples,A Page about Apples,Top::Energy +10|Skill points +5||Bot::!Randomly either (~90%)|Energy +30|Skill points +10|!Randomly either (~10%)|Energy +30|Skill points +10|Speed -5|Power +5|Get Slow Metabolism status,5
rice-shower-rose-dream,date,even_when_the_ladybugs_are_gone,Even When the Ladybugs Are Gone,Top::Stamina +10||Bot::Wit +10,1
rice-shower-rose-dream,date,even_when_clouds_cover_the_sky,Even When Clouds Cover the Sky,Top::Speed +5|Power +5||Bot::Guts +10,2
rice-shower-rose-dream,date,my_sun,My Sun,Top::Guts +5|Wit +5||Bot::Speed +5|Power +5||Mid::Stamina +10,3
rice-shower-rose-dream,date,i_ve_got_this,I've Got This!,Top::Guts +10||Bot::Speed +10,4
rice-shower-rose-dream,date,a_page_about_sunsets,A Page about Sunsets,Top::Power +5|Guts +5||Bot::Stamina +5|Wit +5,5
rice-shower-rose-dream,secret,a_tale_that_blooms_from_the_heart,A Tale That Blooms from the Heart,conditions::racetrack_wins_branch: 10008||reward::CT|Speed +15|Stamina +15|Guts +15|Skill points +25|Kyoto Racecourse ○ hint +1|Firm Conditions ○ hint +1|CT|Speed +10|Stamina +10|Skill points +5|Kyoto Racecourse ○ hint +1|CT|Speed +5|Stamina +5|Kyoto Racecourse ○ hint +1,1
rice-shower-rose-dream,no_choices,the_flower_that_blooms_in_yodo,The Flower that Blooms in Yodo,Stamina +5,1
rice-shower-rose-dream,no_choices,a_rival_s_misfortune,A Rival's Misfortune,Guts +5,2
rice-shower-rose-dream,no_choices,you_can_t_bloom_alone,You Can't Bloom Alone,Guts +5,3
rice-shower-rose-dream,no_choices,one_in_a_million_chance,One in a Million Chance,Guts +5,4
rice-shower-rose-dream,no_choices,an_unyielding_rose,An Unyielding Rose,Stamina +10,5
rice-shower-rose-dream,no_choices,a_page_about_sketching,A Page about Sketching,Mood -1|Power -5,6
rice-shower-rose-dream,no_choices,master_trainer,Master Trainer,Guts +10|(random) Get Practice Perfect ○ status,7
rice-shower-rose-dream,no_choices,once_upon_a_time,Once upon a Time,All stats +5|Skill points +5,8
rice-shower-rose-dream,no_choices,an_unfortunate_slip,An Unfortunate Slip,Mood -1,9
rice-shower-rose-dream,no_choices,a_page_about_tenacity,A Page about Tenacity,Energy -10|Mood -1,10
rice-shower-rose-dream,no_choices,the_back_of_the_page,The Back of the Page,All stats +5|Skill points +30|Mood +2|(random) Get Fast Learner status,11
rice-shower-rose-dream,no_choices,a_page_about_books,A Page about Books,Energy +15|Mood -1|Guts -5|!Randomly either|Energy +15|Guts -5|Get Slacker status|!Randomly either|Energy +15|Mood -1|Guts -5|Get Slacker status,12
rice-shower-rose-dream,special,dance_lesson,Dance Lesson,Top::Stamina +10||Bot::Speed +10,9
rice-shower-rose-dream,special,bonus_at_start,Bonus at start,Skill points +120,1
rice-shower-rose-dream,special,failed_training_get_well_soon,Failed training (Get Well Soon!),Top::Mood -1|Last trained stat -5|(random) Get Practice Poor status||Bot::!Randomly either|Mood -1|Last trained stat -10|(random) Get Practice Poor status|!or|Get Practice Perfect ○ status,2
rice-shower-rose-dream,special,failed_training_don_t_overdo_it,Failed training (Don't Overdo It!),Top::Energy +10|Mood -2|Last trained stat -10|2 random stats -10|(random) Get Practice Poor status||Bot::!Randomly either|Mood -3|Last trained stat -10|2 random stats -10|Get Practice Poor status|!or|Energy +10|Get Practice Perfect ○ status,3
rice-shower-rose-dream,special,extra_training,Extra Training,Top::Energy -5|Last trained stat +5|(random) Heal a negative status effect||Bot::Energy +5,4
rice-shower-rose-dream,special,at_summer_camp_year_2,At Summer Camp (Year 2),Top::Power +10||Bot::Guts +10,5
rice-shower-rose-dream,special,fan_letter,Fan Letter,Mood +1|Skill points +30,6
rice-shower-rose-dream,special,new_year_s_resolutions,New Year's Resolutions,Top::Energy +20||Mid::Skill points +20||Bot::All stats +5,7
rice-shower-rose-dream,special,new_year_s_shrine_visit,New Year's Shrine Visit,Top::Energy +30||Mid::All stats +5||Bot::Skill points +35,8
rice-shower-rose-dream,after_race,victory_1st,Victory! (1st),Top::Energy -15|1 random stat +10 / +8 / +5|Skill points +45 / +35 / +30|(random) Hint for a skill related to the race||Bot::!Randomly either|Energy -5|1 random stat +10 / +8 / +5|Skill points +45 / +35 / +30|(random) Hint for a skill related to the race|!or|Energy -20|1 random stat +10 / +8 / +5|Skill points +45 / +35 / +30|(random) Hint for a skill related to the race,1
rice-shower-rose-dream,after_race,solid_showing_2nd_5th,Solid Showing (2nd-5th),Top::Energy -20|1 random stat +8 / +5 / +3|Skill points +45 / +35 / +30|(random) Hint for a skill related to the race||Bot::!Randomly either|Energy -10|1 random stat +8 / +5 / +3|Skill points +45 / +35 / +30|(random) Hint for a skill related to the race|!or|Energy -30|1 random stat +8 / +5 / +3|Skill points +45 / +35 / +30|(random) Hint for a skill related to the race,2
rice-shower-rose-dream,after_race,defeat_6th_or_worse,Defeat (6th or worse),Top::Energy -25|1 random stat +4 / +3 / +0|Skill points +25 / +20 / +10|(random) Hint for a skill related to the race||Bot::!Randomly either|Energy -15|1 random stat +4 / +3 / +0|Skill points +25 / +20 / +10|(random) Hint for a skill related to the race|!or|Energy -35|1 random stat +4 / +3 / +0|Skill points +25 / +20 / +10|(random) Hint for a skill related to the race,3
rice-shower-rose-dream,after_race,etsuko_s_elated_coverage,Etsuko's Elated Coverage,Energy -15|Mood +1|1 random stat +10 / +8 / +5|Skill points +45 / +35 / +30|Fans +500|(random) Hint for a skill related to the race|Etsuko Otonashi bond +15,4
rice-shower-rose-dream,after_race,etsuko_s_exhaustive_coverage,Etsuko's Exhaustive Coverage,Top::!Randomly either|Energy -25|Mood -1|1 random stat +4 / +3 / +0|Skill points +25 / +20 / +10|Etsuko Otonashi bond -10|!or|Energy -15|Mood +1|1 random stat +4 / +3 / +0|Skill points +25 / +20 / +10|Etsuko Otonashi bond +15||Bot::Energy -20|1 random stat +4 / +3 / +0|Skill points +25 / +20 / +10|Etsuko Otonashi bond +10,5
agnes-tachyon-tach-nology,costume,expression_of_conviction,Expression of Conviction,Top::Stamina +20||Bot::Speed +20,1
agnes-tachyon-tach-nology,costume,obtain_data,Obtain Data!,Top::Wit +20||Bot::Power +20,2
agnes-tachyon-tach-nology,costume,tachyon_the_spoiled_child,Tachyon the Spoiled Child,Top::Stamina +10|Guts +10|(random) Get Fast Learner status||Bot::Wit +20|(random) Get Fast Learner status,3
agnes-tachyon-tach-nology,choices,at_tachyon_s_pace,At Tachyon's Pace,Top::Guts +10||Bot::Speed +5|Power +5,1
agnes-tachyon-tach-nology,choices,the_strongest_collaborator,The Strongest Collaborator?!,Top::Energy -20|Stamina +15|Guts +10||Bot::Energy +5|Wit +5,2
agnes-tachyon-tach-nology,choices,the_pressure_of_justice,The Pressure of Justice?,Top::Wit +10|Skill points +15||Bot::Corner Adept ○ hint +1,3
agnes-tachyon-tach-nology,choices,hamburger_helper,Hamburger Helper!,Top::Energy +10|Skill points +5||Bot::!Randomly either (~90%)|Energy +30|Skill points +10|!Randomly either (~10%)|Energy +30|Skill points +10|Speed -5|Power +5|Get Slow Metabolism status,4
agnes-tachyon-tach-nology,date,medicine_that_makes_you_faster,Medicine That Makes You Faster?,Top::Power +5|Guts +5||Bot::Speed +5|Wit +5,1
agnes-tachyon-tach-nology,date,the_significance_of_research,The Significance of Research,Top::Wit +10||Bot::Speed +10,2
agnes-tachyon-tach-nology,date,no_shortcuts,No Shortcuts,Top::Guts +10||Bot::Wit +10||Mid::Power +10,3
agnes-tachyon-tach-nology,date,a_gift_from_the_dark_sky,A Gift From the Dark Sky,Top::Speed +5|Power +5||Bot::Guts +10,4
agnes-tachyon-tach-nology,date,body_modification,Body Modification!,Top::Power +5|Wit +5||Bot::Stamina +10,5
agnes-tachyon-tach-nology,secret,report_a_clear_gaze,Report: A Clear Gaze,conditions::Participate in the Satsuki Sho||reward::MOOD_MIN|Wit +5|MOOD_MAX|Wit +5|RC,1
agnes-tachyon-tach-nology,secret,the_triple_crown_champion_that_was,The Triple Crown Champion That Was,conditions::triple_crown||reward::All stats +3|Skill points +10|Tactical Tweak hint +1,2
agnes-tachyon-tach-nology,no_choices,report_uncertain_promises,Report: Uncertain Promises,Power +5,1
agnes-tachyon-tach-nology,no_choices,report_will,Report: Will,Wit +5,2
agnes-tachyon-tach-nology,no_choices,report_change_of_course,Report: Change of Course,Wit +5,3
agnes-tachyon-tach-nology,no_choices,report_confession,Report: Confession,Power +5,4
agnes-tachyon-tach-nology,no_choices,report_the_final_factor,Report: The Final Factor,Guts +5,5
agnes-tachyon-tach-nology,no_choices,boredom_is_excruciating,Boredom is Excruciating,Guts -5|Mood -1,6
agnes-tachyon-tach-nology,no_choices,rumored_microbes,Rumored Microbes,Speed +25|Mood -1|!Randomly either|Speed +25|Energy -15|!Randomly either|Mood +1|Speed +25,7
agnes-tachyon-tach-nology,no_choices,midnight_pool,Midnight Pool,Mood -1|Power +25|!Randomly either|Energy -15|Power +25|!Randomly either|Mood +1|Power +25,8
agnes-tachyon-tach-nology,no_choices,energetic_brain_cells,Energetic Brain Cells,Mood -1|Wit +25|!Randomly either|Energy -15|Wit +25|!Randomly either|Mood +1|Wit +25,9
agnes-tachyon-tach-nology,no_choices,master_trainer,Master Trainer,Wit +10|(random) Get Practice Perfect ○ status,10
agnes-tachyon-tach-nology,no_choices,on_the_psychological_effects_of_others_emotions,On the Psychological Effects of Others' Emotions,All stats +5|Skill points +5,11
agnes-tachyon-tach-nology,no_choices,coffee_trap,Coffee Trap?,Mood -1,12
agnes-tachyon-tach-nology,no_choices,keep_the_lecturing_to_a_minimum,Keep the Lecturing to a Minimum,Energy -10|Mood -1,13
agnes-tachyon-tach-nology,no_choices,what_is_there_to_gain_from_helping_others,What Is There to Gain from Helping Others?,All stats +5|Skill points +30|Mood +2|(random) Get Fast Learner status,14
agnes-tachyon-tach-nology,no_choices,engrossed_in_research,Engrossed in Research!,Energy +15|Mood -1|Guts -5|!Randomly either|Energy +15|Guts -5|Get Slacker status|!Randomly either|Energy +15|Mood -1|Guts -5|Get Slacker status,15
agnes-tachyon-tach-nology,special,dance_lesson,Dance Lesson,Top::Stamina +10||Bot::Speed +10,9
agnes-tachyon-tach-nology,special,bonus_at_start,Bonus at start,Skill points +120,1
agnes-tachyon-tach-nology,special,failed_training_get_well_soon,Failed training (Get Well Soon!),Top::Mood -1|Last trained stat -5|(random) Get Practice Poor status||Bot::!Randomly either|Mood -1|Last trained stat -10|(random) Get Practice Poor status|!or|Get Practice Perfect ○ status,2
agnes-tachyon-tach-nology,special,failed_training_don_t_overdo_it,Failed training (Don't Overdo It!),Top::Energy +10|Mood -2|Last trained stat -10|2 random stats -10|(random) Get Practice Poor status||Bot::!Randomly either|Mood -3|Last trained stat -10|2 random stats -10|Get Practice Poor status|!or|Energy +10|Get Practice Perfect ○ status,3
agnes-tachyon-tach-nology,special,extra_training,Extra Training,Top::Energy -5|Last trained stat +5|(random) Heal a negative status effect||Bot::Energy +5,4
agnes-tachyon-tach-nology,special,at_summer_camp_year_2,At Summer Camp (Year 2),Top::Power +10||Bot::Guts +10,5
agnes-tachyon-tach-nology,special,fan_letter,Fan Letter,Mood +1|Skill points +30,6
agnes-tachyon-tach-nology,special,new_year_s_resolutions,New Year's Resolutions,Top::Energy +20||Mid::Skill points +20||Bot::All stats +5,7
agnes-tachyon-tach-nology,special,new_year_s_shrine_visit,New Year's Shrine Visit,Top::Energy +30||Mid::All stats +5||Bot::Skill points +35,8
agnes-tachyon-tach-nology,after_race,victory_1st,Victory! (1st),Top::Energy -15|1 random stat +10 / +8 / +5|Skill points +45 / +35 / +30|(random) Hint for a skill related to the race||Bot::!Randomly either|Energy -5|1 random stat +10 / +8 / +5|Skill points +45 / +35 / +30|(random) Hint for a skill related to the race|!or|Energy -20|1 random stat +10 / +8 / +5|Skill points +45 / +35 / +30|(random) Hint for a skill related to the race,1
agnes-tachyon-tach-nology,after_race,solid_showing_2nd_5th,Solid Showing (2nd-5th),Top::Energy -20|1 random stat +8 / +5 / +3|Skill points +45 / +35 / +30|(random) Hint for a skill related to the race||Bot::!Randomly either|Energy -10|1 random stat +8 / +5 / +3|Skill points +45 / +35 / +30|(random) Hint for a skill related to the race|!or|Energy -30|1 random stat +8 / +5 / +3|Skill points +45 / +35 / +30|(random) Hint for a skill related to the race,2
agnes-tachyon-tach-nology,after_race,defeat_6th_or_worse,Defeat (6th or worse),Top::Energy -25|1 random stat +4 / +3 / +0|Skill points +25 / +20 / +10|(random) Hint for a skill related to the race||Bot::!Randomly either|Energy -15|1 random stat +4 / +3 / +0|Skill points +25 / +20 / +10|(random) Hint for a skill related to the race|!or|Energy -35|1 random stat +4 / +3 / +0|Skill points +25 / +20 / +10|(random) Hint for a skill related to the race,3
agnes-tachyon-tach-nology,after_race,etsuko_s_elated_coverage,Etsuko's Elated Coverage,Energy -15|Mood +1|1 random stat +10 / +8 / +5|Skill points +45 / +35 / +30|Fans +500|(random) Hint for a skill related to the race|Etsuko Otonashi bond +15,4
agnes-tachyon-tach-nology,after_race,etsuko_s_exhaustive_coverage,Etsuko's Exhaustive Coverage,Top::!Randomly either|Energy -25|Mood -1|1 random stat +4 / +3 / +0|Skill points +25 / +20 / +10|Etsuko Otonashi bond -10|!or|Energy -15|Mood +1|1 random stat +4 / +3 / +0|Skill points +25 / +20 / +10|Etsuko Otonashi bond +15||Bot::Energy -20|1 random stat +4 / +3 / +0|Skill points +25 / +20 / +10|Etsuko Otonashi bond +10,5
winning-ticket-go-to-winning,costume,full_power_testing,Full-Power Testing!,Top::Guts +20||Bot::Speed +20,1
winning-ticket-go-to-winning,costume,full_power_fashion,Full-Power Fashion!,Top::Stamina +20||Bot::Power +10|Guts +10,2
winning-ticket-go-to-winning,costume,full_power_effort,Full-Power Effort!,Top::Speed +10|Wit +10|(random) Get Hot Topic status||Bot::Power +20|(random) Get Hot Topic status,3
winning-ticket-go-to-winning,choices,rain_or_shine,Rain or Shine,Top::Energy -10|Stamina +10|Skill points +15||Bot::Power +10,1
winning-ticket-go-to-winning,choices,overcome_the_towering_obstacle,Overcome the Towering Obstacle!,Top::Mood +1|Guts +5||Bot::Mood +1|Power +5,2
winning-ticket-go-to-winning,choices,a_fresh_perspective,A Fresh Perspective,Top::Speed +10|Skill points +15||Bot::Nimble Navigator hint +1,3
winning-ticket-go-to-winning,choices,path_to_pastries,Path to Pastries!,Top::Energy -15|Late Surger Straightaways ○ hint +1|Late Surger Corners ○ hint +1||Bot::Energy -15|Position Pilfer hint +1|Slick Surge hint +1||Mid::Wit +15,4
winning-ticket-go-to-winning,choices,full_power_eating,Full-Power Eating!,Top::Energy +10|Skill points +5||Bot::!Randomly either (~90%)|Energy +30|Skill points +10|!Randomly either (~10%)|Energy +30|Skill points +10|Speed -5|Power +5|Get Slow Metabolism status,5
winning-ticket-go-to-winning,date,play_of_the_three_kingdoms,Play of the Three Kingdoms,Top::Stamina +5|Skill points +15||Bot::Power +5|Skill points +15,1
winning-ticket-go-to-winning,date,futsal_now,"Futsal, Now?!",Top::Guts +10||Bot::Speed +10,2
winning-ticket-go-to-winning,date,the_last_ticket,The Last Ticket,Top::Guts +10||Bot::Speed +10||Mid::Power +10,3
winning-ticket-go-to-winning,date,shake_off_your_blues,Shake Off Your Blues!,Top::Mood +1|Power +5||Bot::Speed +5|Skill points +15,4
winning-ticket-go-to-winning,date,big_girls_cry_too,Big Girls Cry Too,Top::Guts +5|Skill points +15||Bot::Mood +1|Power +5,5
winning-ticket-go-to-winning,secret,temporary_truce,Temporary Truce,"conditions::win_n_of: 1|['102201|1', '100501|2', '101001|2', '101501|2', '102301|2', '100301|3', '100601|3', '101201|3', '102301|3']|Triggers during Late December Senior Year||reward::W_E|Speed +15|Power +15|Skill points +15|Outer Swell hint +1|W_E|Speed +10|Power +10|W_E|Speed +10",1
winning-ticket-go-to-winning,no_choices,rivals,Rivals,Stamina +5,1
winning-ticket-go-to-winning,no_choices,i_wanna_win,I Wanna Win!,Guts +5,2
winning-ticket-go-to-winning,no_choices,what_makes_a_good_race,What Makes a Good Race,Guts +5,3
winning-ticket-go-to-winning,no_choices,waiting_for_progress,Waiting for Progress,Stamina +5|Guts +5,4
winning-ticket-go-to-winning,no_choices,bnw_is_back,BNW Is Back,Speed +5,5
winning-ticket-go-to-winning,no_choices,lost_umamusume,Lost Umamusume,Wit -5|Mood -1,6
winning-ticket-go-to-winning,no_choices,master_trainer,Master Trainer,Guts +10|(random) Get Practice Perfect ○ status,7
winning-ticket-go-to-winning,no_choices,we_re_the_best,We're the Best,All stats +5|Skill points +5,8
winning-ticket-go-to-winning,no_choices,mr_chalk_s_misfortune,Mr. Chalk's Misfortune,Mood -1,9
winning-ticket-go-to-winning,no_choices,the_long_road_to_dessert,The Long Road to Dessert,Energy -10|Mood -1,10
winning-ticket-go-to-winning,no_choices,higher_and_higher,Higher and Higher,All stats +5|Skill points +30|Mood +2|(random) Get Fast Learner status,11
winning-ticket-go-to-winning,no_choices,perfect_weather_for_tinkering,Perfect Weather for Tinkering?,Energy +15|Mood -1|Guts -5|!Randomly either|Energy +15|Guts -5|Get Slacker status|!Randomly either|Energy +15|Mood -1|Guts -5|Get Slacker status,12
winning-ticket-go-to-winning,special,dance_lesson,Dance Lesson,Top::Guts +10||Bot::Wit +10,9
winning-ticket-go-to-winning,special,bonus_at_start,Bonus at start,Skill points +120,1
winning-ticket-go-to-winning,special,failed_training_get_well_soon,Failed training (Get Well Soon!),Top::Mood -1|Last trained stat -5|(random) Get Practice Poor status||Bot::!Randomly either|Mood -1|Last trained stat -10|(random) Get Practice Poor status|!or|Get Practice Perfect ○ status,2
winning-ticket-go-to-winning,special,failed_training_don_t_overdo_it,Failed training (Don't Overdo It!),Top::Energy +10|Mood -2|Last trained stat -10|2 random stats -10|(random) Get Practice Poor status||Bot::!Randomly either|Mood -3|Last trained stat -10|2 random stats -10|Get Practice Poor status|!or|Energy +10|Get Practice Perfect ○ status,3
winning-ticket-go-to-winning,special,extra_training,Extra Training,Top::Energy -5|Last trained stat +5|(random) Heal a negative status effect||Bot::Energy +5,4
winning-ticket-go-to-winning,special,at_summer_camp_year_2,At Summer Camp (Year 2),Top::Power +10||Bot::Guts +10,5
winning-ticket-go-to-winning,special,fan_letter,Fan Letter,Mood +1|Skill points +30,6
winning-ticket-go-to-winning,special,new_year_s_resolutions,New Year's Resolutions,Top::Energy +20||Mid::Skill points +20||Bot::All stats +5,7
winning-ticket-go-to-winning,special,new_year_s_shrine_visit,New Year's Shrine Visit,Top::Energy +30||Mid::All stats +5||Bot::Skill points +35,8
winning-ticket-go-to-winning,after_race,victory_1st,Victory! (1st),Top::Energy -15|1 random stat +10 / +8 / +5|Skill points +45 / +35 / +30|(random) Hint for a skill related to the race||Bot::!Randomly either|Energy -5|1 random stat +10 / +8 / +5|Skill points +45 / +35 / +30|(random) Hint for a skill related to the race|!or|Energy -20|1 random stat +10 / +8 / +5|Skill points +45 / +35 / +30|(random) Hint for a skill related to the race,1
winning-ticket-go-to-winning,after_race,solid_showing_2nd_5th,Solid Showing (2nd-5th),Top::Energy -20|1 random stat +8 / +5 / +3|Skill points +45 / +35 / +30|(random) Hint for a skill related to the race||Bot::!Randomly either|Energy -10|1 random stat +8 / +5 / +3|Skill points +45 / +35 / +30|(random) Hint for a skill related to the race|!or|Energy -30|1 random stat +8 / +5 / +3|Skill points +45 / +35 / +30|(random) Hint for a skill related to the race,2
winning-ticket-go-to-winning,after_race,defeat_6th_or_worse,Defeat (6th or worse),Top::Energy -25|1 random stat +4 / +3 / +0|Skill points +25 / +20 / +10|(random) Hint for a skill related to the race||Bot::!Randomly either|Energy -15|1 random stat +4 / +3 / +0|Skill points +25 / +20 / +10|(random) Hint for a skill related to the race|!or|Energy -35|1 random stat +4 / +3 / +0|Skill points +25 / +20 / +10|(random) Hint for a skill related to the race,3
winning-ticket-go-to-winning,after_race,etsuko_s_elated_coverage,Etsuko's Elated Coverage,Energy -15|Mood +1|1 random stat +10 / +8 / +5|Skill points +45 / +35 / +30|Fans +500|(random) Hint for a skill related to the race|Etsuko Otonashi bond +15,4
winning-ticket-go-to-winning,after_race,etsuko_s_exhaustive_coverage,Etsuko's Exhaustive Coverage,Top::!Randomly either|Energy -25|Mood -1|1 random stat +4 / +3 / +0|Skill points +25 / +20 / +10|Etsuko Otonashi bond -10|!or|Energy -15|Mood +1|1 random stat +4 / +3 / +0|Skill points +25 / +20 / +10|Etsuko Otonashi bond +15||Bot::Energy -20|1 random stat +4 / +3 / +0|Skill points +25 / +20 / +10|Etsuko Otonashi bond +10,5
eishin-flash-meisterschaft,costume,worthy_of_wearing_pride,Worthy of Wearing Pride,Top::Power +20||Bot::Skill points +40,1
eishin-flash-meisterschaft,costume,shadows_in_the_darkness,Shadows in the Darkness,Top::Speed +10|Guts +10||Bot::Stamina +20,2
eishin-flash-meisterschaft,costume,honor_at_stake,Honor at Stake,Top::Guts +20|(random) Get Fast Learner status||Bot::Wit +20|(random) Get Fast Learner status,3
eishin-flash-meisterschaft,choices,guardians_of_nature,Guardians of Nature,Top::Stamina +10||Bot::Power +10,1
eishin-flash-meisterschaft,choices,how_to_educate_effectively,How to Educate Effectively,Top::Speed +10||Bot::Guts +10,2
eishin-flash-meisterschaft,choices,inspiration_to_fly,Inspiration to Fly,Top::Speed +5|Stamina +5|Power +5||Bot::Standard Distance ○ hint +1,3
eishin-flash-meisterschaft,choices,flash_s_plan_put_to_the_test,Flash's Plan Put to the Test,Top::Mood +1|FD|ET||Bot::NO,4
eishin-flash-meisterschaft,choices,fried_crispy_and_fresh,"Fried, Crispy, and Fresh!",Top::Energy +10|Skill points +5||Bot::!Randomly either (~90%)|Energy +30|Skill points +10|!Randomly either (~10%)|Energy +30|Skill points +10|Speed -5|Power +5|Get Slow Metabolism status,5
eishin-flash-meisterschaft,date,chasing_trends,Chasing Trends,Top::Wit +10||Bot::Stamina +10,1
eishin-flash-meisterschaft,date,immersing_in_japanese_tradition,Immersing in Japanese Tradition,Top::Guts +10||Bot::Speed +10,2
eishin-flash-meisterschaft,date,acclimating,Acclimating,Top::Power +10||Bot::Guts +10||Mid::Stamina +10,3
eishin-flash-meisterschaft,date,conveying_sincerity,Conveying Sincerity,Top::Speed +10||Bot::Wit +10,4
eishin-flash-meisterschaft,date,reminiscing_at_the_freizeitpark,Reminiscing at the Freizeitpark,Top::Power +10||Bot::Stamina +10,5
eishin-flash-meisterschaft,secret,after_the_japanese_derby_der_sieg,After the Japanese Derby: Der Sieg,conditions::Win the Tokyo Yushun (Japanese Derby)||reward::RR|Fighter hint +1,1
eishin-flash-meisterschaft,secret,after_the_kikuka_sho_blick_nach_vorn,After the Kikuka Sho: Blick nach vorn,conditions::Win the Kikuka Sho||reward::Energy -15|1 random stat +10|Skill points +45,2
eishin-flash-meisterschaft,secret,erinnerung_an_tokyo,Erinnerung an Tokyo,conditions::win_g1_track: 10006|2|Win the Arima Kinen (Senior)||reward::Speed +10|Tokyo Racecourse ○ hint +1,3
eishin-flash-meisterschaft,secret,erinnerung_an_den_sieg,Erinnerung an den Sieg,conditions::win_g1_track: 10006|3|Win the Arima Kinen (Senior)||reward::Speed +10|Power +10|Tokyo Racecourse ○ hint +1,4
eishin-flash-meisterschaft,secret,der_rekord,Der Rekord,conditions::win_g1_track: 10006|5|Win the Arima Kinen (Senior)||reward::Speed +15|Stamina +15|Power +15|Skill points +25|Tokyo Racecourse ○ hint +1|Standard Distance ○ hint +1,5
eishin-flash-meisterschaft,no_choices,die_achtung,Die Achtung,Wit +5,1
eishin-flash-meisterschaft,no_choices,das_erlebnis,Das Erlebnis,Power +5,2
eishin-flash-meisterschaft,no_choices,das_vorbild,Das Vorbild,Guts +5,3
eishin-flash-meisterschaft,no_choices,die_chrysantheme,Die Chrysantheme,NO,4
eishin-flash-meisterschaft,no_choices,die_torschlusspanik,Die Torschlusspanik,NO,5
eishin-flash-meisterschaft,no_choices,die_frage,Die Frage,NO,6
eishin-flash-meisterschaft,no_choices,leichter_gesagt_als_getan,Leichter gesagt als getan,Speed +10,7
eishin-flash-meisterschaft,no_choices,das_ende,Das Ende...,Stamina +5,8
eishin-flash-meisterschaft,no_choices,an_unfamiliar_deck,An Unfamiliar Deck,Mood -1|Speed -5,9
eishin-flash-meisterschaft,no_choices,the_outcome_of_flash_s_plan,The Outcome of Flash's Plan,Energy +10|STAT_NOT_DISABLED +20|!Randomly either|NO,10
eishin-flash-meisterschaft,no_choices,master_trainer,Master Trainer,Speed +10|(random) Get Practice Perfect ○ status,11
eishin-flash-meisterschaft,no_choices,wo_ein_wille_ist_ist_auch_ein_weg,"Wo ein Wille ist, ist auch ein Weg",All stats +5|Skill points +5,12
eishin-flash-meisterschaft,no_choices,in_search_of_black_pearls,In Search of Black Pearls,Mood -1,13
eishin-flash-meisterschaft,no_choices,perplexed_by_the_forecast,Perplexed by the Forecast,Energy -10|Mood -1,14
eishin-flash-meisterschaft,no_choices,i_ll_never_hand_it_over,I'll Never Hand It Over!,All stats +5|Skill points +30|Mood +2|(random) Get Fast Learner status,15
eishin-flash-meisterschaft,no_choices,time_to_review_the_schedule,Time to Review the Schedule,Energy +15|Mood -1|Guts -5|!Randomly either|Energy +15|Guts -5|Get Slacker status|!Randomly either|Energy +15|Mood -1|Guts -5|Get Slacker status,16
eishin-flash-meisterschaft,special,dance_lesson,Dance Lesson,Top::Speed +10||Bot::Wit +10,9
eishin-flash-meisterschaft,special,bonus_at_start,Bonus at start,Skill points +120,1
eishin-flash-meisterschaft,special,failed_training_get_well_soon,Failed training (Get Well Soon!),Top::Mood -1|Last trained stat -5|(random) Get Practice Poor status||Bot::!Randomly either|Mood -1|Last trained stat -10|(random) Get Practice Poor status|!or|Get Practice Perfect ○ status,2
eishin-flash-meisterschaft,special,failed_training_don_t_overdo_it,Failed training (Don't Overdo It!),Top::Energy +10|Mood -2|Last trained stat -10|2 random stats -10|(random) Get Practice Poor status||Bot::!Randomly either|Mood -3|Last trained stat -10|2 random stats -10|Get Practice Poor status|!or|Energy +10|Get Practice Perfect ○ status,3
eishin-flash-meisterschaft,special,extra_training,Extra Training,Top::Energy -5|Last trained stat +5|(random) Heal a negative status effect||Bot::Energy +5,4
eishin-flash-meisterschaft,special,at_summer_camp_year_2,At Summer Camp (Year 2),Top::Power +10||Bot::Guts +10,5
eishin-flash-meisterschaft,special,fan_letter,Fan Letter,Mood +1|Skill points +30,6
eishin-flash-meisterschaft,special,new_year_s_resolutions,New Year's Resolutions,Top::Energy +20||Mid::Skill points +20||Bot::All stats +5,7
eishin-flash-meisterschaft,special,new_year_s_shrine_visit,New Year's Shrine Visit,Top::Energy +30||Mid::All stats +5||Bot::Skill points +35,8
eishin-flash-meisterschaft,after_race,victory_1st,Victory! (1st),Top::Energy -15|1 random stat +10 / +8 / +5|Skill points +45 / +35 / +30|(random) Hint for a skill related to the race||Bot::!Randomly either|Energy -5|1 random stat +10 / +8 / +5|Skill points +45 / +35 / +30|(random) Hint for a skill related to the race|!or|Energy -20|1 random stat +10 / +8 / +5|Skill points +45 / +35 / +30|(random) Hint for a skill related to the race,1
eishin-flash-meisterschaft,after_race,solid_showing_2nd_5th,Solid Showing (2nd-5th),Top::Energy -20|1 random stat +8 / +5 / +3|Skill points +45 / +35 / +30|(random) Hint for a skill related to the race||Bot::!Randomly either|Energy -10|1 random stat +8 / +5 / +3|Skill points +45 / +35 / +30|(random) Hint for a skill related to the race|!or|Energy -30|1 random stat +8 / +5 / +3|Skill points +45 / +35 / +30|(random) Hint for a skill related to the race,2
eishin-flash-meisterschaft,after_race,defeat_6th_or_worse,Defeat (6th or worse),Top::Energy -25|1 random stat +4 / +3 / +0|Skill points +25 / +20 / +10|(random) Hint for a skill related to the race||Bot::!Randomly either|Energy -15|1 random stat +4 / +3 / +0|Skill points +25 / +20 / +10|(random) Hint for a skill related to the race|!or|Energy -35|1 random stat +4 / +3 / +0|Skill points +25 / +20 / +10|(random) Hint for a skill related to the race,3
eishin-flash-meisterschaft,after_race,etsuko_s_elated_coverage,Etsuko's Elated Coverage,Energy -15|Mood +1|1 random stat +10 / +8 / +5|Skill points +45 / +35 / +30|Fans +500|(random) Hint for a skill related to the race|Etsuko Otonashi bond +15,4
eishin-flash-meisterschaft,after_race,etsuko_s_exhaustive_coverage,Etsuko's Exhaustive Coverage,Top::!Randomly either|Energy -25|Mood -1|1 random stat +4 / +3 / +0|Skill points +25 / +20 / +10|Etsuko Otonashi bond -10|!or|Energy -15|Mood +1|1 random stat +4 / +3 / +0|Skill points +25 / +20 / +10|Etsuko Otonashi bond +15||Bot::Energy -20|1 random stat +4 / +3 / +0|Skill points +25 / +20 / +10|Etsuko Otonashi bond +10,5
curren-chan-fille-eclair,costume,which_curren_do_you_like,Which Curren Do You Like?,Top::Speed +10|Power +10||Bot::Stamina +10|Guts +10,1
curren-chan-fille-eclair,costume,how_curren_handles_social_media,How Curren Handles Social Media ♪,Top::Speed +20||Bot::Wit +20,2
curren-chan-fille-eclair,costume,curren_s_signature_racewear,Curren's Signature Racewear,Top::Speed +10|Stamina +10|(random) Get Practice Perfect ○ status||Bot::Speed +10|Power +10|(random) Get Practice Perfect ○ status,3
curren-chan-fille-eclair,choices,one_two_three_curren_chan,"One, Two, Three, Curren Chan!",Top::Speed +10||Bot::Wit +10,1
curren-chan-fille-eclair,choices,ms_worldwide,Ms. Worldwide,Top::Power +10||Bot::Speed +10,2
curren-chan-fille-eclair,choices,thanks_for_the_lesson,Thanks for the Lesson ♪,Top::Energy -10|Speed +20||Bot::Frenzied Late Surgers hint +1,3
curren-chan-fille-eclair,choices,wanna_eat_together,Wanna Eat Together?,Top::Energy +10|Skill points +5||Bot::!Randomly either (~90%)|Energy +30|Skill points +10|!Randomly either (~10%)|Energy +30|Skill points +10|Speed -5|Power +5|Get Slow Metabolism status,4
curren-chan-fille-eclair,date,making_friends,Making Friends,Top::Power +10||Bot::Wit +10,1
curren-chan-fille-eclair,date,making_connections,Making Connections,Top::Guts +10||Bot::Power +10,2
curren-chan-fille-eclair,date,universal_cutie,Universal Cutie,Top::Speed +5|Power +5||Bot::Speed +10||Mid::Speed +5|Wit +5,3
curren-chan-fille-eclair,date,a_nostalgic_flavor,A Nostalgic Flavor,Top::Stamina +10||Bot::Power +10,4
curren-chan-fille-eclair,date,rattle_rattle_clunk,"Rattle, Rattle, Clunk",Top::Wit +10||Bot::Stamina +10,5
curren-chan-fille-eclair,secret,the_essence_of_cuteness,The Essence of Cuteness,conditions::Triggers during Late May Classic Year||reward::Mood +1,1
curren-chan-fille-eclair,secret,summer_sprint_series_conquered,Summer Sprint Series Conquered!,conditions::Win the Hakodate Sprint Stakes (Senior)|Win the Keeneland Cup (Senior)|Win the Centaur Stakes (Senior)||reward::Energy +25|Mood +1|Speed +15|Power +15|Guts +15|Sprinting Gear hint +1,2
curren-chan-fille-eclair,no_choices,my_cute_ambitions,My Cute Ambitions,Speed +10,1
curren-chan-fille-eclair,no_choices,cute_posts,Cute Posts,Power +5,2
curren-chan-fille-eclair,no_choices,a_cute_plan,A Cute Plan?,Wit +5,3
curren-chan-fille-eclair,no_choices,the_truth_regarding_cuteness,The Truth Regarding Cuteness,Speed +5|Guts +5,4
curren-chan-fille-eclair,no_choices,oh_so_lonely,Oh So Lonely!,Mood -1|Wit -5,5
curren-chan-fille-eclair,no_choices,after_my_cute_concert,After My Cute Concert... ♪,Mood +1|(random) Get Charming ○ status,6
curren-chan-fille-eclair,no_choices,mynamescurren_neverforget,#MyNamesCurren #NeverForget,1 random stat +10|FA +999,7
curren-chan-fille-eclair,no_choices,master_trainer,Master Trainer,Speed +10|(random) Get Practice Perfect ○ status,8
curren-chan-fille-eclair,no_choices,beyond_cuteness,Beyond Cuteness,All stats +5|Skill points +5,9
curren-chan-fille-eclair,no_choices,lounging_around,Lounging Around,Mood -1,10
curren-chan-fille-eclair,no_choices,the_downside_of_umastagram,The Downside of Umastagram,Energy -10|Mood -1,11
curren-chan-fille-eclair,no_choices,totally_tubular_cuteness,Totally Tubular Cuteness!,All stats +5|Skill points +30|Mood +2|(random) Get Fast Learner status,12
curren-chan-fille-eclair,no_choices,conveying_cuteness,Conveying Cuteness,Energy +15|Mood -1|Guts -5|!Randomly either|Energy +15|Guts -5|Get Slacker status|!Randomly either|Energy +15|Mood -1|Guts -5|Get Slacker status,13
curren-chan-fille-eclair,special,dance_lesson,Dance Lesson,Top::Speed +10||Bot::Guts +10,9
curren-chan-fille-eclair,special,bonus_at_start,Bonus at start,Skill points +120,1
curren-chan-fille-eclair,special,failed_training_get_well_soon,Failed training (Get Well Soon!),Top::Mood -1|Last trained stat -5|(random) Get Practice Poor status||Bot::!Randomly either|Mood -1|Last trained stat -10|(random) Get Practice Poor status|!or|Get Practice Perfect ○ status,2
curren-chan-fille-eclair,special,failed_training_don_t_overdo_it,Failed training (Don't Overdo It!),Top::Energy +10|Mood -2|Last trained stat -10|2 random stats -10|(random) Get Practice Poor status||Bot::!Randomly either|Mood -3|Last trained stat -10|2 random stats -10|Get Practice Poor status|!or|Energy +10|Get Practice Perfect ○ status,3
curren-chan-fille-eclair,special,extra_training,Extra Training,Top::Energy -5|Last trained stat +5|(random) Heal a negative status effect||Bot::Energy +5,4
curren-chan-fille-eclair,special,at_summer_camp_year_2,At Summer Camp (Year 2),Top::Power +10||Bot::Guts +10,5
curren-chan-fille-eclair,special,fan_letter,Fan Letter,Mood +1|Skill points +30,6
curren-chan-fille-eclair,special,new_year_s_resolutions,New Year's Resolutions,Top::Energy +20||Mid::Skill points +20||Bot::All stats +5,7
curren-chan-fille-eclair,special,new_year_s_shrine_visit,New Year's Shrine Visit,Top::Energy +30||Mid::All stats +5||Bot::Skill points +35,8
curren-chan-fille-eclair,after_race,victory_1st,Victory! (1st),Top::Energy -15|1 random stat +10 / +8 / +5|Skill points +45 / +35 / +30|(random) Hint for a skill related to the race||Bot::!Randomly either|Energy -5|1 random stat +10 / +8 / +5|Skill points +45 / +35 / +30|(random) Hint for a skill related to the race|!or|Energy -20|1 random stat +10 / +8 / +5|Skill points +45 / +35 / +30|(random) Hint for a skill related to the race,1
curren-chan-fille-eclair,after_race,solid_showing_2nd_5th,Solid Showing (2nd-5th),Top::Energy -20|1 random stat +8 / +5 / +3|Skill points +45 / +35 / +30|(random) Hint for a skill related to the race||Bot::!Randomly either|Energy -10|1 random stat +8 / +5 / +3|Skill points +45 / +35 / +30|(random) Hint for a skill related to the race|!or|Energy -30|1 random stat +8 / +5 / +3|Skill points +45 / +35 / +30|(random) Hint for a skill related to the race,2
curren-chan-fille-eclair,after_race,defeat_6th_or_worse,Defeat (6th or worse),Top::Energy -25|1 random stat +4 / +3 / +0|Skill points +25 / +20 / +10|(random) Hint for a skill related to the race||Bot::!Randomly either|Energy -15|1 random stat +4 / +3 / +0|Skill points +25 / +20 / +10|(random) Hint for a skill related to the race|!or|Energy -35|1 random stat +4 / +3 / +0|Skill points +25 / +20 / +10|(random) Hint for a skill related to the race,3
curren-chan-fille-eclair,after_race,etsuko_s_elated_coverage,Etsuko's Elated Coverage,Energy -15|Mood +1|1 random stat +10 / +8 / +5|Skill points +45 / +35 / +30|Fans +500|(random) Hint for a skill related to the race|Etsuko Otonashi bond +15,4
curren-chan-fille-eclair,after_race,etsuko_s_exhaustive_coverage,Etsuko's Exhaustive Coverage,Top::!Randomly either|Energy -25|Mood -1|1 random stat +4 / +3 / +0|Skill points +25 / +20 / +10|Etsuko Otonashi bond -10|!or|Energy -15|Mood +1|1 random stat +4 / +3 / +0|Skill points +25 / +20 / +10|Etsuko Otonashi bond +15||Bot::Energy -20|1 random stat +4 / +3 / +0|Skill points +25 / +20 / +10|Etsuko Otonashi bond +10,5
gold-city-authentic-1928,costume,client_s_orders,Client's Orders,Top::Speed +20||Bot::Guts +20,1
gold-city-authentic-1928,costume,children_and_adults,Children and Adults,Top::Wit +20||Bot::Stamina +10|Guts +10,2
gold-city-authentic-1928,costume,ideal_image,Ideal Image,Top::Speed +20|(random) Get Charming ○ status||Bot::Power +20|(random) Get Charming ○ status,3
gold-city-authentic-1928,choices,city_s_salon,City's Salon,Top::Guts +10||Bot::Speed +10,1
gold-city-authentic-1928,choices,never_skip_meals,Never Skip Meals,Top::Power +10||Bot::Stamina +10,2
gold-city-authentic-1928,choices,dorm_quiz_battle,Dorm Quiz Battle,Top::Speed +10|Power +5||Bot::Unyielding Spirit hint +1,3
gold-city-authentic-1928,choices,the_work_of_a_model,The Work of a Model,Top::Energy -15|Skill points +40||Bot::Mood +1|1 random stat +10,4
gold-city-authentic-1928,choices,a_delicious_trap,A Delicious Trap?,Top::Energy +10|Skill points +5||Bot::!Randomly either (~90%)|Energy +30|Skill points +10|!Randomly either (~10%)|Energy +30|Skill points +10|Speed -5|Power +5|Get Slow Metabolism status,5
gold-city-authentic-1928,date,might_as_well,Might as Well,Top::Wit +10||Bot::Speed +5|Skill points +15,1
gold-city-authentic-1928,date,words_unspoken,Words Unspoken,Top::Stamina +5|Power +5||Bot::Guts +10,2
gold-city-authentic-1928,date,barefoot,Barefoot,Top::Stamina +10||Bot::Speed +10||Mid::Power +10,3
gold-city-authentic-1928,date,wanderlust,Wanderlust,Top::Stamina +10||Bot::Speed +10,4
gold-city-authentic-1928,date,yoga_pose,Yoga Pose!,Top::Guts +10||Bot::Power +10,5
gold-city-authentic-1928,secret,victory,Victory!,conditions::gold_city_race||reward::All stats +10 / +8 / +5|Skill points +45 / +35 / +30,1
gold-city-authentic-1928,secret,solid_showing,Solid Showing,conditions::gold_city_race||reward::1 random stat +8 / +5 / +3|Skill points +45 / +35 / +30,2
gold-city-authentic-1928,secret,defeat,Defeat,conditions::gold_city_race||reward::1 random stat +4 / +3 / +0|Skill points +25 / +20 / +10,3
gold-city-authentic-1928,no_choices,trust_and_awkward_smiles,Trust and Awkward Smiles,Speed +5,1
gold-city-authentic-1928,no_choices,support_and_expectations,Support and Expectations,Power +5,2
gold-city-authentic-1928,no_choices,anger_and_frustration,Anger and Frustration,Guts +5,3
gold-city-authentic-1928,no_choices,exaltation_and_impatience,Exaltation and Impatience,Speed +5,4
gold-city-authentic-1928,no_choices,empty,Empty,Stamina +5,5
gold-city-authentic-1928,no_choices,golden_sunset,Golden Sunset,Wit +5,6
gold-city-authentic-1928,no_choices,boba_trap,Boba Trap,Stamina -5|Mood -1,7
gold-city-authentic-1928,no_choices,i_overslept,I Overslept!,Energy +25|HE|FD,8
gold-city-authentic-1928,no_choices,master_trainer,Master Trainer,Speed +10|(random) Get Practice Perfect ○ status,9
gold-city-authentic-1928,no_choices,running_toward_the_light,Running Toward the Light,All stats +5|Skill points +5,10
gold-city-authentic-1928,no_choices,the_road_home,The Road Home,Mood -1,11
gold-city-authentic-1928,no_choices,a_taxing_photo_shoot,A Taxing Photo Shoot,Energy -10|Mood -1,12
gold-city-authentic-1928,no_choices,learn_from_the_runway,Learn from the Runway,All stats +5|Skill points +30|Mood +2|(random) Get Fast Learner status,13
gold-city-authentic-1928,no_choices,early_morning_shoot,Early Morning Shoot,Energy +15|Mood -1|Guts -5|!Randomly either|Energy +15|Guts -5|Get Slacker status|!Randomly either|Energy +15|Mood -1|Guts -5|Get Slacker status,14
gold-city-authentic-1928,special,dance_lesson,Dance Lesson,Top::Guts +10||Bot::Wit +10,9
gold-city-authentic-1928,special,bonus_at_start,Bonus at start,Skill points +120,1
gold-city-authentic-1928,special,failed_training_get_well_soon,Failed training (Get Well Soon!),Top::Mood -1|Last trained stat -5|(random) Get Practice Poor status||Bot::!Randomly either|Mood -1|Last trained stat -10|(random) Get Practice Poor status|!or|Get Practice Perfect ○ status,2
gold-city-authentic-1928,special,failed_training_don_t_overdo_it,Failed training (Don't Overdo It!),Top::Energy +10|Mood -2|Last trained stat -10|2 random stats -10|(random) Get Practice Poor status||Bot::!Randomly either|Mood -3|Last trained stat -10|2 random stats -10|Get Practice Poor status|!or|Energy +10|Get Practice Perfect ○ status,3
gold-city-authentic-1928,special,extra_training,Extra Training,Top::Energy -5|Last trained stat +5|(random) Heal a negative status effect||Bot::Energy +5,4
gold-city-authentic-1928,special,at_summer_camp_year_2,At Summer Camp (Year 2),Top::Power +10||Bot::Guts +10,5
gold-city-authentic-1928,special,fan_letter,Fan Letter,Mood +1|Skill points +30,6
gold-city-authentic-1928,special,new_year_s_resolutions,New Year's Resolutions,Top::Energy +20||Mid::Skill points +20||Bot::All stats +5,7
gold-city-authentic-1928,special,new_year_s_shrine_visit,New Year's Shrine Visit,Top::Energy +30||Mid::All stats +5||Bot::Skill points +35,8
gold-city-authentic-1928,after_race,victory_1st,Victory! (1st),Top::Energy -15|1 random stat +10 / +8 / +5|Skill points +45 / +35 / +30|(random) Hint for a skill related to the race||Bot::!Randomly either|Energy -5|1 random stat +10 / +8 / +5|Skill points +45 / +35 / +30|(random) Hint for a skill related to the race|!or|Energy -20|1 random stat +10 / +8 / +5|Skill points +45 / +35 / +30|(random) Hint for a skill related to the race,1
gold-city-authentic-1928,after_race,solid_showing_2nd_5th,Solid Showing (2nd-5th),Top::Energy -20|1 random stat +8 / +5 / +3|Skill points +45 / +35 / +30|(random) Hint for a skill related to the race||Bot::!Randomly either|Energy -10|1 random stat +8 / +5 / +3|Skill points +45 / +35 / +30|(random) Hint for a skill related to the race|!or|Energy -30|1 random stat +8 / +5 / +3|Skill points +45 / +35 / +30|(random) Hint for a skill related to the race,2
gold-city-authentic-1928,after_race,defeat_6th_or_worse,Defeat (6th or worse),Top::Energy -25|1 random stat +4 / +3 / +0|Skill points +25 / +20 / +10|(random) Hint for a skill related to the race||Bot::!Randomly either|Energy -15|1 random stat +4 / +3 / +0|Skill points +25 / +20 / +10|(random) Hint for a skill related to the race|!or|Energy -35|1 random stat +4 / +3 / +0|Skill points +25 / +20 / +10|(random) Hint for a skill related to the race,3
gold-city-authentic-1928,after_race,etsuko_s_elated_coverage,Etsuko's Elated Coverage,Energy -15|Mood +1|1 random stat +10 / +8 / +5|Skill points +45 / +35 / +30|Fans +500|(random) Hint for a skill related to the race|Etsuko Otonashi bond +15,4
gold-city-authentic-1928,after_race,etsuko_s_exhaustive_coverage,Etsuko's Exhaustive Coverage,Top::!Randomly either|Energy -25|Mood -1|1 random stat +4 / +3 / +0|Skill points +25 / +20 / +10|Etsuko Otonashi bond -10|!or|Energy -15|Mood +1|1 random stat +4 / +3 / +0|Skill points +25 / +20 / +10|Etsuko Otonashi bond +15||Bot::Energy -20|1 random stat +4 / +3 / +0|Skill points +25 / +20 / +10|Etsuko Otonashi bond +10,5
sakura-bakushin-o-sakura-forward,costume,bakushin_for_love,Bakushin for Love!,Top::Stamina +10|Wit +10||Bot::Guts +20,1
sakura-bakushin-o-sakura-forward,costume,a_day_without_a_class_rep,A Day Without a Class Rep,Top::Speed +20||Bot::Power +20,2
sakura-bakushin-o-sakura-forward,costume,bakushin_in_signature_racewear,Bakushin in Signature Racewear!,Top::Power +10|Guts +10|(random) Get Hot Topic status||Bot::Wit +20|(random) Get Hot Topic status,3
sakura-bakushin-o-sakura-forward,choices,the_bakushin_book,The Bakushin Book!,Top::Wit +10||Bot::Stamina +10,1
sakura-bakushin-o-sakura-forward,choices,the_voices_of_the_students,The Voices of the Students,Top::Energy -10|Stamina +10|Power +10||Bot::Speed +10,2
sakura-bakushin-o-sakura-forward,choices,solving_riddles_bakushin_style,"Solving Riddles, Bakushin Style!",Top::Guts +10|Skill points +15||Bot::Nakayama Racecourse ○ hint +1,3
sakura-bakushin-o-sakura-forward,choices,bakushin_class,Bakushin?! Class?!,Top::Energy +10|Skill points +5||Bot::!Randomly either (~90%)|Energy +30|Skill points +10|!Randomly either (~10%)|Energy +30|Skill points +10|Speed -5|Power +5|Get Slow Metabolism status,4
sakura-bakushin-o-sakura-forward,date,bakushin_ing_with_a_classmate,Bakushin-ing with a Classmate!,Top::Power +5|Guts +5||Bot::Speed +5|Wit +5,1
sakura-bakushin-o-sakura-forward,date,the_best_bakushin,The Best Bakushin!,Top::Wit +10||Bot::Stamina +5|Guts +5,2
sakura-bakushin-o-sakura-forward,date,bakushin_now_and_forever,"Bakushin, Now and Forever!",Top::Speed +10||Bot::Guts +5|Wit +5||Mid::Power +10,3
sakura-bakushin-o-sakura-forward,date,together_with_someone_important,Together with Someone Important!,Top::Guts +10||Bot::Speed +5|Stamina +5,4
sakura-bakushin-o-sakura-forward,date,the_speed_king,The Speed King,Top::Power +5|Wit +5||Bot::Stamina +10,5
sakura-bakushin-o-sakura-forward,secret,after_the_sprinters_s_successive_wins,After the Sprinters S.: Successive Wins!,conditions::Win the Sprinters Stakes (Classic)|Win the Sprinters Stakes (Senior)||reward::Mood +3|All stats +3|Speed +15|Skill points +45|Moxie hint +1|Light as a Feather hint +1|Get Hot Topic status,1
sakura-bakushin-o-sakura-forward,no_choices,bakushin_style_findings,Bakushin-Style Findings!,Speed +5,1
sakura-bakushin-o-sakura-forward,no_choices,bakushin_style_arima_kinen,Bakushin-Style Arima Kinen!,Speed +5,2
sakura-bakushin-o-sakura-forward,no_choices,bakushin_style_deal,Bakushin-Style Deal?!,Speed +5,3
sakura-bakushin-o-sakura-forward,no_choices,bakushin_style_training,Bakushin-Style Training?,Speed +5,4
sakura-bakushin-o-sakura-forward,no_choices,bakushin_style_truth,Bakushin-Style Truth,Speed +10,5
sakura-bakushin-o-sakura-forward,no_choices,just_an_ordinary_student,Just An Ordinary Student,Mood -1|Stamina -5,6
sakura-bakushin-o-sakura-forward,no_choices,on_my_title,On My Title!,1 random stat +10|Skill points +20,7
sakura-bakushin-o-sakura-forward,no_choices,all_rep_showdown,All Rep Showdown!,Wit +10|Get Charming ○ status|!Randomly either|Energy +10|Wit +20|Get Charming ○ status,8
sakura-bakushin-o-sakura-forward,no_choices,master_trainer,Master Trainer,Speed +10|(random) Get Practice Perfect ○ status,9
sakura-bakushin-o-sakura-forward,no_choices,the_bakushin_road_continues,The Bakushin Road Continues!,All stats +5|Skill points +5,10
sakura-bakushin-o-sakura-forward,no_choices,model_student_training,Model Student Training!,Mood -1,11
sakura-bakushin-o-sakura-forward,no_choices,my_rival,My Rival!,Energy -10|Mood -1,12
sakura-bakushin-o-sakura-forward,no_choices,honest_experiment_demonstration,Honest! Experiment! Demonstration!,All stats +5|Skill points +30|Mood +2|(random) Get Fast Learner status,13
sakura-bakushin-o-sakura-forward,no_choices,the_class_rep_is_very_busy,The Class Rep Is Very Busy!,Energy +15|Mood -1|Guts -5|!Randomly either|Energy +15|Guts -5|Get Slacker status|!Randomly either|Energy +15|Mood -1|Guts -5|Get Slacker status,14
sakura-bakushin-o-sakura-forward,special,dance_lesson,Dance Lesson,Top::Guts +10||Bot::Wit +10,9
sakura-bakushin-o-sakura-forward,special,bonus_at_start,Bonus at start,Skill points +120,1
sakura-bakushin-o-sakura-forward,special,failed_training_get_well_soon,Failed training (Get Well Soon!),Top::Mood -1|Last trained stat -5|(random) Get Practice Poor status||Bot::!Randomly either|Mood -1|Last trained stat -10|(random) Get Practice Poor status|!or|Get Practice Perfect ○ status,2
sakura-bakushin-o-sakura-forward,special,failed_training_don_t_overdo_it,Failed training (Don't Overdo It!),Top::Energy +10|Mood -2|Last trained stat -10|2 random stats -10|(random) Get Practice Poor status||Bot::!Randomly either|Mood -3|Last trained stat -10|2 random stats -10|Get Practice Poor status|!or|Energy +10|Get Practice Perfect ○ status,3
sakura-bakushin-o-sakura-forward,special,extra_training,Extra Training,Top::Energy -5|Last trained stat +5|(random) Heal a negative status effect||Bot::Energy +5,4
sakura-bakushin-o-sakura-forward,special,at_summer_camp_year_2,At Summer Camp (Year 2),Top::Power +10||Bot::Guts +10,5
sakura-bakushin-o-sakura-forward,special,fan_letter,Fan Letter,Mood +1|Skill points +30,6
sakura-bakushin-o-sakura-forward,special,new_year_s_resolutions,New Year's Resolutions,Top::Energy +20||Mid::Skill points +20||Bot::All stats +5,7
sakura-bakushin-o-sakura-forward,special,new_year_s_shrine_visit,New Year's Shrine Visit,Top::Energy +30||Mid::All stats +5||Bot::Skill points +35,8
sakura-bakushin-o-sakura-forward,after_race,victory_1st,Victory! (1st),Top::Energy -15|1 random stat +10 / +8 / +5|Skill points +45 / +35 / +30|(random) Hint for a skill related to the race||Bot::!Randomly either|Energy -5|1 random stat +10 / +8 / +5|Skill points +45 / +35 / +30|(random) Hint for a skill related to the race|!or|Energy -20|1 random stat +10 / +8 / +5|Skill points +45 / +35 / +30|(random) Hint for a skill related to the race,1
sakura-bakushin-o-sakura-forward,after_race,solid_showing_2nd_5th,Solid Showing (2nd-5th),Top::Energy -20|1 random stat +8 / +5 / +3|Skill points +45 / +35 / +30|(random) Hint for a skill related to the race||Bot::!Randomly either|Energy -10|1 random stat +8 / +5 / +3|Skill points +45 / +35 / +30|(random) Hint for a skill related to the race|!or|Energy -30|1 random stat +8 / +5 / +3|Skill points +45 / +35 / +30|(random) Hint for a skill related to the race,2
sakura-bakushin-o-sakura-forward,after_race,defeat_6th_or_worse,Defeat (6th or worse),Top::Energy -25|1 random stat +4 / +3 / +0|Skill points +25 / +20 / +10|(random) Hint for a skill related to the race||Bot::!Randomly either|Energy -15|1 random stat +4 / +3 / +0|Skill points +25 / +20 / +10|(random) Hint for a skill related to the race|!or|Energy -35|1 random stat +4 / +3 / +0|Skill points +25 / +20 / +10|(random) Hint for a skill related to the race,3
sakura-bakushin-o-sakura-forward,after_race,etsuko_s_elated_coverage,Etsuko's Elated Coverage,Energy -15|Mood +1|1 random stat +10 / +8 / +5|Skill points +45 / +35 / +30|Fans +500|(random) Hint for a skill related to the race|Etsuko Otonashi bond +15,4
sakura-bakushin-o-sakura-forward,after_race,etsuko_s_exhaustive_coverage,Etsuko's Exhaustive Coverage,Top::!Randomly either|Energy -25|Mood -1|1 random stat +4 / +3 / +0|Skill points +25 / +20 / +10|Etsuko Otonashi bond -10|!or|Energy -15|Mood +1|1 random stat +4 / +3 / +0|Skill points +25 / +20 / +10|Etsuko Otonashi bond +15||Bot::Energy -20|1 random stat +4 / +3 / +0|Skill points +25 / +20 / +10|Etsuko Otonashi bond +10,5
super-creek-murmuring-stream,costume,a_self_satisfying_wish,A Self-Satisfying Wish,Top::Power +20||Bot::Stamina +20,1
super-creek-murmuring-stream,costume,fill_life_with_love,Fill Life with Love,Top::Speed +10|Stamina +10|!Randomly either|Wit +20||Bot::Wit +20,2
super-creek-murmuring-stream,costume,patience_is_key,Patience Is Key,Top::Guts +20|(random) Get Hot Topic status||Bot::Stamina +10|Power +10|(random) Get Hot Topic status,3
super-creek-murmuring-stream,choices,one_day_experience_ceramics_class,One-Day Experience ☆ Ceramics Class,Top::Speed +5|Wit +5||Bot::Stamina +10,1
super-creek-murmuring-stream,choices,find_the_lost_child,Find the Lost Child!,Top::Energy -10|Stamina +10|Power +10||Bot::Wit +10,2
super-creek-murmuring-stream,choices,a_dangerous_treat,A Dangerous Treat,Top::Guts +10|Skill points +15||Bot::Corner Recovery ○ hint +1,3
super-creek-murmuring-stream,choices,sweet_nighttime_temptation,Sweet Nighttime Temptation,Top::Energy +30|Speed +10|Skill points +10|Mood -1|(random) Get Slow Metabolism status||Bot::Energy +10|Speed +5|Skill points +5||Mid::Power +20|Skill points +20|Mood +2|Hydrate hint +1,4
super-creek-murmuring-stream,choices,for_my_friends,For My Friends,Top::Energy +10|Skill points +5||Bot::!Randomly either (~90%)|Energy +30|Skill points +10|!Randomly either (~10%)|Energy +30|Skill points +10|Speed -5|Power +5|Get Slow Metabolism status,5
super-creek-murmuring-stream,date,is_relaxing_being_spoiled,Is Relaxing Being Spoiled?,Top::Stamina +10||Bot::Wit +10,1
super-creek-murmuring-stream,date,dispel_your_anxieties,Dispel Your Anxieties,Top::Power +10||Bot::Speed +5|Guts +5,2
super-creek-murmuring-stream,date,let_s_share,Let's Share,Top::Stamina +10||Bot::Speed +10||Mid::Power +10,3
super-creek-murmuring-stream,date,rough_massage,Rough Massage!,Top::Guts +10||Bot::Speed +5|Wit +5,4
super-creek-murmuring-stream,date,stargazing_is_better_together,Stargazing is Better Together,Top::Power +5|Guts +5||Bot::Stamina +10,5
super-creek-murmuring-stream,secret,our_dream_lives_on,Our Dream Lives On,conditions::Win the Arima Kinen (Classic)|Win the Tenno Sho (Spring)|autumn_triple_crown_senior||reward::Power +20|Guts +20|Prepared to Pass hint +1,1
super-creek-murmuring-stream,secret,after_the_sumire_s_short_of_breath,After the Sumire S.: Short of Breath,conditions::Participate in the Sumire Stakes||reward::1 random stat +3|Skill points +30|Get Under the Weather status|Yayoi Akikawa bond +4,2
super-creek-murmuring-stream,secret,after_the_satsuki_sho_a_spring_miracle,After the Satsuki Sho: A Spring Miracle!,conditions::Win the Satsuki Sho||reward::Energy -15|1 random stat +10|Skill points +45|Yayoi Akikawa bond +4,3
super-creek-murmuring-stream,secret,after_the_japanese_derby_a_super_umamusume_feat,After the Japanese Derby: A Super-Umamusume Feat?!,conditions::Win the Tokyo Yushun (Japanese Derby)||reward::Energy -15|1 random stat +10|Skill points +45|Yayoi Akikawa bond +4,4
super-creek-murmuring-stream,secret,after_the_kikuka_sho_triumph_of_bonds,After the Kikuka Sho: Triumph of Bonds!,conditions::Win the Kikuka Sho||reward::All stats +3|Skill points +45|Get Shining Brightly status|HE|Yayoi Akikawa bond +4,5
super-creek-murmuring-stream,no_choices,how_many_would_you_like,How Many Would You Like?,Power +5,1
super-creek-murmuring-stream,no_choices,a_fruitless_spring,A Fruitless Spring,Stamina +5,2
super-creek-murmuring-stream,no_choices,true_reason,True Reason,Stamina +5,3
super-creek-murmuring-stream,no_choices,birth_of_a_supervillain,Birth of a Supervillain,Wit +5,4
super-creek-murmuring-stream,no_choices,the_winds_of_change,The Winds of Change,Stamina +5,5
super-creek-murmuring-stream,no_choices,i_want_to_spoil_you,I Want to Spoil You!,Mood -1|Stamina -5,6
super-creek-murmuring-stream,no_choices,master_trainer,Master Trainer,Stamina +10|(random) Get Practice Perfect ○ status,7
super-creek-murmuring-stream,no_choices,a_once_in_a_lifetime_encounter,A Once-in-a-Lifetime Encounter,All stats +5|Skill points +5,8
super-creek-murmuring-stream,no_choices,pure_white_laundry,Pure-White Laundry,Mood -1,9
super-creek-murmuring-stream,no_choices,housework_is_tough,Housework Is Tough!,Energy -10|Mood -1,10
super-creek-murmuring-stream,no_choices,learning_from_children,Learning from Children,All stats +5|Skill points +30|Mood +2|(random) Get Fast Learner status,11
super-creek-murmuring-stream,no_choices,i_feel_like_cooking,I Feel Like Cooking,Energy +15|Mood -1|Guts -5|!Randomly either|Energy +15|Guts -5|Get Slacker status|!Randomly either|Energy +15|Mood -1|Guts -5|Get Slacker status,12
super-creek-murmuring-stream,special,dance_lesson,Dance Lesson,Top::Stamina +10||Bot::Speed +10,9
super-creek-murmuring-stream,special,bonus_at_start,Bonus at start,Skill points +120,1
super-creek-murmuring-stream,special,failed_training_get_well_soon,Failed training (Get Well Soon!),Top::Mood -1|Last trained stat -5|(random) Get Practice Poor status||Bot::!Randomly either|Mood -1|Last trained stat -10|(random) Get Practice Poor status|!or|Get Practice Perfect ○ status,2
super-creek-murmuring-stream,special,failed_training_don_t_overdo_it,Failed training (Don't Overdo It!),Top::Energy +10|Mood -2|Last trained stat -10|2 random stats -10|(random) Get Practice Poor status||Bot::!Randomly either|Mood -3|Last trained stat -10|2 random stats -10|Get Practice Poor status|!or|Energy +10|Get Practice Perfect ○ status,3
super-creek-murmuring-stream,special,extra_training,Extra Training,Top::Energy -5|Last trained stat +5|(random) Heal a negative status effect||Bot::Energy +5,4
super-creek-murmuring-stream,special,at_summer_camp_year_2,At Summer Camp (Year 2),Top::Power +10||Bot::Guts +10,5
super-creek-murmuring-stream,special,fan_letter,Fan Letter,Mood +1|Skill points +30,6
super-creek-murmuring-stream,special,new_year_s_resolutions,New Year's Resolutions,Top::Energy +20||Mid::Skill points +20||Bot::All stats +5,7
super-creek-murmuring-stream,special,new_year_s_shrine_visit,New Year's Shrine Visit,Top::Energy +30||Mid::All stats +5||Bot::Skill points +35,8
super-creek-murmuring-stream,after_race,victory_1st,Victory! (1st),Top::Energy -15|1 random stat +10 / +8 / +5|Skill points +45 / +35 / +30|(random) Hint for a skill related to the race||Bot::!Randomly either|Energy -5|1 random stat +10 / +8 / +5|Skill points +45 / +35 / +30|(random) Hint for a skill related to the race|!or|Energy -20|1 random stat +10 / +8 / +5|Skill points +45 / +35 / +30|(random) Hint for a skill related to the race,1
super-creek-murmuring-stream,after_race,solid_showing_2nd_5th,Solid Showing (2nd-5th),Top::Energy -20|1 random stat +8 / +5 / +3|Skill points +45 / +35 / +30|(random) Hint for a skill related to the race||Bot::!Randomly either|Energy -10|1 random stat +8 / +5 / +3|Skill points +45 / +35 / +30|(random) Hint for a skill related to the race|!or|Energy -30|1 random stat +8 / +5 / +3|Skill points +45 / +35 / +30|(random) Hint for a skill related to the race,2
super-creek-murmuring-stream,after_race,defeat_6th_or_worse,Defeat (6th or worse),Top::Energy -25|1 random stat +4 / +3 / +0|Skill points +25 / +20 / +10|(random) Hint for a skill related to the race||Bot::!Randomly either|Energy -15|1 random stat +4 / +3 / +0|Skill points +25 / +20 / +10|(random) Hint for a skill related to the race|!or|Energy -35|1 random stat +4 / +3 / +0|Skill points +25 / +20 / +10|(random) Hint for a skill related to the race,3
super-creek-murmuring-stream,after_race,etsuko_s_elated_coverage,Etsuko's Elated Coverage,Energy -15|Mood +1|1 random stat +10 / +8 / +5|Skill points +45 / +35 / +30|Fans +500|(random) Hint for a skill related to the race|Etsuko Otonashi bond +15,4
super-creek-murmuring-stream,after_race,etsuko_s_exhaustive_coverage,Etsuko's Exhaustive Coverage,Top::!Randomly either|Energy -25|Mood -1|1 random stat +4 / +3 / +0|Skill points +25 / +20 / +10|Etsuko Otonashi bond -10|!or|Energy -15|Mood +1|1 random stat +4 / +3 / +0|Skill points +25 / +20 / +10|Etsuko Otonashi bond +15||Bot::Energy -20|1 random stat +4 / +3 / +0|Skill points +25 / +20 / +10|Etsuko Otonashi bond +10,5
smart-falcon-absolute-love,costume,polished_diamond,Polished ☆ Diamond,Top::Speed +20||Bot::Power +10|Guts +10,1
smart-falcon-absolute-love,costume,umadol_friendship,Umadol ☆ Friendship!,Top::Wit +20||Bot::Power +20,2
smart-falcon-absolute-love,costume,energetic_children,Energetic ☆ Children,Top::Speed +20|(random) Get Charming ○ status||Bot::Stamina +20|(random) Get Charming ○ status,3
smart-falcon-absolute-love,choices,studying_umadols,Studying Umadols?,Top::Power +10||Bot::Wit +10,1
smart-falcon-absolute-love,choices,heart_pounding_situation,Heart-Pounding ☆ Situation,Top::Power +10||Bot::Stamina +10,2
smart-falcon-absolute-love,choices,umadol_spirit_ignited,Umadol Spirit ☆ Ignited,Top::Stamina +10|Guts +10||Bot::Leader's Pride hint +1,3
smart-falcon-absolute-love,choices,cuteness_research,Cuteness ☆ Research,Top::Energy +10|Skill points +5||Bot::!Randomly either (~90%)|Energy +30|Skill points +10|!Randomly either (~10%)|Energy +30|Skill points +10|Speed -5|Power +5|Get Slow Metabolism status,4
smart-falcon-absolute-love,date,test_recovery,Test Recovery ☆,Top::Wit +10||Bot::Power +10,1
smart-falcon-absolute-love,date,a_thank_you_gift_for_you,A Thank-You Gift for You ♪,Top::Speed +10||Bot::Power +10,2
smart-falcon-absolute-love,date,memory_lane,Memory ☆ Lane,Top::Power +10||Bot::Guts +10||Mid::Speed +10,3
smart-falcon-absolute-love,date,sharing_memories,Sharing ☆ Memories,Top::Stamina +10||Bot::Guts +10,4
smart-falcon-absolute-love,date,location_scouting,Location ☆ Scouting,Top::Wit +10||Bot::Power +10,5
smart-falcon-absolute-love,secret,coming_to_a_city_near_you,Coming to a City Near You ☆,Get Fan Promise (Hokkaido) status|!Randomly either|Get Fan Promise (Hokuto) status|!Randomly either|Get Fan Promise (Nakayama) status|!Randomly either|Get Fan Promise (Kansai) status|!Randomly either|Get Fan Promise (Kokura) status|!Randomly either|Get Idol's Promise (Kawasaki) status,1
smart-falcon-absolute-love,secret,connecting_inspiration,Connecting ☆ Inspiration,conditions::win_connect_live||reward::Mood +1|UNSPECIFIED_STATS +10|Skill points +10|TRACK_HINT +5,2
smart-falcon-absolute-love,secret,center_of_everyone_s_heart,Center of Everyone's Heart ☆,conditions::fans_before_finals: 120000||reward::Mood +1|Guts +20|Top Pick hint +1,3
smart-falcon-absolute-love,secret,after_the_kawasaki_kinen_hearts_aflutter,After the Kawasaki Kinen: Hearts Aflutter!,conditions::Win the Kawasaki Kinen||reward::Energy -15|Power +20|1 random stat +10|Skill points +45|Kawasaki Racecourse ○ hint +1|Sunny Sign hint +1,4
smart-falcon-absolute-love,no_choices,looking_to_the_otherworldly,Looking to the Otherworldly ☆,Speed +10,1
smart-falcon-absolute-love,no_choices,the_next_grand_prix_girl,The Next Grand Prix ☆ Girl!,Power +5,2
smart-falcon-absolute-love,no_choices,fighting_declaration,Fighting Declaration,Guts +5,3
smart-falcon-absolute-love,no_choices,falco_s_dream,Falco's Dream,Speed +5|Guts +5,4
smart-falcon-absolute-love,no_choices,failing_grade_frustration,Failing Grade Frustration,Wit -5|Mood -1,5
smart-falcon-absolute-love,no_choices,master_trainer,Master Trainer,Power +10|(random) Get Practice Perfect ○ status,6
smart-falcon-absolute-love,no_choices,umadol_world,Umadol World ♪,All stats +5|Skill points +5,7
smart-falcon-absolute-love,no_choices,canceled_concert_blues,Canceled Concert Blues,Mood -1,8
smart-falcon-absolute-love,no_choices,lost_item_dejection,Lost Item Dejection,Energy -10|Mood -1,9
smart-falcon-absolute-love,no_choices,cute_universe,Cute ☆ Universe,All stats +5|Skill points +30|Mood +2|(random) Get Fast Learner status,10
smart-falcon-absolute-love,no_choices,full_of_cuteness,Full of Cuteness ☆,Energy +15|Mood -1|Guts -5|!Randomly either|Energy +15|Guts -5|Get Slacker status|!Randomly either|Energy +15|Mood -1|Guts -5|Get Slacker status,11
smart-falcon-absolute-love,special,dance_lesson,Dance Lesson,Top::Guts +10||Bot::Wit +10,9
smart-falcon-absolute-love,special,bonus_at_start,Bonus at start,Skill points +120,1
smart-falcon-absolute-love,special,failed_training_get_well_soon,Failed training (Get Well Soon!),Top::Mood -1|Last trained stat -5|(random) Get Practice Poor status||Bot::!Randomly either|Mood -1|Last trained stat -10|(random) Get Practice Poor status|!or|Get Practice Perfect ○ status,2
smart-falcon-absolute-love,special,failed_training_don_t_overdo_it,Failed training (Don't Overdo It!),Top::Energy +10|Mood -2|Last trained stat -10|2 random stats -10|(random) Get Practice Poor status||Bot::!Randomly either|Mood -3|Last trained stat -10|2 random stats -10|Get Practice Poor status|!or|Energy +10|Get Practice Perfect ○ status,3
smart-falcon-absolute-love,special,extra_training,Extra Training,Top::Energy -5|Last trained stat +5|(random) Heal a negative status effect||Bot::Energy +5,4
smart-falcon-absolute-love,special,at_summer_camp_year_2,At Summer Camp (Year 2),Top::Power +10||Bot::Guts +10,5
smart-falcon-absolute-love,special,fan_letter,Fan Letter,Mood +1|Skill points +30,6
smart-falcon-absolute-love,special,new_year_s_resolutions,New Year's Resolutions,Top::Energy +20||Mid::Skill points +20||Bot::All stats +5,7
smart-falcon-absolute-love,special,new_year_s_shrine_visit,New Year's Shrine Visit,Top::Energy +30||Mid::All stats +5||Bot::Skill points +35,8
smart-falcon-absolute-love,after_race,victory_1st,Victory! (1st),Top::Energy -15|1 random stat +10 / +8 / +5|Skill points +45 / +35 / +30|(random) Hint for a skill related to the race||Bot::!Randomly either|Energy -5|1 random stat +10 / +8 / +5|Skill points +45 / +35 / +30|(random) Hint for a skill related to the race|!or|Energy -20|1 random stat +10 / +8 / +5|Skill points +45 / +35 / +30|(random) Hint for a skill related to the race,1
smart-falcon-absolute-love,after_race,solid_showing_2nd_5th,Solid Showing (2nd-5th),Top::Energy -20|1 random stat +8 / +5 / +3|Skill points +45 / +35 / +30|(random) Hint for a skill related to the race||Bot::!Randomly either|Energy -10|1 random stat +8 / +5 / +3|Skill points +45 / +35 / +30|(random) Hint for a skill related to the race|!or|Energy -30|1 random stat +8 / +5 / +3|Skill points +45 / +35 / +30|(random) Hint for a skill related to the race,2
smart-falcon-absolute-love,after_race,defeat_6th_or_worse,Defeat (6th or worse),Top::Energy -25|1 random stat +4 / +3 / +0|Skill points +25 / +20 / +10|(random) Hint for a skill related to the race||Bot::!Randomly either|Energy -15|1 random stat +4 / +3 / +0|Skill points +25 / +20 / +10|(random) Hint for a skill related to the race|!or|Energy -35|1 random stat +4 / +3 / +0|Skill points +25 / +20 / +10|(random) Hint for a skill related to the race,3
smart-falcon-absolute-love,after_race,etsuko_s_elated_coverage,Etsuko's Elated Coverage,Energy -15|Mood +1|1 random stat +10 / +8 / +5|Skill points +45 / +35 / +30|Fans +500|(random) Hint for a skill related to the race|Etsuko Otonashi bond +15,4
smart-falcon-absolute-love,after_race,etsuko_s_exhaustive_coverage,Etsuko's Exhaustive Coverage,Top::!Randomly either|Energy -25|Mood -1|1 random stat +4 / +3 / +0|Skill points +25 / +20 / +10|Etsuko Otonashi bond -10|!or|Energy -15|Mood +1|1 random stat +4 / +3 / +0|Skill points +25 / +20 / +10|Etsuko Otonashi bond +15||Bot::Energy -20|1 random stat +4 / +3 / +0|Skill points +25 / +20 / +10|Etsuko Otonashi bond +10,5
narita-taishin-nevertheless,costume,strong_just_the_way_i_am,Strong Just the Way I Am,Top::Power +20||Bot::Speed +20,1
narita-taishin-nevertheless,costume,taishin_s_sos,Taishin's SOS,Top::Speed +10|Wit +10||Bot::Stamina +20,2
narita-taishin-nevertheless,costume,anxious_survival,Anxious Survival,Top::Power +20|(random) Get Charming ○ status||Bot::Guts +10|Wit +10|(random) Get Charming ○ status,3
narita-taishin-nevertheless,choices,report_submitted,Report Submitted,Top::Speed +10||Bot::Stamina +5|Power +5,1
narita-taishin-nevertheless,choices,unknown_music,Unknown Music,Top::Power +10||Bot::Wit +10,2
narita-taishin-nevertheless,choices,distance,Distance,Top::Mood +1|Guts +10||Bot::Standing By hint +1,3
narita-taishin-nevertheless,choices,extra_training_to_blow_off_steam,Extra Training to Blow Off Steam,Top::Energy +10||Bot::Energy -5|Skill points +30||Mid::Energy -15|1 random stat +15|!Randomly either|Energy -10|Mood +1|1 random stat +20,4
narita-taishin-nevertheless,choices,extra_training_to_de_stress,Extra Training to De-stress?,Top::Energy +10||Bot::Energy -5|Skill points +30||Mid::Energy -15|1 random stat +15|!Randomly either|Energy -10|Mood +1|1 random stat +20,5
narita-taishin-nevertheless,choices,nutritional_food_is_the_food_of_hope,Nutritional Food is the Food of Hope?,Top::Energy +10|Skill points +5||Bot::!Randomly either (~90%)|Energy +30|Skill points +10|!Randomly either (~10%)|Energy +30|Skill points +10|Speed -5|Power +5|Get Slow Metabolism status,6
narita-taishin-nevertheless,date,git_gud_noob,git gud noob,Top::Stamina +10||Bot::Speed +10,1
narita-taishin-nevertheless,date,ggez,ggez,Top::Power +10||Bot::Guts +10,2
narita-taishin-nevertheless,date,ggwp,ggwp,Top::Guts +10||Bot::Wit +10||Mid::Stamina +10,3
narita-taishin-nevertheless,date,the_taciturn_two,The Taciturn Two,Top::Stamina +10||Bot::Speed +10,4
narita-taishin-nevertheless,date,open_the_cage_door_with_your_own_hands,Open the Cage Door with Your Own Hands,Top::Stamina +5|Guts +5||Bot::Speed +5|Power +5,5
narita-taishin-nevertheless,secret,forever_fervent,Forever Fervent,conditions::Win the Asahi Hai Futurity Stakes|Win the Satsuki Sho|Win the Tokyo Yushun (Japanese Derby)|Win the Kikuka Sho|Win the Japan Cup (Classic)|Win the Arima Kinen (Classic)|Win the Tenno Sho (Spring)|Win the Takarazuka Kinen (Senior)|Win the Tenno Sho (Autumn) (Senior)|Win the Arima Kinen (Senior)||reward::CT|Power +20|Skill points +15|Early Start hint +1|CT|Power +20|CT|Power +10,1
narita-taishin-nevertheless,secret,after_the_nikkei_sho_here_is_fine,After the Nikkei Sho: Here Is Fine,conditions::Win the Nikkei Sho||reward::SE_H|Mood +4|All stats +20|Skill points +70|Get Practice Perfect ◎ status|SE_NH|Mood +4|All stats +15|Skill points +70|HE,2
narita-taishin-nevertheless,no_choices,b_w,B&W,Stamina +5|Guts +5,1
narita-taishin-nevertheless,no_choices,w_inner,[W]inner,Speed +5,2
narita-taishin-nevertheless,no_choices,don_t_say_it,Don't Say It,Mood -2|Get Practice Poor status,3
narita-taishin-nevertheless,no_choices,i_believe,I Believe,Stamina +5,4
narita-taishin-nevertheless,no_choices,i_said_i_m_fine,I Said I'm Fine,Stamina +10,5
narita-taishin-nevertheless,no_choices,evaluation_meeting,Evaluation Meeting,Speed -5|Mood -1,6
narita-taishin-nevertheless,no_choices,master_trainer,Master Trainer,Speed +10|(random) Get Practice Perfect ○ status,7
narita-taishin-nevertheless,no_choices,no_regrets,No Regrets,All stats +5|Skill points +5,8
narita-taishin-nevertheless,no_choices,undying_echo,Undying Echo,Mood -1,9
narita-taishin-nevertheless,no_choices,plate_finished_with_gusto,Plate Finished with Gusto,Energy -10|Mood -1,10
narita-taishin-nevertheless,no_choices,boot_camp,Boot Camp,All stats +5|Skill points +30|Mood +2|(random) Get Fast Learner status,11
narita-taishin-nevertheless,no_choices,tranquil_time_with_taishin,Tranquil Time with Taishin,Energy +15|Mood -1|Guts -5|!Randomly either|Energy +15|Guts -5|Get Slacker status|!Randomly either|Energy +15|Mood -1|Guts -5|Get Slacker status,12
narita-taishin-nevertheless,special,dance_lesson,Dance Lesson,Top::Guts +10||Bot::Wit +10,9
narita-taishin-nevertheless,special,bonus_at_start,Bonus at start,Skill points +120,1
narita-taishin-nevertheless,special,failed_training_get_well_soon,Failed training (Get Well Soon!),Top::Mood -1|Last trained stat -5|(random) Get Practice Poor status||Bot::!Randomly either|Mood -1|Last trained stat -10|(random) Get Practice Poor status|!or|Get Practice Perfect ○ status,2
narita-taishin-nevertheless,special,failed_training_don_t_overdo_it,Failed training (Don't Overdo It!),Top::Energy +10|Mood -2|Last trained stat -10|2 random stats -10|(random) Get Practice Poor status||Bot::!Randomly either|Mood -3|Last trained stat -10|2 random stats -10|Get Practice Poor status|!or|Energy +10|Get Practice Perfect ○ status,3
narita-taishin-nevertheless,special,extra_training,Extra Training,Top::Energy -5|Last trained stat +5|(random) Heal a negative status effect||Bot::Energy +5,4
narita-taishin-nevertheless,special,at_summer_camp_year_2,At Summer Camp (Year 2),Top::Power +10||Bot::Guts +10,5
narita-taishin-nevertheless,special,fan_letter,Fan Letter,Mood +1|Skill points +30,6
narita-taishin-nevertheless,special,new_year_s_resolutions,New Year's Resolutions,Top::Energy +20||Mid::Skill points +20||Bot::All stats +5,7
narita-taishin-nevertheless,special,new_year_s_shrine_visit,New Year's Shrine Visit,Top::Energy +30||Mid::All stats +5||Bot::Skill points +35,8
narita-taishin-nevertheless,after_race,victory_1st,Victory! (1st),Top::Energy -15|1 random stat +10 / +8 / +5|Skill points +45 / +35 / +30|(random) Hint for a skill related to the race||Bot::!Randomly either|Energy -5|1 random stat +10 / +8 / +5|Skill points +45 / +35 / +30|(random) Hint for a skill related to the race|!or|Energy -20|1 random stat +10 / +8 / +5|Skill points +45 / +35 / +30|(random) Hint for a skill related to the race,1
narita-taishin-nevertheless,after_race,solid_showing_2nd_5th,Solid Showing (2nd-5th),Top::Energy -20|1 random stat +8 / +5 / +3|Skill points +45 / +35 / +30|(random) Hint for a skill related to the race||Bot::!Randomly either|Energy -10|1 random stat +8 / +5 / +3|Skill points +45 / +35 / +30|(random) Hint for a skill related to the race|!or|Energy -30|1 random stat +8 / +5 / +3|Skill points +45 / +35 / +30|(random) Hint for a skill related to the race,2
narita-taishin-nevertheless,after_race,defeat_6th_or_worse,Defeat (6th or worse),Top::Energy -25|1 random stat +4 / +3 / +0|Skill points +25 / +20 / +10|(random) Hint for a skill related to the race||Bot::!Randomly either|Energy -15|1 random stat +4 / +3 / +0|Skill points +25 / +20 / +10|(random) Hint for a skill related to the race|!or|Energy -35|1 random stat +4 / +3 / +0|Skill points +25 / +20 / +10|(random) Hint for a skill related to the race,3
narita-taishin-nevertheless,after_race,etsuko_s_elated_coverage,Etsuko's Elated Coverage,Energy -15|Mood +1|1 random stat +10 / +8 / +5|Skill points +45 / +35 / +30|Fans +500|(random) Hint for a skill related to the race|Etsuko Otonashi bond +15,4
narita-taishin-nevertheless,after_race,etsuko_s_exhaustive_coverage,Etsuko's Exhaustive Coverage,Top::!Randomly either|Energy -25|Mood -1|1 random stat +4 / +3 / +0|Skill points +25 / +20 / +10|Etsuko Otonashi bond -10|!or|Energy -15|Mood +1|1 random stat +4 / +3 / +0|Skill points +25 / +20 / +10|Etsuko Otonashi bond +15||Bot::Energy -20|1 random stat +4 / +3 / +0|Skill points +25 / +20 / +10|Etsuko Otonashi bond +10,5
haru-urara-uraran-first-prize,costume,the_racewear_i_love,The Racewear I Love!,Top::Speed +20||Bot::Power +20,1
haru-urara-uraran-first-prize,costume,pair_interview,Pair Interview!,Top::Power +20||Bot::Stamina +20,2
haru-urara-uraran-first-prize,costume,tug_of_war_tournament,Tug of War Tournament!,Top::Guts +20|(random) Get Hot Topic status||Bot::Speed +20|(random) Get Hot Topic status,3
haru-urara-uraran-first-prize,choices,arm_wrestling_contest,Arm-Wrestling Contest,Top::Wit +10||Bot::Power +10,1
haru-urara-uraran-first-prize,choices,looking_for_something_important,Looking for Something Important,Top::Energy -10|Guts +20||Bot::Stamina +10,2
haru-urara-uraran-first-prize,choices,sand_training,Sand Training!,Top::Guts +10|Skill points +15||Bot::Energy +15,3
haru-urara-uraran-first-prize,choices,the_final_boss_spe,The Final Boss... Spe!,Top::Energy +10|Skill points +5||Bot::!Randomly either (~90%)|Energy +30|Skill points +10|!Randomly either (~10%)|Energy +30|Skill points +10|Speed -5|Power +5|Get Slow Metabolism status,4
haru-urara-uraran-first-prize,date,a_little_detour,A Little Detour!,Top::Skill points +30||Bot::Stamina +10,1
haru-urara-uraran-first-prize,date,parks_are_fun,Parks Are Fun!,Top::Speed +10||Bot::Power +10,2
haru-urara-uraran-first-prize,date,secret_day_off_plan,Secret Day Off Plan!,Top::Speed +10||Bot::Power +10||Mid::Wit +10,3
haru-urara-uraran-first-prize,date,so_cool,So Cool!,Top::Skill points +30||Bot::Wit +10,4
haru-urara-uraran-first-prize,date,forgot_to_eat,Forgot to Eat!,Top::Guts +10||Bot::Stamina +10,5
haru-urara-uraran-first-prize,secret,after_the_arima_kinen_way_way_better,"After the Arima Kinen: Way, Way Better",conditions::Win the Arima Kinen (Senior)||reward::All stats +9|Skill points +99|Long Shot ○ hint +1|Yayoi Akikawa bond +5,1
haru-urara-uraran-first-prize,no_choices,training_urara_style,"Training, Urara Style",Power +5,1
haru-urara-uraran-first-prize,no_choices,smiling_with_everyone,Smiling With Everyone!,Guts +5,2
haru-urara-uraran-first-prize,no_choices,idol_of_the_shopping_district,Idol of the Shopping District!,Guts +5,3
haru-urara-uraran-first-prize,no_choices,fan_club_running_rampant,Fan Club Running Rampant!,Guts +5,4
haru-urara-uraran-first-prize,no_choices,i_ll_do_my_best,I'll Do My Best,Guts +5|Wit +5,5
haru-urara-uraran-first-prize,no_choices,her_first,Her First...,Energy -15|Mood +1|Stamina +6|Skill points +36,6
haru-urara-uraran-first-prize,no_choices,detention_continues,Detention Continues...,Stamina -5|Mood -1,7
haru-urara-uraran-first-prize,no_choices,plenty_of_charm,Plenty of Charm!,Skill points +10|Get Charming ○ status,8
haru-urara-uraran-first-prize,no_choices,master_trainer,Master Trainer,Guts +10|(random) Get Practice Perfect ○ status,9
haru-urara-uraran-first-prize,no_choices,sunny_spring_day,Sunny Spring Day,All stats +5|Skill points +5,10
haru-urara-uraran-first-prize,no_choices,special_delicious,Special ☆ Delicious?!,Mood -1,11
haru-urara-uraran-first-prize,no_choices,how_many_steps_are_there,How Many Steps Are There?!,Energy -10|Mood -1,12
haru-urara-uraran-first-prize,no_choices,let_s_be_kangaroos,Let's Be Kangaroos!,All stats +5|Skill points +30|Mood +2|(random) Get Fast Learner status,13
haru-urara-uraran-first-prize,no_choices,mmm_mmm_temptation,Mmm-Mmm Temptation!,Energy +15|Mood -1|Guts -5|!Randomly either|Energy +15|Guts -5|Get Slacker status|!Randomly either|Energy +15|Mood -1|Guts -5|Get Slacker status,14
haru-urara-uraran-first-prize,special,dance_lesson,Dance Lesson,Top::Speed +10||Bot::Wit +10,9
haru-urara-uraran-first-prize,special,bonus_at_start,Bonus at start,Skill points +120,1
haru-urara-uraran-first-prize,special,failed_training_get_well_soon,Failed training (Get Well Soon!),Top::Mood -1|Last trained stat -5|(random) Get Practice Poor status||Bot::!Randomly either|Mood -1|Last trained stat -10|(random) Get Practice Poor status|!or|Get Practice Perfect ○ status,2
haru-urara-uraran-first-prize,special,failed_training_don_t_overdo_it,Failed training (Don't Overdo It!),Top::Energy +10|Mood -2|Last trained stat -10|2 random stats -10|(random) Get Practice Poor status||Bot::!Randomly either|Mood -3|Last trained stat -10|2 random stats -10|Get Practice Poor status|!or|Energy +10|Get Practice Perfect ○ status,3
haru-urara-uraran-first-prize,special,extra_training,Extra Training,Top::Energy -5|Last trained stat +5|(random) Heal a negative status effect||Bot::Energy +5,4
haru-urara-uraran-first-prize,special,at_summer_camp_year_2,At Summer Camp (Year 2),Top::Power +10||Bot::Guts +10,5
haru-urara-uraran-first-prize,special,fan_letter,Fan Letter,Mood +1|Skill points +30,6
haru-urara-uraran-first-prize,special,new_year_s_resolutions,New Year's Resolutions,Top::Energy +20||Mid::Skill points +20||Bot::All stats +5,7
haru-urara-uraran-first-prize,special,new_year_s_shrine_visit,New Year's Shrine Visit,Top::Energy +30||Mid::All stats +5||Bot::Skill points +35,8
haru-urara-uraran-first-prize,after_race,victory_1st,Victory! (1st),Top::Energy -15|1 random stat +10 / +8 / +5|Skill points +45 / +35 / +30|(random) Hint for a skill related to the race||Bot::!Randomly either|Energy -5|1 random stat +10 / +8 / +5|Skill points +45 / +35 / +30|(random) Hint for a skill related to the race|!or|Energy -20|1 random stat +10 / +8 / +5|Skill points +45 / +35 / +30|(random) Hint for a skill related to the race,1
haru-urara-uraran-first-prize,after_race,solid_showing_2nd_5th,Solid Showing (2nd-5th),Top::Energy -20|1 random stat +8 / +5 / +3|Skill points +45 / +35 / +30|(random) Hint for a skill related to the race||Bot::!Randomly either|Energy -10|1 random stat +8 / +5 / +3|Skill points +45 / +35 / +30|(random) Hint for a skill related to the race|!or|Energy -30|1 random stat +8 / +5 / +3|Skill points +45 / +35 / +30|(random) Hint for a skill related to the race,2
haru-urara-uraran-first-prize,after_race,defeat_6th_or_worse,Defeat (6th or worse),Top::Energy -25|1 random stat +4 / +3 / +0|Skill points +25 / +20 / +10|(random) Hint for a skill related to the race||Bot::!Randomly either|Energy -15|1 random stat +4 / +3 / +0|Skill points +25 / +20 / +10|(random) Hint for a skill related to the race|!or|Energy -35|1 random stat +4 / +3 / +0|Skill points +25 / +20 / +10|(random) Hint for a skill related to the race,3
haru-urara-uraran-first-prize,after_race,etsuko_s_elated_coverage,Etsuko's Elated Coverage,Energy -15|Mood +1|1 random stat +10 / +8 / +5|Skill points +45 / +35 / +30|Fans +500|(random) Hint for a skill related to the race|Etsuko Otonashi bond +15,4
haru-urara-uraran-first-prize,after_race,etsuko_s_exhaustive_coverage,Etsuko's Exhaustive Coverage,Top::!Randomly either|Energy -25|Mood -1|1 random stat +4 / +3 / +0|Skill points +25 / +20 / +10|Etsuko Otonashi bond -10|!or|Energy -15|Mood +1|1 random stat +4 / +3 / +0|Skill points +25 / +20 / +10|Etsuko Otonashi bond +15||Bot::Energy -20|1 random stat +4 / +3 / +0|Skill points +25 / +20 / +10|Etsuko Otonashi bond +10,5
matikanefukukitaru-rising-luck-flood-of-happiness,costume,room_of_the_chosen_ones,Room of the Chosen Ones,Top::Guts +20||Bot::Speed +20,1
matikanefukukitaru-rising-luck-flood-of-happiness,costume,better_fortune_lucky_telephone,Better Fortune! Lucky Telephone,Top::Stamina +10|Wit +10||Bot::Power +20,2
matikanefukukitaru-rising-luck-flood-of-happiness,costume,under_the_meteor_shower,Under the Meteor Shower,Top::Speed +10|Power +10|(random) Get Charming ○ status||Bot::Stamina +10|Guts +10|(random) Get Charming ○ status,3
matikanefukukitaru-rising-luck-flood-of-happiness,choices,cursed_camera,Cursed Camera,Top::Wit +10||Bot::Skill points +30,1
matikanefukukitaru-rising-luck-flood-of-happiness,choices,manhattan_s_dream,Manhattan's Dream,Top::Hesitant Front Runners hint +1||Bot::Stamina +15,2
matikanefukukitaru-rising-luck-flood-of-happiness,choices,pretty_gunslingers,Pretty Gunslingers,Top::Skill points +15|Mood +1||Bot::Power +10,3
matikanefukukitaru-rising-luck-flood-of-happiness,choices,which_one_is_the_lucky_card,Which One is the Lucky Card?!,Energy +10|Speed +10|Stamina +10|!Randomly either|Mood +1|Skill points +30|!Randomly either|Mood -1,4
matikanefukukitaru-rising-luck-flood-of-happiness,choices,seven_gods_of_fortune_fine_food_tour,Seven Gods of Fortune Fine Food Tour,Top::Energy +10|Skill points +5||Bot::!Randomly either (~90%)|Energy +30|Skill points +10|!Randomly either (~10%)|Energy +30|Skill points +10|Speed -5|Power +5|Get Slow Metabolism status,5
matikanefukukitaru-rising-luck-flood-of-happiness,date,fukukitaru_s_protection_against_misfortune,Fukukitaru's Protection against Misfortune,Top::Guts +10||Bot::Power +10,1
matikanefukukitaru-rising-luck-flood-of-happiness,date,punch_in_a_pinch,Punch in a Pinch,Top::Speed +10||Bot::Stamina +5|Wit +5,2
matikanefukukitaru-rising-luck-flood-of-happiness,date,fukukitaru_s_unique_good_luck_spell,Fukukitaru's Unique Good-Luck Spell,Top::Speed +5|Guts +5||Bot::Stamina +5|Power +5||Mid::Wit +10,3
matikanefukukitaru-rising-luck-flood-of-happiness,date,taking_the_plunge,Taking the Plunge,Top::Stamina +10||Bot::Speed +5|Wit +5,4
matikanefukukitaru-rising-luck-flood-of-happiness,date,shrine_visit,Shrine Visit,Top::Power +5|Guts +5||Bot::Speed +5|Stamina +5,5
matikanefukukitaru-rising-luck-flood-of-happiness,secret,imminent_fortune_quiet_resolve,"Imminent Fortune, Quiet Resolve",conditions::Win the Kyoto Shimbun Hai|Win the Kobe Shimbun Hai|Win the Kikuka Sho||reward::Speed +25|Power +25|Skill points +20|Slick Surge hint +1,1
matikanefukukitaru-rising-luck-flood-of-happiness,no_choices,scarier_than_a_ghost,Scarier than a Ghost!,Wit +5,1
matikanefukukitaru-rising-luck-flood-of-happiness,no_choices,dream_crossroads,Dream Crossroads,Power +5,2
matikanefukukitaru-rising-luck-flood-of-happiness,no_choices,divine_punishment,Divine Punishment,Guts +5,3
matikanefukukitaru-rising-luck-flood-of-happiness,no_choices,lifespans,Lifespans,Wit +5,4
matikanefukukitaru-rising-luck-flood-of-happiness,no_choices,hear_my_vow,Hear My Vow!,Guts +5|Wit +5,5
matikanefukukitaru-rising-luck-flood-of-happiness,no_choices,terror_an_ominous_sign,Terror! An Ominous Sign,Speed -5|Mood -1,6
matikanefukukitaru-rising-luck-flood-of-happiness,no_choices,master_trainer,Master Trainer,Wit +10|(random) Get Practice Perfect ○ status,7
matikanefukukitaru-rising-luck-flood-of-happiness,no_choices,setting_foot_on_sacred_sites,Setting Foot on Sacred Sites,All stats +5|Skill points +5,8
matikanefukukitaru-rising-luck-flood-of-happiness,no_choices,terror_the_first_circle_of_hell,Terror! The First Circle of Hell,Mood -1,9
matikanefukukitaru-rising-luck-flood-of-happiness,no_choices,terror_charm_recovery_dash,Terror! Charm Recovery Dash,Energy -10|Mood -1,10
matikanefukukitaru-rising-luck-flood-of-happiness,no_choices,shiraoki_s_arrival,Shiraoki's ☆ Arrival,All stats +5|Skill points +30|Mood +2|(random) Get Fast Learner status,11
matikanefukukitaru-rising-luck-flood-of-happiness,no_choices,a_rush_at_luck,A Rush at Luck,Energy +15|Mood -1|Guts -5|!Randomly either|Energy +15|Guts -5|Get Slacker status|!Randomly either|Energy +15|Mood -1|Guts -5|Get Slacker status,12
matikanefukukitaru-rising-luck-flood-of-happiness,special,dance_lesson,Dance Lesson,Top::Power +10||Bot::Wit +10,9
matikanefukukitaru-rising-luck-flood-of-happiness,special,bonus_at_start,Bonus at start,Skill points +120,1
matikanefukukitaru-rising-luck-flood-of-happiness,special,failed_training_get_well_soon,Failed training (Get Well Soon!),Top::Mood -1|Last trained stat -5|(random) Get Practice Poor status||Bot::!Randomly either|Mood -1|Last trained stat -10|(random) Get Practice Poor status|!or|Get Practice Perfect ○ status,2
matikanefukukitaru-rising-luck-flood-of-happiness,special,failed_training_don_t_overdo_it,Failed training (Don't Overdo It!),Top::Energy +10|Mood -2|Last trained stat -10|2 random stats -10|(random) Get Practice Poor status||Bot::!Randomly either|Mood -3|Last trained stat -10|2 random stats -10|Get Practice Poor status|!or|Energy +10|Get Practice Perfect ○ status,3
matikanefukukitaru-rising-luck-flood-of-happiness,special,extra_training,Extra Training,Top::Energy -5|Last trained stat +5|(random) Heal a negative status effect||Bot::Energy +5,4
matikanefukukitaru-rising-luck-flood-of-happiness,special,at_summer_camp_year_2,At Summer Camp (Year 2),Top::Power +10||Bot::Guts +10,5
matikanefukukitaru-rising-luck-flood-of-happiness,special,fan_letter,Fan Letter,Mood +1|Skill points +30,6
matikanefukukitaru-rising-luck-flood-of-happiness,special,new_year_s_resolutions,New Year's Resolutions,Top::Energy +20||Mid::Skill points +20||Bot::All stats +5,7
matikanefukukitaru-rising-luck-flood-of-happiness,special,new_year_s_shrine_visit,New Year's Shrine Visit,Top::Energy +30||Mid::All stats +5||Bot::Skill points +35,8
matikanefukukitaru-rising-luck-flood-of-happiness,after_race,victory_1st,Victory! (1st),Top::Energy -15|1 random stat +10 / +8 / +5|Skill points +45 / +35 / +30|(random) Hint for a skill related to the race||Bot::!Randomly either|Energy -5|1 random stat +10 / +8 / +5|Skill points +45 / +35 / +30|(random) Hint for a skill related to the race|!or|Energy -20|1 random stat +10 / +8 / +5|Skill points +45 / +35 / +30|(random) Hint for a skill related to the race,1
matikanefukukitaru-rising-luck-flood-of-happiness,after_race,solid_showing_2nd_5th,Solid Showing (2nd-5th),Top::Energy -20|1 random stat +8 / +5 / +3|Skill points +45 / +35 / +30|(random) Hint for a skill related to the race||Bot::!Randomly either|Energy -10|1 random stat +8 / +5 / +3|Skill points +45 / +35 / +30|(random) Hint for a skill related to the race|!or|Energy -30|1 random stat +8 / +5 / +3|Skill points +45 / +35 / +30|(random) Hint for a skill related to the race,2
matikanefukukitaru-rising-luck-flood-of-happiness,after_race,defeat_6th_or_worse,Defeat (6th or worse),Top::Energy -25|1 random stat +4 / +3 / +0|Skill points +25 / +20 / +10|(random) Hint for a skill related to the race||Bot::!Randomly either|Energy -15|1 random stat +4 / +3 / +0|Skill points +25 / +20 / +10|(random) Hint for a skill related to the race|!or|Energy -35|1 random stat +4 / +3 / +0|Skill points +25 / +20 / +10|(random) Hint for a skill related to the race,3
matikanefukukitaru-rising-luck-flood-of-happiness,after_race,etsuko_s_elated_coverage,Etsuko's Elated Coverage,Energy -15|Mood +1|1 random stat +10 / +8 / +5|Skill points +45 / +35 / +30|Fans +500|(random) Hint for a skill related to the race|Etsuko Otonashi bond +15,4
matikanefukukitaru-rising-luck-flood-of-happiness,after_race,etsuko_s_exhaustive_coverage,Etsuko's Exhaustive Coverage,Top::!Randomly either|Energy -25|Mood -1|1 random stat +4 / +3 / +0|Skill points +25 / +20 / +10|Etsuko Otonashi bond -10|!or|Energy -15|Mood +1|1 random stat +4 / +3 / +0|Skill points +25 / +20 / +10|Etsuko Otonashi bond +15||Bot::Energy -20|1 random stat +4 / +3 / +0|Skill points +25 / +20 / +10|Etsuko Otonashi bond +10,5
matikanefukukitaru-good-omenfirst-storm,costume,i_ll_protect_you,I'll Protect You!,Top::Stamina +20||Bot::SG,1
matikanefukukitaru-good-omenfirst-storm,costume,now_or_never_sacred_sites,Now or Never! Sacred Sites,Top::Stamina +10|Power +10||Bot::Wit +20,2
matikanefukukitaru-good-omenfirst-storm,costume,when_fukukitaru_comes_fortune_follows,"When Fukukitaru Comes, Fortune Follows",Top::Speed +20|(random) Get Hot Topic status||Bot::Speed +7|Stamina +7|Power +7|(random) Get Hot Topic status,3
matikanefukukitaru-good-omenfirst-storm,choices,cursed_camera,Cursed Camera,Top::Wit +10||Bot::Skill points +30,1
matikanefukukitaru-good-omenfirst-storm,choices,manhattan_s_dream,Manhattan's Dream,Top::Hesitant Front Runners hint +1||Bot::Stamina +15,2
matikanefukukitaru-good-omenfirst-storm,choices,pretty_gunslingers,Pretty Gunslingers,Top::Skill points +15|Mood +1||Bot::Power +10,3
matikanefukukitaru-good-omenfirst-storm,choices,which_one_is_the_lucky_card,Which One is the Lucky Card?!,Energy +10|Speed +10|Stamina +10|!Randomly either|Mood +1|Skill points +30|!Randomly either|Mood -1,4
matikanefukukitaru-good-omenfirst-storm,choices,seven_gods_of_fortune_fine_food_tour,Seven Gods of Fortune Fine Food Tour,Top::Energy +10|Skill points +5||Bot::!Randomly either (~90%)|Energy +30|Skill points +10|!Randomly either (~10%)|Energy +30|Skill points +10|Speed -5|Power +5|Get Slow Metabolism status,5
matikanefukukitaru-good-omenfirst-storm,date,fukukitaru_s_protection_against_misfortune,Fukukitaru's Protection against Misfortune,Top::Guts +10||Bot::Power +10,1
matikanefukukitaru-good-omenfirst-storm,date,punch_in_a_pinch,Punch in a Pinch,Top::Speed +10||Bot::Stamina +5|Wit +5,2
matikanefukukitaru-good-omenfirst-storm,date,fukukitaru_s_unique_good_luck_spell,Fukukitaru's Unique Good-Luck Spell,Top::Speed +5|Guts +5||Bot::Stamina +5|Power +5||Mid::Wit +10,3
matikanefukukitaru-good-omenfirst-storm,date,taking_the_plunge,Taking the Plunge,Top::Stamina +10||Bot::Speed +5|Wit +5,4
matikanefukukitaru-good-omenfirst-storm,date,shrine_visit,Shrine Visit,Top::Power +5|Guts +5||Bot::Speed +5|Stamina +5,5
matikanefukukitaru-good-omenfirst-storm,secret,imminent_fortune_quiet_resolve,"Imminent Fortune, Quiet Resolve",conditions::Win the Kyoto Shimbun Hai|Win the Kobe Shimbun Hai|Win the Kikuka Sho||reward::Speed +25|Power +25|Skill points +20|Slick Surge hint +1,1
matikanefukukitaru-good-omenfirst-storm,no_choices,scarier_than_a_ghost,Scarier than a Ghost!,Wit +5,1
matikanefukukitaru-good-omenfirst-storm,no_choices,dream_crossroads,Dream Crossroads,Power +5,2
matikanefukukitaru-good-omenfirst-storm,no_choices,divine_punishment,Divine Punishment,Guts +5,3
matikanefukukitaru-good-omenfirst-storm,no_choices,lifespans,Lifespans,Wit +5,4
matikanefukukitaru-good-omenfirst-storm,no_choices,hear_my_vow,Hear My Vow!,Guts +5|Wit +5,5
matikanefukukitaru-good-omenfirst-storm,no_choices,terror_an_ominous_sign,Terror! An Ominous Sign,Speed -5|Mood -1,6
matikanefukukitaru-good-omenfirst-storm,no_choices,master_trainer,Master Trainer,Wit +10|(random) Get Practice Perfect ○ status,7
matikanefukukitaru-good-omenfirst-storm,no_choices,setting_foot_on_sacred_sites,Setting Foot on Sacred Sites,All stats +5|Skill points +5,8
matikanefukukitaru-good-omenfirst-storm,no_choices,terror_the_first_circle_of_hell,Terror! The First Circle of Hell,Mood -1,9
matikanefukukitaru-good-omenfirst-storm,no_choices,terror_charm_recovery_dash,Terror! Charm Recovery Dash,Energy -10|Mood -1,10
matikanefukukitaru-good-omenfirst-storm,no_choices,shiraoki_s_arrival,Shiraoki's ☆ Arrival,All stats +5|Skill points +30|Mood +2|(random) Get Fast Learner status,11
matikanefukukitaru-good-omenfirst-storm,no_choices,a_rush_at_luck,A Rush at Luck,Energy +15|Mood -1|Guts -5|!Randomly either|Energy +15|Guts -5|Get Slacker status|!Randomly either|Energy +15|Mood -1|Guts -5|Get Slacker status,12
matikanefukukitaru-good-omenfirst-storm,special,dance_lesson,Dance Lesson,Top::Power +10||Bot::Wit +10,9
matikanefukukitaru-good-omenfirst-storm,special,bonus_at_start,Bonus at start,Skill points +120,1
matikanefukukitaru-good-omenfirst-storm,special,failed_training_get_well_soon,Failed training (Get Well Soon!),Top::Mood -1|Last trained stat -5|(random) Get Practice Poor status||Bot::!Randomly either|Mood -1|Last trained stat -10|(random) Get Practice Poor status|!or|Get Practice Perfect ○ status,2
matikanefukukitaru-good-omenfirst-storm,special,failed_training_don_t_overdo_it,Failed training (Don't Overdo It!),Top::Energy +10|Mood -2|Last trained stat -10|2 random stats -10|(random) Get Practice Poor status||Bot::!Randomly either|Mood -3|Last trained stat -10|2 random stats -10|Get Practice Poor status|!or|Energy +10|Get Practice Perfect ○ status,3
matikanefukukitaru-good-omenfirst-storm,special,extra_training,Extra Training,Top::Energy -5|Last trained stat +5|(random) Heal a negative status effect||Bot::Energy +5,4
matikanefukukitaru-good-omenfirst-storm,special,at_summer_camp_year_2,At Summer Camp (Year 2),Top::Power +10||Bot::Guts +10,5
matikanefukukitaru-good-omenfirst-storm,special,fan_letter,Fan Letter,Mood +1|Skill points +30,6
matikanefukukitaru-good-omenfirst-storm,special,new_year_s_resolutions,New Year's Resolutions,Top::Energy +20||Mid::Skill points +20||Bot::All stats +5,7
matikanefukukitaru-good-omenfirst-storm,special,new_year_s_shrine_visit,New Year's Shrine Visit,Top::Energy +30||Mid::All stats +5||Bot::Skill points +35,8
matikanefukukitaru-good-omenfirst-storm,after_race,victory_1st,Victory! (1st),Top::Energy -15|1 random stat +10 / +8 / +5|Skill points +45 / +35 / +30|(random) Hint for a skill related to the race||Bot::!Randomly either|Energy -5|1 random stat +10 / +8 / +5|Skill points +45 / +35 / +30|(random) Hint for a skill related to the race|!or|Energy -20|1 random stat +10 / +8 / +5|Skill points +45 / +35 / +30|(random) Hint for a skill related to the race,1
matikanefukukitaru-good-omenfirst-storm,after_race,solid_showing_2nd_5th,Solid Showing (2nd-5th),Top::Energy -20|1 random stat +8 / +5 / +3|Skill points +45 / +35 / +30|(random) Hint for a skill related to the race||Bot::!Randomly either|Energy -10|1 random stat +8 / +5 / +3|Skill points +45 / +35 / +30|(random) Hint for a skill related to the race|!or|Energy -30|1 random stat +8 / +5 / +3|Skill points +45 / +35 / +30|(random) Hint for a skill related to the race,2
matikanefukukitaru-good-omenfirst-storm,after_race,defeat_6th_or_worse,Defeat (6th or worse),Top::Energy -25|1 random stat +4 / +3 / +0|Skill points +25 / +20 / +10|(random) Hint for a skill related to the race||Bot::!Randomly either|Energy -15|1 random stat +4 / +3 / +0|Skill points +25 / +20 / +10|(random) Hint for a skill related to the race|!or|Energy -35|1 random stat +4 / +3 / +0|Skill points +25 / +20 / +10|(random) Hint for a skill related to the race,3
matikanefukukitaru-good-omenfirst-storm,after_race,etsuko_s_elated_coverage,Etsuko's Elated Coverage,Energy -15|Mood +1|1 random stat +10 / +8 / +5|Skill points +45 / +35 / +30|Fans +500|(random) Hint for a skill related to the race|Etsuko Otonashi bond +15,4
matikanefukukitaru-good-omenfirst-storm,after_race,etsuko_s_exhaustive_coverage,Etsuko's Exhaustive Coverage,Top::!Randomly either|Energy -25|Mood -1|1 random stat +4 / +3 / +0|Skill points +25 / +20 / +10|Etsuko Otonashi bond -10|!or|Energy -15|Mood +1|1 random stat +4 / +3 / +0|Skill points +25 / +20 / +10|Etsuko Otonashi bond +15||Bot::Energy -20|1 random stat +4 / +3 / +0|Skill points +25 / +20 / +10|Etsuko Otonashi bond +10,5
meisho-doto-blue-raging,costume,fierce_fight_a_spicy_match,Fierce Fight! A Spicy Match,Top::Stamina +20||Bot::Speed +20,1
meisho-doto-blue-raging,costume,a_little_bag_of_help,A Little Bag of Help,Top::Wit +10|Skill points +15||Bot::Power +20,2
meisho-doto-blue-raging,costume,uma_umya_umyam_myam,Uma Umya Umyam Myam?,Top::Power +10|Wit +10|(random) Get Practice Perfect ○ status||Bot::Guts +20|(random) Get Practice Perfect ○ status,3
meisho-doto-blue-raging,choices,best_shot,Best Shot,Top::Wit +10||Bot::Stamina +10,1
meisho-doto-blue-raging,choices,first_step_to_flawlessness,First Step to Flawlessness,Top::Guts +10||Bot::Energy +10,2
meisho-doto-blue-raging,choices,words_of_aid,Words of Aid,Top::Power +10|Skill points +15||Bot::Tactical Tweak hint +1,3
meisho-doto-blue-raging,choices,positively_tickled,Positively Tickled!,Top::Energy -5|Mood +1|1 random stat +10|!Randomly either|Energy -10|Guts +10||Bot::Energy +10,4
meisho-doto-blue-raging,choices,monumental_calories,Monumental Calories,Top::Energy +10|Skill points +5||Bot::!Randomly either (~90%)|Energy +30|Skill points +10|!Randomly either (~10%)|Energy +30|Skill points +10|Speed -5|Power +5|Get Slow Metabolism status,5
meisho-doto-blue-raging,date,pack_a_punch,Pack a Punch,Top::Power +10||Bot::Stamina +10,1
meisho-doto-blue-raging,date,lost_and_alone,Lost and Alone,Top::Stamina +10||Bot::Guts +10,2
meisho-doto-blue-raging,date,are_my_feelings_reaching_you,Are My Feelings Reaching You?,Top::Power +10||Bot::Speed +10||Mid::Guts +10,3
meisho-doto-blue-raging,date,twilight_ice_cream,Twilight Ice Cream,Top::Wit +10||Bot::Speed +5|Stamina +5,4
meisho-doto-blue-raging,date,equivalent_exchange,Equivalent Exchange?,Top::Speed +10||Bot::Wit +10,5
meisho-doto-blue-raging,secret,after_the_debut_feeling_dizzy,After the Debut: Feeling... Dizzy...,conditions::Participate in the debut||reward::All stats +3|Skill points +20|Get Not Ready status|Yayoi Akikawa bond +4,1
meisho-doto-blue-raging,secret,goal_achieved_a_fallen_star,Goal Achieved: A Fallen Star,conditions::fan: 15000|Triggers during Late October Classic Year||reward::All stats +3|Skill points +20|HE +1|Yayoi Akikawa bond +4,2
meisho-doto-blue-raging,secret,triumph_i_m_the_overlord,Triumph! I'm the Overlord?!,conditions::Win the Satsuki Sho|Win the Tenno Sho (Spring)|Win the Takarazuka Kinen (Senior)|Win the Tenno Sho (Autumn) (Senior)|Win the Japan Cup (Senior)|Win the Arima Kinen (Senior)||reward::All stats +10|Skill points +20|Prepared to Pass hint +1|Up-Tempo hint +1,3
meisho-doto-blue-raging,no_choices,the_derby_already,The Derby?! Already?!,Power +5,1
meisho-doto-blue-raging,no_choices,arrival_of_the_lone_star,Arrival of the Lone Star,Stamina +5,2
meisho-doto-blue-raging,no_choices,how_the_river_runs,How the River Runs...,Wit +5,3
meisho-doto-blue-raging,no_choices,air_shakur_s_derby,Air Shakur's Derby,Guts +5,4
meisho-doto-blue-raging,no_choices,steadfast_steps,Steadfast Steps,Speed +10,5
meisho-doto-blue-raging,no_choices,huh_that_s_strange,Huh? That's Strange,Wit -5|Mood -1,6
meisho-doto-blue-raging,no_choices,sleepy_stumble,Sleepy Stumble,Energy -5,7
meisho-doto-blue-raging,no_choices,eyes_wide_open,Eyes Wide Open,Stamina +10|Power +10|Guts +10,8
meisho-doto-blue-raging,no_choices,master_trainer,Master Trainer,Guts +10|(random) Get Practice Perfect ○ status,9
meisho-doto-blue-raging,no_choices,their_era,Their Era,All stats +5|Skill points +5,10
meisho-doto-blue-raging,no_choices,and_then_and_theeen,"And Then, And Theeen?!",Mood -1,11
meisho-doto-blue-raging,no_choices,how_could_this_happen,How Could This Happen?,Energy -10|Mood -1,12
meisho-doto-blue-raging,no_choices,move_like_the_wind,Move Like the Wind!,All stats +5|Skill points +30|Mood +2|(random) Get Fast Learner status,13
meisho-doto-blue-raging,no_choices,lucky_item,Lucky Item,Energy +15|Mood -1|Guts -5|!Randomly either|Energy +15|Guts -5|Get Slacker status|!Randomly either|Energy +15|Mood -1|Guts -5|Get Slacker status,14
meisho-doto-blue-raging,special,dance_lesson,Dance Lesson,Top::Guts +10||Bot::Power +10,9
meisho-doto-blue-raging,special,bonus_at_start,Bonus at start,Skill points +120,1
meisho-doto-blue-raging,special,failed_training_get_well_soon,Failed training (Get Well Soon!),Top::Mood -1|Last trained stat -5|(random) Get Practice Poor status||Bot::!Randomly either|Mood -1|Last trained stat -10|(random) Get Practice Poor status|!or|Get Practice Perfect ○ status,2
meisho-doto-blue-raging,special,failed_training_don_t_overdo_it,Failed training (Don't Overdo It!),Top::Energy +10|Mood -2|Last trained stat -10|2 random stats -10|(random) Get Practice Poor status||Bot::!Randomly either|Mood -3|Last trained stat -10|2 random stats -10|Get Practice Poor status|!or|Energy +10|Get Practice Perfect ○ status,3
meisho-doto-blue-raging,special,extra_training,Extra Training,Top::Energy -5|Last trained stat +5|(random) Heal a negative status effect||Bot::Energy +5,4
meisho-doto-blue-raging,special,at_summer_camp_year_2,At Summer Camp (Year 2),Top::Power +10||Bot::Guts +10,5
meisho-doto-blue-raging,special,fan_letter,Fan Letter,Mood +1|Skill points +30,6
meisho-doto-blue-raging,special,new_year_s_resolutions,New Year's Resolutions,Top::Energy +20||Mid::Skill points +20||Bot::All stats +5,7
meisho-doto-blue-raging,special,new_year_s_shrine_visit,New Year's Shrine Visit,Top::Energy +30||Mid::All stats +5||Bot::Skill points +35,8
meisho-doto-blue-raging,after_race,victory_1st,Victory! (1st),Top::Energy -15|1 random stat +10 / +8 / +5|Skill points +45 / +35 / +30|(random) Hint for a skill related to the race||Bot::!Randomly either|Energy -5|1 random stat +10 / +8 / +5|Skill points +45 / +35 / +30|(random) Hint for a skill related to the race|!or|Energy -20|1 random stat +10 / +8 / +5|Skill points +45 / +35 / +30|(random) Hint for a skill related to the race,1
meisho-doto-blue-raging,after_race,solid_showing_2nd_5th,Solid Showing (2nd-5th),Top::Energy -20|1 random stat +8 / +5 / +3|Skill points +45 / +35 / +30|(random) Hint for a skill related to the race||Bot::!Randomly either|Energy -10|1 random stat +8 / +5 / +3|Skill points +45 / +35 / +30|(random) Hint for a skill related to the race|!or|Energy -30|1 random stat +8 / +5 / +3|Skill points +45 / +35 / +30|(random) Hint for a skill related to the race,2
meisho-doto-blue-raging,after_race,defeat_6th_or_worse,Defeat (6th or worse),Top::Energy -25|1 random stat +4 / +3 / +0|Skill points +25 / +20 / +10|(random) Hint for a skill related to the race||Bot::!Randomly either|Energy -15|1 random stat +4 / +3 / +0|Skill points +25 / +20 / +10|(random) Hint for a skill related to the race|!or|Energy -35|1 random stat +4 / +3 / +0|Skill points +25 / +20 / +10|(random) Hint for a skill related to the race,3
meisho-doto-blue-raging,after_race,etsuko_s_elated_coverage,Etsuko's Elated Coverage,Energy -15|Mood +1|1 random stat +10 / +8 / +5|Skill points +45 / +35 / +30|Fans +500|(random) Hint for a skill related to the race|Etsuko Otonashi bond +15,4
meisho-doto-blue-raging,after_race,etsuko_s_exhaustive_coverage,Etsuko's Exhaustive Coverage,Top::!Randomly either|Energy -25|Mood -1|1 random stat +4 / +3 / +0|Skill points +25 / +20 / +10|Etsuko Otonashi bond -10|!or|Energy -15|Mood +1|1 random stat +4 / +3 / +0|Skill points +25 / +20 / +10|Etsuko Otonashi bond +15||Bot::Energy -20|1 random stat +4 / +3 / +0|Skill points +25 / +20 / +10|Etsuko Otonashi bond +10,5
nice-nature-poinsettia-ribbon,costume,nature_and_her_tired_trainer,Nature and Her Tired Trainer,Top::Power +20||Bot::Stamina +20,1
nice-nature-poinsettia-ribbon,costume,bittersweet_sparkle,Bittersweet Sparkle,Top::Power +20||Bot::Speed +20,2
nice-nature-poinsettia-ribbon,costume,festive_colors,Festive Colors,Top::Guts +20|(random) Get Charming ○ status||Bot::Stamina +20|(random) Get Charming ○ status,3
nice-nature-poinsettia-ribbon,choices,rainy_day_fun,Rainy-Day Fun,Top::Wit +10||Bot::Energy -10|Stamina +10|Guts +10,1
nice-nature-poinsettia-ribbon,choices,not_my_style,Not My Style,Top::Energy +5|Mood +1||Bot::Speed +5|Power +5,2
nice-nature-poinsettia-ribbon,choices,whirlwind_advice,Whirlwind Advice,Top::Studious hint +1||Bot::Speed +5|Stamina +5|Power +5,3
nice-nature-poinsettia-ribbon,choices,a_little_can_t_hurt,A Little Can't Hurt,Top::Energy +10|Skill points +5||Bot::!Randomly either (~90%)|Energy +30|Skill points +10|!Randomly either (~10%)|Energy +30|Skill points +10|Speed -5|Power +5|Get Slow Metabolism status,4
nice-nature-poinsettia-ribbon,date,a_phone_call_from_mom,A Phone Call from Mom,Top::Stamina +10||Bot::Speed +10,1
nice-nature-poinsettia-ribbon,date,once_in_a_while,Once in a While,Top::Stamina +5|Guts +5||Bot::Stamina +5|Power +5,2
nice-nature-poinsettia-ribbon,date,bittersweet_twilight,Bittersweet Twilight,Top::Speed +10||Bot::Guts +10||Mid::Wit +10,3
nice-nature-poinsettia-ribbon,date,snapshot_of_emotions,Snapshot of Emotions,Top::Speed +10||Bot::Power +10,4
nice-nature-poinsettia-ribbon,date,let_s_watch_the_fish,Let's Watch the Fish,Top::Guts +10||Bot::Speed +10,5
nice-nature-poinsettia-ribbon,secret,choosing_to_do_my_best,Choosing to Do My Best,conditions::Win the Kyoto Shimbun Hai|Win the Naruo Kinen (Classic)|Win the Kokura Kinen (Classic)||reward::Speed +25|Stamina +25|Skill points +20|Homestretch Haste hint +1,1
nice-nature-poinsettia-ribbon,secret,very_me_results,"Very ""Me"" Results",conditions::third_any_non_objective||reward::1 random stat +3|Skill points +65,2
nice-nature-poinsettia-ribbon,secret,after_the_satsuki_sho_an_unsatisfying_victory,After the Satsuki Sho: An Unsatisfying Victory,conditions::beat_rival: 100501|1003||reward::1 random stat +9|Skill points +45,3
nice-nature-poinsettia-ribbon,secret,after_the_satsuki_sho_still_can_t_catch_up,After the Satsuki Sho: Still Can't Catch Up,conditions::lose_to_rival: 100501|1003||reward::1 random stat +5|Skill points +35,4
nice-nature-poinsettia-ribbon,secret,after_the_japanese_derby_no_matter_what,After the Japanese Derby: No Matter What,conditions::beat_rival: 101001|1003||reward::1 random stat +9|Skill points +45,5
nice-nature-poinsettia-ribbon,secret,after_the_japanese_derby_the_spotlight,After the Japanese Derby: The Spotlight,conditions::lose_to_rival: 101001|1003||reward::1 random stat +5|Skill points +35,6
nice-nature-poinsettia-ribbon,no_choices,doting_family,Doting Family,Wit +5,1
nice-nature-poinsettia-ribbon,no_choices,what_cheers_me_up,What Cheers Me Up,Guts +5,2
nice-nature-poinsettia-ribbon,no_choices,behind_the_throne,Behind the Throne,Wit +5,3
nice-nature-poinsettia-ribbon,no_choices,nature_at_the_mejiro_s,Nature at the Mejiro's,Stamina +5|Guts +5,4
nice-nature-poinsettia-ribbon,no_choices,flash_of_light,Flash of Light,Guts +5,5
nice-nature-poinsettia-ribbon,no_choices,experience_leads_to_strength,Experience Leads to Strength,NO,6
nice-nature-poinsettia-ribbon,no_choices,farewell_my_greatest_comfort,Farewell... My Greatest Comfort,Mood -1|Guts -5,7
nice-nature-poinsettia-ribbon,no_choices,care_for_some_squid,Care for Some Squid?,Energy +5/+10/+20/+30/+40|1 random stat +5/+10/+15/+20/+25,8
nice-nature-poinsettia-ribbon,no_choices,master_trainer,Master Trainer,Wit +10|(random) Get Practice Perfect ○ status,9
nice-nature-poinsettia-ribbon,no_choices,first_place,First Place,All stats +5|Skill points +5,10
nice-nature-poinsettia-ribbon,no_choices,it_s_always_three,It's Always Three!,Mood -1,11
nice-nature-poinsettia-ribbon,no_choices,nature_s_defeat,Nature's Defeat!,Energy -10|Mood -1,12
nice-nature-poinsettia-ribbon,no_choices,the_star_s_name_is,The Star's Name Is...,All stats +5|Skill points +30|Mood +2|(random) Get Fast Learner status,13
nice-nature-poinsettia-ribbon,no_choices,the_bronze_collector_s_target,The Bronze Collector's Target,Energy +15|Mood -1|Guts -5|!Randomly either|Energy +15|Guts -5|Get Slacker status|!Randomly either|Energy +15|Mood -1|Guts -5|Get Slacker status,14
nice-nature-poinsettia-ribbon,special,dance_lesson,Dance Lesson,Top::Speed +10||Bot::Guts +10,9
nice-nature-poinsettia-ribbon,special,bonus_at_start,Bonus at start,Skill points +120,1
nice-nature-poinsettia-ribbon,special,failed_training_get_well_soon,Failed training (Get Well Soon!),Top::Mood -1|Last trained stat -5|(random) Get Practice Poor status||Bot::!Randomly either|Mood -1|Last trained stat -10|(random) Get Practice Poor status|!or|Get Practice Perfect ○ status,2
nice-nature-poinsettia-ribbon,special,failed_training_don_t_overdo_it,Failed training (Don't Overdo It!),Top::Energy +10|Mood -2|Last trained stat -10|2 random stats -10|(random) Get Practice Poor status||Bot::!Randomly either|Mood -3|Last trained stat -10|2 random stats -10|Get Practice Poor status|!or|Energy +10|Get Practice Perfect ○ status,3
nice-nature-poinsettia-ribbon,special,extra_training,Extra Training,Top::Energy -5|Last trained stat +5|(random) Heal a negative status effect||Bot::Energy +5,4
nice-nature-poinsettia-ribbon,special,at_summer_camp_year_2,At Summer Camp (Year 2),Top::Power +10||Bot::Guts +10,5
nice-nature-poinsettia-ribbon,special,fan_letter,Fan Letter,Mood +1|Skill points +30,6
nice-nature-poinsettia-ribbon,special,new_year_s_resolutions,New Year's Resolutions,Top::Energy +20||Mid::Skill points +20||Bot::All stats +5,7
nice-nature-poinsettia-ribbon,special,new_year_s_shrine_visit,New Year's Shrine Visit,Top::Energy +30||Mid::All stats +5||Bot::Skill points +35,8
nice-nature-poinsettia-ribbon,after_race,victory_1st,Victory! (1st),Top::Energy -15|1 random stat +10 / +8 / +5|Skill points +45 / +35 / +30|(random) Hint for a skill related to the race||Bot::!Randomly either|Energy -5|1 random stat +10 / +8 / +5|Skill points +45 / +35 / +30|(random) Hint for a skill related to the race|!or|Energy -20|1 random stat +10 / +8 / +5|Skill points +45 / +35 / +30|(random) Hint for a skill related to the race,1
nice-nature-poinsettia-ribbon,after_race,solid_showing_2nd_5th,Solid Showing (2nd-5th),Top::Energy -20|1 random stat +8 / +5 / +3|Skill points +45 / +35 / +30|(random) Hint for a skill related to the race||Bot::!Randomly either|Energy -10|1 random stat +8 / +5 / +3|Skill points +45 / +35 / +30|(random) Hint for a skill related to the race|!or|Energy -30|1 random stat +8 / +5 / +3|Skill points +45 / +35 / +30|(random) Hint for a skill related to the race,2
nice-nature-poinsettia-ribbon,after_race,defeat_6th_or_worse,Defeat (6th or worse),Top::Energy -25|1 random stat +4 / +3 / +0|Skill points +25 / +20 / +10|(random) Hint for a skill related to the race||Bot::!Randomly either|Energy -15|1 random stat +4 / +3 / +0|Skill points +25 / +20 / +10|(random) Hint for a skill related to the race|!or|Energy -35|1 random stat +4 / +3 / +0|Skill points +25 / +20 / +10|(random) Hint for a skill related to the race,3
nice-nature-poinsettia-ribbon,after_race,etsuko_s_elated_coverage,Etsuko's Elated Coverage,Energy -15|Mood +1|1 random stat +10 / +8 / +5|Skill points +45 / +35 / +30|Fans +500|(random) Hint for a skill related to the race|Etsuko Otonashi bond +15,4
nice-nature-poinsettia-ribbon,after_race,etsuko_s_exhaustive_coverage,Etsuko's Exhaustive Coverage,Top::!Randomly either|Energy -25|Mood -1|1 random stat +4 / +3 / +0|Skill points +25 / +20 / +10|Etsuko Otonashi bond -10|!or|Energy -15|Mood +1|1 random stat +4 / +3 / +0|Skill points +25 / +20 / +10|Etsuko Otonashi bond +15||Bot::Energy -20|1 random stat +4 / +3 / +0|Skill points +25 / +20 / +10|Etsuko Otonashi bond +10,5
king-halo-king-of-emeralds,costume,the_outfit_that_suits_me_most,The Outfit That Suits Me Most,Top::Speed +10|Guts +10||Bot::Power +20,1
king-halo-king-of-emeralds,costume,running_isn_t_everything,Running Isn't Everything,Top::Stamina +20||Bot::Speed +10|Power +10,2
king-halo-king-of-emeralds,costume,manners_are_common_sense,Manners Are Common Sense,Top::Guts +20|(random) Get Practice Perfect ○ status||Bot::Stamina +10|Wit +10|(random) Get Practice Perfect ○ status,3
king-halo-king-of-emeralds,choices,movies_are_full_of_learning_opportunities,Movies Are Full of Learning Opportunities,Top::Speed +5|Guts +5||Bot::Stamina +10,1
king-halo-king-of-emeralds,choices,the_king_knows_no_exhaustion,The King Knows No Exhaustion,Top::Energy +5|Mood +1||Bot::Power +10,2
king-halo-king-of-emeralds,choices,first_rate_in_studies_too,First-Rate in Studies Too,Top::Wit +10|Skill points +15||Bot::Outer Swell hint +1,3
king-halo-king-of-emeralds,choices,after_school_soda,After-School Soda,Top::Guts +10|Studious hint +1||Bot::Speed +20,4
king-halo-king-of-emeralds,choices,three_heads_are_better_than_one,Three Heads Are Better than One,Top::Wit +20||Bot::Stamina +10|Skill points +15,5
king-halo-king-of-emeralds,choices,sweet_tooth_temptation,Sweet Tooth Temptation,Top::Energy +10|Skill points +5||Bot::!Randomly either (~90%)|Energy +30|Skill points +10|!Randomly either (~10%)|Energy +30|Skill points +10|Speed -5|Power +5|Get Slow Metabolism status,6
king-halo-king-of-emeralds,date,first_rate_spot,First-Rate Spot,Top::Guts +10||Bot::Speed +10,1
king-halo-king-of-emeralds,date,first_rate_harvest,First-Rate Harvest,Top::Power +5|Guts +5||Bot::Speed +5|Stamina +5,2
king-halo-king-of-emeralds,date,first_rate_terms,First-Rate Terms,Top::Power +10||Bot::Wit +10||Mid::Guts +10,3
king-halo-king-of-emeralds,date,crowds_are_no_problem,Crowds Are No Problem,Top::Speed +10||Bot::Power +10,4
king-halo-king-of-emeralds,date,breaking_curfew_is_second_rate,Breaking Curfew is Second-Rate,Top::Guts +5|Wit +5||Bot::Speed +5|Power +5,5
king-halo-king-of-emeralds,secret,a_kingly_smile,A Kingly Smile,conditions::win_or: 101101|2|101101|3|win_or: 100501|101001|win_or: 101501|102301|Triggers during Late December Senior Year||reward::All stats +10|Skill points +20,1
king-halo-king-of-emeralds,secret,after_the_arima_kinen_royal_inheritance,After the Arima Kinen: Royal Inheritance,conditions::Win the Arima Kinen (Senior)||reward::Energy -15|1 random stat +10|Skill points +45|Yayoi Akikawa bond +4,2
king-halo-king-of-emeralds,no_choices,to_pursue_and_be_pursued,To Pursue and Be Pursued,Guts +5,1
king-halo-king-of-emeralds,no_choices,we_made_our_debut,We Made Our Debut,Guts +5,2
king-halo-king-of-emeralds,no_choices,my_legs,My Legs,Guts +5,3
king-halo-king-of-emeralds,no_choices,first_rate_resolve,First-Rate Resolve,Speed +5,4
king-halo-king-of-emeralds,no_choices,beyond_the_limelight,Beyond the Limelight,Speed +10,5
king-halo-king-of-emeralds,no_choices,the_king_s_worries,The King's Worries,Guts -5|Mood -1,6
king-halo-king-of-emeralds,no_choices,master_trainer,Master Trainer,Guts +10|(random) Get Practice Perfect ○ status,7
king-halo-king-of-emeralds,no_choices,first_rate_umamusume,First-Rate Umamusume,All stats +5|Skill points +5,8
king-halo-king-of-emeralds,no_choices,just_can_t_stand_it,Just Can't Stand It,Mood -1,9
king-halo-king-of-emeralds,no_choices,a_first_rate_laugh,A First-Rate Laugh,Energy -10|Mood -1,10
king-halo-king-of-emeralds,no_choices,phantom_dance_festival,Phantom Dance Festival,All stats +5|Skill points +30|Mood +2|(random) Get Fast Learner status,11
king-halo-king-of-emeralds,no_choices,first_rate_predictions,First-Rate... Predictions?,Energy +15|Mood -1|Guts -5|!Randomly either|Energy +15|Guts -5|Get Slacker status|!Randomly either|Energy +15|Mood -1|Guts -5|Get Slacker status,12
king-halo-king-of-emeralds,special,dance_lesson,Dance Lesson,Top::Guts +10||Bot::Speed +10,9
king-halo-king-of-emeralds,special,bonus_at_start,Bonus at start,Skill points +120,1
king-halo-king-of-emeralds,special,failed_training_get_well_soon,Failed training (Get Well Soon!),Top::Mood -1|Last trained stat -5|(random) Get Practice Poor status||Bot::!Randomly either|Mood -1|Last trained stat -10|(random) Get Practice Poor status|!or|Get Practice Perfect ○ status,2
king-halo-king-of-emeralds,special,failed_training_don_t_overdo_it,Failed training (Don't Overdo It!),Top::Energy +10|Mood -2|Last trained stat -10|2 random stats -10|(random) Get Practice Poor status||Bot::!Randomly either|Mood -3|Last trained stat -10|2 random stats -10|Get Practice Poor status|!or|Energy +10|Get Practice Perfect ○ status,3
king-halo-king-of-emeralds,special,extra_training,Extra Training,Top::Energy -5|Last trained stat +5|(random) Heal a negative status effect||Bot::Energy +5,4
king-halo-king-of-emeralds,special,at_summer_camp_year_2,At Summer Camp (Year 2),Top::Power +10||Bot::Guts +10,5
king-halo-king-of-emeralds,special,fan_letter,Fan Letter,Mood +1|Skill points +30,6
king-halo-king-of-emeralds,special,new_year_s_resolutions,New Year's Resolutions,Top::Energy +20||Mid::Skill points +20||Bot::All stats +5,7
king-halo-king-of-emeralds,special,new_year_s_shrine_visit,New Year's Shrine Visit,Top::Energy +30||Mid::All stats +5||Bot::Skill points +35,8
king-halo-king-of-emeralds,after_race,victory_1st,Victory! (1st),Top::Energy -15|1 random stat +10 / +8 / +5|Skill points +45 / +35 / +30|(random) Hint for a skill related to the race||Bot::!Randomly either|Energy -5|1 random stat +10 / +8 / +5|Skill points +45 / +35 / +30|(random) Hint for a skill related to the race|!or|Energy -20|1 random stat +10 / +8 / +5|Skill points +45 / +35 / +30|(random) Hint for a skill related to the race,1
king-halo-king-of-emeralds,after_race,solid_showing_2nd_5th,Solid Showing (2nd-5th),Top::Energy -20|1 random stat +8 / +5 / +3|Skill points +45 / +35 / +30|(random) Hint for a skill related to the race||Bot::!Randomly either|Energy -10|1 random stat +8 / +5 / +3|Skill points +45 / +35 / +30|(random) Hint for a skill related to the race|!or|Energy -30|1 random stat +8 / +5 / +3|Skill points +45 / +35 / +30|(random) Hint for a skill related to the race,2
king-halo-king-of-emeralds,after_race,defeat_6th_or_worse,Defeat (6th or worse),Top::Energy -25|1 random stat +4 / +3 / +0|Skill points +25 / +20 / +10|(random) Hint for a skill related to the race||Bot::!Randomly either|Energy -15|1 random stat +4 / +3 / +0|Skill points +25 / +20 / +10|(random) Hint for a skill related to the race|!or|Energy -35|1 random stat +4 / +3 / +0|Skill points +25 / +20 / +10|(random) Hint for a skill related to the race,3
king-halo-king-of-emeralds,after_race,etsuko_s_elated_coverage,Etsuko's Elated Coverage,Energy -15|Mood +1|1 random stat +10 / +8 / +5|Skill points +45 / +35 / +30|Fans +500|(random) Hint for a skill related to the race|Etsuko Otonashi bond +15,4
king-halo-king-of-emeralds,after_race,etsuko_s_exhaustive_coverage,Etsuko's Exhaustive Coverage,Top::!Randomly either|Energy -25|Mood -1|1 random stat +4 / +3 / +0|Skill points +25 / +20 / +10|Etsuko Otonashi bond -10|!or|Energy -15|Mood +1|1 random stat +4 / +3 / +0|Skill points +25 / +20 / +10|Etsuko Otonashi bond +15||Bot::Energy -20|1 random stat +4 / +3 / +0|Skill points +25 / +20 / +10|Etsuko Otonashi bond +10,5
rice-shower-make-up-vampire,costume,a_treat_from_rice,A Treat from Rice!,Top::Deep Breaths hint +1||Bot::Stamina +20,1
rice-shower-make-up-vampire,costume,rice_s_guide_to_vampire_eradication,Rice's Guide to Vampire Eradication,Top::Energy +15||Bot::Speed +10|Power +10,2
rice-shower-make-up-vampire,costume,a_trick_from_rice,A Trick from Rice!,Top::Wit +20|(random) Get Practice Perfect ○ status||Bot::Frenzied Pace Chasers hint +1|(random) Get Practice Perfect ○ status,3
rice-shower-make-up-vampire,choices,training_inspiration,Training Inspiration,Top::Energy -10|Guts +20||Bot::Energy +5|Skill points +15,1
rice-shower-make-up-vampire,choices,wonderful_new_worlds,Wonderful New Worlds,Top::Stamina +10||Bot::Speed +5|Wit +5,2
rice-shower-make-up-vampire,choices,looking_on_the_bright_side,Looking on the Bright Side,Top::Stamina +5|Guts +10||Bot::Firm Conditions ○ hint +1,3
rice-shower-make-up-vampire,choices,a_wish_to_the_goddesses,A Wish to the Goddesses,1 random stat +30|Mood +1|!Randomly either|1 random stat +15,4
rice-shower-make-up-vampire,choices,a_page_about_apples,A Page about Apples,Top::Energy +10|Skill points +5||Bot::!Randomly either (~90%)|Energy +30|Skill points +10|!Randomly either (~10%)|Energy +30|Skill points +10|Speed -5|Power +5|Get Slow Metabolism status,5
rice-shower-make-up-vampire,date,even_when_the_ladybugs_are_gone,Even When the Ladybugs Are Gone,Top::Stamina +10||Bot::Wit +10,1
rice-shower-make-up-vampire,date,even_when_clouds_cover_the_sky,Even When Clouds Cover the Sky,Top::Speed +5|Power +5||Bot::Guts +10,2
rice-shower-make-up-vampire,date,my_sun,My Sun,Top::Guts +5|Wit +5||Bot::Speed +5|Power +5||Mid::Stamina +10,3
rice-shower-make-up-vampire,date,i_ve_got_this,I've Got This!,Top::Guts +10||Bot::Speed +10,4
rice-shower-make-up-vampire,date,a_page_about_sunsets,A Page about Sunsets,Top::Power +5|Guts +5||Bot::Stamina +5|Wit +5,5
rice-shower-make-up-vampire,secret,a_tale_that_blooms_from_the_heart,A Tale That Blooms from the Heart,conditions::racetrack_wins_branch: 10008||reward::CT|Speed +15|Stamina +15|Guts +15|Skill points +25|Kyoto Racecourse ○ hint +1|Firm Conditions ○ hint +1|CT|Speed +10|Stamina +10|Skill points +5|Kyoto Racecourse ○ hint +1|CT|Speed +5|Stamina +5|Kyoto Racecourse ○ hint +1,1
rice-shower-make-up-vampire,no_choices,the_flower_that_blooms_in_yodo,The Flower that Blooms in Yodo,Stamina +5,1
rice-shower-make-up-vampire,no_choices,a_rival_s_misfortune,A Rival's Misfortune,Guts +5,2
rice-shower-make-up-vampire,no_choices,you_can_t_bloom_alone,You Can't Bloom Alone,Guts +5,3
rice-shower-make-up-vampire,no_choices,one_in_a_million_chance,One in a Million Chance,Guts +5,4
rice-shower-make-up-vampire,no_choices,an_unyielding_rose,An Unyielding Rose,Stamina +10,5
rice-shower-make-up-vampire,no_choices,a_page_about_sketching,A Page about Sketching,Mood -1|Power -5,6
rice-shower-make-up-vampire,no_choices,master_trainer,Master Trainer,Guts +10|(random) Get Practice Perfect ○ status,7
rice-shower-make-up-vampire,no_choices,once_upon_a_time,Once upon a Time,All stats +5|Skill points +5,8
rice-shower-make-up-vampire,no_choices,an_unfortunate_slip,An Unfortunate Slip,Mood -1,9
rice-shower-make-up-vampire,no_choices,a_page_about_tenacity,A Page about Tenacity,Energy -10|Mood -1,10
rice-shower-make-up-vampire,no_choices,the_back_of_the_page,The Back of the Page,All stats +5|Skill points +30|Mood +2|(random) Get Fast Learner status,11
rice-shower-make-up-vampire,no_choices,a_page_about_books,A Page about Books,Energy +15|Mood -1|Guts -5|!Randomly either|Energy +15|Guts -5|Get Slacker status|!Randomly either|Energy +15|Mood -1|Guts -5|Get Slacker status,12
rice-shower-make-up-vampire,special,dance_lesson,Dance Lesson,Top::Stamina +10||Bot::Speed +10,9
rice-shower-make-up-vampire,special,bonus_at_start,Bonus at start,Skill points +120,1
rice-shower-make-up-vampire,special,failed_training_get_well_soon,Failed training (Get Well Soon!),Top::Mood -1|Last trained stat -5|(random) Get Practice Poor status||Bot::!Randomly either|Mood -1|Last trained stat -10|(random) Get Practice Poor status|!or|Get Practice Perfect ○ status,2
rice-shower-make-up-vampire,special,failed_training_don_t_overdo_it,Failed training (Don't Overdo It!),Top::Energy +10|Mood -2|Last trained stat -10|2 random stats -10|(random) Get Practice Poor status||Bot::!Randomly either|Mood -3|Last trained stat -10|2 random stats -10|Get Practice Poor status|!or|Energy +10|Get Practice Perfect ○ status,3
rice-shower-make-up-vampire,special,extra_training,Extra Training,Top::Energy -5|Last trained stat +5|(random) Heal a negative status effect||Bot::Energy +5,4
rice-shower-make-up-vampire,special,at_summer_camp_year_2,At Summer Camp (Year 2),Top::Power +10||Bot::Guts +10,5
rice-shower-make-up-vampire,special,fan_letter,Fan Letter,Mood +1|Skill points +30,6
rice-shower-make-up-vampire,special,new_year_s_resolutions,New Year's Resolutions,Top::Energy +20||Mid::Skill points +20||Bot::All stats +5,7
rice-shower-make-up-vampire,special,new_year_s_shrine_visit,New Year's Shrine Visit,Top::Energy +30||Mid::All stats +5||Bot::Skill points +35,8
rice-shower-make-up-vampire,after_race,victory_1st,Victory! (1st),Top::Energy -15|1 random stat +10 / +8 / +5|Skill points +45 / +35 / +30|(random) Hint for a skill related to the race||Bot::!Randomly either|Energy -5|1 random stat +10 / +8 / +5|Skill points +45 / +35 / +30|(random) Hint for a skill related to the race|!or|Energy -20|1 random stat +10 / +8 / +5|Skill points +45 / +35 / +30|(random) Hint for a skill related to the race,1
rice-shower-make-up-vampire,after_race,solid_showing_2nd_5th,Solid Showing (2nd-5th),Top::Energy -20|1 random stat +8 / +5 / +3|Skill points +45 / +35 / +30|(random) Hint for a skill related to the race||Bot::!Randomly either|Energy -10|1 random stat +8 / +5 / +3|Skill points +45 / +35 / +30|(random) Hint for a skill related to the race|!or|Energy -30|1 random stat +8 / +5 / +3|Skill points +45 / +35 / +30|(random) Hint for a skill related to the race,2
rice-shower-make-up-vampire,after_race,defeat_6th_or_worse,Defeat (6th or worse),Top::Energy -25|1 random stat +4 / +3 / +0|Skill points +25 / +20 / +10|(random) Hint for a skill related to the race||Bot::!Randomly either|Energy -15|1 random stat +4 / +3 / +0|Skill points +25 / +20 / +10|(random) Hint for a skill related to the race|!or|Energy -35|1 random stat +4 / +3 / +0|Skill points +25 / +20 / +10|(random) Hint for a skill related to the race,3
rice-shower-make-up-vampire,after_race,etsuko_s_elated_coverage,Etsuko's Elated Coverage,Energy -15|Mood +1|1 random stat +10 / +8 / +5|Skill points +45 / +35 / +30|Fans +500|(random) Hint for a skill related to the race|Etsuko Otonashi bond +15,4
rice-shower-make-up-vampire,after_race,etsuko_s_exhaustive_coverage,Etsuko's Exhaustive Coverage,Top::!Randomly either|Energy -25|Mood -1|1 random stat +4 / +3 / +0|Skill points +25 / +20 / +10|Etsuko Otonashi bond -10|!or|Energy -15|Mood +1|1 random stat +4 / +3 / +0|Skill points +25 / +20 / +10|Etsuko Otonashi bond +15||Bot::Energy -20|1 random stat +4 / +3 / +0|Skill points +25 / +20 / +10|Etsuko Otonashi bond +10,5
super-creek-chiffon-ribbon-mummy,costume,search_or_story_time,Search or Story Time,Top::Wit +20||Bot::Studious hint +1,1
super-creek-chiffon-ribbon-mummy,costume,spook_or_fluke,Spook or Fluke,Top::Stamina +10|Skill points +15||Bot::Power +20,2
super-creek-chiffon-ribbon-mummy,costume,curse_or_comfort,Curse or Comfort,Top::Steadfast hint +1|(random) Get Charming ○ status||Bot::Speed +20|(random) Get Charming ○ status,3
super-creek-chiffon-ribbon-mummy,choices,one_day_experience_ceramics_class,One-Day Experience ☆ Ceramics Class,Top::Speed +5|Wit +5||Bot::Stamina +10,1
super-creek-chiffon-ribbon-mummy,choices,find_the_lost_child,Find the Lost Child!,Top::Energy -10|Stamina +10|Power +10||Bot::Wit +10,2
super-creek-chiffon-ribbon-mummy,choices,a_dangerous_treat,A Dangerous Treat,Top::Guts +10|Skill points +15||Bot::Corner Recovery ○ hint +1,3
super-creek-chiffon-ribbon-mummy,choices,sweet_nighttime_temptation,Sweet Nighttime Temptation,Top::Energy +30|Speed +10|Skill points +10|Mood -1|(random) Get Slow Metabolism status||Bot::Energy +10|Speed +5|Skill points +5||Mid::Power +20|Skill points +20|Mood +2|Hydrate hint +1,4
super-creek-chiffon-ribbon-mummy,choices,for_my_friends,For My Friends,Top::Energy +10|Skill points +5||Bot::!Randomly either (~90%)|Energy +30|Skill points +10|!Randomly either (~10%)|Energy +30|Skill points +10|Speed -5|Power +5|Get Slow Metabolism status,5
super-creek-chiffon-ribbon-mummy,date,is_relaxing_being_spoiled,Is Relaxing Being Spoiled?,Top::Stamina +10||Bot::Wit +10,1
super-creek-chiffon-ribbon-mummy,date,dispel_your_anxieties,Dispel Your Anxieties,Top::Power +10||Bot::Speed +5|Guts +5,2
super-creek-chiffon-ribbon-mummy,date,let_s_share,Let's Share,Top::Stamina +10||Bot::Speed +10||Mid::Power +10,3
super-creek-chiffon-ribbon-mummy,date,rough_massage,Rough Massage!,Top::Guts +10||Bot::Speed +5|Wit +5,4
super-creek-chiffon-ribbon-mummy,date,stargazing_is_better_together,Stargazing is Better Together,Top::Power +5|Guts +5||Bot::Stamina +10,5
super-creek-chiffon-ribbon-mummy,secret,our_dream_lives_on,Our Dream Lives On,conditions::Win the Arima Kinen (Classic)|Win the Tenno Sho (Spring)|autumn_triple_crown_senior||reward::Power +20|Guts +20|Prepared to Pass hint +1,1
super-creek-chiffon-ribbon-mummy,secret,after_the_sumire_s_short_of_breath,After the Sumire S.: Short of Breath,conditions::Participate in the Sumire Stakes||reward::1 random stat +3|Skill points +30|Get Under the Weather status|Yayoi Akikawa bond +4,2
super-creek-chiffon-ribbon-mummy,secret,after_the_satsuki_sho_a_spring_miracle,After the Satsuki Sho: A Spring Miracle!,conditions::Win the Satsuki Sho||reward::Energy -15|1 random stat +10|Skill points +45|Yayoi Akikawa bond +4,3
super-creek-chiffon-ribbon-mummy,secret,after_the_japanese_derby_a_super_umamusume_feat,After the Japanese Derby: A Super-Umamusume Feat?!,conditions::Win the Tokyo Yushun (Japanese Derby)||reward::Energy -15|1 random stat +10|Skill points +45|Yayoi Akikawa bond +4,4
super-creek-chiffon-ribbon-mummy,secret,after_the_kikuka_sho_triumph_of_bonds,After the Kikuka Sho: Triumph of Bonds!,conditions::Win the Kikuka Sho||reward::All stats +3|Skill points +45|Get Shining Brightly status|HE|Yayoi Akikawa bond +4,5
super-creek-chiffon-ribbon-mummy,no_choices,how_many_would_you_like,How Many Would You Like?,Power +5,1
super-creek-chiffon-ribbon-mummy,no_choices,a_fruitless_spring,A Fruitless Spring,Stamina +5,2
super-creek-chiffon-ribbon-mummy,no_choices,true_reason,True Reason,Stamina +5,3
super-creek-chiffon-ribbon-mummy,no_choices,birth_of_a_supervillain,Birth of a Supervillain,Wit +5,4
super-creek-chiffon-ribbon-mummy,no_choices,the_winds_of_change,The Winds of Change,Stamina +5,5
super-creek-chiffon-ribbon-mummy,no_choices,i_want_to_spoil_you,I Want to Spoil You!,Mood -1|Stamina -5,6
super-creek-chiffon-ribbon-mummy,no_choices,master_trainer,Master Trainer,Stamina +10|(random) Get Practice Perfect ○ status,7
super-creek-chiffon-ribbon-mummy,no_choices,a_once_in_a_lifetime_encounter,A Once-in-a-Lifetime Encounter,All stats +5|Skill points +5,8
super-creek-chiffon-ribbon-mummy,no_choices,pure_white_laundry,Pure-White Laundry,Mood -1,9
super-creek-chiffon-ribbon-mummy,no_choices,housework_is_tough,Housework Is Tough!,Energy -10|Mood -1,10
super-creek-chiffon-ribbon-mummy,no_choices,learning_from_children,Learning from Children,All stats +5|Skill points +30|Mood +2|(random) Get Fast Learner status,11
super-creek-chiffon-ribbon-mummy,no_choices,i_feel_like_cooking,I Feel Like Cooking,Energy +15|Mood -1|Guts -5|!Randomly either|Energy +15|Guts -5|Get Slacker status|!Randomly either|Energy +15|Mood -1|Guts -5|Get Slacker status,12
super-creek-chiffon-ribbon-mummy,special,dance_lesson,Dance Lesson,Top::Stamina +10||Bot::Speed +10,9
super-creek-chiffon-ribbon-mummy,special,bonus_at_start,Bonus at start,Skill points +120,1
super-creek-chiffon-ribbon-mummy,special,failed_training_get_well_soon,Failed training (Get Well Soon!),Top::Mood -1|Last trained stat -5|(random) Get Practice Poor status||Bot::!Randomly either|Mood -1|Last trained stat -10|(random) Get Practice Poor status|!or|Get Practice Perfect ○ status,2
super-creek-chiffon-ribbon-mummy,special,failed_training_don_t_overdo_it,Failed training (Don't Overdo It!),Top::Energy +10|Mood -2|Last trained stat -10|2 random stats -10|(random) Get Practice Poor status||Bot::!Randomly either|Mood -3|Last trained stat -10|2 random stats -10|Get Practice Poor status|!or|Energy +10|Get Practice Perfect ○ status,3
super-creek-chiffon-ribbon-mummy,special,extra_training,Extra Training,Top::Energy -5|Last trained stat +5|(random) Heal a negative status effect||Bot::Energy +5,4
super-creek-chiffon-ribbon-mummy,special,at_summer_camp_year_2,At Summer Camp (Year 2),Top::Power +10||Bot::Guts +10,5
super-creek-chiffon-ribbon-mummy,special,fan_letter,Fan Letter,Mood +1|Skill points +30,6
super-creek-chiffon-ribbon-mummy,special,new_year_s_resolutions,New Year's Resolutions,Top::Energy +20||Mid::Skill points +20||Bot::All stats +5,7
super-creek-chiffon-ribbon-mummy,special,new_year_s_shrine_visit,New Year's Shrine Visit,Top::Energy +30||Mid::All stats +5||Bot::Skill points +35,8
super-creek-chiffon-ribbon-mummy,after_race,victory_1st,Victory! (1st),Top::Energy -15|1 random stat +10 / +8 / +5|Skill points +45 / +35 / +30|(random) Hint for a skill related to the race||Bot::!Randomly either|Energy -5|1 random stat +10 / +8 / +5|Skill points +45 / +35 / +30|(random) Hint for a skill related to the race|!or|Energy -20|1 random stat +10 / +8 / +5|Skill points +45 / +35 / +30|(random) Hint for a skill related to the race,1
super-creek-chiffon-ribbon-mummy,after_race,solid_showing_2nd_5th,Solid Showing (2nd-5th),Top::Energy -20|1 random stat +8 / +5 / +3|Skill points +45 / +35 / +30|(random) Hint for a skill related to the race||Bot::!Randomly either|Energy -10|1 random stat +8 / +5 / +3|Skill points +45 / +35 / +30|(random) Hint for a skill related to the race|!or|Energy -30|1 random stat +8 / +5 / +3|Skill points +45 / +35 / +30|(random) Hint for a skill related to the race,2
super-creek-chiffon-ribbon-mummy,after_race,defeat_6th_or_worse,Defeat (6th or worse),Top::Energy -25|1 random stat +4 / +3 / +0|Skill points +25 / +20 / +10|(random) Hint for a skill related to the race||Bot::!Randomly either|Energy -15|1 random stat +4 / +3 / +0|Skill points +25 / +20 / +10|(random) Hint for a skill related to the race|!or|Energy -35|1 random stat +4 / +3 / +0|Skill points +25 / +20 / +10|(random) Hint for a skill related to the race,3
super-creek-chiffon-ribbon-mummy,after_race,etsuko_s_elated_coverage,Etsuko's Elated Coverage,Energy -15|Mood +1|1 random stat +10 / +8 / +5|Skill points +45 / +35 / +30|Fans +500|(random) Hint for a skill related to the race|Etsuko Otonashi bond +15,4
super-creek-chiffon-ribbon-mummy,after_race,etsuko_s_exhaustive_coverage,Etsuko's Exhaustive Coverage,Top::!Randomly either|Energy -25|Mood -1|1 random stat +4 / +3 / +0|Skill points +25 / +20 / +10|Etsuko Otonashi bond -10|!or|Energy -15|Mood +1|1 random stat +4 / +3 / +0|Skill points +25 / +20 / +10|Etsuko Otonashi bond +15||Bot::Energy -20|1 random stat +4 / +3 / +0|Skill points +25 / +20 / +10|Etsuko Otonashi bond +10,5
kawakami-princess-princess-of-pink,costume,dress_of_determination,Dress of Determination,Top::Speed +20||Bot::Guts +20,1
kawakami-princess-princess-of-pink,costume,settle_it_with_princess_power,Settle It with Princess Power!,Top::Stamina +10|Power +10||Bot::Wit +10|Skill points +15,2
kawakami-princess-princess-of-pink,costume,to_someday_be_a_first_rate_princess,To Someday Be a First-Rate Princess,Top::Power +20|(random) Get Practice Perfect ○ status||Bot::Stamina +10|Wit +10|(random) Get Practice Perfect ○ status,3
kawakami-princess-princess-of-pink,choices,the_rowdy_belle_of_the_ball,The Rowdy Belle of the Ball,Top::Speed +5|Power +5||Bot::Wit +10,1
kawakami-princess-princess-of-pink,choices,mascot_showdown,Mascot Showdown!,Top::Speed +10||Bot::Power +10,2
kawakami-princess-princess-of-pink,choices,the_prince_s_elegant_day_off,The Prince's Elegant Day Off,Top::Guts +15||Bot::Prepared to Pass hint +1,3
kawakami-princess-princess-of-pink,choices,achieving_the_ultimate_form,Achieving the Ultimate Form!,Top::Power +30|!Randomly either|Energy -10|Power +30|!Randomly either|Energy -15|Power +30|Wit -10||Bot::Energy +10,4
kawakami-princess-princess-of-pink,choices,a_dream_of_two_little_princesses,A Dream of Two Little Princesses,Top::Energy +10|Skill points +5||Bot::!Randomly either (~90%)|Energy +30|Skill points +10|!Randomly either (~10%)|Energy +30|Skill points +10|Speed -5|Power +5|Get Slow Metabolism status,5
kawakami-princess-princess-of-pink,date,the_former_rascal_leader_s_style,The Former Rascal Leader's Style,Top::Stamina +5|Skill points +15||Bot::Power +10,1
kawakami-princess-princess-of-pink,date,the_former_rascal_leader_s_example,The Former Rascal Leader's Example,Top::Power +10||Bot::Wit +10,2
kawakami-princess-princess-of-pink,date,the_former_rascal_leader_s_oath,The Former Rascal Leader's Oath,Top::Speed +10||Bot::Stamina +10||Mid::Power +10,3
kawakami-princess-princess-of-pink,date,a_waltz_of_effort,A Waltz of Effort,Top::Power +10||Bot::Guts +10,4
kawakami-princess-princess-of-pink,date,these_abounding_feelings,These Abounding Feelings!,Top::Power +5|Guts +5||Bot::Speed +10,5
kawakami-princess-princess-of-pink,secret,finding_the_line_between_individuality_and_ego,Finding the Line between Individuality and Ego,conditions::Do not participate in the Takamatsunomiya Kinen||reward::Homestretch Haste hint +1,1
kawakami-princess-princess-of-pink,secret,the_umamusume_who_claimed_all_tiaras,The Umamusume Who Claimed All Tiaras,conditions::Win the Hanshin Juvenile Fillies|Win the Oka Sho|Win the Japanese Oaks|Win the Shuka Sho|Win the Victoria Mile|Win the Queen Elizabeth II Cup (Classic)|Win the Queen Elizabeth II Cup (Senior)||reward::Speed +15|Power +15|Skill points +25|Outer Swell hint +1,2
kawakami-princess-princess-of-pink,secret,after_the_takamatsunomiya_kinen_this_is_my_choice,After the Takamatsunomiya Kinen: This Is My Choice,conditions::Win the Takamatsunomiya Kinen||reward::RR|Homestretch Haste hint +1,3
kawakami-princess-princess-of-pink,secret,after_the_takamatsunomiya_kinen_your_image,After the Takamatsunomiya Kinen: Your Image,conditions::lose_to_rival: 100201|1061||reward::RR|Homestretch Haste hint +1,4
kawakami-princess-princess-of-pink,secret,after_the_takamatsunomiya_kinen_buck_up,After the Takamatsunomiya Kinen: Buck Up,conditions::rival_draw: 100201|1061||reward::RR|Homestretch Haste hint +1,5
kawakami-princess-princess-of-pink,no_choices,a_princess_roaring_down_princess_road,A Princess Roaring Down Princess Road!,Power +5,1
kawakami-princess-princess-of-pink,no_choices,secret_date_a_heart_pounding_rendezvous,Secret Date?! A Heart-Pounding Rendezvous,Speed +5,2
kawakami-princess-princess-of-pink,no_choices,archrival_a_feud_with_the_selfish_queen,Archrival! A Feud with the Selfish Queen,Stamina +5,3
kawakami-princess-princess-of-pink,no_choices,am_i_a_princess,Am I a Princess?,Wit +5,4
kawakami-princess-princess-of-pink,no_choices,where_art_thou_kindred_spirit,"Where Art Thou, Kindred Spirit?",Mood -1|Power -5,5
kawakami-princess-princess-of-pink,no_choices,master_trainer,Master Trainer,Speed +10|(random) Get Practice Perfect ○ status,6
kawakami-princess-princess-of-pink,no_choices,the_legendary_princess_kawakami_princess,The Legendary Princess: Kawakami Princess,All stats +5|Skill points +5,7
kawakami-princess-princess-of-pink,no_choices,out_of_bed_at_5_a_m,Out of Bed at 5 A.M.,Mood -1,8
kawakami-princess-princess-of-pink,no_choices,rule_breaker,Rule Breaker,Energy -10|Mood -1,9
kawakami-princess-princess-of-pink,no_choices,a_dream_smashing_ball,A Dream-Smashing Ball?!,All stats +5|Skill points +30|Mood +2|(random) Get Fast Learner status,10
kawakami-princess-princess-of-pink,no_choices,royal_princess_hand_press,Royal Princess Hand Press! ☆,Energy +15|Mood -1|Guts -5|!Randomly either|Energy +15|Guts -5|Get Slacker status|!Randomly either|Energy +15|Mood -1|Guts -5|Get Slacker status,11
kawakami-princess-princess-of-pink,special,dance_lesson,Dance Lesson,Top::Power +10||Bot::Wit +10,9
kawakami-princess-princess-of-pink,special,bonus_at_start,Bonus at start,Skill points +120,1
kawakami-princess-princess-of-pink,special,failed_training_get_well_soon,Failed training (Get Well Soon!),Top::Mood -1|Last trained stat -5|(random) Get Practice Poor status||Bot::!Randomly either|Mood -1|Last trained stat -10|(random) Get Practice Poor status|!or|Get Practice Perfect ○ status,2
kawakami-princess-princess-of-pink,special,failed_training_don_t_overdo_it,Failed training (Don't Overdo It!),Top::Energy +10|Mood -2|Last trained stat -10|2 random stats -10|(random) Get Practice Poor status||Bot::!Randomly either|Mood -3|Last trained stat -10|2 random stats -10|Get Practice Poor status|!or|Energy +10|Get Practice Perfect ○ status,3
kawakami-princess-princess-of-pink,special,extra_training,Extra Training,Top::Energy -5|Last trained stat +5|(random) Heal a negative status effect||Bot::Energy +5,4
kawakami-princess-princess-of-pink,special,at_summer_camp_year_2,At Summer Camp (Year 2),Top::Power +10||Bot::Guts +10,5
kawakami-princess-princess-of-pink,special,fan_letter,Fan Letter,Mood +1|Skill points +30,6
kawakami-princess-princess-of-pink,special,new_year_s_resolutions,New Year's Resolutions,Top::Energy +20||Mid::Skill points +20||Bot::All stats +5,7
kawakami-princess-princess-of-pink,special,new_year_s_shrine_visit,New Year's Shrine Visit,Top::Energy +30||Mid::All stats +5||Bot::Skill points +35,8
kawakami-princess-princess-of-pink,after_race,victory_1st,Victory! (1st),Top::Energy -15|1 random stat +10 / +8 / +5|Skill points +45 / +35 / +30|(random) Hint for a skill related to the race||Bot::!Randomly either|Energy -5|1 random stat +10 / +8 / +5|Skill points +45 / +35 / +30|(random) Hint for a skill related to the race|!or|Energy -20|1 random stat +10 / +8 / +5|Skill points +45 / +35 / +30|(random) Hint for a skill related to the race,1
kawakami-princess-princess-of-pink,after_race,solid_showing_2nd_5th,Solid Showing (2nd-5th),Top::Energy -20|1 random stat +8 / +5 / +3|Skill points +45 / +35 / +30|(random) Hint for a skill related to the race||Bot::!Randomly either|Energy -10|1 random stat +8 / +5 / +3|Skill points +45 / +35 / +30|(random) Hint for a skill related to the race|!or|Energy -30|1 random stat +8 / +5 / +3|Skill points +45 / +35 / +30|(random) Hint for a skill related to the race,2
kawakami-princess-princess-of-pink,after_race,defeat_6th_or_worse,Defeat (6th or worse),Top::Energy -25|1 random stat +4 / +3 / +0|Skill points +25 / +20 / +10|(random) Hint for a skill related to the race||Bot::!Randomly either|Energy -15|1 random stat +4 / +3 / +0|Skill points +25 / +20 / +10|(random) Hint for a skill related to the race|!or|Energy -35|1 random stat +4 / +3 / +0|Skill points +25 / +20 / +10|(random) Hint for a skill related to the race,3
kawakami-princess-princess-of-pink,after_race,etsuko_s_elated_coverage,Etsuko's Elated Coverage,Energy -15|Mood +1|1 random stat +10 / +8 / +5|Skill points +45 / +35 / +30|Fans +500|(random) Hint for a skill related to the race|Etsuko Otonashi bond +15,4
kawakami-princess-princess-of-pink,after_race,etsuko_s_exhaustive_coverage,Etsuko's Exhaustive Coverage,Top::!Randomly either|Energy -25|Mood -1|1 random stat +4 / +3 / +0|Skill points +25 / +20 / +10|Etsuko Otonashi bond -10|!or|Energy -15|Mood +1|1 random stat +4 / +3 / +0|Skill points +25 / +20 / +10|Etsuko Otonashi bond +15||Bot::Energy -20|1 random stat +4 / +3 / +0|Skill points +25 / +20 / +10|Etsuko Otonashi bond +10,5
manhattan-cafe-creeping-black,costume,at_long_last,At Long Last...,Top::Power +20||Bot::Speed +20,1
manhattan-cafe-creeping-black,costume,one_with_the_shadows,One with the Shadows,Top::Wit +20||Bot::Speed +10|Guts +10,2
manhattan-cafe-creeping-black,costume,within_a_world_of_illusion,Within a World of Illusion,Top::Power +20|(random) Get Charming ○ status||Bot::Guts +20|(random) Get Charming ○ status,3
manhattan-cafe-creeping-black,choices,the_raven_haired_barista,The Raven-Haired Barista,Top::Stamina +10||Bot::Speed +10,1
manhattan-cafe-creeping-black,choices,a_pulse_pounding_paranormal_tour,A Pulse-Pounding Paranormal Tour,Top::Power +10||Bot::Energy -10|Guts +20,2
manhattan-cafe-creeping-black,choices,the_visitor,The Visitor,Top::Stamina +10|Skill points +15||Bot::Slick Surge hint +1,3
manhattan-cafe-creeping-black,choices,a_demon_s_whisper,A Demon's Whisper,Top::Energy +15|Speed +15|Stamina +15|!Randomly either|Energy -15|Speed +10|Stamina +10||Bot::Speed +5,4
manhattan-cafe-creeping-black,choices,a_hearty_helping_of_kindness,A Hearty Helping of Kindness,Top::Energy +10|Skill points +5||Bot::!Randomly either (~90%)|Energy +30|Skill points +10|!Randomly either (~10%)|Energy +30|Skill points +10|Speed -5|Power +5|Get Slow Metabolism status,5
manhattan-cafe-creeping-black,date,my_very_own_coffee,My Very Own Coffee,Top::Guts +10||Bot::Stamina +5|Skill points +15,1
manhattan-cafe-creeping-black,date,just_how_you_like_it,Just How You Like It,Top::Speed +10||Bot::Wit +10,2
manhattan-cafe-creeping-black,date,a_flavor_just_for_us,A Flavor Just for Us,Top::Stamina +10||Bot::Power +10||Mid::Speed +5|Stamina +5,3
manhattan-cafe-creeping-black,date,a_cafe_for_cafe,A Cafe for Cafe,Top::Wit +10||Bot::Stamina +10,4
manhattan-cafe-creeping-black,date,a_spirited_audience,A Spirited Audience,Top::Guts +10||Bot::Power +10,5
manhattan-cafe-creeping-black,secret,the_tireless_wonder,The Tireless Wonder,conditions::dist_wins_branch: 3|2+|Triggers during Late December Senior Year||reward::CT|Stamina +10|Long Straightaways ○ hint +1|CT|Stamina +10|Guts +10|Long Straightaways ○ hint +1|CT|Stamina +10|Guts +10|Skill points +10|Long Straightaways ○ hint +1|Long Corners ○ hint +1,1
manhattan-cafe-creeping-black,secret,after_the_japanese_derby_standing_tall,After the Japanese Derby: Standing Tall,conditions::Win the Tokyo Yushun (Japanese Derby)||reward::Energy -15|1 random stat +10|Skill points +45,2
manhattan-cafe-creeping-black,no_choices,unworldly_ailment,Unworldly Ailment,Stamina +5,1
manhattan-cafe-creeping-black,no_choices,stepping_back,Stepping Back,Wit +5,2
manhattan-cafe-creeping-black,no_choices,giving_up,Giving Up,Stamina +5,3
manhattan-cafe-creeping-black,no_choices,parting_ways,Parting Ways,Stamina +10,4
manhattan-cafe-creeping-black,no_choices,the_witch,The Witch,Wit +5,5
manhattan-cafe-creeping-black,no_choices,a_good_listener,A Good Listener,Stamina -5|Mood -1,6
manhattan-cafe-creeping-black,no_choices,beyond_the_night,Beyond the Night,Mood +1|HE,7
manhattan-cafe-creeping-black,no_choices,master_trainer,Master Trainer,Stamina +10|(random) Get Practice Perfect ○ status,8
manhattan-cafe-creeping-black,no_choices,silent_successor,Silent Successor,All stats +5|Skill points +5,9
manhattan-cafe-creeping-black,no_choices,i_ve_bean_waiting,I've Bean Waiting,Mood -1,10
manhattan-cafe-creeping-black,no_choices,tea_trap,Tea Trap,Energy -10|Mood -1,11
manhattan-cafe-creeping-black,no_choices,what_friends_are_for,What Friends Are For,All stats +5|Skill points +30|Mood +2|(random) Get Fast Learner status,12
manhattan-cafe-creeping-black,no_choices,dreamwalker,Dreamwalker,Energy +15|Mood -1|Guts -5|!Randomly either|Energy +15|Guts -5|Get Slacker status|!Randomly either|Energy +15|Mood -1|Guts -5|Get Slacker status,13
manhattan-cafe-creeping-black,special,dance_lesson,Dance Lesson,Top::Wit +10||Bot::Stamina +10,9
manhattan-cafe-creeping-black,special,bonus_at_start,Bonus at start,Skill points +120,1
manhattan-cafe-creeping-black,special,failed_training_get_well_soon,Failed training (Get Well Soon!),Top::Mood -1|Last trained stat -5|(random) Get Practice Poor status||Bot::!Randomly either|Mood -1|Last trained stat -10|(random) Get Practice Poor status|!or|Get Practice Perfect ○ status,2
manhattan-cafe-creeping-black,special,failed_training_don_t_overdo_it,Failed training (Don't Overdo It!),Top::Energy +10|Mood -2|Last trained stat -10|2 random stats -10|(random) Get Practice Poor status||Bot::!Randomly either|Mood -3|Last trained stat -10|2 random stats -10|Get Practice Poor status|!or|Energy +10|Get Practice Perfect ○ status,3
manhattan-cafe-creeping-black,special,extra_training,Extra Training,Top::Energy -5|Last trained stat +5|(random) Heal a negative status effect||Bot::Energy +5,4
manhattan-cafe-creeping-black,special,at_summer_camp_year_2,At Summer Camp (Year 2),Top::Power +10||Bot::Guts +10,5
manhattan-cafe-creeping-black,special,fan_letter,Fan Letter,Mood +1|Skill points +30,6
manhattan-cafe-creeping-black,special,new_year_s_resolutions,New Year's Resolutions,Top::Energy +20||Mid::Skill points +20||Bot::All stats +5,7
manhattan-cafe-creeping-black,special,new_year_s_shrine_visit,New Year's Shrine Visit,Top::Energy +30||Mid::All stats +5||Bot::Skill points +35,8
manhattan-cafe-creeping-black,after_race,victory_1st,Victory! (1st),Top::Energy -15|1 random stat +10 / +8 / +5|Skill points +45 / +35 / +30|(random) Hint for a skill related to the race||Bot::!Randomly either|Energy -5|1 random stat +10 / +8 / +5|Skill points +45 / +35 / +30|(random) Hint for a skill related to the race|!or|Energy -20|1 random stat +10 / +8 / +5|Skill points +45 / +35 / +30|(random) Hint for a skill related to the race,1
manhattan-cafe-creeping-black,after_race,solid_showing_2nd_5th,Solid Showing (2nd-5th),Top::Energy -20|1 random stat +8 / +5 / +3|Skill points +45 / +35 / +30|(random) Hint for a skill related to the race||Bot::!Randomly either|Energy -10|1 random stat +8 / +5 / +3|Skill points +45 / +35 / +30|(random) Hint for a skill related to the race|!or|Energy -30|1 random stat +8 / +5 / +3|Skill points +45 / +35 / +30|(random) Hint for a skill related to the race,2
manhattan-cafe-creeping-black,after_race,defeat_6th_or_worse,Defeat (6th or worse),Top::Energy -25|1 random stat +4 / +3 / +0|Skill points +25 / +20 / +10|(random) Hint for a skill related to the race||Bot::!Randomly either|Energy -15|1 random stat +4 / +3 / +0|Skill points +25 / +20 / +10|(random) Hint for a skill related to the race|!or|Energy -35|1 random stat +4 / +3 / +0|Skill points +25 / +20 / +10|(random) Hint for a skill related to the race,3
manhattan-cafe-creeping-black,after_race,etsuko_s_elated_coverage,Etsuko's Elated Coverage,Energy -15|Mood +1|1 random stat +10 / +8 / +5|Skill points +45 / +35 / +30|Fans +500|(random) Hint for a skill related to the race|Etsuko Otonashi bond +15,4
manhattan-cafe-creeping-black,after_race,etsuko_s_exhaustive_coverage,Etsuko's Exhaustive Coverage,Top::!Randomly either|Energy -25|Mood -1|1 random stat +4 / +3 / +0|Skill points +25 / +20 / +10|Etsuko Otonashi bond -10|!or|Energy -15|Mood +1|1 random stat +4 / +3 / +0|Skill points +25 / +20 / +10|Etsuko Otonashi bond +15||Bot::Energy -20|1 random stat +4 / +3 / +0|Skill points +25 / +20 / +10|Etsuko Otonashi bond +10,5
symboli-rudolf-archer-of-the-white-moon,costume,the_fire_within,The Fire Within,Top::Speed +10|Power +10||Bot::Prepared to Pass hint +1,1
symboli-rudolf-archer-of-the-white-moon,costume,imparting_wisdom,Imparting Wisdom,Top::Power +20||Bot::Pace Chaser Corners ○ hint +1,2
symboli-rudolf-archer-of-the-white-moon,costume,vivid_memories,Vivid Memories,Top::Stamina +10|Guts +10|(random) Get Fast Learner status||Bot::Skill points +40|(random) Get Fast Learner status,3
symboli-rudolf-archer-of-the-white-moon,choices,those_who_march_forth,Those Who March Forth,Top::Speed +5|Power +5||Bot::Stamina +5|Guts +5,1
symboli-rudolf-archer-of-the-white-moon,choices,the_emperor_s_social_studies,The Emperor's Social Studies,Top::Energy -10|Stamina +10|Power +10||Bot::Wit +5|Skill points +15,2
symboli-rudolf-archer-of-the-white-moon,choices,the_emperor_s_spare_time,The Emperor's Spare Time,Top::Wit +10|Skill points +15||Bot::Rainy Days ○ hint +1,3
symboli-rudolf-archer-of-the-white-moon,choices,at_any_time,At Any Time,Top::Energy -5|Guts +20|Yayoi Akikawa bond +10||Bot::Energy +10,4
symboli-rudolf-archer-of-the-white-moon,choices,sudden_kindness,Sudden Kindness,Top::Energy -5|Stamina +20|Yayoi Akikawa bond +10||Bot::Energy +10,5
symboli-rudolf-archer-of-the-white-moon,choices,as_good_as_my_word,As Good As My Word,Top::Energy -5|Power +20|Yayoi Akikawa bond +10||Bot::Energy +10,6
symboli-rudolf-archer-of-the-white-moon,choices,the_emperor_s_satiation,The Emperor's Satiation,Top::Energy +10|Skill points +5||Bot::!Randomly either (~90%)|Energy +30|Skill points +10|!Randomly either (~10%)|Energy +30|Skill points +10|Speed -5|Power +5|Get Slow Metabolism status,7
symboli-rudolf-archer-of-the-white-moon,date,birds_of_a_feather,Birds of a Feather,Top::Speed +10||Bot::Stamina +10,1
symboli-rudolf-archer-of-the-white-moon,date,well_earned_respect,Well-Earned Respect,Top::Wit +10||Bot::Power +10,2
symboli-rudolf-archer-of-the-white-moon,date,a_clear_and_beautiful_night,A Clear and Beautiful Night,Top::Speed +10||Bot::Wit +10||Mid::Stamina +10,3
symboli-rudolf-archer-of-the-white-moon,date,the_emperor_s_daily_routine,The Emperor's Daily Routine,Top::Power +10||Bot::Guts +10,4
symboli-rudolf-archer-of-the-white-moon,date,the_emperor_s_path,The Emperor's Path,Top::Wit +10||Bot::Power +10,5
symboli-rudolf-archer-of-the-white-moon,secret,after_the_kikuka_sho_three_crowns_attained,After the Kikuka Sho: Three Crowns Attained,conditions::triple_crown||reward::All stats +3|Guts +15|Skill points +45|Be Still hint +1|Yayoi Akikawa bond +4,1
symboli-rudolf-archer-of-the-white-moon,secret,challenge_met,Challenge Met,"conditions::win_g1: [0, 6]||reward::1 random stat +10",2
symboli-rudolf-archer-of-the-white-moon,secret,seven_crowns_attained,Seven Crowns Attained,conditions::win_g1: 7||reward::Energy +15|Mood +1|1 random stat +10,3
symboli-rudolf-archer-of-the-white-moon,secret,current_of_success,Current of Success,conditions::win_g1: 8||reward::Energy +30|Mood +3|1 random stat +15,4
symboli-rudolf-archer-of-the-white-moon,no_choices,trusty_aids,Trusty Aids,Wit +5,1
symboli-rudolf-archer-of-the-white-moon,no_choices,silent_contemplation,Silent Contemplation,Speed +5,2
symboli-rudolf-archer-of-the-white-moon,no_choices,discord,Discord,Speed +5,3
symboli-rudolf-archer-of-the-white-moon,no_choices,dark_portents,Dark Portents,Guts +5,4
symboli-rudolf-archer-of-the-white-moon,no_choices,blood_sweat_and_tears,"Blood, Sweat, and Tears",Wit +5,5
symboli-rudolf-archer-of-the-white-moon,no_choices,the_emperor_falls,The Emperor Falls,NO,6
symboli-rudolf-archer-of-the-white-moon,no_choices,the_fog_lifts,The Fog Lifts,Wit +5,7
symboli-rudolf-archer-of-the-white-moon,no_choices,the_emperor_s_gloom,The Emperor's Gloom,Mood -1|Guts -5,8
symboli-rudolf-archer-of-the-white-moon,no_choices,master_trainer,Master Trainer,Wit +10|(random) Get Practice Perfect ○ status,9
symboli-rudolf-archer-of-the-white-moon,no_choices,everchanging_seasons,Everchanging Seasons,All stats +5|Skill points +5,10
symboli-rudolf-archer-of-the-white-moon,no_choices,the_emperor_s_anguish,The Emperor's Anguish?,Mood -1,11
symboli-rudolf-archer-of-the-white-moon,no_choices,the_emperor_s_struggle,The Emperor's Struggle,Energy -10|Mood -1,12
symboli-rudolf-archer-of-the-white-moon,no_choices,the_emperor_s_foundation,The Emperor's Foundation,All stats +5|Skill points +30|Mood +2|(random) Get Fast Learner status,13
symboli-rudolf-archer-of-the-white-moon,no_choices,the_emperor_s_blunder,The Emperor's Blunder,Energy +15|Mood -1|Guts -5|!Randomly either|Energy +15|Guts -5|Get Slacker status|!Randomly either|Energy +15|Mood -1|Guts -5|Get Slacker status,14
symboli-rudolf-archer-of-the-white-moon,special,dance_lesson,Dance Lesson,Top::Wit +10||Bot::Power +10,9
symboli-rudolf-archer-of-the-white-moon,special,bonus_at_start,Bonus at start,Skill points +120,1
symboli-rudolf-archer-of-the-white-moon,special,failed_training_get_well_soon,Failed training (Get Well Soon!),Top::Mood -1|Last trained stat -5|(random) Get Practice Poor status||Bot::!Randomly either|Mood -1|Last trained stat -10|(random) Get Practice Poor status|!or|Get Practice Perfect ○ status,2
symboli-rudolf-archer-of-the-white-moon,special,failed_training_don_t_overdo_it,Failed training (Don't Overdo It!),Top::Energy +10|Mood -2|Last trained stat -10|2 random stats -10|(random) Get Practice Poor status||Bot::!Randomly either|Mood -3|Last trained stat -10|2 random stats -10|Get Practice Poor status|!or|Energy +10|Get Practice Perfect ○ status,3
symboli-rudolf-archer-of-the-white-moon,special,extra_training,Extra Training,Top::Energy -5|Last trained stat +5|(random) Heal a negative status effect||Bot::Energy +5,4
symboli-rudolf-archer-of-the-white-moon,special,at_summer_camp_year_2,At Summer Camp (Year 2),Top::Power +10||Bot::Guts +10,5
symboli-rudolf-archer-of-the-white-moon,special,fan_letter,Fan Letter,Mood +1|Skill points +30,6
symboli-rudolf-archer-of-the-white-moon,special,new_year_s_resolutions,New Year's Resolutions,Top::Energy +20||Mid::Skill points +20||Bot::All stats +5,7
symboli-rudolf-archer-of-the-white-moon,special,new_year_s_shrine_visit,New Year's Shrine Visit,Top::Energy +30||Mid::All stats +5||Bot::Skill points +35,8
symboli-rudolf-archer-of-the-white-moon,after_race,victory_1st,Victory! (1st),Top::Energy -15|1 random stat +10 / +8 / +5|Skill points +45 / +35 / +30|(random) Hint for a skill related to the race||Bot::!Randomly either|Energy -5|1 random stat +10 / +8 / +5|Skill points +45 / +35 / +30|(random) Hint for a skill related to the race|!or|Energy -20|1 random stat +10 / +8 / +5|Skill points +45 / +35 / +30|(random) Hint for a skill related to the race,1
symboli-rudolf-archer-of-the-white-moon,after_race,solid_showing_2nd_5th,Solid Showing (2nd-5th),Top::Energy -20|1 random stat +8 / +5 / +3|Skill points +45 / +35 / +30|(random) Hint for a skill related to the race||Bot::!Randomly either|Energy -10|1 random stat +8 / +5 / +3|Skill points +45 / +35 / +30|(random) Hint for a skill related to the race|!or|Energy -30|1 random stat +8 / +5 / +3|Skill points +45 / +35 / +30|(random) Hint for a skill related to the race,2
symboli-rudolf-archer-of-the-white-moon,after_race,defeat_6th_or_worse,Defeat (6th or worse),Top::Energy -25|1 random stat +4 / +3 / +0|Skill points +25 / +20 / +10|(random) Hint for a skill related to the race||Bot::!Randomly either|Energy -15|1 random stat +4 / +3 / +0|Skill points +25 / +20 / +10|(random) Hint for a skill related to the race|!or|Energy -35|1 random stat +4 / +3 / +0|Skill points +25 / +20 / +10|(random) Hint for a skill related to the race,3
symboli-rudolf-archer-of-the-white-moon,after_race,etsuko_s_elated_coverage,Etsuko's Elated Coverage,Energy -15|Mood +1|1 random stat +10 / +8 / +5|Skill points +45 / +35 / +30|Fans +500|(random) Hint for a skill related to the race|Etsuko Otonashi bond +15,4
symboli-rudolf-archer-of-the-white-moon,after_race,etsuko_s_exhaustive_coverage,Etsuko's Exhaustive Coverage,Top::!Randomly either|Energy -25|Mood -1|1 random stat +4 / +3 / +0|Skill points +25 / +20 / +10|Etsuko Otonashi bond -10|!or|Energy -15|Mood +1|1 random stat +4 / +3 / +0|Skill points +25 / +20 / +10|Etsuko Otonashi bond +15||Bot::Energy -20|1 random stat +4 / +3 / +0|Skill points +25 / +20 / +10|Etsuko Otonashi bond +10,5
gold-city-akizakura-danzatrice,costume,a_city_girl_s_mood,A City Girl's Mood ♪,Top::Speed +20||Bot::Energy +15,1
gold-city-akizakura-danzatrice,costume,what_s_prettier_than_gold,What's Prettier than Gold?,"Top::Stamina +10|Power +10|(random) Get Hot Topic status||Bot::1,500,000 CC hint +1|(random) Get Hot Topic status",2
gold-city-akizakura-danzatrice,costume,a_quiet_talk_before_the_show,A Quiet Talk Before the Show,Top::Power +20||Bot::Slick Surge hint +1,3
gold-city-akizakura-danzatrice,choices,city_s_salon,City's Salon,Top::Guts +10||Bot::Speed +10,1
gold-city-akizakura-danzatrice,choices,never_skip_meals,Never Skip Meals,Top::Power +10||Bot::Stamina +10,2
gold-city-akizakura-danzatrice,choices,dorm_quiz_battle,Dorm Quiz Battle,Top::Speed +10|Power +5||Bot::Unyielding Spirit hint +1,3
gold-city-akizakura-danzatrice,choices,the_work_of_a_model,The Work of a Model,Top::Energy -15|Skill points +40||Bot::Mood +1|1 random stat +10,4
gold-city-akizakura-danzatrice,choices,a_delicious_trap,A Delicious Trap?,Top::Energy +10|Skill points +5||Bot::!Randomly either (~90%)|Energy +30|Skill points +10|!Randomly either (~10%)|Energy +30|Skill points +10|Speed -5|Power +5|Get Slow Metabolism status,5
gold-city-akizakura-danzatrice,date,might_as_well,Might as Well,Top::Wit +10||Bot::Speed +5|Skill points +15,1
gold-city-akizakura-danzatrice,date,words_unspoken,Words Unspoken,Top::Stamina +5|Power +5||Bot::Guts +10,2
gold-city-akizakura-danzatrice,date,barefoot,Barefoot,Top::Stamina +10||Bot::Speed +10||Mid::Power +10,3
gold-city-akizakura-danzatrice,date,wanderlust,Wanderlust,Top::Stamina +10||Bot::Speed +10,4
gold-city-akizakura-danzatrice,date,yoga_pose,Yoga Pose!,Top::Guts +10||Bot::Power +10,5
gold-city-akizakura-danzatrice,secret,victory,Victory!,conditions::gold_city_race||reward::All stats +10 / +8 / +5|Skill points +45 / +35 / +30,1
gold-city-akizakura-danzatrice,secret,solid_showing,Solid Showing,conditions::gold_city_race||reward::1 random stat +8 / +5 / +3|Skill points +45 / +35 / +30,2
gold-city-akizakura-danzatrice,secret,defeat,Defeat,conditions::gold_city_race||reward::1 random stat +4 / +3 / +0|Skill points +25 / +20 / +10,3
gold-city-akizakura-danzatrice,no_choices,trust_and_awkward_smiles,Trust and Awkward Smiles,Speed +5,1
gold-city-akizakura-danzatrice,no_choices,support_and_expectations,Support and Expectations,Power +5,2
gold-city-akizakura-danzatrice,no_choices,anger_and_frustration,Anger and Frustration,Guts +5,3
gold-city-akizakura-danzatrice,no_choices,exaltation_and_impatience,Exaltation and Impatience,Speed +5,4
gold-city-akizakura-danzatrice,no_choices,empty,Empty,Stamina +5,5
gold-city-akizakura-danzatrice,no_choices,golden_sunset,Golden Sunset,Wit +5,6
gold-city-akizakura-danzatrice,no_choices,boba_trap,Boba Trap,Stamina -5|Mood -1,7
gold-city-akizakura-danzatrice,no_choices,i_overslept,I Overslept!,Energy +25|HE|FD,8
gold-city-akizakura-danzatrice,no_choices,master_trainer,Master Trainer,Speed +10|(random) Get Practice Perfect ○ status,9
gold-city-akizakura-danzatrice,no_choices,running_toward_the_light,Running Toward the Light,All stats +5|Skill points +5,10
gold-city-akizakura-danzatrice,no_choices,the_road_home,The Road Home,Mood -1,11
gold-city-akizakura-danzatrice,no_choices,a_taxing_photo_shoot,A Taxing Photo Shoot,Energy -10|Mood -1,12
gold-city-akizakura-danzatrice,no_choices,learn_from_the_runway,Learn from the Runway,All stats +5|Skill points +30|Mood +2|(random) Get Fast Learner status,13
gold-city-akizakura-danzatrice,no_choices,early_morning_shoot,Early Morning Shoot,Energy +15|Mood -1|Guts -5|!Randomly either|Energy +15|Guts -5|Get Slacker status|!Randomly either|Energy +15|Mood -1|Guts -5|Get Slacker status,14
gold-city-akizakura-danzatrice,special,dance_lesson,Dance Lesson,Top::Guts +10||Bot::Wit +10,9
gold-city-akizakura-danzatrice,special,bonus_at_start,Bonus at start,Skill points +120,1
gold-city-akizakura-danzatrice,special,failed_training_get_well_soon,Failed training (Get Well Soon!),Top::Mood -1|Last trained stat -5|(random) Get Practice Poor status||Bot::!Randomly either|Mood -1|Last trained stat -10|(random) Get Practice Poor status|!or|Get Practice Perfect ○ status,2
gold-city-akizakura-danzatrice,special,failed_training_don_t_overdo_it,Failed training (Don't Overdo It!),Top::Energy +10|Mood -2|Last trained stat -10|2 random stats -10|(random) Get Practice Poor status||Bot::!Randomly either|Mood -3|Last trained stat -10|2 random stats -10|Get Practice Poor status|!or|Energy +10|Get Practice Perfect ○ status,3
gold-city-akizakura-danzatrice,special,extra_training,Extra Training,Top::Energy -5|Last trained stat +5|(random) Heal a negative status effect||Bot::Energy +5,4
gold-city-akizakura-danzatrice,special,at_summer_camp_year_2,At Summer Camp (Year 2),Top::Power +10||Bot::Guts +10,5
gold-city-akizakura-danzatrice,special,fan_letter,Fan Letter,Mood +1|Skill points +30,6
gold-city-akizakura-danzatrice,special,new_year_s_resolutions,New Year's Resolutions,Top::Energy +20||Mid::Skill points +20||Bot::All stats +5,7
gold-city-akizakura-danzatrice,special,new_year_s_shrine_visit,New Year's Shrine Visit,Top::Energy +30||Mid::All stats +5||Bot::Skill points +35,8
gold-city-akizakura-danzatrice,after_race,victory_1st,Victory! (1st),Top::Energy -15|1 random stat +10 / +8 / +5|Skill points +45 / +35 / +30|(random) Hint for a skill related to the race||Bot::!Randomly either|Energy -5|1 random stat +10 / +8 / +5|Skill points +45 / +35 / +30|(random) Hint for a skill related to the race|!or|Energy -20|1 random stat +10 / +8 / +5|Skill points +45 / +35 / +30|(random) Hint for a skill related to the race,1
gold-city-akizakura-danzatrice,after_race,solid_showing_2nd_5th,Solid Showing (2nd-5th),Top::Energy -20|1 random stat +8 / +5 / +3|Skill points +45 / +35 / +30|(random) Hint for a skill related to the race||Bot::!Randomly either|Energy -10|1 random stat +8 / +5 / +3|Skill points +45 / +35 / +30|(random) Hint for a skill related to the race|!or|Energy -30|1 random stat +8 / +5 / +3|Skill points +45 / +35 / +30|(random) Hint for a skill related to the race,2
gold-city-akizakura-danzatrice,after_race,defeat_6th_or_worse,Defeat (6th or worse),Top::Energy -25|1 random stat +4 / +3 / +0|Skill points +25 / +20 / +10|(random) Hint for a skill related to the race||Bot::!Randomly either|Energy -15|1 random stat +4 / +3 / +0|Skill points +25 / +20 / +10|(random) Hint for a skill related to the race|!or|Energy -35|1 random stat +4 / +3 / +0|Skill points +25 / +20 / +10|(random) Hint for a skill related to the race,3
gold-city-akizakura-danzatrice,after_race,etsuko_s_elated_coverage,Etsuko's Elated Coverage,Energy -15|Mood +1|1 random stat +10 / +8 / +5|Skill points +45 / +35 / +30|Fans +500|(random) Hint for a skill related to the race|Etsuko Otonashi bond +15,4
gold-city-akizakura-danzatrice,after_race,etsuko_s_exhaustive_coverage,Etsuko's Exhaustive Coverage,Top::!Randomly either|Energy -25|Mood -1|1 random stat +4 / +3 / +0|Skill points +25 / +20 / +10|Etsuko Otonashi bond -10|!or|Energy -15|Mood +1|1 random stat +4 / +3 / +0|Skill points +25 / +20 / +10|Etsuko Otonashi bond +15||Bot::Energy -20|1 random stat +4 / +3 / +0|Skill points +25 / +20 / +10|Etsuko Otonashi bond +10,5
tosen-jordan-pop-joker,costume,let_the_glitter_take_you,Let the Glitter Take You,Top::Guts +20||Bot::Speed +20,1
tosen-jordan-pop-joker,costume,all_you_can_sing_or_bust,All-You-Can-Sing or Bust!,Top::Wit +20||Bot::Power +20,2
tosen-jordan-pop-joker,costume,the_taste_of_victory,The Taste of Victory!,Top::Stamina +10|Skill points +15|(random) Get Charming ○ status||Bot::Guts +10|Wit +10|(random) Get Charming ○ status,3
tosen-jordan-pop-joker,choices,super_spicy_cheer_battle,Super Spicy Cheer Battle!,Top::Guts +10||Bot::Power +10,1
tosen-jordan-pop-joker,choices,baby_steps,Baby Steps!,Top::Wit +10||Bot::Speed +5|Stamina +5,2
tosen-jordan-pop-joker,choices,press_on_positivity,Press-On Positivity!,Top::Stamina +10|Skill points +15||Bot::Straightaway Acceleration hint +1,3
tosen-jordan-pop-joker,choices,super_size_special_i_m_there,Super Size Special? I'm There! ☆,Top::Energy +10|Skill points +5||Bot::!Randomly either (~90%)|Energy +30|Skill points +10|!Randomly either (~10%)|Energy +30|Skill points +10|Speed -5|Power +5|Get Slow Metabolism status,4
tosen-jordan-pop-joker,date,enjoy_the_moment,Enjoy the Moment!,Top::Wit +10||Bot::Stamina +10,1
tosen-jordan-pop-joker,date,just_because,Just Because,Top::Power +10||Bot::Wit +10,2
tosen-jordan-pop-joker,date,gotta_start_somewhere,Gotta Start Somewhere,Top::Guts +10||Bot::Power +10||Mid::Wit +10,3
tosen-jordan-pop-joker,date,gyaru_talks_art,Gyaru Talks Art,Top::Speed +10||Bot::Power +10,4
tosen-jordan-pop-joker,date,trends_come_and_go,Trends Come and Go!,Top::Speed +10||Bot::Guts +10,5
tosen-jordan-pop-joker,secret,after_the_copa_republica_argentina_i_can_do_it,After the Copa Republica Argentina: I Can Do It,conditions::Participate in the Copa Republica Argentina (Classic)||reward::PS_H|Mood +1|1 random stat +2/+3|Skill points +105|PS_NH|1 random stat +2/+3|Skill points +85,1
tosen-jordan-pop-joker,no_choices,split,Split,Guts +5,1
tosen-jordan-pop-joker,no_choices,ouch,Ouch,Guts +5,2
tosen-jordan-pop-joker,no_choices,why_not,Why Not?,Power +5,3
tosen-jordan-pop-joker,no_choices,just_a_dummy,Just a Dummy,Guts +10,4
tosen-jordan-pop-joker,no_choices,i_may_be_a_dummy_but,"I May Be a Dummy, But...",Speed +5,5
tosen-jordan-pop-joker,no_choices,i_even_marked_my_calendar,I Even Marked My Calendar,Mood -1|Speed -5,6
tosen-jordan-pop-joker,no_choices,layers_of_exams,Layers of Exams,Speed +10|Stamina +10|Fighter hint +1|!Randomly either|Mood +1|Speed +10|Stamina +5,7
tosen-jordan-pop-joker,no_choices,master_trainer,Master Trainer,Guts +10|(random) Get Practice Perfect ○ status,8
tosen-jordan-pop-joker,no_choices,with_gratitude_and_respect,With Gratitude and Respect,All stats +5|Skill points +5,9
tosen-jordan-pop-joker,no_choices,who_says_horror_s_fake,Who Says Horror's Fake?,Mood -1,10
tosen-jordan-pop-joker,no_choices,who_said_more_is_better,Who Said More Is Better?!,Energy -10|Mood -1,11
tosen-jordan-pop-joker,no_choices,we_got_swapped,We Got Swapped?!,All stats +5|Skill points +30|Mood +2|(random) Get Fast Learner status,12
tosen-jordan-pop-joker,no_choices,every_gyaru_s_must_have,Every Gyaru's Must-Have ☆,Energy +15|Mood -1|Guts -5|!Randomly either|Energy +15|Guts -5|Get Slacker status|!Randomly either|Energy +15|Mood -1|Guts -5|Get Slacker status,13
tosen-jordan-pop-joker,special,dance_lesson,Dance Lesson,Top::Guts +10||Bot::Power +10,9
tosen-jordan-pop-joker,special,bonus_at_start,Bonus at start,Skill points +120,1
tosen-jordan-pop-joker,special,failed_training_get_well_soon,Failed training (Get Well Soon!),Top::Mood -1|Last trained stat -5|(random) Get Practice Poor status||Bot::!Randomly either|Mood -1|Last trained stat -10|(random) Get Practice Poor status|!or|Get Practice Perfect ○ status,2
tosen-jordan-pop-joker,special,failed_training_don_t_overdo_it,Failed training (Don't Overdo It!),Top::Energy +10|Mood -2|Last trained stat -10|2 random stats -10|(random) Get Practice Poor status||Bot::!Randomly either|Mood -3|Last trained stat -10|2 random stats -10|Get Practice Poor status|!or|Energy +10|Get Practice Perfect ○ status,3
tosen-jordan-pop-joker,special,extra_training,Extra Training,Top::Energy -5|Last trained stat +5|(random) Heal a negative status effect||Bot::Energy +5,4
tosen-jordan-pop-joker,special,at_summer_camp_year_2,At Summer Camp (Year 2),Top::Power +10||Bot::Guts +10,5
tosen-jordan-pop-joker,special,fan_letter,Fan Letter,Mood +1|Skill points +30,6
tosen-jordan-pop-joker,special,new_year_s_resolutions,New Year's Resolutions,Top::Energy +20||Mid::Skill points +20||Bot::All stats +5,7
tosen-jordan-pop-joker,special,new_year_s_shrine_visit,New Year's Shrine Visit,Top::Energy +30||Mid::All stats +5||Bot::Skill points +35,8
tosen-jordan-pop-joker,after_race,victory_1st,Victory! (1st),Top::Energy -15|1 random stat +10 / +8 / +5|Skill points +45 / +35 / +30|(random) Hint for a skill related to the race||Bot::!Randomly either|Energy -5|1 random stat +10 / +8 / +5|Skill points +45 / +35 / +30|(random) Hint for a skill related to the race|!or|Energy -20|1 random stat +10 / +8 / +5|Skill points +45 / +35 / +30|(random) Hint for a skill related to the race,1
tosen-jordan-pop-joker,after_race,solid_showing_2nd_5th,Solid Showing (2nd-5th),Top::Energy -20|1 random stat +8 / +5 / +3|Skill points +45 / +35 / +30|(random) Hint for a skill related to the race||Bot::!Randomly either|Energy -10|1 random stat +8 / +5 / +3|Skill points +45 / +35 / +30|(random) Hint for a skill related to the race|!or|Energy -30|1 random stat +8 / +5 / +3|Skill points +45 / +35 / +30|(random) Hint for a skill related to the race,2
tosen-jordan-pop-joker,after_race,defeat_6th_or_worse,Defeat (6th or worse),Top::Energy -25|1 random stat +4 / +3 / +0|Skill points +25 / +20 / +10|(random) Hint for a skill related to the race||Bot::!Randomly either|Energy -15|1 random stat +4 / +3 / +0|Skill points +25 / +20 / +10|(random) Hint for a skill related to the race|!or|Energy -35|1 random stat +4 / +3 / +0|Skill points +25 / +20 / +10|(random) Hint for a skill related to the race,3
tosen-jordan-pop-joker,after_race,etsuko_s_elated_coverage,Etsuko's Elated Coverage,Energy -15|Mood +1|1 random stat +10 / +8 / +5|Skill points +45 / +35 / +30|Fans +500|(random) Hint for a skill related to the race|Etsuko Otonashi bond +15,4
tosen-jordan-pop-joker,after_race,etsuko_s_exhaustive_coverage,Etsuko's Exhaustive Coverage,Top::!Randomly either|Energy -25|Mood -1|1 random stat +4 / +3 / +0|Skill points +25 / +20 / +10|Etsuko Otonashi bond -10|!or|Energy -15|Mood +1|1 random stat +4 / +3 / +0|Skill points +25 / +20 / +10|Etsuko Otonashi bond +15||Bot::Energy -20|1 random stat +4 / +3 / +0|Skill points +25 / +20 / +10|Etsuko Otonashi bond +10,5
mejiro-dober-twisted-line,costume,mejiro_colors,Mejiro Colors,Top::Stamina +20||Bot::Power +20,1
mejiro-dober-twisted-line,costume,the_aromatherapist,The Aromatherapist,Top::Wit +20||Bot::Guts +10|Skill points +15,2
mejiro-dober-twisted-line,costume,like_mother_like_daughter,"Like Mother, Like Daughter",Top::Speed +20|(random) Get Charming ○ status||Bot::Power +20|(random) Get Charming ○ status,3
mejiro-dober-twisted-line,choices,seeking_the_summit,Seeking the Summit,Top::Energy -10|Stamina +20||Bot::Power +10,1
mejiro-dober-twisted-line,choices,a_lovely_tea_time,A Lovely Tea Time,Top::Guts +10||Bot::Wit +5|Skill points +15,2
mejiro-dober-twisted-line,choices,hot_pot_derby,Hot Pot Derby?!,Top::Speed +15||Bot::Fall Runner ○ hint +1,3
mejiro-dober-twisted-line,choices,karaoke_challenge,Karaoke Challenge,Top::Energy +10|All stats +5|!Randomly either|Stamina +5|Guts +10||Bot::Energy +10,4
mejiro-dober-twisted-line,choices,it_s_the_thought_that_s_sweetest,It's the Thought That's Sweetest,Top::Energy +10|Skill points +5||Bot::!Randomly either (~90%)|Energy +30|Skill points +10|!Randomly either (~10%)|Energy +30|Skill points +10|Speed -5|Power +5|Get Slow Metabolism status,5
mejiro-dober-twisted-line,date,who_i_am_now,Who I Am Now,Top::Power +10||Bot::Wit +10,1
mejiro-dober-twisted-line,date,i_ll_give_it_a_shot,I'll Give It a Shot,Top::Stamina +10||Bot::Wit +10,2
mejiro-dober-twisted-line,date,a_wish_to_light_up_the_sky,A Wish to Light Up the Sky,Top::Speed +10||Bot::Stamina +10||Mid::Power +10,3
mejiro-dober-twisted-line,date,friends_and_fangirls,Friends and Fangirls,Top::Wit +10||Bot::Guts +10,4
mejiro-dober-twisted-line,date,fluttering_hearts_at_sunset,Fluttering Hearts at Sunset,Top::Speed +10||Bot::Wit +10,5
mejiro-dober-twisted-line,secret,an_ounce_of_courage,An Ounce of Courage,conditions::obj|Win the Hanshin Juvenile Fillies||reward::Wit +10,1
mejiro-dober-twisted-line,secret,proof_of_progress,Proof of Progress,conditions::triple_tiara||reward::Mood +1|Speed +5|Stamina +5|Unyielding Spirit hint +1,2
mejiro-dober-twisted-line,secret,after_the_tenno_sho_spring_blinding_brilliance,After the Tenno Sho (Spring): Blinding Brilliance,conditions::lose_to_rival: 100601|1074||reward::RR,3
mejiro-dober-twisted-line,secret,after_the_tenno_sho_spring_flickering_spring_light,After the Tenno Sho (Spring): Flickering Spring Light,conditions::beat_rival: 100601|1074||reward::RR,4
mejiro-dober-twisted-line,secret,from_admiring_to_admired,From Admiring to Admired,conditions::Win the Osaka Hai|Win the Takarazuka Kinen (Senior)|Win the Queen Elizabeth II Cup (Senior)|win_g1_year: 3|5||reward::Speed +20|Power +20|All I've Got hint +1,5
mejiro-dober-twisted-line,no_choices,our_promise,Our Promise,Speed +5,1
mejiro-dober-twisted-line,no_choices,a_trembling_heart,A Trembling Heart,Guts +5,2
mejiro-dober-twisted-line,no_choices,heating_up,Heating Up,Stamina +5,3
mejiro-dober-twisted-line,no_choices,dazzled_by_sunlight,Dazzled by Sunlight,Power +5,4
mejiro-dober-twisted-line,no_choices,a_yellow_flower_proudly_in_bloom,"A Yellow Flower, Proudly in Bloom",Guts +10,5
mejiro-dober-twisted-line,no_choices,unexpected_fragrance,Unexpected Fragrance,Mood -1|Guts -5,6
mejiro-dober-twisted-line,no_choices,master_trainer,Master Trainer,Wit +10|(random) Get Practice Perfect ○ status,7
mejiro-dober-twisted-line,no_choices,to_the_end_of_the_world_with_you,To the End of the World with You,All stats +5|Skill points +5,8
mejiro-dober-twisted-line,no_choices,no_pictures_please,"No Pictures, Please!",Mood -1,9
mejiro-dober-twisted-line,no_choices,not_quite_there,Not Quite There,Energy -10|Mood -1,10
mejiro-dober-twisted-line,no_choices,world_changing_darjeeling,World-Changing Darjeeling,All stats +5|Skill points +30|Mood +2|(random) Get Fast Learner status,11
mejiro-dober-twisted-line,no_choices,no_matter_what,No Matter What!,Energy +15|Mood -1|Guts -5|!Randomly either|Energy +15|Guts -5|Get Slacker status|!Randomly either|Energy +15|Mood -1|Guts -5|Get Slacker status,12
mejiro-dober-twisted-line,special,dance_lesson,Dance Lesson,Top::Power +10||Bot::Guts +10,9
mejiro-dober-twisted-line,special,bonus_at_start,Bonus at start,Skill points +120,1
mejiro-dober-twisted-line,special,failed_training_get_well_soon,Failed training (Get Well Soon!),Top::Mood -1|Last trained stat -5|(random) Get Practice Poor status||Bot::!Randomly either|Mood -1|Last trained stat -10|(random) Get Practice Poor status|!or|Get Practice Perfect ○ status,2
mejiro-dober-twisted-line,special,failed_training_don_t_overdo_it,Failed training (Don't Overdo It!),Top::Energy +10|Mood -2|Last trained stat -10|2 random stats -10|(random) Get Practice Poor status||Bot::!Randomly either|Mood -3|Last trained stat -10|2 random stats -10|Get Practice Poor status|!or|Energy +10|Get Practice Perfect ○ status,3
mejiro-dober-twisted-line,special,extra_training,Extra Training,Top::Energy -5|Last trained stat +5|(random) Heal a negative status effect||Bot::Energy +5,4
mejiro-dober-twisted-line,special,at_summer_camp_year_2,At Summer Camp (Year 2),Top::Power +10||Bot::Guts +10,5
mejiro-dober-twisted-line,special,fan_letter,Fan Letter,Mood +1|Skill points +30,6
mejiro-dober-twisted-line,special,new_year_s_resolutions,New Year's Resolutions,Top::Energy +20||Mid::Skill points +20||Bot::All stats +5,7
mejiro-dober-twisted-line,special,new_year_s_shrine_visit,New Year's Shrine Visit,Top::Energy +30||Mid::All stats +5||Bot::Skill points +35,8
mejiro-dober-twisted-line,after_race,victory_1st,Victory! (1st),Top::Energy -15|1 random stat +10 / +8 / +5|Skill points +45 / +35 / +30|(random) Hint for a skill related to the race||Bot::!Randomly either|Energy -5|1 random stat +10 / +8 / +5|Skill points +45 / +35 / +30|(random) Hint for a skill related to the race|!or|Energy -20|1 random stat +10 / +8 / +5|Skill points +45 / +35 / +30|(random) Hint for a skill related to the race,1
mejiro-dober-twisted-line,after_race,solid_showing_2nd_5th,Solid Showing (2nd-5th),Top::Energy -20|1 random stat +8 / +5 / +3|Skill points +45 / +35 / +30|(random) Hint for a skill related to the race||Bot::!Randomly either|Energy -10|1 random stat +8 / +5 / +3|Skill points +45 / +35 / +30|(random) Hint for a skill related to the race|!or|Energy -30|1 random stat +8 / +5 / +3|Skill points +45 / +35 / +30|(random) Hint for a skill related to the race,2
mejiro-dober-twisted-line,after_race,defeat_6th_or_worse,Defeat (6th or worse),Top::Energy -25|1 random stat +4 / +3 / +0|Skill points +25 / +20 / +10|(random) Hint for a skill related to the race||Bot::!Randomly either|Energy -15|1 random stat +4 / +3 / +0|Skill points +25 / +20 / +10|(random) Hint for a skill related to the race|!or|Energy -35|1 random stat +4 / +3 / +0|Skill points +25 / +20 / +10|(random) Hint for a skill related to the race,3
mejiro-dober-twisted-line,after_race,etsuko_s_elated_coverage,Etsuko's Elated Coverage,Energy -15|Mood +1|1 random stat +10 / +8 / +5|Skill points +45 / +35 / +30|Fans +500|(random) Hint for a skill related to the race|Etsuko Otonashi bond +15,4
mejiro-dober-twisted-line,after_race,etsuko_s_exhaustive_coverage,Etsuko's Exhaustive Coverage,Top::!Randomly either|Energy -25|Mood -1|1 random stat +4 / +3 / +0|Skill points +25 / +20 / +10|Etsuko Otonashi bond -10|!or|Energy -15|Mood +1|1 random stat +4 / +3 / +0|Skill points +25 / +20 / +10|Etsuko Otonashi bond +15||Bot::Energy -20|1 random stat +4 / +3 / +0|Skill points +25 / +20 / +10|Etsuko Otonashi bond +10,5
oguri-cap-miraculous-white-star,costume,dashing_through_the_snow,Dashing through the Snow,Top::Skill points +30||Bot::Speed +10|Power +5,1
oguri-cap-miraculous-white-star,costume,everyone_s_oguri_cap,Everyone's Oguri Cap,Top::Hydrate hint +1|(random) Get Charming ○ status||Bot::Power +10|Guts +5|(random) Get Charming ○ status,2
oguri-cap-miraculous-white-star,costume,a_grown_up_present,A Grown-Up Present,Top::Energy +20|Mood +1|Winter Runner ○ hint +1||Bot::Speed +10|Wit +20|Winter Runner ○ hint +1,3
oguri-cap-miraculous-white-star,choices,lost_umamusume,Lost Umamusume,Top::Guts +10||Bot::Speed +10,1
oguri-cap-miraculous-white-star,choices,field_workout,Field Workout,Top::Guts +10||Bot::Power +10,2
oguri-cap-miraculous-white-star,choices,running_on_full,Running on Full,Top::Energy +10|Skill points +15||Bot::Nakayama Racecourse ○ hint +1,3
oguri-cap-miraculous-white-star,choices,oguri_s_gluttony_championship,Oguri's Gluttony Championship,Top::Energy +30|Power +10|Skill points +10|!Randomly either|Energy +30|Speed -5|Power +5|Skill points +10|Get Slow Metabolism status||Bot::Energy +10|Power +5|Skill points +5||Mid::FE|Speed -20|Power +20|Skill points +20|Get Slow Metabolism status|!Randomly either|FE|Power +20|Skill points +20,4
oguri-cap-miraculous-white-star,choices,bottomless_pit,Bottomless Pit,Top::Energy +10|Skill points +5||Bot::!Randomly either (~90%)|Energy +30|Skill points +10|!Randomly either (~10%)|Energy +30|Skill points +10|Speed -5|Power +5|Get Slow Metabolism status,5
oguri-cap-miraculous-white-star,date,oguri_makes_a_resolution,Oguri Makes a Resolution,Top::Speed +5|Wit +5||Bot::Stamina +5|Guts +5,1
oguri-cap-miraculous-white-star,date,oguri_perseveres,Oguri Perseveres,Top::Guts +10||Bot::Power +10,2
oguri-cap-miraculous-white-star,date,oguri_matures,Oguri Matures,Top::Wit +10||Bot::Stamina +10||Mid::Power +10,3
oguri-cap-miraculous-white-star,date,something_smells_good,Something Smells Good!,Top::Speed +10||Bot::Guts +10,4
oguri-cap-miraculous-white-star,date,high_level_rival,High-Level Rival,Top::Speed +5|Stamina +5||Bot::Power +5|Wit +5,5
oguri-cap-miraculous-white-star,secret,at_the_tenno_sho_spring,At the Tenno Sho (Spring),conditions::Participate in the Tenno Sho (Spring)||reward::Energy -20/-15|Mood +1|1 random stat +4/+10|Skill points +25/+45,1
oguri-cap-miraculous-white-star,secret,at_the_tenno_sho_spring,At the Tenno Sho (Spring),conditions::Do not participate in the Tenno Sho (Spring)||reward::Mood +1,2
oguri-cap-miraculous-white-star,secret,together_forever,Together Forever,conditions::Win the Kikuka Sho|Win the Arima Kinen (Classic)|Win the Osaka Hai|Win the Tenno Sho (Spring)|Triggers during Late December Senior Year||reward::Speed +10|Stamina +10|Skill points +30|Hydrate hint +1,3
oguri-cap-miraculous-white-star,no_choices,that_s_why_i_ll_win,That's Why I'll Win,Power +5,1
oguri-cap-miraculous-white-star,no_choices,spread_the_word,Spread the Word,Guts +5,2
oguri-cap-miraculous-white-star,no_choices,a_gathering_of_greats,A Gathering of Greats,Stamina +5,3
oguri-cap-miraculous-white-star,no_choices,like_a_river,Like a River,Power +5,4
oguri-cap-miraculous-white-star,no_choices,the_road_ahead,The Road Ahead,Speed +5,5
oguri-cap-miraculous-white-star,no_choices,familiar_faces_in_the_clouds,Familiar Faces in the Clouds,Energy -10|Mood -1,6
oguri-cap-miraculous-white-star,no_choices,master_trainer,Master Trainer,Power +10|(random) Get Practice Perfect ○ status,7
oguri-cap-miraculous-white-star,no_choices,let_s_give_a_big_wave,Let's Give a Big Wave,All stats +5|Skill points +5,8
oguri-cap-miraculous-white-star,no_choices,dream_feast,Dream Feast,Mood -1,9
oguri-cap-miraculous-white-star,no_choices,city_shock,City Shock,Energy -10|Mood -1,10
oguri-cap-miraculous-white-star,no_choices,oguri_s_heart_pounding_training,Oguri's Heart-Pounding Training,All stats +5|Skill points +30|Mood +2|(random) Get Fast Learner status,11
oguri-cap-miraculous-white-star,no_choices,oguri_and_the_fluffy_feline,Oguri and the Fluffy Feline,Energy +15|Mood -1|Guts -5|!Randomly either|Energy +15|Guts -5|Get Slacker status|!Randomly either|Energy +15|Mood -1|Guts -5|Get Slacker status,12
oguri-cap-miraculous-white-star,special,dance_lesson,Dance Lesson,Top::Power +10||Bot::Speed +10,9
oguri-cap-miraculous-white-star,special,bonus_at_start,Bonus at start,Skill points +120,1
oguri-cap-miraculous-white-star,special,failed_training_get_well_soon,Failed training (Get Well Soon!),Top::Mood -1|Last trained stat -5|(random) Get Practice Poor status||Bot::!Randomly either|Mood -1|Last trained stat -10|(random) Get Practice Poor status|!or|Get Practice Perfect ○ status,2
oguri-cap-miraculous-white-star,special,failed_training_don_t_overdo_it,Failed training (Don't Overdo It!),Top::Energy +10|Mood -2|Last trained stat -10|2 random stats -10|(random) Get Practice Poor status||Bot::!Randomly either|Mood -3|Last trained stat -10|2 random stats -10|Get Practice Poor status|!or|Energy +10|Get Practice Perfect ○ status,3
oguri-cap-miraculous-white-star,special,extra_training,Extra Training,Top::Energy -5|Last trained stat +5|(random) Heal a negative status effect||Bot::Energy +5,4
oguri-cap-miraculous-white-star,special,at_summer_camp_year_2,At Summer Camp (Year 2),Top::Power +10||Bot::Guts +10,5
oguri-cap-miraculous-white-star,special,fan_letter,Fan Letter,Mood +1|Skill points +30,6
oguri-cap-miraculous-white-star,special,new_year_s_resolutions,New Year's Resolutions,Top::Energy +20||Mid::Skill points +20||Bot::All stats +5,7
oguri-cap-miraculous-white-star,special,new_year_s_shrine_visit,New Year's Shrine Visit,Top::Energy +30||Mid::All stats +5||Bot::Skill points +35,8
oguri-cap-miraculous-white-star,after_race,victory_1st,Victory! (1st),Top::Energy -15|1 random stat +10 / +8 / +5|Skill points +45 / +35 / +30|(random) Hint for a skill related to the race||Bot::!Randomly either|Energy -5|1 random stat +10 / +8 / +5|Skill points +45 / +35 / +30|(random) Hint for a skill related to the race|!or|Energy -20|1 random stat +10 / +8 / +5|Skill points +45 / +35 / +30|(random) Hint for a skill related to the race,1
oguri-cap-miraculous-white-star,after_race,solid_showing_2nd_5th,Solid Showing (2nd-5th),Top::Energy -20|1 random stat +8 / +5 / +3|Skill points +45 / +35 / +30|(random) Hint for a skill related to the race||Bot::!Randomly either|Energy -10|1 random stat +8 / +5 / +3|Skill points +45 / +35 / +30|(random) Hint for a skill related to the race|!or|Energy -30|1 random stat +8 / +5 / +3|Skill points +45 / +35 / +30|(random) Hint for a skill related to the race,2
oguri-cap-miraculous-white-star,after_race,defeat_6th_or_worse,Defeat (6th or worse),Top::Energy -25|1 random stat +4 / +3 / +0|Skill points +25 / +20 / +10|(random) Hint for a skill related to the race||Bot::!Randomly either|Energy -15|1 random stat +4 / +3 / +0|Skill points +25 / +20 / +10|(random) Hint for a skill related to the race|!or|Energy -35|1 random stat +4 / +3 / +0|Skill points +25 / +20 / +10|(random) Hint for a skill related to the race,3
oguri-cap-miraculous-white-star,after_race,etsuko_s_elated_coverage,Etsuko's Elated Coverage,Energy -15|Mood +1|1 random stat +10 / +8 / +5|Skill points +45 / +35 / +30|Fans +500|(random) Hint for a skill related to the race|Etsuko Otonashi bond +15,4
oguri-cap-miraculous-white-star,after_race,etsuko_s_exhaustive_coverage,Etsuko's Exhaustive Coverage,Top::!Randomly either|Energy -25|Mood -1|1 random stat +4 / +3 / +0|Skill points +25 / +20 / +10|Etsuko Otonashi bond -10|!or|Energy -15|Mood +1|1 random stat +4 / +3 / +0|Skill points +25 / +20 / +10|Etsuko Otonashi bond +15||Bot::Energy -20|1 random stat +4 / +3 / +0|Skill points +25 / +20 / +10|Etsuko Otonashi bond +10,5
biwa-hayahide-noel-rouge-carol,costume,one_more_star,One More Star,Top::Energy -10|Speed +30|Guts +10|Winter Runner ○ hint +1||Bot::Energy +15|Skill points +20|Winter Runner ○ hint +1,1
biwa-hayahide-noel-rouge-carol,costume,we_need_your_wisdom,We Need Your Wisdom!,Top::Speed +15||Bot::Stamina +15,2
biwa-hayahide-noel-rouge-carol,costume,here_to_help,Here to Help!,Top::Stamina +5|Skill points +15|(random) Get Fast Learner status||Bot::Pressure hint +1|(random) Get Fast Learner status,3
biwa-hayahide-noel-rouge-carol,choices,memories_of_cooking_and_sisterhood,Memories of Cooking and Sisterhood,Top::Power +10||Bot::Stamina +5|Wit +5,1
biwa-hayahide-noel-rouge-carol,choices,a_new_side,A New Side,Top::Speed +10||Bot::Stamina +10,2
biwa-hayahide-noel-rouge-carol,choices,battle_with_a_raging_dragon,Battle With a Raging Dragon,Top::Power +5|Guts +10||Bot::Hanshin Racecourse ○ hint +1,3
biwa-hayahide-noel-rouge-carol,choices,banana_fiend,Banana Fiend ♪,Top::Energy +10|Skill points +5||Bot::!Randomly either (~90%)|Energy +30|Skill points +10|!Randomly either (~10%)|Energy +30|Skill points +10|Speed -5|Power +5|Get Slow Metabolism status,4
biwa-hayahide-noel-rouge-carol,date,reading_in_a_cafe,Reading in a Cafe,Top::Stamina +10||Bot::Speed +10,1
biwa-hayahide-noel-rouge-carol,date,sharp_contrast,Sharp Contrast,Top::Wit +10||Bot::Guts +10,2
biwa-hayahide-noel-rouge-carol,date,emergency_presentation,Emergency Presentation,Top::Wit +10||Bot::Power +10||Mid::Stamina +10,3
biwa-hayahide-noel-rouge-carol,date,hide_and_seek_master,Hide and Seek Master,Top::Guts +10||Bot::Speed +10,4
biwa-hayahide-noel-rouge-carol,date,game_theory,Game Theory,Top::Wit +10||Bot::Power +10,5
biwa-hayahide-noel-rouge-carol,secret,our_method,Our Method,conditions::triple_crown||reward::RESULT_GOOD|Speed +10|Guts +10|Skill points +10|Straightaway Acceleration hint +1|RESULT_BAD|Speed +5|Guts +5,1
biwa-hayahide-noel-rouge-carol,secret,unruly_equation,Unruly Equation,conditions::ev: 501023520|rt_race_w: 10009|1||reward::Energy +20|Hanshin Racecourse ○ hint +1,2
biwa-hayahide-noel-rouge-carol,secret,after_the_takarazuka_kinen_the_top,After the Takarazuka Kinen: The Top,conditions::Win the Takarazuka Kinen (Senior)||reward::All stats +3|Skill points +45|Yayoi Akikawa bond +4|Prepared to Pass hint +1,3
biwa-hayahide-noel-rouge-carol,no_choices,a_description_of_the_present_moment,A Description of the Present Moment,Wit +5,1
biwa-hayahide-noel-rouge-carol,no_choices,principles_beyond_recollection,Principles Beyond Recollection,Guts +5,2
biwa-hayahide-noel-rouge-carol,no_choices,fact,Fact,Stamina +5,3
biwa-hayahide-noel-rouge-carol,no_choices,the_peer_effect,The Peer Effect,Stamina +5|Guts +5,4
biwa-hayahide-noel-rouge-carol,no_choices,authoring_the_equation,Authoring the Equation,Wit +5,5
biwa-hayahide-noel-rouge-carol,no_choices,emphasis_on_nutrition,Emphasis on Nutrition?,Mood -1|Stamina -5,6
biwa-hayahide-noel-rouge-carol,no_choices,master_trainer,Master Trainer,Stamina +10|(random) Get Practice Perfect ○ status,7
biwa-hayahide-noel-rouge-carol,no_choices,dear_sister,Dear Sister,All stats +5|Skill points +5,8
biwa-hayahide-noel-rouge-carol,no_choices,expanding_gloom,Expanding Gloom,Mood -1,9
biwa-hayahide-noel-rouge-carol,no_choices,unforeseen_circumstances,Unforeseen Circumstances,Energy -10|Mood -1,10
biwa-hayahide-noel-rouge-carol,no_choices,if_you_re_all_watching,If You're All Watching,All stats +5|Skill points +30|Mood +2|(random) Get Fast Learner status,11
biwa-hayahide-noel-rouge-carol,no_choices,optimal_glasses,Optimal Glasses,Energy +15|Mood -1|Guts -5|!Randomly either|Energy +15|Guts -5|Get Slacker status|!Randomly either|Energy +15|Mood -1|Guts -5|Get Slacker status,12
biwa-hayahide-noel-rouge-carol,special,dance_lesson,Dance Lesson,Top::Speed +10||Bot::Guts +10,9
biwa-hayahide-noel-rouge-carol,special,bonus_at_start,Bonus at start,Skill points +120,1
biwa-hayahide-noel-rouge-carol,special,failed_training_get_well_soon,Failed training (Get Well Soon!),Top::Mood -1|Last trained stat -5|(random) Get Practice Poor status||Bot::!Randomly either|Mood -1|Last trained stat -10|(random) Get Practice Poor status|!or|Get Practice Perfect ○ status,2
biwa-hayahide-noel-rouge-carol,special,failed_training_don_t_overdo_it,Failed training (Don't Overdo It!),Top::Energy +10|Mood -2|Last trained stat -10|2 random stats -10|(random) Get Practice Poor status||Bot::!Randomly either|Mood -3|Last trained stat -10|2 random stats -10|Get Practice Poor status|!or|Energy +10|Get Practice Perfect ○ status,3
biwa-hayahide-noel-rouge-carol,special,extra_training,Extra Training,Top::Energy -5|Last trained stat +5|(random) Heal a negative status effect||Bot::Energy +5,4
biwa-hayahide-noel-rouge-carol,special,at_summer_camp_year_2,At Summer Camp (Year 2),Top::Power +10||Bot::Guts +10,5
biwa-hayahide-noel-rouge-carol,special,fan_letter,Fan Letter,Mood +1|Skill points +30,6
biwa-hayahide-noel-rouge-carol,special,new_year_s_resolutions,New Year's Resolutions,Top::Energy +20||Mid::Skill points +20||Bot::All stats +5,7
biwa-hayahide-noel-rouge-carol,special,new_year_s_shrine_visit,New Year's Shrine Visit,Top::Energy +30||Mid::All stats +5||Bot::Skill points +35,8
biwa-hayahide-noel-rouge-carol,after_race,victory_1st,Victory! (1st),Top::Energy -15|1 random stat +10 / +8 / +5|Skill points +45 / +35 / +30|(random) Hint for a skill related to the race||Bot::!Randomly either|Energy -5|1 random stat +10 / +8 / +5|Skill points +45 / +35 / +30|(random) Hint for a skill related to the race|!or|Energy -20|1 random stat +10 / +8 / +5|Skill points +45 / +35 / +30|(random) Hint for a skill related to the race,1
biwa-hayahide-noel-rouge-carol,after_race,solid_showing_2nd_5th,Solid Showing (2nd-5th),Top::Energy -20|1 random stat +8 / +5 / +3|Skill points +45 / +35 / +30|(random) Hint for a skill related to the race||Bot::!Randomly either|Energy -10|1 random stat +8 / +5 / +3|Skill points +45 / +35 / +30|(random) Hint for a skill related to the race|!or|Energy -30|1 random stat +8 / +5 / +3|Skill points +45 / +35 / +30|(random) Hint for a skill related to the race,2
biwa-hayahide-noel-rouge-carol,after_race,defeat_6th_or_worse,Defeat (6th or worse),Top::Energy -25|1 random stat +4 / +3 / +0|Skill points +25 / +20 / +10|(random) Hint for a skill related to the race||Bot::!Randomly either|Energy -15|1 random stat +4 / +3 / +0|Skill points +25 / +20 / +10|(random) Hint for a skill related to the race|!or|Energy -35|1 random stat +4 / +3 / +0|Skill points +25 / +20 / +10|(random) Hint for a skill related to the race,3
biwa-hayahide-noel-rouge-carol,after_race,etsuko_s_elated_coverage,Etsuko's Elated Coverage,Energy -15|Mood +1|1 random stat +10 / +8 / +5|Skill points +45 / +35 / +30|Fans +500|(random) Hint for a skill related to the race|Etsuko Otonashi bond +15,4
biwa-hayahide-noel-rouge-carol,after_race,etsuko_s_exhaustive_coverage,Etsuko's Exhaustive Coverage,Top::!Randomly either|Energy -25|Mood -1|1 random stat +4 / +3 / +0|Skill points +25 / +20 / +10|Etsuko Otonashi bond -10|!or|Energy -15|Mood +1|1 random stat +4 / +3 / +0|Skill points +25 / +20 / +10|Etsuko Otonashi bond +15||Bot::Energy -20|1 random stat +4 / +3 / +0|Skill points +25 / +20 / +10|Etsuko Otonashi bond +10,5
fine-motion-noble-seamair,costume,this_shamrock_is_my_oath,This Shamrock Is My Oath,Top::Power +20||Bot::Speed +20,1
fine-motion-noble-seamair,costume,pampered_like_a_princess,Pampered Like a Princess,Top::Stamina +10|Guts +10||Bot::Wit +20,2
fine-motion-noble-seamair,costume,exciting_movie_night,Exciting Movie Night,Top::Power +10|Guts +10|(random) Get Hot Topic status||Bot::Wit +10|Skill points +15|(random) Get Hot Topic status,3
fine-motion-noble-seamair,choices,who_shall_be_my_escort,Who Shall Be My Escort?,Top::Speed +10|RC||Bot::Wit +10|RC||Mid::Guts +10|RC||4::Stamina +10|RC,1
fine-motion-noble-seamair,choices,a_noble_pastime,A Noble Pastime,Top::Power +10||Bot::Wit +10,2
fine-motion-noble-seamair,choices,an_invigorating_tea_party,An Invigorating Tea Party,Top::Speed +5|Guts +5||Bot::Stamina +5|Power +5,3
fine-motion-noble-seamair,choices,flowers_from_a_distant_land,Flowers from a Distant Land,Top::Stamina +10|Skill points +15||Bot::Pace Chaser Corners ○ hint +1,4
fine-motion-noble-seamair,choices,i_love_ramen,I Love Ramen,Top::Energy +30|Skill points +15|!Randomly either|Energy +30|Speed -10|Skill points +5|Get Slow Metabolism status||Bot::Stamina +20|Power +10||Mid::All I've Got hint +1,5
fine-motion-noble-seamair,choices,nostalgic_irish_cuisine,Nostalgic Irish Cuisine,Top::Energy +10|Skill points +5||Bot::!Randomly either (~90%)|Energy +30|Skill points +10|!Randomly either (~10%)|Energy +30|Skill points +10|Speed -5|Power +5|Get Slow Metabolism status,6
fine-motion-noble-seamair,date,nothing_like_a_good_mystery,Nothing Like a Good Mystery!,Top::Wit +10||Bot::Power +10,1
fine-motion-noble-seamair,date,no_such_thing_as_a_bad_time_abroad,No Such Thing as a Bad Time Abroad,Top::Guts +10||Bot::Speed +10,2
fine-motion-noble-seamair,date,official_duties,Official Duties,Top::Stamina +10||Bot::Wit +10||Mid::Power +10,3
fine-motion-noble-seamair,date,a_bazaar_afternoon,"A ""Bazaar"" Afternoon",Top::Wit +10||Bot::Power +10,4
fine-motion-noble-seamair,date,learning_the_local_oshi_culture,"Learning the Local ""Oshi"" Culture",Top::Speed +10||Bot::Guts +10,5
fine-motion-noble-seamair,secret,after_the_shuka_sho_beautiful_sky,After the Shuka Sho: Beautiful Sky,conditions::Win the Shuka Sho||reward::All stats +3|Skill points +45|Ramp Up hint +1|Yayoi Akikawa bond +4,1
fine-motion-noble-seamair,secret,after_the_sapporo_kinen_home_straight,After the Sapporo Kinen: Home Straight,conditions::win_as_strat: 202001|3|4||reward::1 random stat +3|Speed +5|Power +5|Guts +5|Skill points +35|Standing By hint +1|Yayoi Akikawa bond +4,2
fine-motion-noble-seamair,secret,after_the_sapporo_kinen_home_straight,After the Sapporo Kinen: Home Straight,conditions::win_as_not_strat: 202001|3|4||reward::1 random stat +3|Skill points +35|Yayoi Akikawa bond +4,3
fine-motion-noble-seamair,secret,after_the_tenno_sho_autumn_ever_after,After the Tenno Sho (Autumn): Ever After,conditions::pick_and_win: 101601|3||reward::All stats +3|Skill points +45|Up-Tempo hint +1|Yayoi Akikawa bond +4,4
fine-motion-noble-seamair,secret,after_the_queen_elizabeth_ii_cup_respect,After the Queen Elizabeth II Cup: Respect,conditions::pick_and_win: 101701|3||reward::All stats +3|Skill points +45|Straight Descent hint +1|Yayoi Akikawa bond +4,5
fine-motion-noble-seamair,secret,after_the_mile_ch_rival,After the Mile Ch.: Rival,conditions::pick_and_win: 101801|3||reward::All stats +3|Skill points +45|Updrafters hint +1|Yayoi Akikawa bond +4,6
fine-motion-noble-seamair,secret,after_the_arima_kinen_sweet_memories,After the Arima Kinen: Sweet Memories,conditions::pick_and_win: 102301|3||reward::All stats +3|Skill points +45|Preferred Position hint +1|Head-On hint +1|Yayoi Akikawa bond +4,7
fine-motion-noble-seamair,secret,after_the_arima_kinen_still_with_you,After the Arima Kinen: Still with You,conditions::dont_pick_and_win: 102301|3||reward::Energy -15|1 random stat +10|Skill points +45|Preferred Position hint +1,8
fine-motion-noble-seamair,no_choices,this_is_who_i_am,This Is Who I Am,Wit +5,1
fine-motion-noble-seamair,no_choices,my_dear,My Dear...,NO,2
fine-motion-noble-seamair,no_choices,something_special,Something Special,Stamina +5,3
fine-motion-noble-seamair,no_choices,fellow_students,Fellow Students,Wit +5,4
fine-motion-noble-seamair,no_choices,destiny,Destiny,Guts +5,5
fine-motion-noble-seamair,no_choices,such_sweet_sorrow,Such Sweet Sorrow...,NO,6
fine-motion-noble-seamair,no_choices,a_matter_of_high_priority,A Matter of High Priority,Stamina -5|Mood -1,7
fine-motion-noble-seamair,no_choices,it_ll_be_more_fun,It'll Be More Fun!,Energy +15|1 random stat +10|FD,8
fine-motion-noble-seamair,no_choices,master_trainer,Master Trainer,Wit +10|(random) Get Practice Perfect ○ status,9
fine-motion-noble-seamair,no_choices,rain_or_shine_i_m_fine,"Rain or Shine, I'm Fine!",All stats +5|Skill points +5,10
fine-motion-noble-seamair,no_choices,i_ll_remember_you_in_my_heart,I'll Remember You in My Heart...,Mood -1,11
fine-motion-noble-seamair,no_choices,old_customs_die_hard,Old Customs Die Hard,Energy -10|Mood -1,12
fine-motion-noble-seamair,no_choices,perhaps_i_can_help,Perhaps I Can Help?,All stats +5|Skill points +30|Mood +2|(random) Get Fast Learner status,13
fine-motion-noble-seamair,no_choices,tell_me_more,Tell Me More ♪,Energy +15|Mood -1|Guts -5|!Randomly either|Energy +15|Guts -5|Get Slacker status|!Randomly either|Energy +15|Mood -1|Guts -5|Get Slacker status,14
fine-motion-noble-seamair,special,dance_lesson,Dance Lesson,Top::Power +10||Bot::Wit +10,9
fine-motion-noble-seamair,special,bonus_at_start,Bonus at start,Skill points +120,1
fine-motion-noble-seamair,special,failed_training_get_well_soon,Failed training (Get Well Soon!),Top::Mood -1|Last trained stat -5|(random) Get Practice Poor status||Bot::!Randomly either|Mood -1|Last trained stat -10|(random) Get Practice Poor status|!or|Get Practice Perfect ○ status,2
fine-motion-noble-seamair,special,failed_training_don_t_overdo_it,Failed training (Don't Overdo It!),Top::Energy +10|Mood -2|Last trained stat -10|2 random stats -10|(random) Get Practice Poor status||Bot::!Randomly either|Mood -3|Last trained stat -10|2 random stats -10|Get Practice Poor status|!or|Energy +10|Get Practice Perfect ○ status,3
fine-motion-noble-seamair,special,extra_training,Extra Training,Top::Energy -5|Last trained stat +5|(random) Heal a negative status effect||Bot::Energy +5,4
fine-motion-noble-seamair,special,at_summer_camp_year_2,At Summer Camp (Year 2),Top::Power +10||Bot::Guts +10,5
fine-motion-noble-seamair,special,fan_letter,Fan Letter,Mood +1|Skill points +30,6
fine-motion-noble-seamair,special,new_year_s_resolutions,New Year's Resolutions,Top::Energy +20||Mid::Skill points +20||Bot::All stats +5,7
fine-motion-noble-seamair,special,new_year_s_shrine_visit,New Year's Shrine Visit,Top::Energy +30||Mid::All stats +5||Bot::Skill points +35,8
fine-motion-noble-seamair,after_race,victory_1st,Victory! (1st),Top::Energy -15|1 random stat +10 / +8 / +5|Skill points +45 / +35 / +30|(random) Hint for a skill related to the race||Bot::!Randomly either|Energy -5|1 random stat +10 / +8 / +5|Skill points +45 / +35 / +30|(random) Hint for a skill related to the race|!or|Energy -20|1 random stat +10 / +8 / +5|Skill points +45 / +35 / +30|(random) Hint for a skill related to the race,1
fine-motion-noble-seamair,after_race,solid_showing_2nd_5th,Solid Showing (2nd-5th),Top::Energy -20|1 random stat +8 / +5 / +3|Skill points +45 / +35 / +30|(random) Hint for a skill related to the race||Bot::!Randomly either|Energy -10|1 random stat +8 / +5 / +3|Skill points +45 / +35 / +30|(random) Hint for a skill related to the race|!or|Energy -30|1 random stat +8 / +5 / +3|Skill points +45 / +35 / +30|(random) Hint for a skill related to the race,2
fine-motion-noble-seamair,after_race,defeat_6th_or_worse,Defeat (6th or worse),Top::Energy -25|1 random stat +4 / +3 / +0|Skill points +25 / +20 / +10|(random) Hint for a skill related to the race||Bot::!Randomly either|Energy -15|1 random stat +4 / +3 / +0|Skill points +25 / +20 / +10|(random) Hint for a skill related to the race|!or|Energy -35|1 random stat +4 / +3 / +0|Skill points +25 / +20 / +10|(random) Hint for a skill related to the race,3
fine-motion-noble-seamair,after_race,etsuko_s_elated_coverage,Etsuko's Elated Coverage,Energy -15|Mood +1|1 random stat +10 / +8 / +5|Skill points +45 / +35 / +30|Fans +500|(random) Hint for a skill related to the race|Etsuko Otonashi bond +15,4
fine-motion-noble-seamair,after_race,etsuko_s_exhaustive_coverage,Etsuko's Exhaustive Coverage,Top::!Randomly either|Energy -25|Mood -1|1 random stat +4 / +3 / +0|Skill points +25 / +20 / +10|Etsuko Otonashi bond -10|!or|Energy -15|Mood +1|1 random stat +4 / +3 / +0|Skill points +25 / +20 / +10|Etsuko Otonashi bond +15||Bot::Energy -20|1 random stat +4 / +3 / +0|Skill points +25 / +20 / +10|Etsuko Otonashi bond +10,5
tamamo-cross-with-lightning-speed,costume,lightning_heart,Lightning Heart,Top::Guts +20||Bot::Energy +15,1
tamamo-cross-with-lightning-speed,costume,we_re_havin_a_takoyaki_party,We're Havin' a Takoyaki Party!,Top::Speed +10|Power +10||Bot::Guts +10|Wit +10,2
tamamo-cross-with-lightning-speed,costume,stylin_my_way,Stylin' My Way,Top::Speed +20|(random) Get Charming ○ status||Bot::Power +10|Guts +10|(random) Get Charming ○ status,3
tamamo-cross-with-lightning-speed,choices,real_naniwa_spirit,Real Naniwa Spirit!,Top::Speed +5|Power +5||Bot::Stamina +10,1
tamamo-cross-with-lightning-speed,choices,take_a_guess,Take a Guess!,Top::Power +10||Bot::Stamina +10,2
tamamo-cross-with-lightning-speed,choices,how_to_be_an_adult,How to Be an Adult,Top::Speed +5|Power +10||Bot::Hanshin Racecourse ○ hint +1,3
tamamo-cross-with-lightning-speed,choices,the_lure_of_grilled_squid,The Lure of Grilled Squid,Top::Energy +10|Skill points +5||Bot::!Randomly either (~90%)|Energy +30|Skill points +10|!Randomly either (~10%)|Energy +30|Skill points +10|Speed -5|Power +5|Get Slow Metabolism status,4
tamamo-cross-with-lightning-speed,date,leave_it_to_tama,Leave it to Tama!,Top::Power +10||Bot::Stamina +10,1
tamamo-cross-with-lightning-speed,date,fun_times_at_the_farm,Fun Times at the Farm!,Top::Energy +10||Bot::Stamina +10,2
tamamo-cross-with-lightning-speed,date,be_there_for_each_other,Be There for Each Other,Top::Guts +10||Bot::Wit +10||Mid::Speed +10,3
tamamo-cross-with-lightning-speed,date,visit_from_a_vixen,Visit from a Vixen,Top::Speed +10||Bot::Guts +10,4
tamamo-cross-with-lightning-speed,date,a_sticky_scary_situation,"A Sticky, Scary Situation",Top::Wit +10||Bot::Power +10,5
tamamo-cross-with-lightning-speed,secret,a_special_souvenir,A Special Souvenir,conditions::autumn_triple_crown_senior|Win the Takarazuka Kinen (Senior)||reward::Speed +25|Guts +15|Tail Held High hint +1,1
tamamo-cross-with-lightning-speed,secret,after_the_kyoto_kimpai_luck_s_on_our_side,After the Kyoto Kimpai: Luck's on Our Side!,conditions::Win the Kyoto Kimpai||reward::Energy -15|1 random stat +8|Skill points +35|FA +500|Kyoto Racecourse ○ hint +1|Updrafters hint +1,2
tamamo-cross-with-lightning-speed,secret,after_the_nakayama_kimpai_luck_s_on_our_side,After the Nakayama Kimpai: Luck's on Our Side!,conditions::Win the Nakayama Kimpai||reward::Energy -15|1 random stat +8|Skill points +35|FA +500|Nakayama Racecourse ○ hint +1|Up-Tempo hint +1,3
tamamo-cross-with-lightning-speed,no_choices,operation_eat_till_ya_drop,Operation: Eat Till Ya Drop!,Stamina +5,1
tamamo-cross-with-lightning-speed,no_choices,tragedy_on_the_green,Tragedy on the Green,EXPENSIVE_RACES,2
tamamo-cross-with-lightning-speed,no_choices,our_hope_from_the_day_you_were_born,Our Hope from the Day You Were Born,Guts +10,3
tamamo-cross-with-lightning-speed,no_choices,those_chosen_by_dreams,Those Chosen by Dreams,Power +5,4
tamamo-cross-with-lightning-speed,no_choices,betting_the_future_on_a_flash,Betting the Future on a Flash,Speed +10,5
tamamo-cross-with-lightning-speed,no_choices,an_insurmountable_wall,An Insurmountable Wall,Mood -1|Wit -5,6
tamamo-cross-with-lightning-speed,no_choices,merchandisin_mojo,Merchandisin' Mojo!,Wit +15|Get Fast Learner status|!Randomly either|Speed +20|Wit +10|!Randomly either|Speed +10|Wit +5,7
tamamo-cross-with-lightning-speed,no_choices,master_trainer,Master Trainer,Power +10|(random) Get Practice Perfect ○ status,8
tamamo-cross-with-lightning-speed,no_choices,the_lightning_that_led_the_way,The Lightning That Led the Way,All stats +5|Skill points +5,9
tamamo-cross-with-lightning-speed,no_choices,instrumentally_sentimental,Instrumentally Sentimental,Mood -1,10
tamamo-cross-with-lightning-speed,no_choices,race_against_time,Race Against Time!,Energy -10|Mood -1,11
tamamo-cross-with-lightning-speed,no_choices,inching_ahead,Inching Ahead,All stats +5|Skill points +30|Mood +2|(random) Get Fast Learner status,12
tamamo-cross-with-lightning-speed,no_choices,better_use_that_batter,Better Use That Batter!,Energy +15|Mood -1|Guts -5|!Randomly either|Energy +15|Guts -5|Get Slacker status|!Randomly either|Energy +15|Mood -1|Guts -5|Get Slacker status,13
tamamo-cross-with-lightning-speed,special,dance_lesson,Dance Lesson,Top::Power +10||Bot::Wit +10,9
tamamo-cross-with-lightning-speed,special,bonus_at_start,Bonus at start,Skill points +120,1
tamamo-cross-with-lightning-speed,special,failed_training_get_well_soon,Failed training (Get Well Soon!),Top::Mood -1|Last trained stat -5|(random) Get Practice Poor status||Bot::!Randomly either|Mood -1|Last trained stat -10|(random) Get Practice Poor status|!or|Get Practice Perfect ○ status,2
tamamo-cross-with-lightning-speed,special,failed_training_don_t_overdo_it,Failed training (Don't Overdo It!),Top::Energy +10|Mood -2|Last trained stat -10|2 random stats -10|(random) Get Practice Poor status||Bot::!Randomly either|Mood -3|Last trained stat -10|2 random stats -10|Get Practice Poor status|!or|Energy +10|Get Practice Perfect ○ status,3
tamamo-cross-with-lightning-speed,special,extra_training,Extra Training,Top::Energy -5|Last trained stat +5|(random) Heal a negative status effect||Bot::Energy +5,4
tamamo-cross-with-lightning-speed,special,at_summer_camp_year_2,At Summer Camp (Year 2),Top::Power +10||Bot::Guts +10,5
tamamo-cross-with-lightning-speed,special,fan_letter,Fan Letter,Mood +1|Skill points +30,6
tamamo-cross-with-lightning-speed,special,new_year_s_resolutions,New Year's Resolutions,Top::Energy +20||Mid::Skill points +20||Bot::All stats +5,7
tamamo-cross-with-lightning-speed,special,new_year_s_shrine_visit,New Year's Shrine Visit,Top::Energy +30||Mid::All stats +5||Bot::Skill points +35,8
tamamo-cross-with-lightning-speed,after_race,victory_1st,Victory! (1st),Top::Energy -15|1 random stat +10 / +8 / +5|Skill points +45 / +35 / +30|(random) Hint for a skill related to the race||Bot::!Randomly either|Energy -5|1 random stat +10 / +8 / +5|Skill points +45 / +35 / +30|(random) Hint for a skill related to the race|!or|Energy -20|1 random stat +10 / +8 / +5|Skill points +45 / +35 / +30|(random) Hint for a skill related to the race,1
tamamo-cross-with-lightning-speed,after_race,solid_showing_2nd_5th,Solid Showing (2nd-5th),Top::Energy -20|1 random stat +8 / +5 / +3|Skill points +45 / +35 / +30|(random) Hint for a skill related to the race||Bot::!Randomly either|Energy -10|1 random stat +8 / +5 / +3|Skill points +45 / +35 / +30|(random) Hint for a skill related to the race|!or|Energy -30|1 random stat +8 / +5 / +3|Skill points +45 / +35 / +30|(random) Hint for a skill related to the race,2
tamamo-cross-with-lightning-speed,after_race,defeat_6th_or_worse,Defeat (6th or worse),Top::Energy -25|1 random stat +4 / +3 / +0|Skill points +25 / +20 / +10|(random) Hint for a skill related to the race||Bot::!Randomly either|Energy -15|1 random stat +4 / +3 / +0|Skill points +25 / +20 / +10|(random) Hint for a skill related to the race|!or|Energy -35|1 random stat +4 / +3 / +0|Skill points +25 / +20 / +10|(random) Hint for a skill related to the race,3
tamamo-cross-with-lightning-speed,after_race,etsuko_s_elated_coverage,Etsuko's Elated Coverage,Energy -15|Mood +1|1 random stat +10 / +8 / +5|Skill points +45 / +35 / +30|Fans +500|(random) Hint for a skill related to the race|Etsuko Otonashi bond +15,4
tamamo-cross-with-lightning-speed,after_race,etsuko_s_exhaustive_coverage,Etsuko's Exhaustive Coverage,Top::!Randomly either|Energy -25|Mood -1|1 random stat +4 / +3 / +0|Skill points +25 / +20 / +10|Etsuko Otonashi bond -10|!or|Energy -15|Mood +1|1 random stat +4 / +3 / +0|Skill points +25 / +20 / +10|Etsuko Otonashi bond +15||Bot::Energy -20|1 random stat +4 / +3 / +0|Skill points +25 / +20 / +10|Etsuko Otonashi bond +10,5
tm-opera-o-blue-dazzle,costume,new_year_s_home_performance,New Year's ☆ Home Performance,Speed +7|Stamina +7|Wit +7,1
tm-opera-o-blue-dazzle,costume,sprint_the_lucky_umamusume_race,Sprint! The Lucky Umamusume Race!,Speed +10|Skill points +40|Prepared to Pass hint +1|!Randomly either|Speed +5|Skill points +30,2
tm-opera-o-blue-dazzle,costume,a_new_allure,A New Allure,Top::Tether hint +1|(random) Get Charming ○ status||Bot::Power +10|(random) Get Charming ○ status,3
tm-opera-o-blue-dazzle,choices,fantastic_voyeur,Fantastic Voyeur,Top::Power +10||Bot::Wit +10,1
tm-opera-o-blue-dazzle,choices,blinding_beauty,Blinding Beauty,Top::Energy -10|Power +20||Bot::Speed +10,2
tm-opera-o-blue-dazzle,choices,bring_me_your_finest,Bring Me Your Finest,Top::Speed +10|Skill points +15||Bot::Non-Standard Distance ○ hint +1,3
tm-opera-o-blue-dazzle,choices,battle_of_kings_the_great_ramen_war,Battle of Kings: The Great Ramen War,Top::Energy +10|Skill points +5||Bot::!Randomly either (~90%)|Energy +30|Skill points +10|!Randomly either (~10%)|Energy +30|Skill points +10|Speed -5|Power +5|Get Slow Metabolism status,4
tm-opera-o-blue-dazzle,date,the_princess_in_pajamas,The Princess in Pajamas,Top::Speed +10||Bot::Stamina +10,1
tm-opera-o-blue-dazzle,date,what_the_mirror_reflects,What the Mirror Reflects,Top::Wit +10||Bot::Guts +10,2
tm-opera-o-blue-dazzle,date,my_radiance_is_yours,My Radiance is Yours,Top::Power +10||Bot::Guts +10||Mid::Wit +10,3
tm-opera-o-blue-dazzle,date,maintaining_magnificence,Maintaining Magnificence,Top::Speed +10||Bot::Wit +10,4
tm-opera-o-blue-dazzle,date,evening_opera_o_theater,Evening Opera O Theater,Top::Power +10||Bot::Energy +10,5
tm-opera-o-blue-dazzle,secret,senior_autumn_triple_crown_achieved,Senior Autumn Triple Crown Achieved!,conditions::autumn_triple_crown_same_year||reward::Mood +1|All stats +10|Skill points +20,1
tm-opera-o-blue-dazzle,no_choices,year_end_dinner_show,Year-End Dinner Show,Guts +5,1
tm-opera-o-blue-dazzle,no_choices,find_a_rival,Find a Rival!,Wit +5,2
tm-opera-o-blue-dazzle,no_choices,our_one_year_war,Our One-Year War,Stamina +5|Wit +5,3
tm-opera-o-blue-dazzle,no_choices,the_sea_god_emerges,The Sea God Emerges,Power +5,4
tm-opera-o-blue-dazzle,no_choices,amidst_the_applause,Amidst the Applause,Stamina +5,5
tm-opera-o-blue-dazzle,no_choices,an_overlord_s_anguish,An Overlord's Anguish,Mood -1|Stamina -5,6
tm-opera-o-blue-dazzle,no_choices,mirror_mirror,"Mirror, Mirror",Mood +1|1 random stat +10,7
tm-opera-o-blue-dazzle,no_choices,master_trainer,Master Trainer,Guts +10|(random) Get Practice Perfect ○ status,8
tm-opera-o-blue-dazzle,no_choices,o_my_beautiful_reign,"O, My Beautiful Reign",All stats +5|Skill points +5,9
tm-opera-o-blue-dazzle,no_choices,our_fated_showdown,Our Fated Showdown,Mood -1,10
tm-opera-o-blue-dazzle,no_choices,dancing_in_the_rain,Dancing in the Rain,Energy -10|Mood -1,11
tm-opera-o-blue-dazzle,no_choices,the_overlord_method,The Overlord Method,All stats +5|Skill points +30|Mood +2|(random) Get Fast Learner status,12
tm-opera-o-blue-dazzle,no_choices,floral_dialogue,Floral Dialogue,Energy +15|Mood -1|Guts -5|!Randomly either|Energy +15|Guts -5|Get Slacker status|!Randomly either|Energy +15|Mood -1|Guts -5|Get Slacker status,13
tm-opera-o-blue-dazzle,special,dance_lesson,Dance Lesson,Top::Stamina +10||Bot::Speed +10,9
tm-opera-o-blue-dazzle,special,bonus_at_start,Bonus at start,Skill points +120,1
tm-opera-o-blue-dazzle,special,failed_training_get_well_soon,Failed training (Get Well Soon!),Top::Mood -1|Last trained stat -5|(random) Get Practice Poor status||Bot::!Randomly either|Mood -1|Last trained stat -10|(random) Get Practice Poor status|!or|Get Practice Perfect ○ status,2
tm-opera-o-blue-dazzle,special,failed_training_don_t_overdo_it,Failed training (Don't Overdo It!),Top::Energy +10|Mood -2|Last trained stat -10|2 random stats -10|(random) Get Practice Poor status||Bot::!Randomly either|Mood -3|Last trained stat -10|2 random stats -10|Get Practice Poor status|!or|Energy +10|Get Practice Perfect ○ status,3
tm-opera-o-blue-dazzle,special,extra_training,Extra Training,Top::Energy -5|Last trained stat +5|(random) Heal a negative status effect||Bot::Energy +5,4
tm-opera-o-blue-dazzle,special,at_summer_camp_year_2,At Summer Camp (Year 2),Top::Power +10||Bot::Guts +10,5
tm-opera-o-blue-dazzle,special,fan_letter,Fan Letter,Mood +1|Skill points +30,6
tm-opera-o-blue-dazzle,special,new_year_s_resolutions,New Year's Resolutions,Top::Energy +20||Mid::Skill points +20||Bot::All stats +5,7
tm-opera-o-blue-dazzle,special,new_year_s_shrine_visit,New Year's Shrine Visit,Top::Energy +30||Mid::All stats +5||Bot::Skill points +35,8
tm-opera-o-blue-dazzle,after_race,victory_1st,Victory! (1st),Top::Energy -15|1 random stat +10 / +8 / +5|Skill points +45 / +35 / +30|(random) Hint for a skill related to the race||Bot::!Randomly either|Energy -5|1 random stat +10 / +8 / +5|Skill points +45 / +35 / +30|(random) Hint for a skill related to the race|!or|Energy -20|1 random stat +10 / +8 / +5|Skill points +45 / +35 / +30|(random) Hint for a skill related to the race,1
tm-opera-o-blue-dazzle,after_race,solid_showing_2nd_5th,Solid Showing (2nd-5th),Top::Energy -20|1 random stat +8 / +5 / +3|Skill points +45 / +35 / +30|(random) Hint for a skill related to the race||Bot::!Randomly either|Energy -10|1 random stat +8 / +5 / +3|Skill points +45 / +35 / +30|(random) Hint for a skill related to the race|!or|Energy -30|1 random stat +8 / +5 / +3|Skill points +45 / +35 / +30|(random) Hint for a skill related to the race,2
tm-opera-o-blue-dazzle,after_race,defeat_6th_or_worse,Defeat (6th or worse),Top::Energy -25|1 random stat +4 / +3 / +0|Skill points +25 / +20 / +10|(random) Hint for a skill related to the race||Bot::!Randomly either|Energy -15|1 random stat +4 / +3 / +0|Skill points +25 / +20 / +10|(random) Hint for a skill related to the race|!or|Energy -35|1 random stat +4 / +3 / +0|Skill points +25 / +20 / +10|(random) Hint for a skill related to the race,3
tm-opera-o-blue-dazzle,after_race,etsuko_s_elated_coverage,Etsuko's Elated Coverage,Energy -15|Mood +1|1 random stat +10 / +8 / +5|Skill points +45 / +35 / +30|Fans +500|(random) Hint for a skill related to the race|Etsuko Otonashi bond +15,4
tm-opera-o-blue-dazzle,after_race,etsuko_s_exhaustive_coverage,Etsuko's Exhaustive Coverage,Top::!Randomly either|Energy -25|Mood -1|1 random stat +4 / +3 / +0|Skill points +25 / +20 / +10|Etsuko Otonashi bond -10|!or|Energy -15|Mood +1|1 random stat +4 / +3 / +0|Skill points +25 / +20 / +10|Etsuko Otonashi bond +15||Bot::Energy -20|1 random stat +4 / +3 / +0|Skill points +25 / +20 / +10|Etsuko Otonashi bond +10,5
haru-urara-first-urara-saku-sakura,costume,c_mon_it_s_a_snowball_fight,"C'mon, It's a Snowball Fight!",Wit +10|!Randomly either|Wit +10|Speed +10|!Randomly either|Wit +10|Speed +10|Power +10,1
haru-urara-first-urara-saku-sakura,costume,look_you_can_see_the_feelings,Look! You Can See the Feelings!,Power +10|Skill points +40|Fighter hint +1|!Randomly either|Power +5|Skill points +30,2
haru-urara-first-urara-saku-sakura,costume,wait_up_little_fishies,"Wait Up, Little Fishies!",Pace Strategy hint +1|(random) Get Practice Perfect ○ status,3
haru-urara-first-urara-saku-sakura,choices,arm_wrestling_contest,Arm-Wrestling Contest,Top::Wit +10||Bot::Power +10,1
haru-urara-first-urara-saku-sakura,choices,looking_for_something_important,Looking for Something Important,Top::Energy -10|Guts +20||Bot::Stamina +10,2
haru-urara-first-urara-saku-sakura,choices,sand_training,Sand Training!,Top::Guts +10|Skill points +15||Bot::Energy +15,3
haru-urara-first-urara-saku-sakura,choices,the_final_boss_spe,The Final Boss... Spe!,Top::Energy +10|Skill points +5||Bot::!Randomly either (~90%)|Energy +30|Skill points +10|!Randomly either (~10%)|Energy +30|Skill points +10|Speed -5|Power +5|Get Slow Metabolism status,4
haru-urara-first-urara-saku-sakura,date,a_little_detour,A Little Detour!,Top::Skill points +30||Bot::Stamina +10,1
haru-urara-first-urara-saku-sakura,date,parks_are_fun,Parks Are Fun!,Top::Speed +10||Bot::Power +10,2
haru-urara-first-urara-saku-sakura,date,secret_day_off_plan,Secret Day Off Plan!,Top::Speed +10||Bot::Power +10||Mid::Wit +10,3
haru-urara-first-urara-saku-sakura,date,so_cool,So Cool!,Top::Skill points +30||Bot::Wit +10,4
haru-urara-first-urara-saku-sakura,date,forgot_to_eat,Forgot to Eat!,Top::Guts +10||Bot::Stamina +10,5
haru-urara-first-urara-saku-sakura,secret,after_the_arima_kinen_way_way_better,"After the Arima Kinen: Way, Way Better",conditions::Win the Arima Kinen (Senior)||reward::All stats +9|Skill points +99|Long Shot ○ hint +1|Yayoi Akikawa bond +5,1
haru-urara-first-urara-saku-sakura,no_choices,training_urara_style,"Training, Urara Style",Power +5,1
haru-urara-first-urara-saku-sakura,no_choices,smiling_with_everyone,Smiling With Everyone!,Guts +5,2
haru-urara-first-urara-saku-sakura,no_choices,idol_of_the_shopping_district,Idol of the Shopping District!,Guts +5,3
haru-urara-first-urara-saku-sakura,no_choices,fan_club_running_rampant,Fan Club Running Rampant!,Guts +5,4
haru-urara-first-urara-saku-sakura,no_choices,i_ll_do_my_best,I'll Do My Best,Guts +5|Wit +5,5
haru-urara-first-urara-saku-sakura,no_choices,her_first,Her First...,Energy -15|Mood +1|Stamina +6|Skill points +36,6
haru-urara-first-urara-saku-sakura,no_choices,detention_continues,Detention Continues...,Stamina -5|Mood -1,7
haru-urara-first-urara-saku-sakura,no_choices,plenty_of_charm,Plenty of Charm!,Skill points +10|Get Charming ○ status,8
haru-urara-first-urara-saku-sakura,no_choices,master_trainer,Master Trainer,Guts +10|(random) Get Practice Perfect ○ status,9
haru-urara-first-urara-saku-sakura,no_choices,sunny_spring_day,Sunny Spring Day,All stats +5|Skill points +5,10
haru-urara-first-urara-saku-sakura,no_choices,special_delicious,Special ☆ Delicious?!,Mood -1,11
haru-urara-first-urara-saku-sakura,no_choices,how_many_steps_are_there,How Many Steps Are There?!,Energy -10|Mood -1,12
haru-urara-first-urara-saku-sakura,no_choices,let_s_be_kangaroos,Let's Be Kangaroos!,All stats +5|Skill points +30|Mood +2|(random) Get Fast Learner status,13
haru-urara-first-urara-saku-sakura,no_choices,mmm_mmm_temptation,Mmm-Mmm Temptation!,Energy +15|Mood -1|Guts -5|!Randomly either|Energy +15|Guts -5|Get Slacker status|!Randomly either|Energy +15|Mood -1|Guts -5|Get Slacker status,14
haru-urara-first-urara-saku-sakura,special,dance_lesson,Dance Lesson,Top::Speed +10||Bot::Wit +10,9
haru-urara-first-urara-saku-sakura,special,bonus_at_start,Bonus at start,Skill points +120,1
haru-urara-first-urara-saku-sakura,special,failed_training_get_well_soon,Failed training (Get Well Soon!),Top::Mood -1|Last trained stat -5|(random) Get Practice Poor status||Bot::!Randomly either|Mood -1|Last trained stat -10|(random) Get Practice Poor status|!or|Get Practice Perfect ○ status,2
haru-urara-first-urara-saku-sakura,special,failed_training_don_t_overdo_it,Failed training (Don't Overdo It!),Top::Energy +10|Mood -2|Last trained stat -10|2 random stats -10|(random) Get Practice Poor status||Bot::!Randomly either|Mood -3|Last trained stat -10|2 random stats -10|Get Practice Poor status|!or|Energy +10|Get Practice Perfect ○ status,3
haru-urara-first-urara-saku-sakura,special,extra_training,Extra Training,Top::Energy -5|Last trained stat +5|(random) Heal a negative status effect||Bot::Energy +5,4
haru-urara-first-urara-saku-sakura,special,at_summer_camp_year_2,At Summer Camp (Year 2),Top::Power +10||Bot::Guts +10,5
haru-urara-first-urara-saku-sakura,special,fan_letter,Fan Letter,Mood +1|Skill points +30,6
haru-urara-first-urara-saku-sakura,special,new_year_s_resolutions,New Year's Resolutions,Top::Energy +20||Mid::Skill points +20||Bot::All stats +5,7
haru-urara-first-urara-saku-sakura,special,new_year_s_shrine_visit,New Year's Shrine Visit,Top::Energy +30||Mid::All stats +5||Bot::Skill points +35,8
haru-urara-first-urara-saku-sakura,after_race,victory_1st,Victory! (1st),Top::Energy -15|1 random stat +10 / +8 / +5|Skill points +45 / +35 / +30|(random) Hint for a skill related to the race||Bot::!Randomly either|Energy -5|1 random stat +10 / +8 / +5|Skill points +45 / +35 / +30|(random) Hint for a skill related to the race|!or|Energy -20|1 random stat +10 / +8 / +5|Skill points +45 / +35 / +30|(random) Hint for a skill related to the race,1
haru-urara-first-urara-saku-sakura,after_race,solid_showing_2nd_5th,Solid Showing (2nd-5th),Top::Energy -20|1 random stat +8 / +5 / +3|Skill points +45 / +35 / +30|(random) Hint for a skill related to the race||Bot::!Randomly either|Energy -10|1 random stat +8 / +5 / +3|Skill points +45 / +35 / +30|(random) Hint for a skill related to the race|!or|Energy -30|1 random stat +8 / +5 / +3|Skill points +45 / +35 / +30|(random) Hint for a skill related to the race,2
haru-urara-first-urara-saku-sakura,after_race,defeat_6th_or_worse,Defeat (6th or worse),Top::Energy -25|1 random stat +4 / +3 / +0|Skill points +25 / +20 / +10|(random) Hint for a skill related to the race||Bot::!Randomly either|Energy -15|1 random stat +4 / +3 / +0|Skill points +25 / +20 / +10|(random) Hint for a skill related to the race|!or|Energy -35|1 random stat +4 / +3 / +0|Skill points +25 / +20 / +10|(random) Hint for a skill related to the race,3
haru-urara-first-urara-saku-sakura,after_race,etsuko_s_elated_coverage,Etsuko's Elated Coverage,Energy -15|Mood +1|1 random stat +10 / +8 / +5|Skill points +45 / +35 / +30|Fans +500|(random) Hint for a skill related to the race|Etsuko Otonashi bond +15,4
haru-urara-first-urara-saku-sakura,after_race,etsuko_s_exhaustive_coverage,Etsuko's Exhaustive Coverage,Top::!Randomly either|Energy -25|Mood -1|1 random stat +4 / +3 / +0|Skill points +25 / +20 / +10|Etsuko Otonashi bond -10|!or|Energy -15|Mood +1|1 random stat +4 / +3 / +0|Skill points +25 / +20 / +10|Etsuko Otonashi bond +15||Bot::Energy -20|1 random stat +4 / +3 / +0|Skill points +25 / +20 / +10|Etsuko Otonashi bond +10,5
sakura-chiyono-o-hinoshita-kaisanhana-akari,costume,nothing_quite_like_everyday_life,Nothing Quite like Everyday Life,Top::Power +10|Wit +10||Bot::Stamina +20,1
sakura-chiyono-o-hinoshita-kaisanhana-akari,costume,bubble_wrap_your_bubbly_feelings,Bubble Wrap Your Bubbly Feelings,Top::Guts +10|Skill points +15||Bot::Wit +20,2
sakura-chiyono-o-hinoshita-kaisanhana-akari,costume,a_lady_to_rival_the_cherry_blossom,A Lady to Rival the Cherry Blossom,Top::Power +20|(random) Get Practice Perfect ○ status||Bot::Speed +20|(random) Get Practice Perfect ○ status,3
sakura-chiyono-o-hinoshita-kaisanhana-akari,choices,fashion_trends_of_yesteryear,Fashion Trends of Yesteryear,Top::Speed +10||Bot::Wit +10,1
sakura-chiyono-o-hinoshita-kaisanhana-akari,choices,the_disciplinary_committee_chairman_s_award,The Disciplinary Committee Chairman's Award,Top::Energy +5|Power +5||Bot::Stamina +10,2
sakura-chiyono-o-hinoshita-kaisanhana-akari,choices,dosukoi_study_through_sumo,Dosukoi! Study through Sumo!,Top::Speed +10|Guts +5||Bot::Pace Chaser Savvy ○ hint +1,3
sakura-chiyono-o-hinoshita-kaisanhana-akari,choices,overly_delicious_manju,Overly Delicious Manju,Top::Energy +10|Skill points +5||Bot::!Randomly either (~90%)|Energy +30|Skill points +10|!Randomly either (~10%)|Energy +30|Skill points +10|Speed -5|Power +5|Get Slow Metabolism status,4
sakura-chiyono-o-hinoshita-kaisanhana-akari,date,i_want_to_be_dependable,I Want to Be Dependable!,Top::Guts +10||Bot::Stamina +10,1
sakura-chiyono-o-hinoshita-kaisanhana-akari,date,learning_by_example,Learning by Example,Top::Power +10||Bot::Speed +10,2
sakura-chiyono-o-hinoshita-kaisanhana-akari,date,what_dependability_means,What Dependability Means,Top::Wit +10||Bot::Speed +10||Mid::Power +10,3
sakura-chiyono-o-hinoshita-kaisanhana-akari,date,arcade_buddies,Arcade Buddies,Top::Speed +10||Bot::Stamina +10,4
sakura-chiyono-o-hinoshita-kaisanhana-akari,date,umamusume_enka_contest,Umamusume Enka Contest!,Top::Power +10||Bot::Speed +5|Guts +5,5
sakura-chiyono-o-hinoshita-kaisanhana-akari,secret,after_the_tenno_sho_autumn_a_hand_to_the_sky,After the Tenno Sho (Autumn): A Hand to the Sky,conditions::Win the Tenno Sho (Autumn) (Classic)||reward::All stats +3|Speed +45|Tazuna Hayakawa bond +4|RC|All stats +3|Speed +45|Tazuna Hayakawa bond +4|RC,1
sakura-chiyono-o-hinoshita-kaisanhana-akari,secret,after_the_tenno_sho_autumn_a_thick_wall,After the Tenno Sho (Autumn): A Thick Wall,conditions::race_pn: 101601|2|2||reward::All stats +2|Speed +45|Tazuna Hayakawa bond +4|RC|All stats +2|Speed +45|Tazuna Hayakawa bond +4|RC,2
sakura-chiyono-o-hinoshita-kaisanhana-akari,secret,after_the_tenno_sho_autumn_all_my_heart,After the Tenno Sho (Autumn): All My Heart,conditions::Participate in the Tenno Sho (Autumn) (Classic)||reward::All stats +1|Speed +35|Tazuna Hayakawa bond +4|RC|All stats +1|Speed +35|Tazuna Hayakawa bond +4|RC,3
sakura-chiyono-o-hinoshita-kaisanhana-akari,secret,after_the_japan_cup_overcoming_fate,After the Japan Cup: Overcoming Fate,conditions::obj|Win the Japan Cup (Senior)||reward::All stats +3|Skill points +75|Head-On hint +1|Yayoi Akikawa bond +4,4
sakura-chiyono-o-hinoshita-kaisanhana-akari,secret,after_the_arima_kinen_victory,After the Arima Kinen: Victory,conditions::Win the Arima Kinen (Senior)||reward::Energy -15|1 random stat +10|Skill points +75|Feature Act hint +1,5
sakura-chiyono-o-hinoshita-kaisanhana-akari,no_choices,the_secret_to_good_curry_is_chocolate,The Secret to Good Curry is Chocolate,Power +5,1
sakura-chiyono-o-hinoshita-kaisanhana-akari,no_choices,tread_upon_brand_new_tatami_mats,Tread Upon Brand-New Tatami Mats,Wit +5,2
sakura-chiyono-o-hinoshita-kaisanhana-akari,no_choices,a_japanese_nightingale_can_t_be_a_lesser_cuckoo,A Japanese Nightingale Can't Be a Lesser Cuckoo,Guts +5,3
sakura-chiyono-o-hinoshita-kaisanhana-akari,no_choices,how_can_you_tell_if_the_moon_is_waxing_or_waning,How Can You Tell If the Moon Is Waxing or Waning?,Stamina +5,4
sakura-chiyono-o-hinoshita-kaisanhana-akari,no_choices,the_only_thing_to_do_with_a_peeled_egg_is_to_eat_it,The Only Thing to Do with a Peeled Egg Is to Eat It,Speed +10,5
sakura-chiyono-o-hinoshita-kaisanhana-akari,no_choices,winning_move_carelessness,Winning Move: Carelessness,Mood -1|Power -5,6
sakura-chiyono-o-hinoshita-kaisanhana-akari,no_choices,linked_through_space_by_freebies,Linked Through Space by Freebies,Skill points +30|Up-Tempo hint +1,7
sakura-chiyono-o-hinoshita-kaisanhana-akari,no_choices,master_trainer,Master Trainer,Stamina +10|(random) Get Practice Perfect ○ status,8
sakura-chiyono-o-hinoshita-kaisanhana-akari,no_choices,the_tale_of_chiyono_o,The Tale of Chiyono O,All stats +5|Skill points +5,9
sakura-chiyono-o-hinoshita-kaisanhana-akari,no_choices,easy_to_read,Easy to Read,Mood -1,10
sakura-chiyono-o-hinoshita-kaisanhana-akari,no_choices,all_aboard_the_motion_sickness_train,All Aboard the Motion Sickness Train,Energy -10|Mood -1,11
sakura-chiyono-o-hinoshita-kaisanhana-akari,no_choices,new_training_techniques,New Training Techniques!,All stats +5|Skill points +30|Mood +2|(random) Get Fast Learner status,12
sakura-chiyono-o-hinoshita-kaisanhana-akari,no_choices,a_review_of_chiyonotes_past,A Review of Chiyonotes Past,Energy +15|Mood -1|Guts -5|!Randomly either|Energy +15|Guts -5|Get Slacker status|!Randomly either|Energy +15|Mood -1|Guts -5|Get Slacker status,13
sakura-chiyono-o-hinoshita-kaisanhana-akari,special,dance_lesson,Dance Lesson,Top::Wit +10||Bot::Power +10,9
sakura-chiyono-o-hinoshita-kaisanhana-akari,special,bonus_at_start,Bonus at start,Skill points +120,1
sakura-chiyono-o-hinoshita-kaisanhana-akari,special,failed_training_get_well_soon,Failed training (Get Well Soon!),Top::Mood -1|Last trained stat -5|(random) Get Practice Poor status||Bot::!Randomly either|Mood -1|Last trained stat -10|(random) Get Practice Poor status|!or|Get Practice Perfect ○ status,2
sakura-chiyono-o-hinoshita-kaisanhana-akari,special,failed_training_don_t_overdo_it,Failed training (Don't Overdo It!),Top::Energy +10|Mood -2|Last trained stat -10|2 random stats -10|(random) Get Practice Poor status||Bot::!Randomly either|Mood -3|Last trained stat -10|2 random stats -10|Get Practice Poor status|!or|Energy +10|Get Practice Perfect ○ status,3
sakura-chiyono-o-hinoshita-kaisanhana-akari,special,extra_training,Extra Training,Top::Energy -5|Last trained stat +5|(random) Heal a negative status effect||Bot::Energy +5,4
sakura-chiyono-o-hinoshita-kaisanhana-akari,special,at_summer_camp_year_2,At Summer Camp (Year 2),Top::Power +10||Bot::Guts +10,5
sakura-chiyono-o-hinoshita-kaisanhana-akari,special,fan_letter,Fan Letter,Mood +1|Skill points +30,6
sakura-chiyono-o-hinoshita-kaisanhana-akari,special,new_year_s_resolutions,New Year's Resolutions,Top::Energy +20||Mid::Skill points +20||Bot::All stats +5,7
sakura-chiyono-o-hinoshita-kaisanhana-akari,special,new_year_s_shrine_visit,New Year's Shrine Visit,Top::Energy +30||Mid::All stats +5||Bot::Skill points +35,8
sakura-chiyono-o-hinoshita-kaisanhana-akari,after_race,victory_1st,Victory! (1st),Top::Energy -15|1 random stat +10 / +8 / +5|Skill points +45 / +35 / +30|(random) Hint for a skill related to the race||Bot::!Randomly either|Energy -5|1 random stat +10 / +8 / +5|Skill points +45 / +35 / +30|(random) Hint for a skill related to the race|!or|Energy -20|1 random stat +10 / +8 / +5|Skill points +45 / +35 / +30|(random) Hint for a skill related to the race,1
sakura-chiyono-o-hinoshita-kaisanhana-akari,after_race,solid_showing_2nd_5th,Solid Showing (2nd-5th),Top::Energy -20|1 random stat +8 / +5 / +3|Skill points +45 / +35 / +30|(random) Hint for a skill related to the race||Bot::!Randomly either|Energy -10|1 random stat +8 / +5 / +3|Skill points +45 / +35 / +30|(random) Hint for a skill related to the race|!or|Energy -30|1 random stat +8 / +5 / +3|Skill points +45 / +35 / +30|(random) Hint for a skill related to the race,2
sakura-chiyono-o-hinoshita-kaisanhana-akari,after_race,defeat_6th_or_worse,Defeat (6th or worse),Top::Energy -25|1 random stat +4 / +3 / +0|Skill points +25 / +20 / +10|(random) Hint for a skill related to the race||Bot::!Randomly either|Energy -15|1 random stat +4 / +3 / +0|Skill points +25 / +20 / +10|(random) Hint for a skill related to the race|!or|Energy -35|1 random stat +4 / +3 / +0|Skill points +25 / +20 / +10|(random) Hint for a skill related to the race,3
sakura-chiyono-o-hinoshita-kaisanhana-akari,after_race,etsuko_s_elated_coverage,Etsuko's Elated Coverage,Energy -15|Mood +1|1 random stat +10 / +8 / +5|Skill points +45 / +35 / +30|Fans +500|(random) Hint for a skill related to the race|Etsuko Otonashi bond +15,4
sakura-chiyono-o-hinoshita-kaisanhana-akari,after_race,etsuko_s_exhaustive_coverage,Etsuko's Exhaustive Coverage,Top::!Randomly either|Energy -25|Mood -1|1 random stat +4 / +3 / +0|Skill points +25 / +20 / +10|Etsuko Otonashi bond -10|!or|Energy -15|Mood +1|1 random stat +4 / +3 / +0|Skill points +25 / +20 / +10|Etsuko Otonashi bond +15||Bot::Energy -20|1 random stat +4 / +3 / +0|Skill points +25 / +20 / +10|Etsuko Otonashi bond +10,5
mihono-bourbon-code-glacage,costume,valentine_s_day_mission,Valentine's Day Mission,FANS_MINIMUM|Early Lead hint +1|Stamina +10|FANS_MAXIMUM|Stamina +10,1
mihono-bourbon-code-glacage,costume,not_found,Not Found,Top::Energy +10|Speed +10|Stamina +15||Bot::Energy +10|Speed Eater hint +1,2
mihono-bourbon-code-glacage,costume,apply,Apply,Speed +10|(random) Get Charming ○ status,3
mihono-bourbon-code-glacage,choices,operation_execute_orders,Operation: Execute Orders,Top::Stamina +10||Bot::Power +10,1
mihono-bourbon-code-glacage,choices,operation_extra_classes,Operation: Extra Classes,Top::Energy +10|Mood +1||Bot::Wit +10,2
mihono-bourbon-code-glacage,choices,operation_excursion_trouble,Operation: Excursion Trouble,Top::Stamina +10|Skill points +15||Bot::Wet Conditions ○ hint +1,3
mihono-bourbon-code-glacage,choices,brutal_training,Brutal Training,Top::Energy -10|Power +5/+20|Skill points +5/+10||Bot::Energy +5,4
mihono-bourbon-code-glacage,choices,the_perfect_dessert,The Perfect Dessert,Top::Energy +10|Skill points +5||Bot::!Randomly either (~90%)|Energy +30|Skill points +10|!Randomly either (~10%)|Energy +30|Skill points +10|Speed -5|Power +5|Get Slow Metabolism status,5
mihono-bourbon-code-glacage,date,let_s_make_memories,Let's Make Memories,Top::Speed +10||Bot::Guts +10,1
mihono-bourbon-code-glacage,date,bourbon_s_challenge,Bourbon's Challenge?,Top::Power +10||Bot::Wit +10,2
mihono-bourbon-code-glacage,date,you_re_irreplaceable_to_me,You're Irreplaceable to Me,Top::Stamina +10||Bot::Speed +10||Mid::Power +10,3
mihono-bourbon-code-glacage,date,operation_dance_fever,Operation: Dance Fever,Top::Stamina +5|Guts +5||Bot::Stamina +5|Wit +5,4
mihono-bourbon-code-glacage,date,operation_festival_fun,Operation: Festival Fun,Top::Power +10||Bot::Stamina +5|Guts +5,5
mihono-bourbon-code-glacage,secret,after_the_japanese_derby_the_second_crown,After the Japanese Derby: The Second Crown,conditions::Win the Tokyo Yushun (Japanese Derby)||reward::RR|Final Push hint +1,1
mihono-bourbon-code-glacage,secret,after_the_kikuka_sho_triple_crown_champion,After the Kikuka Sho: Triple Crown Champion,conditions::triple_crown||reward::All stats +3|Guts +25|Skill points +45|Straightaway Acceleration hint +1|Yayoi Akikawa bond +4,2
mihono-bourbon-code-glacage,no_choices,mission_specification,Mission / Specification,Speed +5,1
mihono-bourbon-code-glacage,no_choices,error_disarray,Error / Disarray,Stamina +5,2
mihono-bourbon-code-glacage,no_choices,solution_winning_drive,Solution / Winning Drive,Power +5,3
mihono-bourbon-code-glacage,no_choices,record_courage,Record / Courage,Guts +5,4
mihono-bourbon-code-glacage,no_choices,request_strength,Request / Strength,Speed +5|Power +5,5
mihono-bourbon-code-glacage,no_choices,don_t_touch_the_machines,Don't Touch the Machines,Guts -5|Mood -1,6
mihono-bourbon-code-glacage,no_choices,master_trainer,Master Trainer,Power +10|(random) Get Practice Perfect ○ status,7
mihono-bourbon-code-glacage,no_choices,you_re_my_trainer,You're My Trainer,All stats +5|Skill points +5,8
mihono-bourbon-code-glacage,no_choices,difficulty_level_maximum,Difficulty Level: Maximum,Mood -1,9
mihono-bourbon-code-glacage,no_choices,it_s_bourbon_not_barbin,"It's Bourbon, Not Barbin",Energy -10|Mood -1,10
mihono-bourbon-code-glacage,no_choices,operation_change_of_pace,Operation: Change of Pace,All stats +5|Skill points +30|Mood +2|(random) Get Fast Learner status,11
mihono-bourbon-code-glacage,no_choices,cheerful_shopping,Cheerful Shopping,Energy +15|Mood -1|Guts -5|!Randomly either|Energy +15|Guts -5|Get Slacker status|!Randomly either|Energy +15|Mood -1|Guts -5|Get Slacker status,12
mihono-bourbon-code-glacage,special,dance_lesson,Dance Lesson,Top::PT +10||Bot::Stamina +10,9
mihono-bourbon-code-glacage,special,bonus_at_start,Bonus at start,Skill points +120,1
mihono-bourbon-code-glacage,special,failed_training_get_well_soon,Failed training (Get Well Soon!),Top::Mood -1|Last trained stat -5|(random) Get Practice Poor status||Bot::!Randomly either|Mood -1|Last trained stat -10|(random) Get Practice Poor status|!or|Get Practice Perfect ○ status,2
mihono-bourbon-code-glacage,special,failed_training_don_t_overdo_it,Failed training (Don't Overdo It!),Top::Energy +10|Mood -2|Last trained stat -10|2 random stats -10|(random) Get Practice Poor status||Bot::!Randomly either|Mood -3|Last trained stat -10|2 random stats -10|Get Practice Poor status|!or|Energy +10|Get Practice Perfect ○ status,3
mihono-bourbon-code-glacage,special,extra_training,Extra Training,Top::Energy -5|Last trained stat +5|(random) Heal a negative status effect||Bot::Energy +5,4
mihono-bourbon-code-glacage,special,at_summer_camp_year_2,At Summer Camp (Year 2),Top::Power +10||Bot::Guts +10,5
mihono-bourbon-code-glacage,special,fan_letter,Fan Letter,Mood +1|Skill points +30,6
mihono-bourbon-code-glacage,special,new_year_s_resolutions,New Year's Resolutions,Top::Energy +20||Mid::Skill points +20||Bot::All stats +5,7
mihono-bourbon-code-glacage,special,new_year_s_shrine_visit,New Year's Shrine Visit,Top::Energy +30||Mid::All stats +5||Bot::Skill points +35,8
mihono-bourbon-code-glacage,after_race,victory_1st,Victory! (1st),Top::Energy -15|1 random stat +10 / +8 / +5|Skill points +45 / +35 / +30|(random) Hint for a skill related to the race||Bot::!Randomly either|Energy -5|1 random stat +10 / +8 / +5|Skill points +45 / +35 / +30|(random) Hint for a skill related to the race|!or|Energy -20|1 random stat +10 / +8 / +5|Skill points +45 / +35 / +30|(random) Hint for a skill related to the race,1
mihono-bourbon-code-glacage,after_race,solid_showing_2nd_5th,Solid Showing (2nd-5th),Top::Energy -20|1 random stat +8 / +5 / +3|Skill points +45 / +35 / +30|(random) Hint for a skill related to the race||Bot::!Randomly either|Energy -10|1 random stat +8 / +5 / +3|Skill points +45 / +35 / +30|(random) Hint for a skill related to the race|!or|Energy -30|1 random stat +8 / +5 / +3|Skill points +45 / +35 / +30|(random) Hint for a skill related to the race,2
mihono-bourbon-code-glacage,after_race,defeat_6th_or_worse,Defeat (6th or worse),Top::Energy -25|1 random stat +4 / +3 / +0|Skill points +25 / +20 / +10|(random) Hint for a skill related to the race||Bot::!Randomly either|Energy -15|1 random stat +4 / +3 / +0|Skill points +25 / +20 / +10|(random) Hint for a skill related to the race|!or|Energy -35|1 random stat +4 / +3 / +0|Skill points +25 / +20 / +10|(random) Hint for a skill related to the race,3
mihono-bourbon-code-glacage,after_race,etsuko_s_elated_coverage,Etsuko's Elated Coverage,Energy -15|Mood +1|1 random stat +10 / +8 / +5|Skill points +45 / +35 / +30|Fans +500|(random) Hint for a skill related to the race|Etsuko Otonashi bond +15,4
mihono-bourbon-code-glacage,after_race,etsuko_s_exhaustive_coverage,Etsuko's Exhaustive Coverage,Top::!Randomly either|Energy -25|Mood -1|1 random stat +4 / +3 / +0|Skill points +25 / +20 / +10|Etsuko Otonashi bond -10|!or|Energy -15|Mood +1|1 random stat +4 / +3 / +0|Skill points +25 / +20 / +10|Etsuko Otonashi bond +15||Bot::Energy -20|1 random stat +4 / +3 / +0|Skill points +25 / +20 / +10|Etsuko Otonashi bond +10,5
eishin-flash-collectchocolatier,costume,the_pride_of_a_patissier,The Pride of a Patissier,FANS_MINIMUM|Power +10|Homestretch Haste hint +1|FANS_MAXIMUM|Power +10,1
eishin-flash-collectchocolatier,costume,time_is_a_gift,Time Is a Gift,Top::Energy +10|Speed +15|Wit +10||Bot::Energy +10|Murmur hint +1,2
eishin-flash-collectchocolatier,costume,cookies_of_joy,Cookies of Joy,Stamina +10|(random) Get Charming ○ status,3
eishin-flash-collectchocolatier,choices,guardians_of_nature,Guardians of Nature,Top::Stamina +10||Bot::Power +10,1
eishin-flash-collectchocolatier,choices,how_to_educate_effectively,How to Educate Effectively,Top::Speed +10||Bot::Guts +10,2
eishin-flash-collectchocolatier,choices,inspiration_to_fly,Inspiration to Fly,Top::Speed +5|Stamina +5|Power +5||Bot::Standard Distance ○ hint +1,3
eishin-flash-collectchocolatier,choices,flash_s_plan_put_to_the_test,Flash's Plan Put to the Test,Top::Mood +1|FD|ET||Bot::NO,4
eishin-flash-collectchocolatier,choices,fried_crispy_and_fresh,"Fried, Crispy, and Fresh!",Top::Energy +10|Skill points +5||Bot::!Randomly either (~90%)|Energy +30|Skill points +10|!Randomly either (~10%)|Energy +30|Skill points +10|Speed -5|Power +5|Get Slow Metabolism status,5
eishin-flash-collectchocolatier,date,chasing_trends,Chasing Trends,Top::Wit +10||Bot::Stamina +10,1
eishin-flash-collectchocolatier,date,immersing_in_japanese_tradition,Immersing in Japanese Tradition,Top::Guts +10||Bot::Speed +10,2
eishin-flash-collectchocolatier,date,acclimating,Acclimating,Top::Power +10||Bot::Guts +10||Mid::Stamina +10,3
eishin-flash-collectchocolatier,date,conveying_sincerity,Conveying Sincerity,Top::Speed +10||Bot::Wit +10,4
eishin-flash-collectchocolatier,date,reminiscing_at_the_freizeitpark,Reminiscing at the Freizeitpark,Top::Power +10||Bot::Stamina +10,5
eishin-flash-collectchocolatier,secret,after_the_japanese_derby_der_sieg,After the Japanese Derby: Der Sieg,conditions::Win the Tokyo Yushun (Japanese Derby)||reward::RR|Fighter hint +1,1
eishin-flash-collectchocolatier,secret,after_the_kikuka_sho_blick_nach_vorn,After the Kikuka Sho: Blick nach vorn,conditions::Win the Kikuka Sho||reward::Energy -15|1 random stat +10|Skill points +45,2
eishin-flash-collectchocolatier,secret,erinnerung_an_tokyo,Erinnerung an Tokyo,conditions::win_g1_track: 10006|2|Win the Arima Kinen (Senior)||reward::Speed +10|Tokyo Racecourse ○ hint +1,3
eishin-flash-collectchocolatier,secret,erinnerung_an_den_sieg,Erinnerung an den Sieg,conditions::win_g1_track: 10006|3|Win the Arima Kinen (Senior)||reward::Speed +10|Power +10|Tokyo Racecourse ○ hint +1,4
eishin-flash-collectchocolatier,secret,der_rekord,Der Rekord,conditions::win_g1_track: 10006|5|Win the Arima Kinen (Senior)||reward::Speed +15|Stamina +15|Power +15|Skill points +25|Tokyo Racecourse ○ hint +1|Standard Distance ○ hint +1,5
eishin-flash-collectchocolatier,no_choices,die_achtung,Die Achtung,Wit +5,1
eishin-flash-collectchocolatier,no_choices,das_erlebnis,Das Erlebnis,Power +5,2
eishin-flash-collectchocolatier,no_choices,das_vorbild,Das Vorbild,Guts +5,3
eishin-flash-collectchocolatier,no_choices,die_chrysantheme,Die Chrysantheme,NO,4
eishin-flash-collectchocolatier,no_choices,die_torschlusspanik,Die Torschlusspanik,NO,5
eishin-flash-collectchocolatier,no_choices,die_frage,Die Frage,NO,6
eishin-flash-collectchocolatier,no_choices,leichter_gesagt_als_getan,Leichter gesagt als getan,Speed +10,7
eishin-flash-collectchocolatier,no_choices,das_ende,Das Ende...,Stamina +5,8
eishin-flash-collectchocolatier,no_choices,an_unfamiliar_deck,An Unfamiliar Deck,Mood -1|Speed -5,9
eishin-flash-collectchocolatier,no_choices,the_outcome_of_flash_s_plan,The Outcome of Flash's Plan,Energy +10|STAT_NOT_DISABLED +20|!Randomly either|NO,10
eishin-flash-collectchocolatier,no_choices,master_trainer,Master Trainer,Speed +10|(random) Get Practice Perfect ○ status,11
eishin-flash-collectchocolatier,no_choices,wo_ein_wille_ist_ist_auch_ein_weg,"Wo ein Wille ist, ist auch ein Weg",All stats +5|Skill points +5,12
eishin-flash-collectchocolatier,no_choices,in_search_of_black_pearls,In Search of Black Pearls,Mood -1,13
eishin-flash-collectchocolatier,no_choices,perplexed_by_the_forecast,Perplexed by the Forecast,Energy -10|Mood -1,14
eishin-flash-collectchocolatier,no_choices,i_ll_never_hand_it_over,I'll Never Hand It Over!,All stats +5|Skill points +30|Mood +2|(random) Get Fast Learner status,15
eishin-flash-collectchocolatier,no_choices,time_to_review_the_schedule,Time to Review the Schedule,Energy +15|Mood -1|Guts -5|!Randomly either|Energy +15|Guts -5|Get Slacker status|!Randomly either|Energy +15|Mood -1|Guts -5|Get Slacker status,16
eishin-flash-collectchocolatier,special,dance_lesson,Dance Lesson,Top::Speed +10||Bot::Wit +10,9
eishin-flash-collectchocolatier,special,bonus_at_start,Bonus at start,Skill points +120,1
eishin-flash-collectchocolatier,special,failed_training_get_well_soon,Failed training (Get Well Soon!),Top::Mood -1|Last trained stat -5|(random) Get Practice Poor status||Bot::!Randomly either|Mood -1|Last trained stat -10|(random) Get Practice Poor status|!or|Get Practice Perfect ○ status,2
eishin-flash-collectchocolatier,special,failed_training_don_t_overdo_it,Failed training (Don't Overdo It!),Top::Energy +10|Mood -2|Last trained stat -10|2 random stats -10|(random) Get Practice Poor status||Bot::!Randomly either|Mood -3|Last trained stat -10|2 random stats -10|Get Practice Poor status|!or|Energy +10|Get Practice Perfect ○ status,3
eishin-flash-collectchocolatier,special,extra_training,Extra Training,Top::Energy -5|Last trained stat +5|(random) Heal a negative status effect||Bot::Energy +5,4
eishin-flash-collectchocolatier,special,at_summer_camp_year_2,At Summer Camp (Year 2),Top::Power +10||Bot::Guts +10,5
eishin-flash-collectchocolatier,special,fan_letter,Fan Letter,Mood +1|Skill points +30,6
eishin-flash-collectchocolatier,special,new_year_s_resolutions,New Year's Resolutions,Top::Energy +20||Mid::Skill points +20||Bot::All stats +5,7
eishin-flash-collectchocolatier,special,new_year_s_shrine_visit,New Year's Shrine Visit,Top::Energy +30||Mid::All stats +5||Bot::Skill points +35,8
eishin-flash-collectchocolatier,after_race,victory_1st,Victory! (1st),Top::Energy -15|1 random stat +10 / +8 / +5|Skill points +45 / +35 / +30|(random) Hint for a skill related to the race||Bot::!Randomly either|Energy -5|1 random stat +10 / +8 / +5|Skill points +45 / +35 / +30|(random) Hint for a skill related to the race|!or|Energy -20|1 random stat +10 / +8 / +5|Skill points +45 / +35 / +30|(random) Hint for a skill related to the race,1
eishin-flash-collectchocolatier,after_race,solid_showing_2nd_5th,Solid Showing (2nd-5th),Top::Energy -20|1 random stat +8 / +5 / +3|Skill points +45 / +35 / +30|(random) Hint for a skill related to the race||Bot::!Randomly either|Energy -10|1 random stat +8 / +5 / +3|Skill points +45 / +35 / +30|(random) Hint for a skill related to the race|!or|Energy -30|1 random stat +8 / +5 / +3|Skill points +45 / +35 / +30|(random) Hint for a skill related to the race,2
eishin-flash-collectchocolatier,after_race,defeat_6th_or_worse,Defeat (6th or worse),Top::Energy -25|1 random stat +4 / +3 / +0|Skill points +25 / +20 / +10|(random) Hint for a skill related to the race||Bot::!Randomly either|Energy -15|1 random stat +4 / +3 / +0|Skill points +25 / +20 / +10|(random) Hint for a skill related to the race|!or|Energy -35|1 random stat +4 / +3 / +0|Skill points +25 / +20 / +10|(random) Hint for a skill related to the race,3
eishin-flash-collectchocolatier,after_race,etsuko_s_elated_coverage,Etsuko's Elated Coverage,Energy -15|Mood +1|1 random stat +10 / +8 / +5|Skill points +45 / +35 / +30|Fans +500|(random) Hint for a skill related to the race|Etsuko Otonashi bond +15,4
eishin-flash-collectchocolatier,after_race,etsuko_s_exhaustive_coverage,Etsuko's Exhaustive Coverage,Top::!Randomly either|Energy -25|Mood -1|1 random stat +4 / +3 / +0|Skill points +25 / +20 / +10|Etsuko Otonashi bond -10|!or|Energy -15|Mood +1|1 random stat +4 / +3 / +0|Skill points +25 / +20 / +10|Etsuko Otonashi bond +15||Bot::Energy -20|1 random stat +4 / +3 / +0|Skill points +25 / +20 / +10|Etsuko Otonashi bond +10,5
mejiro-ardan-clinochlore-line,costume,faith_in_one_another,Faith in One Another,Top::Speed +20||Bot::Guts +20,1
mejiro-ardan-clinochlore-line,costume,glass_waltz,Glass Waltz,Top::Power +10|Guts +10||Bot::Wit +20,2
mejiro-ardan-clinochlore-line,costume,an_afternoon_of_memories,An Afternoon of Memories,Top::Stamina +20|(random) Get Fast Learner status||Bot::Wit +20|(random) Get Fast Learner status,3
mejiro-ardan-clinochlore-line,choices,the_path_forks,The Path Forks,Top::Stamina +5|RC||Bot::Speed +5|RC,1
mejiro-ardan-clinochlore-line,choices,out_of_the_frying_pan_and_onto_her_lap,Out of the Frying Pan and onto Her Lap,Top::Speed +10||Bot::Stamina +10,2
mejiro-ardan-clinochlore-line,choices,girl_talk,Girl Talk,Top::Mood +1|Guts +5||Bot::Wit +10,3
mejiro-ardan-clinochlore-line,choices,my_body_s_moving_on_its_own,My Body's Moving on Its Own?!,Top::Speed +10|Skill points +15||Bot::Prepared to Pass hint +1,4
mejiro-ardan-clinochlore-line,choices,historical_reflection,Historical Reflection,Top::Power +25||Bot::Pace Chaser Savvy ○ hint +1||Mid::Energy +10|(random) Get Charming ○ status,5
mejiro-ardan-clinochlore-line,choices,bitter_pills_are_the_best_medicine,Bitter Pills Are the Best Medicine,Top::Energy +10|Skill points +5||Bot::!Randomly either (~90%)|Energy +30|Skill points +10|!Randomly either (~10%)|Energy +30|Skill points +10|Speed -5|Power +5|Get Slow Metabolism status,6
mejiro-ardan-clinochlore-line,date,ardan_s_guide_to_detours_for_beginners,Ardan's Guide to Detours: For Beginners,Top::Power +10||Bot::Wit +10,1
mejiro-ardan-clinochlore-line,date,ardan_s_guide_to_detours_for_the_adventurous,Ardan's Guide to Detours: For the Adventurous,Top::Energy +10||Bot::Wit +10,2
mejiro-ardan-clinochlore-line,date,ardan_s_guide_to_detours_for_the_wistful,Ardan's Guide to Detours: For the Wistful,Top::Speed +10||Bot::Wit +10||Mid::Stamina +10,3
mejiro-ardan-clinochlore-line,date,films_with_friends,Films with Friends,Top::Wit +10||Bot::Speed +10,4
mejiro-ardan-clinochlore-line,date,improbably_tough,Improbably Tough?,Top::Stamina +10||Bot::Guts +10,5
mejiro-ardan-clinochlore-line,secret,after_the_debut_evening_rift,After the Debut: Evening Rift,conditions::Participate in the debut||reward::RR|Get Legs of Glass status,1
mejiro-ardan-clinochlore-line,secret,after_the_japanese_derby_shattering_fate,After the Japanese Derby: Shattering Fate,conditions::Win the Tokyo Yushun (Japanese Derby)||reward::RR|All I've Got hint +1,2
mejiro-ardan-clinochlore-line,secret,after_the_kikuka_sho_fighting_the_current,After the Kikuka Sho: Fighting the Current,conditions::Win the Kikuka Sho||reward::All stats +3|Skill points +45|Pressure hint +1|Yayoi Akikawa bond +4,3
mejiro-ardan-clinochlore-line,secret,after_the_tenno_sho_autumn_against_the_thunder,After the Tenno Sho (Autumn): Against the Thunder,conditions::Win the Tenno Sho (Autumn) (Classic)||reward::All stats +3|Skill points +45|Steadfast hint +1|Yayoi Akikawa bond +4,4
mejiro-ardan-clinochlore-line,secret,after_the_tenno_sho_autumn_now_vivid_lights_converge,"After the Tenno Sho (Autumn): Now, Vivid Lights Converge",conditions::Participate in the Kikuka Sho (Classic)|Win the Tenno Sho (Autumn) (Senior)||reward::RR|Ramp Up hint +1|HE,5
mejiro-ardan-clinochlore-line,secret,after_the_tenno_sho_autumn_now_lights_at_their_zenith,"After the Tenno Sho (Autumn): Now, Lights at Their Zenith",conditions::Participate in the Tenno Sho (Autumn) (Classic)|Win the Tenno Sho (Autumn) (Senior)||reward::RR|Corner Recovery ○ hint +1|HE,6
mejiro-ardan-clinochlore-line,no_choices,fates_intertwined,Fates Intertwined,Power +5,1
mejiro-ardan-clinochlore-line,no_choices,to_blot_out_the_sunlight,To Blot Out the Sunlight,Guts +5,2
mejiro-ardan-clinochlore-line,no_choices,what_the_setting_sun_shines_upon,What the Setting Sun Shines Upon,Power +10,3
mejiro-ardan-clinochlore-line,no_choices,for_your_sake,For Your Sake,Wit +5,4
mejiro-ardan-clinochlore-line,no_choices,a_body_that_won_t_listen,A Body That Won't Listen,Mood -1|Stamina -5,5
mejiro-ardan-clinochlore-line,no_choices,legs_of_glass,Legs of Glass,Energy -10|Get Practice Poor status,6
mejiro-ardan-clinochlore-line,no_choices,master_trainer,Master Trainer,Wit +10|(random) Get Practice Perfect ○ status,7
mejiro-ardan-clinochlore-line,no_choices,i_hereby_vow,I Hereby Vow,All stats +5|Skill points +5,8
mejiro-ardan-clinochlore-line,no_choices,it_s_just_not_quite_right,It's Just Not Quite Right...,Mood -1,9
mejiro-ardan-clinochlore-line,no_choices,take_good_care_of_yourself,Take Good Care of Yourself,Energy -10|Mood -1,10
mejiro-ardan-clinochlore-line,no_choices,a_guide_to_martial_arts_guides,A Guide to Martial Arts Guides,All stats +5|Skill points +30|Mood +2|(random) Get Fast Learner status,11
mejiro-ardan-clinochlore-line,no_choices,victory_party_planning,Victory Party Planning,Energy +15|Mood -1|Guts -5|!Randomly either|Energy +15|Guts -5|Get Slacker status|!Randomly either|Energy +15|Mood -1|Guts -5|Get Slacker status,12
mejiro-ardan-clinochlore-line,special,dance_lesson,Dance Lesson,Top::Speed +10||Bot::Power +10,9
mejiro-ardan-clinochlore-line,special,bonus_at_start,Bonus at start,Skill points +120,1
mejiro-ardan-clinochlore-line,special,failed_training_get_well_soon,Failed training (Get Well Soon!),Top::Mood -1|Last trained stat -5|(random) Get Practice Poor status||Bot::!Randomly either|Mood -1|Last trained stat -10|(random) Get Practice Poor status|!or|Get Practice Perfect ○ status,2
mejiro-ardan-clinochlore-line,special,failed_training_don_t_overdo_it,Failed training (Don't Overdo It!),Top::Energy +10|Mood -2|Last trained stat -10|2 random stats -10|(random) Get Practice Poor status||Bot::!Randomly either|Mood -3|Last trained stat -10|2 random stats -10|Get Practice Poor status|!or|Energy +10|Get Practice Perfect ○ status,3
mejiro-ardan-clinochlore-line,special,extra_training,Extra Training,Top::Energy -5|Last trained stat +5|(random) Heal a negative status effect||Bot::Energy +5,4
mejiro-ardan-clinochlore-line,special,at_summer_camp_year_2,At Summer Camp (Year 2),Top::Power +10||Bot::Guts +10,5
mejiro-ardan-clinochlore-line,special,fan_letter,Fan Letter,Mood +1|Skill points +30,6
mejiro-ardan-clinochlore-line,special,new_year_s_resolutions,New Year's Resolutions,Top::Energy +20||Mid::Skill points +20||Bot::All stats +5,7
mejiro-ardan-clinochlore-line,special,new_year_s_shrine_visit,New Year's Shrine Visit,Top::Energy +30||Mid::All stats +5||Bot::Skill points +35,8
mejiro-ardan-clinochlore-line,after_race,victory_1st,Victory! (1st),Top::Energy -15|1 random stat +10 / +8 / +5|Skill points +45 / +35 / +30|(random) Hint for a skill related to the race||Bot::!Randomly either|Energy -5|1 random stat +10 / +8 / +5|Skill points +45 / +35 / +30|(random) Hint for a skill related to the race|!or|Energy -20|1 random stat +10 / +8 / +5|Skill points +45 / +35 / +30|(random) Hint for a skill related to the race,1
mejiro-ardan-clinochlore-line,after_race,solid_showing_2nd_5th,Solid Showing (2nd-5th),Top::Energy -20|1 random stat +8 / +5 / +3|Skill points +45 / +35 / +30|(random) Hint for a skill related to the race||Bot::!Randomly either|Energy -10|1 random stat +8 / +5 / +3|Skill points +45 / +35 / +30|(random) Hint for a skill related to the race|!or|Energy -30|1 random stat +8 / +5 / +3|Skill points +45 / +35 / +30|(random) Hint for a skill related to the race,2
mejiro-ardan-clinochlore-line,after_race,defeat_6th_or_worse,Defeat (6th or worse),Top::Energy -25|1 random stat +4 / +3 / +0|Skill points +25 / +20 / +10|(random) Hint for a skill related to the race||Bot::!Randomly either|Energy -15|1 random stat +4 / +3 / +0|Skill points +25 / +20 / +10|(random) Hint for a skill related to the race|!or|Energy -35|1 random stat +4 / +3 / +0|Skill points +25 / +20 / +10|(random) Hint for a skill related to the race,3
mejiro-ardan-clinochlore-line,after_race,etsuko_s_elated_coverage,Etsuko's Elated Coverage,Energy -15|Mood +1|1 random stat +10 / +8 / +5|Skill points +45 / +35 / +30|Fans +500|(random) Hint for a skill related to the race|Etsuko Otonashi bond +15,4
mejiro-ardan-clinochlore-line,after_race,etsuko_s_exhaustive_coverage,Etsuko's Exhaustive Coverage,Top::!Randomly either|Energy -25|Mood -1|1 random stat +4 / +3 / +0|Skill points +25 / +20 / +10|Etsuko Otonashi bond -10|!or|Energy -15|Mood +1|1 random stat +4 / +3 / +0|Skill points +25 / +20 / +10|Etsuko Otonashi bond +15||Bot::Energy -20|1 random stat +4 / +3 / +0|Skill points +25 / +20 / +10|Etsuko Otonashi bond +10,5
admire-vega-starry-nocturne,costume,hear_my_heart,Hear My Heart,Top::Power +20||Bot::Stamina +20,1
admire-vega-starry-nocturne,costume,through_silence,Through Silence,Top::Wit +20||Bot::Speed +20,2
admire-vega-starry-nocturne,costume,a_single_purpose,A Single Purpose,Top::Power +10|Guts +10|(random) Get Charming ○ status||Bot::Speed +20|(random) Get Charming ○ status,3
admire-vega-starry-nocturne,choices,ayabe_s_killer_technique,Ayabe's Killer Technique,Top::Energy -10|Power +20||Bot::Guts +10,1
admire-vega-starry-nocturne,choices,dorm_sisters_for_the_win,Dorm Sisters for the Win,Top::Speed +10||Bot::Energy +5|Power +5,2
admire-vega-starry-nocturne,choices,beyond_clouds_and_space,Beyond Clouds and Space,Top::Power +10|Skill points +15||Bot::Masterful Gambit hint +1,3
admire-vega-starry-nocturne,choices,ayabe_makes_a_sandwich,Ayabe Makes a Sandwich,Top::Straightaway Adept hint +1||Bot::Power +15|Mood +1|Straightaway Spurt hint +1|!Randomly either|Power +10|Mood -1|!Randomly either|Power +10|Mood +1||Mid::Wit +15|Mood +1|Medium Straightaways ○ hint +1|!Randomly either|Wit +10|Mood -1|!Randomly either|Wit +10|Mood +1||4::Speed +15|Mood +1|Lay Low hint +1|!Randomly either|Speed +10|Mood -1|!Randomly either|Speed +10|Mood +1,4
admire-vega-starry-nocturne,choices,a_fluffy_treat,A Fluffy Treat,Top::Energy +10|Skill points +5||Bot::!Randomly either (~90%)|Energy +30|Skill points +10|!Randomly either (~10%)|Energy +30|Skill points +10|Speed -5|Power +5|Get Slow Metabolism status,5
admire-vega-starry-nocturne,date,just_doing_what_s_right,Just Doing What's Right,Top::Power +10||Bot::Wit +10,1
admire-vega-starry-nocturne,date,more_than_words,More than Words,Top::Energy +10||Bot::Speed +10,2
admire-vega-starry-nocturne,date,accepting_gratitude,Accepting Gratitude,Top::Guts +10||Bot::Stamina +10||Mid::Wit +10,3
admire-vega-starry-nocturne,date,an_eye_for_fluff,An Eye for Fluff,Top::Wit +10||Bot::Power +10,4
admire-vega-starry-nocturne,date,scene_from_a_dream,Scene from a Dream,Top::Stamina +10||Bot::Speed +10,5
admire-vega-starry-nocturne,secret,a_synergy_of_stars,A Synergy of Stars,"conditions::Triggers during Late December Senior Year|rn_race_w: [1015, 1058, 1077]|8||reward::CT|Speed +15|Power +15|Skill points +20|End Closer Straightaways ○ hint +1|End Closer Corners ○ hint +1|CT|Speed +10|Power +10|End Closer Corners ○ hint +1|CT|Power +10|End Closer Corners ○ hint +1",1
admire-vega-starry-nocturne,no_choices,mysterious_comet,Mysterious Comet,Wit +5,1
admire-vega-starry-nocturne,no_choices,procyon_takes_aim,Procyon Takes Aim,Power +5,2
admire-vega-starry-nocturne,no_choices,destined_gemini,Destined Gemini,NO,3
admire-vega-starry-nocturne,no_choices,until_tycho_rises,Until Tycho Rises,Speed +10,4
admire-vega-starry-nocturne,no_choices,let_the_starlight_guide_you,Let the Starlight Guide You,Power +10,5
admire-vega-starry-nocturne,no_choices,turbulent_regulus,Turbulent Regulus,NO,6
admire-vega-starry-nocturne,no_choices,arise_pegasus,"Arise, Pegasus",NO,7
admire-vega-starry-nocturne,no_choices,observe_quietly_please,"Observe Quietly, Please",Mood -1|Power -5,8
admire-vega-starry-nocturne,no_choices,master_trainer,Master Trainer,Power +10|(random) Get Practice Perfect ○ status,9
admire-vega-starry-nocturne,no_choices,dear_me,"Dear ""Me""",All stats +5|Skill points +5,10
admire-vega-starry-nocturne,no_choices,touch_is_everything,Touch Is Everything,Mood -1,11
admire-vega-starry-nocturne,no_choices,with_a_cup_of_coffee,With a Cup of Coffee,Energy -10|Mood -1,12
admire-vega-starry-nocturne,no_choices,a_nighttime_encounter,A Nighttime Encounter,All stats +5|Skill points +30|Mood +2|(random) Get Fast Learner status,13
admire-vega-starry-nocturne,no_choices,i_have_to_help,I Have to Help!,Energy +15|Mood -1|Guts -5|!Randomly either|Energy +15|Guts -5|Get Slacker status|!Randomly either|Energy +15|Mood -1|Guts -5|Get Slacker status,14
admire-vega-starry-nocturne,special,dance_lesson,Dance Lesson,Top::Wit +10||Bot::Speed +10,9
admire-vega-starry-nocturne,special,bonus_at_start,Bonus at start,Skill points +120,1
admire-vega-starry-nocturne,special,failed_training_get_well_soon,Failed training (Get Well Soon!),Top::Mood -1|Last trained stat -5|(random) Get Practice Poor status||Bot::!Randomly either|Mood -1|Last trained stat -10|(random) Get Practice Poor status|!or|Get Practice Perfect ○ status,2
admire-vega-starry-nocturne,special,failed_training_don_t_overdo_it,Failed training (Don't Overdo It!),Top::Energy +10|Mood -2|Last trained stat -10|2 random stats -10|(random) Get Practice Poor status||Bot::!Randomly either|Mood -3|Last trained stat -10|2 random stats -10|Get Practice Poor status|!or|Energy +10|Get Practice Perfect ○ status,3
admire-vega-starry-nocturne,special,extra_training,Extra Training,Top::Energy -5|Last trained stat +5|(random) Heal a negative status effect||Bot::Energy +5,4
admire-vega-starry-nocturne,special,at_summer_camp_year_2,At Summer Camp (Year 2),Top::Power +10||Bot::Guts +10,5
admire-vega-starry-nocturne,special,fan_letter,Fan Letter,Mood +1|Skill points +30,6
admire-vega-starry-nocturne,special,new_year_s_resolutions,New Year's Resolutions,Top::Energy +20||Mid::Skill points +20||Bot::All stats +5,7
admire-vega-starry-nocturne,special,new_year_s_shrine_visit,New Year's Shrine Visit,Top::Energy +30||Mid::All stats +5||Bot::Skill points +35,8
admire-vega-starry-nocturne,after_race,victory_1st,Victory! (1st),Top::Energy -15|1 random stat +10 / +8 / +5|Skill points +45 / +35 / +30|(random) Hint for a skill related to the race||Bot::!Randomly either|Energy -5|1 random stat +10 / +8 / +5|Skill points +45 / +35 / +30|(random) Hint for a skill related to the race|!or|Energy -20|1 random stat +10 / +8 / +5|Skill points +45 / +35 / +30|(random) Hint for a skill related to the race,1
admire-vega-starry-nocturne,after_race,solid_showing_2nd_5th,Solid Showing (2nd-5th),Top::Energy -20|1 random stat +8 / +5 / +3|Skill points +45 / +35 / +30|(random) Hint for a skill related to the race||Bot::!Randomly either|Energy -10|1 random stat +8 / +5 / +3|Skill points +45 / +35 / +30|(random) Hint for a skill related to the race|!or|Energy -30|1 random stat +8 / +5 / +3|Skill points +45 / +35 / +30|(random) Hint for a skill related to the race,2
admire-vega-starry-nocturne,after_race,defeat_6th_or_worse,Defeat (6th or worse),Top::Energy -25|1 random stat +4 / +3 / +0|Skill points +25 / +20 / +10|(random) Hint for a skill related to the race||Bot::!Randomly either|Energy -15|1 random stat +4 / +3 / +0|Skill points +25 / +20 / +10|(random) Hint for a skill related to the race|!or|Energy -35|1 random stat +4 / +3 / +0|Skill points +25 / +20 / +10|(random) Hint for a skill related to the race,3
admire-vega-starry-nocturne,after_race,etsuko_s_elated_coverage,Etsuko's Elated Coverage,Energy -15|Mood +1|1 random stat +10 / +8 / +5|Skill points +45 / +35 / +30|Fans +500|(random) Hint for a skill related to the race|Etsuko Otonashi bond +15,4
admire-vega-starry-nocturne,after_race,etsuko_s_exhaustive_coverage,Etsuko's Exhaustive Coverage,Top::!Randomly either|Energy -25|Mood -1|1 random stat +4 / +3 / +0|Skill points +25 / +20 / +10|Etsuko Otonashi bond -10|!or|Energy -15|Mood +1|1 random stat +4 / +3 / +0|Skill points +25 / +20 / +10|Etsuko Otonashi bond +15||Bot::Energy -20|1 random stat +4 / +3 / +0|Skill points +25 / +20 / +10|Etsuko Otonashi bond +10,5
matikanetannhauser-pan-paka-tiru-toto,costume,a_step_beyond_ordinary,A Step Beyond Ordinary,Top::Power +20||Bot::Guts +20,1
matikanetannhauser-pan-paka-tiru-toto,costume,machitan_the_wedding_officiant,Machitan the Wedding Officiant,Top::Wit +20||Bot::Stamina +10|Skill points +15,2
matikanetannhauser-pan-paka-tiru-toto,costume,menu_makeover,Menu Makeover,Top::Stamina +10|Power +10|(random) Get Hot Topic status||Bot::Guts +10|Wit +10|(random) Get Hot Topic status,3
matikanetannhauser-pan-paka-tiru-toto,choices,love_tastes_like_grilled_mackerel,Love Tastes Like Grilled Mackerel,Top::Stamina +10||Bot::Mood +1|Speed +5,1
matikanetannhauser-pan-paka-tiru-toto,choices,a_swift_resolution,A Swift Resolution!,Top::Power +10||Bot::Energy +5|Skill points +15,2
matikanetannhauser-pan-paka-tiru-toto,choices,a_long_awaited_lunch,A Long-Awaited Lunch,Top::Mood +1|Stamina +10||Bot::Pace Strategy hint +1,3
matikanetannhauser-pan-paka-tiru-toto,choices,jumbo_fried_party,Jumbo Fried Party,Top::Energy +10|Skill points +5||Bot::!Randomly either (~90%)|Energy +30|Skill points +10|!Randomly either (~10%)|Energy +30|Skill points +10|Speed -5|Power +5|Get Slow Metabolism status,4
matikanetannhauser-pan-paka-tiru-toto,date,a_bubbly_partnership,A Bubbly Partnership,Top::Stamina +10||Bot::Wit +10,1
matikanetannhauser-pan-paka-tiru-toto,date,hospitali_don_t,Hospitali-Don't,Top::Guts +10||Bot::Stamina +10,2
matikanetannhauser-pan-paka-tiru-toto,date,machitan_hospitality,Machitan Hospitality!,Top::Wit +10||Bot::Speed +10||Mid::Guts +10,3
matikanetannhauser-pan-paka-tiru-toto,date,i_ll_be_a_dependable_big_sis,I'll Be a Dependable Big Sis!,Top::Power +10||Bot::Guts +10,4
matikanetannhauser-pan-paka-tiru-toto,date,machitan_s_first_hat,Machitan's First Hat,Top::Stamina +5|Wit +5||Bot::Speed +10,5
matikanetannhauser-pan-paka-tiru-toto,secret,after_the_mile_championship_high_key_happy,After the Mile Championship: High-Key Happy,conditions::beat_rival: 101801|2|1065||reward::RR|Power +20|Skill points +20|Mile Corners ○ hint +1,1
matikanetannhauser-pan-paka-tiru-toto,secret,after_the_arima_kinen_ramen_to_wash_down_the_win,After the Arima Kinen: Ramen to Wash Down the Win,conditions::beat_rival: 102301|2|1060||reward::RR|Stamina +20|Skill points +20|Inside Scoop hint +1,2
matikanetannhauser-pan-paka-tiru-toto,secret,after_the_yasuda_kinen_a_triumphant_bath,After the Yasuda Kinen: A Triumphant Bath,conditions::beat_rival: 101101|3|1063||reward::RR|Guts +20|Skill points +20|Updrafters hint +1,3
matikanetannhauser-pan-paka-tiru-toto,secret,after_the_all_comers_win_and_run_wild,After the All Comers: Win and Run Wild,conditions::beat_rival: 202501|3|1066||reward::RR|Speed +20|Skill points +20|All I've Got hint +1,4
matikanetannhauser-pan-paka-tiru-toto,no_choices,this_girl_that_girl_and_the_other_one,"This Girl, That Girl, and the Other One",Guts +5,1
matikanetannhauser-pan-paka-tiru-toto,no_choices,i_still_dream_of_taking_first,I Still Dream of Taking First!,Guts +5,2
matikanetannhauser-pan-paka-tiru-toto,no_choices,dizzy_burning_and_fighting_for_the_win,"Dizzy, Burning, and Fighting for the Win",Stamina +5,3
matikanetannhauser-pan-paka-tiru-toto,no_choices,the_shining_glittering_girl_ahead,"The Shining, Glittering Girl Ahead",Power +5,4
matikanetannhauser-pan-paka-tiru-toto,no_choices,soft_and_sparkly_aspirations,Soft and Sparkly Aspirations,Wit +5,5
matikanetannhauser-pan-paka-tiru-toto,no_choices,there_s_always_next_time,There's Always Next Time,Guts +5|RL|RA,6
matikanetannhauser-pan-paka-tiru-toto,no_choices,tuckered_out,Tuckered Out,Guts -5|Mood -1,7
matikanetannhauser-pan-paka-tiru-toto,no_choices,machitan_s_mun_mun_day,Machitan's Mun Mun Day,Power +10|Guts +10|Mood +1|!Randomly either|Power +10|Guts +10|Mood -1,8
matikanetannhauser-pan-paka-tiru-toto,no_choices,master_trainer,Master Trainer,Guts +10|(random) Get Practice Perfect ○ status,9
matikanetannhauser-pan-paka-tiru-toto,no_choices,food_tears_and_a_star,"Food, Tears, and a Star",All stats +5|Skill points +5,10
matikanetannhauser-pan-paka-tiru-toto,no_choices,elusive_earworm,Elusive Earworm,Mood -1,11
matikanetannhauser-pan-paka-tiru-toto,no_choices,oh_nose,"Oh, Nose!",Energy -10|Mood -1,12
matikanetannhauser-pan-paka-tiru-toto,no_choices,nosebleeds_aren_t_so_bad,Nosebleeds Aren't So Bad,All stats +5|Skill points +30|Mood +2|(random) Get Fast Learner status,13
matikanetannhauser-pan-paka-tiru-toto,no_choices,an_eight_legged_encounter,An Eight-Legged Encounter,Energy +15|Mood -1|Guts -5|!Randomly either|Energy +15|Guts -5|Get Slacker status|!Randomly either|Energy +15|Mood -1|Guts -5|Get Slacker status,14
matikanetannhauser-pan-paka-tiru-toto,special,dance_lesson,Dance Lesson,Top::Guts +10||Bot::Wit +10,9
matikanetannhauser-pan-paka-tiru-toto,special,bonus_at_start,Bonus at start,Skill points +120,1
matikanetannhauser-pan-paka-tiru-toto,special,failed_training_get_well_soon,Failed training (Get Well Soon!),Top::Mood -1|Last trained stat -5|(random) Get Practice Poor status||Bot::!Randomly either|Mood -1|Last trained stat -10|(random) Get Practice Poor status|!or|Get Practice Perfect ○ status,2
matikanetannhauser-pan-paka-tiru-toto,special,failed_training_don_t_overdo_it,Failed training (Don't Overdo It!),Top::Energy +10|Mood -2|Last trained stat -10|2 random stats -10|(random) Get Practice Poor status||Bot::!Randomly either|Mood -3|Last trained stat -10|2 random stats -10|Get Practice Poor status|!or|Energy +10|Get Practice Perfect ○ status,3
matikanetannhauser-pan-paka-tiru-toto,special,extra_training,Extra Training,Top::Energy -5|Last trained stat +5|(random) Heal a negative status effect||Bot::Energy +5,4
matikanetannhauser-pan-paka-tiru-toto,special,at_summer_camp_year_2,At Summer Camp (Year 2),Top::Power +10||Bot::Guts +10,5
matikanetannhauser-pan-paka-tiru-toto,special,fan_letter,Fan Letter,Mood +1|Skill points +30,6
matikanetannhauser-pan-paka-tiru-toto,special,new_year_s_resolutions,New Year's Resolutions,Top::Energy +20||Mid::Skill points +20||Bot::All stats +5,7
matikanetannhauser-pan-paka-tiru-toto,special,new_year_s_shrine_visit,New Year's Shrine Visit,Top::Energy +30||Mid::All stats +5||Bot::Skill points +35,8
matikanetannhauser-pan-paka-tiru-toto,after_race,victory_1st,Victory! (1st),Top::Energy -15|1 random stat +10 / +8 / +5|Skill points +45 / +35 / +30|(random) Hint for a skill related to the race||Bot::!Randomly either|Energy -5|1 random stat +10 / +8 / +5|Skill points +45 / +35 / +30|(random) Hint for a skill related to the race|!or|Energy -20|1 random stat +10 / +8 / +5|Skill points +45 / +35 / +30|(random) Hint for a skill related to the race,1
matikanetannhauser-pan-paka-tiru-toto,after_race,solid_showing_2nd_5th,Solid Showing (2nd-5th),Top::Energy -20|1 random stat +8 / +5 / +3|Skill points +45 / +35 / +30|(random) Hint for a skill related to the race||Bot::!Randomly either|Energy -10|1 random stat +8 / +5 / +3|Skill points +45 / +35 / +30|(random) Hint for a skill related to the race|!or|Energy -30|1 random stat +8 / +5 / +3|Skill points +45 / +35 / +30|(random) Hint for a skill related to the race,2
matikanetannhauser-pan-paka-tiru-toto,after_race,defeat_6th_or_worse,Defeat (6th or worse),Top::Energy -25|1 random stat +4 / +3 / +0|Skill points +25 / +20 / +10|(random) Hint for a skill related to the race||Bot::!Randomly either|Energy -15|1 random stat +4 / +3 / +0|Skill points +25 / +20 / +10|(random) Hint for a skill related to the race|!or|Energy -35|1 random stat +4 / +3 / +0|Skill points +25 / +20 / +10|(random) Hint for a skill related to the race,3
matikanetannhauser-pan-paka-tiru-toto,after_race,etsuko_s_elated_coverage,Etsuko's Elated Coverage,Energy -15|Mood +1|1 random stat +10 / +8 / +5|Skill points +45 / +35 / +30|Fans +500|(random) Hint for a skill related to the race|Etsuko Otonashi bond +15,4
matikanetannhauser-pan-paka-tiru-toto,after_race,etsuko_s_exhaustive_coverage,Etsuko's Exhaustive Coverage,Top::!Randomly either|Energy -25|Mood -1|1 random stat +4 / +3 / +0|Skill points +25 / +20 / +10|Etsuko Otonashi bond -10|!or|Energy -15|Mood +1|1 random stat +4 / +3 / +0|Skill points +25 / +20 / +10|Etsuko Otonashi bond +15||Bot::Energy -20|1 random stat +4 / +3 / +0|Skill points +25 / +20 / +10|Etsuko Otonashi bond +10,5
kitasan-black-crowning-ooban,costume,forget_me_not,Forget Me Not!,Top::Stamina +20||Bot::Speed +20,1
kitasan-black-crowning-ooban,costume,rain_or_shine,Rain or Shine,Top::Speed +10|Wit +10||Bot::Power +20,2
kitasan-black-crowning-ooban,costume,a_talent_for_cuteness,A Talent for Cuteness!,Top::Stamina +10|Wit +10|(random) Get Charming ○ status||Bot::Guts +20|(random) Get Charming ○ status,3
kitasan-black-crowning-ooban,choices,kitasan_and_the_witch,Kitasan and the Witch,Top::Stamina +10||Bot::Mood +1|Speed +5,1
kitasan-black-crowning-ooban,choices,my_dependable_upperclassman,My Dependable Upperclassman!,Top::Speed +10||Bot::Energy +10,2
kitasan-black-crowning-ooban,choices,a_prime_time_cameo,A Prime Time Cameo,Top::Speed +5|Guts +10||Bot::Corner Adept ○ hint +1,3
kitasan-black-crowning-ooban,choices,kitasan_the_traveling_masseuse,Kitasan the Traveling Masseuse!,Top::Speed +20||Bot::Energy +10|Guts +10||Mid::Corner Recovery ○ hint +1,4
kitasan-black-crowning-ooban,choices,eat_up_the_festival,Eat up the Festival!,Top::Energy +10|Skill points +5||Bot::!Randomly either (~90%)|Energy +30|Skill points +10|!Randomly either (~10%)|Energy +30|Skill points +10|Speed -5|Power +5|Get Slow Metabolism status,5
kitasan-black-crowning-ooban,date,come_one_and_all,"Come, One and All!",Top::Stamina +10||Bot::Wit +10,1
kitasan-black-crowning-ooban,date,im_not_afraid_of_any_ghosts,I’m Not Afraid of Any Ghosts!,Top::Speed +5|Stamina +5||Bot::Guts +10,2
kitasan-black-crowning-ooban,date,the_star_of_the_show_the_heart_of_the_festival,"The Star of the Show, the Heart of the Festival!",Top::Wit +10||Bot::Power +10||Mid::Speed +10,3
kitasan-black-crowning-ooban,date,toffee_tinted_memories,Toffee-Tinted Memories,Top::Stamina +10||Bot::Guts +5|Wit +5,4
kitasan-black-crowning-ooban,date,a_voice_like_none_other,A Voice Like None Other,Top::Wit +10||Bot::Power +10,5
kitasan-black-crowning-ooban,secret,doing_the_step_with_you,Doing the Step with You!,conditions::spring_triple_crown||reward::Spring Runner ○ hint +1|Soft Step hint +1,1
kitasan-black-crowning-ooban,secret,after_the_kikuka_sho_three_cheers_for_the_triple_crown_festival,After the Kikuka Sho: Three Cheers for the Triple Crown Festival!,conditions::triple_crown||reward::All stats +13|Skill points +54|Mood +1|Keeping the Lead hint +1|Firm Resolve hint +1|Yayoi Akikawa bond +4,2
kitasan-black-crowning-ooban,secret,after_the_arima_kinen_surpassing_one_s_hero,After the Arima Kinen: Surpassing One's Hero,conditions::triple_crown|Win the Arima Kinen (Senior)||reward::All stats +3|Skill points +45|Prudent Positioning hint +1|Yayoi Akikawa bond +3,3
kitasan-black-crowning-ooban,no_choices,twinned_ships_seperate_paths,"Twinned Ships, Seperate Paths",Guts +10,1
kitasan-black-crowning-ooban,no_choices,new_friends,New Friends,Wit +5,2
kitasan-black-crowning-ooban,no_choices,of_the_empress_s_blood,Of the Empress's Blood,Power +5,3
kitasan-black-crowning-ooban,no_choices,dark_clouds_in_the_spring_sky,Dark Clouds in the Spring Sky,Speed +10,4
kitasan-black-crowning-ooban,no_choices,a_soul_shaking_voice,A Soul-Shaking Voice,Mood -1|Power -5,5
kitasan-black-crowning-ooban,no_choices,master_trainer,Master Trainer,Stamina +10|(random) Get Practice Perfect ○ status,6
kitasan-black-crowning-ooban,no_choices,the_northern_sun,The Northern Sun,All stats +5|Skill points +5,7
kitasan-black-crowning-ooban,no_choices,bad_timing,Bad Timing,Mood -1,8
kitasan-black-crowning-ooban,no_choices,speak_not_of_one_s_age,Speak Not of One's Age,Energy -10|Mood -1,9
kitasan-black-crowning-ooban,no_choices,a_sparkling_smile,A Sparkling Smile,All stats +5|Skill points +30|Mood +2|(random) Get Fast Learner status,10
kitasan-black-crowning-ooban,no_choices,singing_under_the_bright_blue_sky,"Singing Under the Bright, Blue Sky",Energy +15|Mood -1|Guts -5|!Randomly either|Energy +15|Guts -5|Get Slacker status|!Randomly either|Energy +15|Mood -1|Guts -5|Get Slacker status,11
kitasan-black-crowning-ooban,special,dance_lesson,Dance Lesson,Top::Guts +10||Bot::Wit +10,9
kitasan-black-crowning-ooban,special,bonus_at_start,Bonus at start,Skill points +120,1
kitasan-black-crowning-ooban,special,failed_training_get_well_soon,Failed training (Get Well Soon!),Top::Mood -1|Last trained stat -5|(random) Get Practice Poor status||Bot::!Randomly either|Mood -1|Last trained stat -10|(random) Get Practice Poor status|!or|Get Practice Perfect ○ status,2
kitasan-black-crowning-ooban,special,failed_training_don_t_overdo_it,Failed training (Don't Overdo It!),Top::Energy +10|Mood -2|Last trained stat -10|2 random stats -10|(random) Get Practice Poor status||Bot::!Randomly either|Mood -3|Last trained stat -10|2 random stats -10|Get Practice Poor status|!or|Energy +10|Get Practice Perfect ○ status,3
kitasan-black-crowning-ooban,special,extra_training,Extra Training,Top::Energy -5|Last trained stat +5|(random) Heal a negative status effect||Bot::Energy +5,4
kitasan-black-crowning-ooban,special,at_summer_camp_year_2,At Summer Camp (Year 2),Top::Power +10||Bot::Guts +10,5
kitasan-black-crowning-ooban,special,fan_letter,Fan Letter,Mood +1|Skill points +30,6
kitasan-black-crowning-ooban,special,new_year_s_resolutions,New Year's Resolutions,Top::Energy +20||Mid::Skill points +20||Bot::All stats +5,7
kitasan-black-crowning-ooban,special,new_year_s_shrine_visit,New Year's Shrine Visit,Top::Energy +30||Mid::All stats +5||Bot::Skill points +35,8
kitasan-black-crowning-ooban,after_race,victory_1st,Victory! (1st),Top::Energy -15|1 random stat +10 / +8 / +5|Skill points +45 / +35 / +30|(random) Hint for a skill related to the race||Bot::!Randomly either|Energy -5|1 random stat +10 / +8 / +5|Skill points +45 / +35 / +30|(random) Hint for a skill related to the race|!or|Energy -20|1 random stat +10 / +8 / +5|Skill points +45 / +35 / +30|(random) Hint for a skill related to the race,1
kitasan-black-crowning-ooban,after_race,solid_showing_2nd_5th,Solid Showing (2nd-5th),Top::Energy -20|1 random stat +8 / +5 / +3|Skill points +45 / +35 / +30|(random) Hint for a skill related to the race||Bot::!Randomly either|Energy -10|1 random stat +8 / +5 / +3|Skill points +45 / +35 / +30|(random) Hint for a skill related to the race|!or|Energy -30|1 random stat +8 / +5 / +3|Skill points +45 / +35 / +30|(random) Hint for a skill related to the race,2
kitasan-black-crowning-ooban,after_race,defeat_6th_or_worse,Defeat (6th or worse),Top::Energy -25|1 random stat +4 / +3 / +0|Skill points +25 / +20 / +10|(random) Hint for a skill related to the race||Bot::!Randomly either|Energy -15|1 random stat +4 / +3 / +0|Skill points +25 / +20 / +10|(random) Hint for a skill related to the race|!or|Energy -35|1 random stat +4 / +3 / +0|Skill points +25 / +20 / +10|(random) Hint for a skill related to the race,3
kitasan-black-crowning-ooban,after_race,etsuko_s_elated_coverage,Etsuko's Elated Coverage,Energy -15|Mood +1|1 random stat +10 / +8 / +5|Skill points +45 / +35 / +30|Fans +500|(random) Hint for a skill related to the race|Etsuko Otonashi bond +15,4
kitasan-black-crowning-ooban,after_race,etsuko_s_exhaustive_coverage,Etsuko's Exhaustive Coverage,Top::!Randomly either|Energy -25|Mood -1|1 random stat +4 / +3 / +0|Skill points +25 / +20 / +10|Etsuko Otonashi bond -10|!or|Energy -15|Mood +1|1 random stat +4 / +3 / +0|Skill points +25 / +20 / +10|Etsuko Otonashi bond +15||Bot::Energy -20|1 random stat +4 / +3 / +0|Skill points +25 / +20 / +10|Etsuko Otonashi bond +10,5
satono-diamond-natural-brilliance,costume,a_sturdy_diamond_wrapped_in_silk,A Sturdy Diamond Wrapped in Silk,Top::Guts +20||Bot::Stamina +20,1
satono-diamond-natural-brilliance,costume,the_sweepy_5_initiation_test,The Sweepy 5 ☆ Initiation Test!,Top::Speed +20||Bot::Power +10|Skill points +15,2
satono-diamond-natural-brilliance,costume,an_umamusume_of_the_satono_family,An Umamusume of the Satono Family,Top::Wit +20|(random) Get Hot Topic status||Bot::Stamina +10|Power +10|(random) Get Hot Topic status,3
satono-diamond-natural-brilliance,choices,hiccup_sos,Hiccup SOS,Top::Stamina +10||Bot::Power +10,1
satono-diamond-natural-brilliance,choices,the_forbidden_blend,The Forbidden Blend,Top::Wit +10||Bot::Mood +1|Stamina +5,2
satono-diamond-natural-brilliance,choices,a_dream_too_big,A Dream Too Big,Top::Power +10|Guts +5||Bot::Straightaway Adept hint +1,3
satono-diamond-natural-brilliance,choices,follow_those_you_admire,Follow Those You Admire,Top::Guts +15|Deep Breaths hint +1||Bot::Energy +10|Wit +10||Mid::Power +10|Get Practice Perfect ○ status,4
satono-diamond-natural-brilliance,choices,an_appetite_to_reach_the_top,An Appetite to Reach the Top,Top::Energy +10|Skill points +5||Bot::!Randomly either (~90%)|Energy +30|Skill points +10|!Randomly either (~10%)|Energy +30|Skill points +10|Speed -5|Power +5|Get Slow Metabolism status,5
satono-diamond-natural-brilliance,date,back_alley_adventure,Back-Alley Adventure,Top::Wit +10||Bot::Power +10,1
satono-diamond-natural-brilliance,date,fresh_and_tasty,Fresh and Tasty!,Top::Speed +10||Bot::Stamina +10,2
satono-diamond-natural-brilliance,date,heart_pounding_thrills,Heart-Pounding Thrills,Top::Stamina +10||Bot::Guts +10||Mid::Wit +10,3
satono-diamond-natural-brilliance,date,shopfront_showdown,Shopfront Showdown,Top::Stamina +10||Bot::Guts +10,4
satono-diamond-natural-brilliance,date,the_key_to_color_coordination,The Key to Color Coordination,Top::Speed +10||Bot::Guts +10,5
satono-diamond-natural-brilliance,secret,join_those_you_admire,Join Those You Admire,conditions::autumn_triple_crown_senior||reward::Speed +10|Stamina +10|Guts +10|Skill points +10|Fall Runner ○ hint +1,1
satono-diamond-natural-brilliance,no_choices,that_which_strengthens_me,That Which Strengthens Me,Stamina +5,1
satono-diamond-natural-brilliance,no_choices,a_long_ways_to_go,A Long Ways to Go,Wit +5,2
satono-diamond-natural-brilliance,no_choices,that_which_hinders_me,That Which Hinders Me,Stamina +5,3
satono-diamond-natural-brilliance,no_choices,chasing_the_distant_future,Chasing the Distant Future,Speed +10,4
satono-diamond-natural-brilliance,no_choices,a_luster_like_none_other,A Luster Like None Other,NO,5
satono-diamond-natural-brilliance,no_choices,challenges_and_breaking_new_ground,Challenges and Breaking New Ground,NO,6
satono-diamond-natural-brilliance,no_choices,overshooting_the_mark,Overshooting the Mark,Mood -1|Stamina -5,7
satono-diamond-natural-brilliance,no_choices,master_trainer,Master Trainer,Speed +10|(random) Get Practice Perfect ○ status,8
satono-diamond-natural-brilliance,no_choices,leaving_a_brilliant_record,Leaving a Brilliant Record,All stats +5|Skill points +5,9
satono-diamond-natural-brilliance,no_choices,unexpected_error,Unexpected Error,Mood -1,10
satono-diamond-natural-brilliance,no_choices,nighty_night_kitty,"Nighty Night, Kitty",Energy -10|Mood -1,11
satono-diamond-natural-brilliance,no_choices,the_right_path,The Right Path,All stats +5|Skill points +30|Mood +2|(random) Get Fast Learner status,12
satono-diamond-natural-brilliance,no_choices,beyond_the_crowds,Beyond the Crowds,Energy +15|Mood -1|Guts -5|!Randomly either|Energy +15|Guts -5|Get Slacker status|!Randomly either|Energy +15|Mood -1|Guts -5|Get Slacker status,13
satono-diamond-natural-brilliance,special,dance_lesson,Dance Lesson,Top::Speed +10||Bot::Power +10,9
satono-diamond-natural-brilliance,special,bonus_at_start,Bonus at start,Skill points +120,1
satono-diamond-natural-brilliance,special,failed_training_get_well_soon,Failed training (Get Well Soon!),Top::Mood -1|Last trained stat -5|(random) Get Practice Poor status||Bot::!Randomly either|Mood -1|Last trained stat -10|(random) Get Practice Poor status|!or|Get Practice Perfect ○ status,2
satono-diamond-natural-brilliance,special,failed_training_don_t_overdo_it,Failed training (Don't Overdo It!),Top::Energy +10|Mood -2|Last trained stat -10|2 random stats -10|(random) Get Practice Poor status||Bot::!Randomly either|Mood -3|Last trained stat -10|2 random stats -10|Get Practice Poor status|!or|Energy +10|Get Practice Perfect ○ status,3
satono-diamond-natural-brilliance,special,extra_training,Extra Training,Top::Energy -5|Last trained stat +5|(random) Heal a negative status effect||Bot::Energy +5,4
satono-diamond-natural-brilliance,special,at_summer_camp_year_2,At Summer Camp (Year 2),Top::Power +10||Bot::Guts +10,5
satono-diamond-natural-brilliance,special,fan_letter,Fan Letter,Mood +1|Skill points +30,6
satono-diamond-natural-brilliance,special,new_year_s_resolutions,New Year's Resolutions,Top::Energy +20||Mid::Skill points +20||Bot::All stats +5,7
satono-diamond-natural-brilliance,special,new_year_s_shrine_visit,New Year's Shrine Visit,Top::Energy +30||Mid::All stats +5||Bot::Skill points +35,8
satono-diamond-natural-brilliance,after_race,victory_1st,Victory! (1st),Top::Energy -15|1 random stat +10 / +8 / +5|Skill points +45 / +35 / +30|(random) Hint for a skill related to the race||Bot::!Randomly either|Energy -5|1 random stat +10 / +8 / +5|Skill points +45 / +35 / +30|(random) Hint for a skill related to the race|!or|Energy -20|1 random stat +10 / +8 / +5|Skill points +45 / +35 / +30|(random) Hint for a skill related to the race,1
satono-diamond-natural-brilliance,after_race,solid_showing_2nd_5th,Solid Showing (2nd-5th),Top::Energy -20|1 random stat +8 / +5 / +3|Skill points +45 / +35 / +30|(random) Hint for a skill related to the race||Bot::!Randomly either|Energy -10|1 random stat +8 / +5 / +3|Skill points +45 / +35 / +30|(random) Hint for a skill related to the race|!or|Energy -30|1 random stat +8 / +5 / +3|Skill points +45 / +35 / +30|(random) Hint for a skill related to the race,2
satono-diamond-natural-brilliance,after_race,defeat_6th_or_worse,Defeat (6th or worse),Top::Energy -25|1 random stat +4 / +3 / +0|Skill points +25 / +20 / +10|(random) Hint for a skill related to the race||Bot::!Randomly either|Energy -15|1 random stat +4 / +3 / +0|Skill points +25 / +20 / +10|(random) Hint for a skill related to the race|!or|Energy -35|1 random stat +4 / +3 / +0|Skill points +25 / +20 / +10|(random) Hint for a skill related to the race,3
satono-diamond-natural-brilliance,after_race,etsuko_s_elated_coverage,Etsuko's Elated Coverage,Energy -15|Mood +1|1 random stat +10 / +8 / +5|Skill points +45 / +35 / +30|Fans +500|(random) Hint for a skill related to the race|Etsuko Otonashi bond +15,4
satono-diamond-natural-brilliance,after_race,etsuko_s_exhaustive_coverage,Etsuko's Exhaustive Coverage,Top::!Randomly either|Energy -25|Mood -1|1 random stat +4 / +3 / +0|Skill points +25 / +20 / +10|Etsuko Otonashi bond -10|!or|Energy -15|Mood +1|1 random stat +4 / +3 / +0|Skill points +25 / +20 / +10|Etsuko Otonashi bond +15||Bot::Energy -20|1 random stat +4 / +3 / +0|Skill points +25 / +20 / +10|Etsuko Otonashi bond +10,5
mejiro-bright-brunissage-line,costume,the_blues_beneath_the_green_and_white,The Blues Beneath the Green and White,Top::Stamina +20||Bot::Wit +20,1
mejiro-bright-brunissage-line,costume,is_miss_bright_afraid_of_nothing,Is Miss Bright Afraid of Nothing?,Top::Guts +10|Skill points +15||Bot::Speed +20,2
mejiro-bright-brunissage-line,costume,to_put_your_heart_at_ease,To Put Your Heart at Ease,Top::Stamina +10|Guts +10|(random) Get Charming ○ status||Bot::Power +20|(random) Get Charming ○ status,3
mejiro-bright-brunissage-line,choices,impervious_to_influence,Impervious to Influence,Top::Power +10||Bot::Mood +1|Skill points +15,1
mejiro-bright-brunissage-line,choices,could_this_magic_be_clairvoyant,Could This Magic Be Clairvoyant?,Top::Energy -10|Stamina +20||Bot::Speed +5|Skill points +15,2
mejiro-bright-brunissage-line,choices,i_can_look_after_you_really,I Can Look After You! Really!,Top::Speed +5|Power +10||Bot::Wet Conditions ○ hint +1,3
mejiro-bright-brunissage-line,choices,a_testing_tea_party,A Testing Tea Party,Top::Energy +10|Skill points +5||Bot::!Randomly either (~90%)|Energy +30|Skill points +10|!Randomly either (~10%)|Energy +30|Skill points +10|Speed -5|Power +5|Get Slow Metabolism status,4
mejiro-bright-brunissage-line,date,bright_in_the_underworld,Bright in the Underworld,Top::Stamina +10||Bot::Wit +10,1
mejiro-bright-brunissage-line,date,bright_in_a_new_world,Bright in a New World,Top::Guts +10||Bot::Speed +10,2
mejiro-bright-brunissage-line,date,bright_in_the_world_of_wonders,Bright in the World of Wonders,Top::Stamina +10||Bot::Power +10||Mid::Wit +10,3
mejiro-bright-brunissage-line,date,a_helping_hand_and_a_watchful_eye,A Helping Hand and a Watchful Eye,Top::Speed +10||Bot::Wit +10,4
mejiro-bright-brunissage-line,date,save_the_lucky_cat_figurine,Save the Lucky Cat Figurine!,Top::Guts +10||Bot::Power +10,5
mejiro-bright-brunissage-line,secret,a_mejiro_s_path_two_plaques,A Mejiro's Path: Two Plaques,conditions::Win the Tenno Sho (Spring)|Win the Tenno Sho (Autumn) (Senior)||reward::Speed +10|Stamina +10|Inside Scoop hint +1,1
mejiro-bright-brunissage-line,secret,a_mejiro_s_path_consecutive_queen,A Mejiro's Path: Consecutive Queen,conditions::Win the Queen Elizabeth II Cup (Classic)|Win the Queen Elizabeth II Cup (Senior)||reward::Speed +10|Skill points +10|Steadfast hint +1,2
mejiro-bright-brunissage-line,secret,a_mejiro_s_path_dual_party_fever,A Mejiro's Path: Dual Party Fever,conditions::Win the Takarazuka Kinen (Senior)|Win the Arima Kinen (Senior)||reward::Guts +10|Skill points +10|Non-Standard Distance ○ hint +1,3
mejiro-bright-brunissage-line,secret,peerless_stayer,Peerless Stayer,conditions::dist_wins_branch: 3|Triggers during Late December Senior Year||reward::CT|Stamina +10|Long Corners ○ hint +1|CT|Stamina +10|Guts +5|Wit +5|Long Corners ○ hint +1|CT|Stamina +10|Guts +10|Long Corners ○ hint +1|Passing Pro hint +1|Smoke Screen hint +1,4
mejiro-bright-brunissage-line,no_choices,the_time_to_spread_my_wings,The Time to Spread My Wings,Speed +5,1
mejiro-bright-brunissage-line,no_choices,an_inherited_dream,An Inherited Dream,Power +5,2
mejiro-bright-brunissage-line,no_choices,pursuing_the_fleeing_wind,Pursuing the Fleeing Wind,Wit +5,3
mejiro-bright-brunissage-line,no_choices,within_times_of_change,Within Times of Change,Guts +5,4
mejiro-bright-brunissage-line,no_choices,the_tale_of_the_mejiros,The Tale of the Mejiros,Speed +5|Stamina +5,5
mejiro-bright-brunissage-line,no_choices,ever_so_many,Ever So Many!,Stamina -5|Mood -1,6
mejiro-bright-brunissage-line,no_choices,master_trainer,Master Trainer,Stamina +10|(random) Get Practice Perfect ○ status,7
mejiro-bright-brunissage-line,no_choices,the_longest_race,The Longest Race,All stats +5|Skill points +5,8
mejiro-bright-brunissage-line,no_choices,amidst_enriching_times,Amidst Enriching Times...,Mood -1,9
mejiro-bright-brunissage-line,no_choices,each_one_means_the_world_to_someone,Each One Means the World to Someone,Energy -10|Mood -1,10
mejiro-bright-brunissage-line,no_choices,a_fantasy_to_mark_closely,A Fantasy to Mark Closely,All stats +5|Skill points +30|Mood +2|(random) Get Fast Learner status,11
mejiro-bright-brunissage-line,no_choices,a_particular_young_lady,A Particular Young Lady,Energy +15|Mood -1|Guts -5|!Randomly either|Energy +15|Guts -5|Get Slacker status|!Randomly either|Energy +15|Mood -1|Guts -5|Get Slacker status,12
mejiro-bright-brunissage-line,special,dance_lesson,Dance Lesson,Top::Power +10||Bot::Speed +10,9
mejiro-bright-brunissage-line,special,bonus_at_start,Bonus at start,Skill points +120,1
mejiro-bright-brunissage-line,special,failed_training_get_well_soon,Failed training (Get Well Soon!),Top::Mood -1|Last trained stat -5|(random) Get Practice Poor status||Bot::!Randomly either|Mood -1|Last trained stat -10|(random) Get Practice Poor status|!or|Get Practice Perfect ○ status,2
mejiro-bright-brunissage-line,special,failed_training_don_t_overdo_it,Failed training (Don't Overdo It!),Top::Energy +10|Mood -2|Last trained stat -10|2 random stats -10|(random) Get Practice Poor status||Bot::!Randomly either|Mood -3|Last trained stat -10|2 random stats -10|Get Practice Poor status|!or|Energy +10|Get Practice Perfect ○ status,3
mejiro-bright-brunissage-line,special,extra_training,Extra Training,Top::Energy -5|Last trained stat +5|(random) Heal a negative status effect||Bot::Energy +5,4
mejiro-bright-brunissage-line,special,at_summer_camp_year_2,At Summer Camp (Year 2),Top::Power +10||Bot::Guts +10,5
mejiro-bright-brunissage-line,special,fan_letter,Fan Letter,Mood +1|Skill points +30,6
mejiro-bright-brunissage-line,special,new_year_s_resolutions,New Year's Resolutions,Top::Energy +20||Mid::Skill points +20||Bot::All stats +5,7
mejiro-bright-brunissage-line,special,new_year_s_shrine_visit,New Year's Shrine Visit,Top::Energy +30||Mid::All stats +5||Bot::Skill points +35,8
mejiro-bright-brunissage-line,after_race,victory_1st,Victory! (1st),Top::Energy -15|1 random stat +10 / +8 / +5|Skill points +45 / +35 / +30|(random) Hint for a skill related to the race||Bot::!Randomly either|Energy -5|1 random stat +10 / +8 / +5|Skill points +45 / +35 / +30|(random) Hint for a skill related to the race|!or|Energy -20|1 random stat +10 / +8 / +5|Skill points +45 / +35 / +30|(random) Hint for a skill related to the race,1
mejiro-bright-brunissage-line,after_race,solid_showing_2nd_5th,Solid Showing (2nd-5th),Top::Energy -20|1 random stat +8 / +5 / +3|Skill points +45 / +35 / +30|(random) Hint for a skill related to the race||Bot::!Randomly either|Energy -10|1 random stat +8 / +5 / +3|Skill points +45 / +35 / +30|(random) Hint for a skill related to the race|!or|Energy -30|1 random stat +8 / +5 / +3|Skill points +45 / +35 / +30|(random) Hint for a skill related to the race,2
mejiro-bright-brunissage-line,after_race,defeat_6th_or_worse,Defeat (6th or worse),Top::Energy -25|1 random stat +4 / +3 / +0|Skill points +25 / +20 / +10|(random) Hint for a skill related to the race||Bot::!Randomly either|Energy -15|1 random stat +4 / +3 / +0|Skill points +25 / +20 / +10|(random) Hint for a skill related to the race|!or|Energy -35|1 random stat +4 / +3 / +0|Skill points +25 / +20 / +10|(random) Hint for a skill related to the race,3
mejiro-bright-brunissage-line,after_race,etsuko_s_elated_coverage,Etsuko's Elated Coverage,Energy -15|Mood +1|1 random stat +10 / +8 / +5|Skill points +45 / +35 / +30|Fans +500|(random) Hint for a skill related to the race|Etsuko Otonashi bond +15,4
mejiro-bright-brunissage-line,after_race,etsuko_s_exhaustive_coverage,Etsuko's Exhaustive Coverage,Top::!Randomly either|Energy -25|Mood -1|1 random stat +4 / +3 / +0|Skill points +25 / +20 / +10|Etsuko Otonashi bond -10|!or|Energy -15|Mood +1|1 random stat +4 / +3 / +0|Skill points +25 / +20 / +10|Etsuko Otonashi bond +15||Bot::Energy -20|1 random stat +4 / +3 / +0|Skill points +25 / +20 / +10|Etsuko Otonashi bond +10,5
fuji-kiseki-succes-etoile,costume,the_shape_of_a_miracle,The Shape of a Miracle,Top::Guts +10|BRF||Bot::Energy +15|Mood +1|Skill points +10|BRF,1
fuji-kiseki-succes-etoile,costume,a_proffered_hand,A Proffered Hand,BRP 1|Speed +20|Wit +20|Right-Handed ○ hint +1|BRP 2|Right-Handed ○ hint +1,2
fuji-kiseki-succes-etoile,costume,the_way_i_see_you,The Way I See You,Top::Wit +10|(random) Get Charming ○ status||Bot::Unyielding Spirit hint +1|(random) Get Practice Perfect ○ status,3
fuji-kiseki-succes-etoile,choices,act_1_smile,Act 1: Smile,Top::RC|Guts +10||Bot::RC|Power +10,1
fuji-kiseki-succes-etoile,choices,a_gracious_doorkeeper,A Gracious Doorkeeper,Top::Speed +10||Bot::Power +10,2
fuji-kiseki-succes-etoile,choices,dream_maker,@DREAM_MAKER,Top::Power +10||Bot::Wit +10,3
fuji-kiseki-succes-etoile,choices,two_superstars_compete,Two Superstars Compete,Top::Guts +10|Skill points +15||Bot::Disorient hint +1,4
fuji-kiseki-succes-etoile,choices,go_easy_on_the_affection,Go Easy on the Affection,Top::Energy +10|Skill points +5||Bot::!Randomly either (~90%)|Energy +30|Skill points +10|!Randomly either (~10%)|Energy +30|Skill points +10|Speed -5|Power +5|Get Slow Metabolism status,5
fuji-kiseki-succes-etoile,date,no_regrets,No Regrets,Top::Wit +10||Bot::Power +10,1
fuji-kiseki-succes-etoile,date,for_your_sake_alone,For Your Sake Alone,Top::Guts +10||Bot::Speed +10,2
fuji-kiseki-succes-etoile,date,the_greatest_blessing_in_life,The Greatest Blessing in Life,Top::Stamina +10||Bot::Power +10||Mid::Speed +10,3
fuji-kiseki-succes-etoile,date,one_act_from_the_wings,One Act from the Wings,Top::Guts +10||Bot::Stamina +10,4
fuji-kiseki-succes-etoile,date,stargazing,Stargazing,Top::Speed +10||Bot::Power +10,5
fuji-kiseki-succes-etoile,secret,words_do_no_justice,Words Do No Justice,conditions::3_crown_route|Win the Satsuki Sho|Win the Tokyo Yushun (Japanese Derby)|Win the Kikuka Sho||reward::Speed +20|Stamina +20|Power +20|Prepared to Pass hint +1,1
fuji-kiseki-succes-etoile,secret,can_t_stop_the_beat,Can't Stop the Beat,"conditions::win_g1_cnt_class_distance: 3|3|[0, 1]|Win the Takamatsunomiya Kinen||reward::Mood +1|Power +20|Wit +20|Unyielding Spirit hint +1",2
fuji-kiseki-succes-etoile,secret,my_lucky_star,My Lucky Star,conditions::Win the Tenno Sho (Autumn) (Senior)|Win the Japan Cup (Senior)|Win the Arima Kinen (Senior)|Win the Takarazuka Kinen (Senior)||reward::Mood +1|Speed +25|Stamina +25|Guts +25|Preferred Position hint +1,3
fuji-kiseki-succes-etoile,no_choices,act_2_tonight_the_world_is_wild,"Act 2: Tonight, the World Is Wild",Stamina +5,1
fuji-kiseki-succes-etoile,no_choices,act_3_a_rose_by_any_other_name,Act 3: A Rose by Any Other Name,Speed +5,2
fuji-kiseki-succes-etoile,no_choices,act_4_you_re_beautiful,Act 4: You're Beautiful,Wit +5,3
fuji-kiseki-succes-etoile,no_choices,act_5_as_you_like_it,Act 5: As You Like It,Speed +5,4
fuji-kiseki-succes-etoile,no_choices,so_sweet_it_gives_you_heartburn,So Sweet It Gives You Heartburn,Mood -1|Speed -5,5
fuji-kiseki-succes-etoile,no_choices,intermission_ready_to_love,Intermission: Ready to Love,Mood +2|Energy +10|Speed +20|!Randomly either|Mood +1|Energy +10|Speed +10|!Randomly either|Energy +5|Speed +5,6
fuji-kiseki-succes-etoile,no_choices,master_trainer,Master Trainer,Wit +10|(random) Get Practice Perfect ○ status,7
fuji-kiseki-succes-etoile,no_choices,finale_light_through_yonder_window,Finale: Light through Yonder Window,All stats +5|Skill points +5,8
fuji-kiseki-succes-etoile,no_choices,magical_mishap,Magical Mishap,Mood -1,9
fuji-kiseki-succes-etoile,no_choices,a_hoarse_voice,A Hoarse Voice,Energy -10|Mood -1,10
fuji-kiseki-succes-etoile,no_choices,a_prince_in_the_darkness,A Prince in the Darkness,All stats +5|Skill points +30|Mood +2|(random) Get Fast Learner status,11
fuji-kiseki-succes-etoile,no_choices,as_you_wish,As You Wish...,Energy +15|Mood -1|Guts -5|!Randomly either|Energy +15|Guts -5|Get Slacker status|!Randomly either|Energy +15|Mood -1|Guts -5|Get Slacker status,12
fuji-kiseki-succes-etoile,special,dance_lesson,Dance Lesson,Top::Speed +10||Bot::Stamina +10,9
fuji-kiseki-succes-etoile,special,bonus_at_start,Bonus at start,Skill points +120,1
fuji-kiseki-succes-etoile,special,failed_training_get_well_soon,Failed training (Get Well Soon!),Top::Mood -1|Last trained stat -5|(random) Get Practice Poor status||Bot::!Randomly either|Mood -1|Last trained stat -10|(random) Get Practice Poor status|!or|Get Practice Perfect ○ status,2
fuji-kiseki-succes-etoile,special,failed_training_don_t_overdo_it,Failed training (Don't Overdo It!),Top::Energy +10|Mood -2|Last trained stat -10|2 random stats -10|(random) Get Practice Poor status||Bot::!Randomly either|Mood -3|Last trained stat -10|2 random stats -10|Get Practice Poor status|!or|Energy +10|Get Practice Perfect ○ status,3
fuji-kiseki-succes-etoile,special,extra_training,Extra Training,Top::Energy -5|Last trained stat +5|(random) Heal a negative status effect||Bot::Energy +5,4
fuji-kiseki-succes-etoile,special,at_summer_camp_year_2,At Summer Camp (Year 2),Top::Power +10||Bot::Guts +10,5
fuji-kiseki-succes-etoile,special,fan_letter,Fan Letter,Mood +1|Skill points +30,6
fuji-kiseki-succes-etoile,special,new_year_s_resolutions,New Year's Resolutions,Top::Energy +20||Mid::Skill points +20||Bot::All stats +5,7
fuji-kiseki-succes-etoile,special,new_year_s_shrine_visit,New Year's Shrine Visit,Top::Energy +30||Mid::All stats +5||Bot::Skill points +35,8
fuji-kiseki-succes-etoile,after_race,victory_1st,Victory! (1st),Top::Energy -15|1 random stat +10 / +8 / +5|Skill points +45 / +35 / +30|(random) Hint for a skill related to the race||Bot::!Randomly either|Energy -5|1 random stat +10 / +8 / +5|Skill points +45 / +35 / +30|(random) Hint for a skill related to the race|!or|Energy -20|1 random stat +10 / +8 / +5|Skill points +45 / +35 / +30|(random) Hint for a skill related to the race,1
fuji-kiseki-succes-etoile,after_race,solid_showing_2nd_5th,Solid Showing (2nd-5th),Top::Energy -20|1 random stat +8 / +5 / +3|Skill points +45 / +35 / +30|(random) Hint for a skill related to the race||Bot::!Randomly either|Energy -10|1 random stat +8 / +5 / +3|Skill points +45 / +35 / +30|(random) Hint for a skill related to the race|!or|Energy -30|1 random stat +8 / +5 / +3|Skill points +45 / +35 / +30|(random) Hint for a skill related to the race,2
fuji-kiseki-succes-etoile,after_race,defeat_6th_or_worse,Defeat (6th or worse),Top::Energy -25|1 random stat +4 / +3 / +0|Skill points +25 / +20 / +10|(random) Hint for a skill related to the race||Bot::!Randomly either|Energy -15|1 random stat +4 / +3 / +0|Skill points +25 / +20 / +10|(random) Hint for a skill related to the race|!or|Energy -35|1 random stat +4 / +3 / +0|Skill points +25 / +20 / +10|(random) Hint for a skill related to the race,3
fuji-kiseki-succes-etoile,after_race,etsuko_s_elated_coverage,Etsuko's Elated Coverage,Energy -15|Mood +1|1 random stat +10 / +8 / +5|Skill points +45 / +35 / +30|Fans +500|(random) Hint for a skill related to the race|Etsuko Otonashi bond +15,4
fuji-kiseki-succes-etoile,after_race,etsuko_s_exhaustive_coverage,Etsuko's Exhaustive Coverage,Top::!Randomly either|Energy -25|Mood -1|1 random stat +4 / +3 / +0|Skill points +25 / +20 / +10|Etsuko Otonashi bond -10|!or|Energy -15|Mood +1|1 random stat +4 / +3 / +0|Skill points +25 / +20 / +10|Etsuko Otonashi bond +15||Bot::Energy -20|1 random stat +4 / +3 / +0|Skill points +25 / +20 / +10|Etsuko Otonashi bond +10,5
seiun-sky-soiree-de-chaton,costume,before_the_ligne_droite,Before the Ligne Droite,Top::Energy +30|BRF||Bot::Wit +10|BRF,1
seiun-sky-soiree-de-chaton,costume,memories_adorned_with_flowers,Memories Adorned with Flowers,BRP 1|Right-Handed ○ hint +1|BRP 2|Stamina +15|Skill points +30|Right-Handed ○ hint +1,2
seiun-sky-soiree-de-chaton,costume,keep_this_secret,Keep This Secret,Top::Stamina +15|(random) Get Fast Learner status||Bot::Fast-Paced hint +1|(random) Get Hot Topic status,3
seiun-sky-soiree-de-chaton,choices,is_cat_language_real,Is Cat Language Real?,Top::Stamina +10||Bot::Wit +10,1
seiun-sky-soiree-de-chaton,choices,shady_dealings,Shady Dealings,Top::Speed +10||Bot::Power +10,2
seiun-sky-soiree-de-chaton,choices,sei_s_escape_plan,Sei's Escape Plan,Top::Speed +10|Skill points +15||Bot::Subdued Late Surgers hint +1,3
seiun-sky-soiree-de-chaton,choices,sunny_day_standoff,Sunny Day Standoff,Top::Speed +25|!Randomly either|Speed +5|Mood -1||Bot::Energy +20|Deep Breaths hint +1|!Randomly either|Energy +10|(random) Get Slacker status||Mid::Energy +5|Speed +5,4
seiun-sky-soiree-de-chaton,choices,i_can_unwind_outdoors_too,I Can Unwind Outdoors Too,Top::Energy +10|Skill points +5||Bot::!Randomly either (~90%)|Energy +30|Skill points +10|!Randomly either (~10%)|Energy +30|Skill points +10|Speed -5|Power +5|Get Slow Metabolism status,5
seiun-sky-soiree-de-chaton,date,cat_expert,Cat Expert,Top::Wit +10||Bot::Speed +10,1
seiun-sky-soiree-de-chaton,date,cat_patrol,Cat Patrol,Top::Stamina +10||Bot::Guts +10,2
seiun-sky-soiree-de-chaton,date,goodbye_cat,"Goodbye, Cat",Top::Wit +10||Bot::Stamina +10||Mid::Power +10,3
seiun-sky-soiree-de-chaton,date,nap_master,Nap Master,Top::Stamina +10||Bot::Wit +10,4
seiun-sky-soiree-de-chaton,date,cloudy_followed_by,"Cloudy, Followed By...",Top::Guts +10||Bot::Speed +10,5
seiun-sky-soiree-de-chaton,secret,east_vs_west,East vs. West,conditions::Participate in the Kyoto Daishoten (Classic)||reward::NO,1
seiun-sky-soiree-de-chaton,secret,facing_the_otherworldly_front_runner,Facing the Otherworldly Front-Runner,conditions::Participate in the Mainichi Okan (Classic)||reward::NO,2
seiun-sky-soiree-de-chaton,secret,landed_that_triple_crown,Landed That Triple Crown!,conditions::triple_crown||reward::Mood +1|Speed +5|Power +5|Fast-Paced hint +1,3
seiun-sky-soiree-de-chaton,no_choices,the_ultimate_generation,The Ultimate Generation,Stamina +5,1
seiun-sky-soiree-de-chaton,no_choices,a_shadow_on_the_trickster_s_path,A Shadow on the Trickster's Path,Power +5,2
seiun-sky-soiree-de-chaton,no_choices,zero_bites,Zero Bites,NO,3
seiun-sky-soiree-de-chaton,no_choices,zero_bites_1,Zero Bites +1,Guts +5,4
seiun-sky-soiree-de-chaton,no_choices,got_a_bite,Got a Bite,S_NORE|HIGHEST_FACILITY|Speed +10|Front Runner Straightaways ○ hint +1|!Randomly either|Stamina +10|Shake It Out hint +1|!Randomly either|Power +10|Highlander hint +1|!Randomly either|Guts +10|Steadfast hint +1|!Randomly either|Wit +10|Hesitant Late Surgers hint +1,5
seiun-sky-soiree-de-chaton,no_choices,the_sweetest_storm,The Sweetest Storm,Guts +5,6
seiun-sky-soiree-de-chaton,no_choices,a_trap_unsprung,A Trap Unsprung...,Mood -1|Stamina -5,7
seiun-sky-soiree-de-chaton,no_choices,master_trainer,Master Trainer,Power +10|(random) Get Practice Perfect ○ status,8
seiun-sky-soiree-de-chaton,no_choices,happily_ever_after,Happily Ever After?,All stats +5|Skill points +5,9
seiun-sky-soiree-de-chaton,no_choices,i_hate_tight_spaces,I Hate Tight Spaces,Mood -1,10
seiun-sky-soiree-de-chaton,no_choices,the_nap_master_s_blunder,The Nap Master's Blunder,Energy -10|Mood -1,11
seiun-sky-soiree-de-chaton,no_choices,luck_is_a_talent,Luck Is a Talent?,All stats +5|Skill points +30|Mood +2|(random) Get Fast Learner status,12
seiun-sky-soiree-de-chaton,no_choices,an_angler_s_disgrace,An Angler's Disgrace,Energy +15|Mood -1|Guts -5|!Randomly either|Energy +15|Guts -5|Get Slacker status|!Randomly either|Energy +15|Mood -1|Guts -5|Get Slacker status,13
seiun-sky-soiree-de-chaton,special,dance_lesson,Dance Lesson,Top::Guts +10||Bot::Stamina +10,9
seiun-sky-soiree-de-chaton,special,bonus_at_start,Bonus at start,Skill points +120,1
seiun-sky-soiree-de-chaton,special,failed_training_get_well_soon,Failed training (Get Well Soon!),Top::Mood -1|Last trained stat -5|(random) Get Practice Poor status||Bot::!Randomly either|Mood -1|Last trained stat -10|(random) Get Practice Poor status|!or|Get Practice Perfect ○ status,2
seiun-sky-soiree-de-chaton,special,failed_training_don_t_overdo_it,Failed training (Don't Overdo It!),Top::Energy +10|Mood -2|Last trained stat -10|2 random stats -10|(random) Get Practice Poor status||Bot::!Randomly either|Mood -3|Last trained stat -10|2 random stats -10|Get Practice Poor status|!or|Energy +10|Get Practice Perfect ○ status,3
seiun-sky-soiree-de-chaton,special,extra_training,Extra Training,Top::Energy -5|Last trained stat +5|(random) Heal a negative status effect||Bot::Energy +5,4
seiun-sky-soiree-de-chaton,special,at_summer_camp_year_2,At Summer Camp (Year 2),Top::Power +10||Bot::Guts +10,5
seiun-sky-soiree-de-chaton,special,fan_letter,Fan Letter,Mood +1|Skill points +30,6
seiun-sky-soiree-de-chaton,special,new_year_s_resolutions,New Year's Resolutions,Top::Energy +20||Mid::Skill points +20||Bot::All stats +5,7
seiun-sky-soiree-de-chaton,special,new_year_s_shrine_visit,New Year's Shrine Visit,Top::Energy +30||Mid::All stats +5||Bot::Skill points +35,8
seiun-sky-soiree-de-chaton,after_race,victory_1st,Victory! (1st),Top::Energy -15|1 random stat +10 / +8 / +5|Skill points +45 / +35 / +30|(random) Hint for a skill related to the race||Bot::!Randomly either|Energy -5|1 random stat +10 / +8 / +5|Skill points +45 / +35 / +30|(random) Hint for a skill related to the race|!or|Energy -20|1 random stat +10 / +8 / +5|Skill points +45 / +35 / +30|(random) Hint for a skill related to the race,1
seiun-sky-soiree-de-chaton,after_race,solid_showing_2nd_5th,Solid Showing (2nd-5th),Top::Energy -20|1 random stat +8 / +5 / +3|Skill points +45 / +35 / +30|(random) Hint for a skill related to the race||Bot::!Randomly either|Energy -10|1 random stat +8 / +5 / +3|Skill points +45 / +35 / +30|(random) Hint for a skill related to the race|!or|Energy -30|1 random stat +8 / +5 / +3|Skill points +45 / +35 / +30|(random) Hint for a skill related to the race,2
seiun-sky-soiree-de-chaton,after_race,defeat_6th_or_worse,Defeat (6th or worse),Top::Energy -25|1 random stat +4 / +3 / +0|Skill points +25 / +20 / +10|(random) Hint for a skill related to the race||Bot::!Randomly either|Energy -15|1 random stat +4 / +3 / +0|Skill points +25 / +20 / +10|(random) Hint for a skill related to the race|!or|Energy -35|1 random stat +4 / +3 / +0|Skill points +25 / +20 / +10|(random) Hint for a skill related to the race,3
seiun-sky-soiree-de-chaton,after_race,etsuko_s_elated_coverage,Etsuko's Elated Coverage,Energy -15|Mood +1|1 random stat +10 / +8 / +5|Skill points +45 / +35 / +30|Fans +500|(random) Hint for a skill related to the race|Etsuko Otonashi bond +15,4
seiun-sky-soiree-de-chaton,after_race,etsuko_s_exhaustive_coverage,Etsuko's Exhaustive Coverage,Top::!Randomly either|Energy -25|Mood -1|1 random stat +4 / +3 / +0|Skill points +25 / +20 / +10|Etsuko Otonashi bond -10|!or|Energy -15|Mood +1|1 random stat +4 / +3 / +0|Skill points +25 / +20 / +10|Etsuko Otonashi bond +15||Bot::Energy -20|1 random stat +4 / +3 / +0|Skill points +25 / +20 / +10|Etsuko Otonashi bond +10,5
nishino-flower-tiered-petal,costume,snapshots_of_form_and_color,Snapshots of Form and Color,Top::Speed +20||Bot::Energy +10|Wit +10,1
nishino-flower-tiered-petal,costume,just_like_a_big_sis,Just Like a Big Sis,Top::Power +20||Bot::Wit +10|Skill points +15,2
nishino-flower-tiered-petal,costume,small_in_stature_big_in_heart,"Small in Stature, Big in Heart",Top::Stamina +20|(random) Get Charming ○ status||Bot::Guts +20|(random) Get Charming ○ status,3
nishino-flower-tiered-petal,choices,big_sis_in_training,Big Sis in Training,Top::Wit +10||Bot::Energy +10,1
nishino-flower-tiered-petal,choices,flower_made,Flower-Made,Top::Speed +10||Bot::Mood +1|Guts +5,2
nishino-flower-tiered-petal,choices,bloom_with_grace,Bloom with Grace,Top::Energy +5|Stamina +5|Power +5||Bot::Firm Conditions ○ hint +1,3
nishino-flower-tiered-petal,choices,catching_the_evening_blooms,Catching the Evening Blooms,Top::CT|Stamina +5|CT|Stamina +10|Guts +5|CT|Energy +10|Stamina +10|Guts +10|Corner Adept ○ hint +1||Bot::CT|Energy +10|EE|CT|Energy +15|EE|CT|CT,4
nishino-flower-tiered-petal,choices,growing_tall_in_a_hurry,Growing Tall in a Hurry,Top::Energy +10|Skill points +5||Bot::!Randomly either (~90%)|Energy +30|Skill points +10|!Randomly either (~10%)|Energy +30|Skill points +10|Speed -5|Power +5|Get Slow Metabolism status,5
nishino-flower-tiered-petal,date,flowering_wisdom,Flowering Wisdom,Top::Stamina +10||Bot::Wit +10,1
nishino-flower-tiered-petal,date,floral_relaxation,Floral Relaxation,Top::Energy +5|Speed +5||Bot::Energy +5|Guts +5,2
nishino-flower-tiered-petal,date,a_perfect_day_for_flowers,A Perfect Day for Flowers,Top::Stamina +10||Bot::Speed +10||Mid::Wit +10,3
nishino-flower-tiered-petal,date,flower_of_empathy,Flower of Empathy,Top::Guts +10||Bot::Speed +10,4
nishino-flower-tiered-petal,date,coming_to_a_theater_near_you,Coming to a Theater near You!,Top::Wit +10||Bot::Power +10,5
nishino-flower-tiered-petal,secret,mile_go_getter,Mile Go-Getter!,conditions::Win the Hanshin Juvenile Fillies|Win the Oka Sho|Win the Milers Cup|Win the Yasuda Kinen|Win the Mile Championship (Classic)|Win the Mile Championship (Senior)||reward::Speed +15|Power +15|Wit +15|Skill points +15|Updrafters hint +1|Shifting Gears hint +1,1
nishino-flower-tiered-petal,secret,after_the_queen_elizabeth_ii_cup_wow,After the Queen Elizabeth II Cup: Wow!,conditions::Win the Queen Elizabeth II Cup||reward::Energy -15|1 random stat +10|Speed +20|Skill points +45|Steadfast hint +1,2
nishino-flower-tiered-petal,secret,after_the_takarazuka_kinen_surrounded_by_big_sisters,After the Takarazuka Kinen: Surrounded by Big Sisters!,conditions::Win the Takarazuka Kinen (Senior)||reward::Energy -15|1 random stat +10|Stamina +20|Skill points +45|Head-On hint +1,3
nishino-flower-tiered-petal,no_choices,the_two_hard_workers,The Two Hard Workers,Power +5,1
nishino-flower-tiered-petal,no_choices,a_new_wind,A New Wind?,Speed +5,2
nishino-flower-tiered-petal,no_choices,a_little_cloudy,A Little Cloudy,Stamina +5,3
nishino-flower-tiered-petal,no_choices,head_spinning_growth,Head-Spinning Growth,Guts +5,4
nishino-flower-tiered-petal,no_choices,next_level_go_getter,Next-Level Go-Getter,Power +10,5
nishino-flower-tiered-petal,no_choices,i_m_not_lost,I'm Not Lost,Mood -1|Power -5,6
nishino-flower-tiered-petal,no_choices,master_trainer,Master Trainer,Speed +10|(random) Get Practice Perfect ○ status,7
nishino-flower-tiered-petal,no_choices,as_a_flower_blooms_so_does_hope,"As a Flower Blooms, So Does Hope",All stats +5|Skill points +5,8
nishino-flower-tiered-petal,no_choices,warmth_for_the_flowers,Warmth for the Flowers,Mood -1,9
nishino-flower-tiered-petal,no_choices,just_out_of_reach,Just Out of Reach...,Energy -10|Mood -1,10
nishino-flower-tiered-petal,no_choices,a_new_side_of_me,A New Side of Me,All stats +5|Skill points +30|Mood +2|(random) Get Fast Learner status,11
nishino-flower-tiered-petal,no_choices,an_innocent_snooze,An Innocent Snooze...,Energy +15|Mood -1|Guts -5|!Randomly either|Energy +15|Guts -5|Get Slacker status|!Randomly either|Energy +15|Mood -1|Guts -5|Get Slacker status,12
nishino-flower-tiered-petal,special,dance_lesson,Dance Lesson,Top::Speed +10||Bot::Stamina +10,9
nishino-flower-tiered-petal,special,bonus_at_start,Bonus at start,Skill points +120,1
nishino-flower-tiered-petal,special,failed_training_get_well_soon,Failed training (Get Well Soon!),Top::Mood -1|Last trained stat -5|(random) Get Practice Poor status||Bot::!Randomly either|Mood -1|Last trained stat -10|(random) Get Practice Poor status|!or|Get Practice Perfect ○ status,2
nishino-flower-tiered-petal,special,failed_training_don_t_overdo_it,Failed training (Don't Overdo It!),Top::Energy +10|Mood -2|Last trained stat -10|2 random stats -10|(random) Get Practice Poor status||Bot::!Randomly either|Mood -3|Last trained stat -10|2 random stats -10|Get Practice Poor status|!or|Energy +10|Get Practice Perfect ○ status,3
nishino-flower-tiered-petal,special,extra_training,Extra Training,Top::Energy -5|Last trained stat +5|(random) Heal a negative status effect||Bot::Energy +5,4
nishino-flower-tiered-petal,special,at_summer_camp_year_2,At Summer Camp (Year 2),Top::Power +10||Bot::Guts +10,5
nishino-flower-tiered-petal,special,fan_letter,Fan Letter,Mood +1|Skill points +30,6
nishino-flower-tiered-petal,special,new_year_s_resolutions,New Year's Resolutions,Top::Energy +20||Mid::Skill points +20||Bot::All stats +5,7
nishino-flower-tiered-petal,special,new_year_s_shrine_visit,New Year's Shrine Visit,Top::Energy +30||Mid::All stats +5||Bot::Skill points +35,8
nishino-flower-tiered-petal,after_race,victory_1st,Victory! (1st),Top::Energy -15|1 random stat +10 / +8 / +5|Skill points +45 / +35 / +30|(random) Hint for a skill related to the race||Bot::!Randomly either|Energy -5|1 random stat +10 / +8 / +5|Skill points +45 / +35 / +30|(random) Hint for a skill related to the race|!or|Energy -20|1 random stat +10 / +8 / +5|Skill points +45 / +35 / +30|(random) Hint for a skill related to the race,1
nishino-flower-tiered-petal,after_race,solid_showing_2nd_5th,Solid Showing (2nd-5th),Top::Energy -20|1 random stat +8 / +5 / +3|Skill points +45 / +35 / +30|(random) Hint for a skill related to the race||Bot::!Randomly either|Energy -10|1 random stat +8 / +5 / +3|Skill points +45 / +35 / +30|(random) Hint for a skill related to the race|!or|Energy -30|1 random stat +8 / +5 / +3|Skill points +45 / +35 / +30|(random) Hint for a skill related to the race,2
nishino-flower-tiered-petal,after_race,defeat_6th_or_worse,Defeat (6th or worse),Top::Energy -25|1 random stat +4 / +3 / +0|Skill points +25 / +20 / +10|(random) Hint for a skill related to the race||Bot::!Randomly either|Energy -15|1 random stat +4 / +3 / +0|Skill points +25 / +20 / +10|(random) Hint for a skill related to the race|!or|Energy -35|1 random stat +4 / +3 / +0|Skill points +25 / +20 / +10|(random) Hint for a skill related to the race,3
nishino-flower-tiered-petal,after_race,etsuko_s_elated_coverage,Etsuko's Elated Coverage,Energy -15|Mood +1|1 random stat +10 / +8 / +5|Skill points +45 / +35 / +30|Fans +500|(random) Hint for a skill related to the race|Etsuko Otonashi bond +15,4
nishino-flower-tiered-petal,after_race,etsuko_s_exhaustive_coverage,Etsuko's Exhaustive Coverage,Top::!Randomly either|Energy -25|Mood -1|1 random stat +4 / +3 / +0|Skill points +25 / +20 / +10|Etsuko Otonashi bond -10|!or|Energy -15|Mood +1|1 random stat +4 / +3 / +0|Skill points +25 / +20 / +10|Etsuko Otonashi bond +15||Bot::Energy -20|1 random stat +4 / +3 / +0|Skill points +25 / +20 / +10|Etsuko Otonashi bond +10,5
yaeno-muteki-attack-of-the-four-white-meteors,costume,the_weight_of_recognition,The Weight of Recognition,Top::Guts +10|Wit +10||Bot::Stamina +10|Power +10,1
yaeno-muteki-attack-of-the-four-white-meteors,costume,simply_doing_what_needs_to_be_done,Simply Doing What Needs to Be Done,Top::Speed +20||Bot::Wit +20,2
yaeno-muteki-attack-of-the-four-white-meteors,costume,the_ultimate_test_of_composure,The Ultimate Test of Composure,Top::Speed +20|(random) Get Charming ○ status||Bot::Guts +20|(random) Get Charming ○ status,3
yaeno-muteki-attack-of-the-four-white-meteors,choices,muteki_the_morning_master,Muteki the Morning Master,Top::Power +10||Bot::Guts +10,1
yaeno-muteki-attack-of-the-four-white-meteors,choices,the_first_ever_farming_stakes,The First-Ever Farming Stakes?,Top::Speed +10||Bot::Mood +1|Stamina +5,2
yaeno-muteki-attack-of-the-four-white-meteors,choices,the_secret_to_a_still_mind,The Secret to a Still Mind,Top::Speed +10|Skill points +15||Bot::Standard Distance ○ hint +1,3
yaeno-muteki-attack-of-the-four-white-meteors,choices,training_to_the_limit,Training to the Limit,Top::Stamina +10|Power +10|Playtime's Over! hint +1|!Randomly either|Energy -10|Stamina +10|Power +10||Bot::Energy +10|Mood +1,4
yaeno-muteki-attack-of-the-four-white-meteors,choices,master_glutton,Master Glutton,Top::Energy +10|Skill points +5||Bot::!Randomly either (~90%)|Energy +30|Skill points +10|!Randomly either (~10%)|Energy +30|Skill points +10|Speed -5|Power +5|Get Slow Metabolism status,5
yaeno-muteki-attack-of-the-four-white-meteors,date,beyond_the_end_of_the_path,Beyond the End of the Path,Top::Speed +10||Bot::Wit +10,1
yaeno-muteki-attack-of-the-four-white-meteors,date,to_my_dear_student,To My Dear Student,Top::Stamina +10||Bot::Guts +10,2
yaeno-muteki-attack-of-the-four-white-meteors,date,strive_always_to_be_a_mentor,Strive Always to Be a Mentor,Top::Power +10||Bot::Wit +10||Mid::Guts +10,3
yaeno-muteki-attack-of-the-four-white-meteors,date,finding_the_legendary_tome,Finding the Legendary Tome,Top::Speed +5|Guts +5||Bot::Stamina +5|Power +5,4
yaeno-muteki-attack-of-the-four-white-meteors,date,the_way_of_the_bubble,The Way of the Bubble,Top::Power +10||Bot::Speed +5|Wit +5,5
yaeno-muteki-attack-of-the-four-white-meteors,secret,her_proof_of_invincibility,Her Proof of Invincibility,"conditions::rn_race_w: [1006, 1045, 1034]|8||reward::All stats +10|Ramp Up hint +1|Homestretch Haste hint +1",1
yaeno-muteki-attack-of-the-four-white-meteors,no_choices,the_virtue_in_integrity,The Virtue in Integrity,Guts +5,1
yaeno-muteki-attack-of-the-four-white-meteors,no_choices,the_courtesy_in_sincerity,The Courtesy in Sincerity,Guts +10,2
yaeno-muteki-attack-of-the-four-white-meteors,no_choices,the_wisdom_in_learning,The Wisdom in Learning,Wit +5,3
yaeno-muteki-attack-of-the-four-white-meteors,no_choices,self_control_and_benevolence,Self-Control and Benevolence,Power +10,4
yaeno-muteki-attack-of-the-four-white-meteors,no_choices,full_of_openings,Full of Openings,Mood -1|Guts -5,5
yaeno-muteki-attack-of-the-four-white-meteors,no_choices,master_trainer,Master Trainer,Power +10|(random) Get Practice Perfect ○ status,6
yaeno-muteki-attack-of-the-four-white-meteors,no_choices,o_fire_become_my_strength,"O Fire, Become My Strength",All stats +5|Skill points +5,7
yaeno-muteki-attack-of-the-four-white-meteors,no_choices,much_to_learn,Much to Learn,Mood -1,8
yaeno-muteki-attack-of-the-four-white-meteors,no_choices,fated_duel,Fated Duel,Energy -10|Mood -1,9
yaeno-muteki-attack-of-the-four-white-meteors,no_choices,the_ways_of_the_dump_truck,The Ways of the Dump Truck,All stats +5|Skill points +30|Mood +2|(random) Get Fast Learner status,10
yaeno-muteki-attack-of-the-four-white-meteors,no_choices,yaeno_muteki_master_caretaker,"Yaeno Muteki, Master Caretaker",Energy +15|Mood -1|Guts -5|!Randomly either|Energy +15|Guts -5|Get Slacker status|!Randomly either|Energy +15|Mood -1|Guts -5|Get Slacker status,11
yaeno-muteki-attack-of-the-four-white-meteors,special,dance_lesson,Dance Lesson,Top::Wit +10||Bot::Stamina +10,9
yaeno-muteki-attack-of-the-four-white-meteors,special,bonus_at_start,Bonus at start,Skill points +120,1
yaeno-muteki-attack-of-the-four-white-meteors,special,failed_training_get_well_soon,Failed training (Get Well Soon!),Top::Mood -1|Last trained stat -5|(random) Get Practice Poor status||Bot::!Randomly either|Mood -1|Last trained stat -10|(random) Get Practice Poor status|!or|Get Practice Perfect ○ status,2
yaeno-muteki-attack-of-the-four-white-meteors,special,failed_training_don_t_overdo_it,Failed training (Don't Overdo It!),Top::Energy +10|Mood -2|Last trained stat -10|2 random stats -10|(random) Get Practice Poor status||Bot::!Randomly either|Mood -3|Last trained stat -10|2 random stats -10|Get Practice Poor status|!or|Energy +10|Get Practice Perfect ○ status,3
yaeno-muteki-attack-of-the-four-white-meteors,special,extra_training,Extra Training,Top::Energy -5|Last trained stat +5|(random) Heal a negative status effect||Bot::Energy +5,4
yaeno-muteki-attack-of-the-four-white-meteors,special,at_summer_camp_year_2,At Summer Camp (Year 2),Top::Power +10||Bot::Guts +10,5
yaeno-muteki-attack-of-the-four-white-meteors,special,fan_letter,Fan Letter,Mood +1|Skill points +30,6
yaeno-muteki-attack-of-the-four-white-meteors,special,new_year_s_resolutions,New Year's Resolutions,Top::Energy +20||Mid::Skill points +20||Bot::All stats +5,7
yaeno-muteki-attack-of-the-four-white-meteors,special,new_year_s_shrine_visit,New Year's Shrine Visit,Top::Energy +30||Mid::All stats +5||Bot::Skill points +35,8
yaeno-muteki-attack-of-the-four-white-meteors,after_race,victory_1st,Victory! (1st),Top::Energy -15|1 random stat +10 / +8 / +5|Skill points +45 / +35 / +30|(random) Hint for a skill related to the race||Bot::!Randomly either|Energy -5|1 random stat +10 / +8 / +5|Skill points +45 / +35 / +30|(random) Hint for a skill related to the race|!or|Energy -20|1 random stat +10 / +8 / +5|Skill points +45 / +35 / +30|(random) Hint for a skill related to the race,1
yaeno-muteki-attack-of-the-four-white-meteors,after_race,solid_showing_2nd_5th,Solid Showing (2nd-5th),Top::Energy -20|1 random stat +8 / +5 / +3|Skill points +45 / +35 / +30|(random) Hint for a skill related to the race||Bot::!Randomly either|Energy -10|1 random stat +8 / +5 / +3|Skill points +45 / +35 / +30|(random) Hint for a skill related to the race|!or|Energy -30|1 random stat +8 / +5 / +3|Skill points +45 / +35 / +30|(random) Hint for a skill related to the race,2
yaeno-muteki-attack-of-the-four-white-meteors,after_race,defeat_6th_or_worse,Defeat (6th or worse),Top::Energy -25|1 random stat +4 / +3 / +0|Skill points +25 / +20 / +10|(random) Hint for a skill related to the race||Bot::!Randomly either|Energy -15|1 random stat +4 / +3 / +0|Skill points +25 / +20 / +10|(random) Hint for a skill related to the race|!or|Energy -35|1 random stat +4 / +3 / +0|Skill points +25 / +20 / +10|(random) Hint for a skill related to the race,3
yaeno-muteki-attack-of-the-four-white-meteors,after_race,etsuko_s_elated_coverage,Etsuko's Elated Coverage,Energy -15|Mood +1|1 random stat +10 / +8 / +5|Skill points +45 / +35 / +30|Fans +500|(random) Hint for a skill related to the race|Etsuko Otonashi bond +15,4
yaeno-muteki-attack-of-the-four-white-meteors,after_race,etsuko_s_exhaustive_coverage,Etsuko's Exhaustive Coverage,Top::!Randomly either|Energy -25|Mood -1|1 random stat +4 / +3 / +0|Skill points +25 / +20 / +10|Etsuko Otonashi bond -10|!or|Energy -15|Mood +1|1 random stat +4 / +3 / +0|Skill points +25 / +20 / +10|Etsuko Otonashi bond +15||Bot::Energy -20|1 random stat +4 / +3 / +0|Skill points +25 / +20 / +10|Etsuko Otonashi bond +10,5
nice-nature-run-win,costume,cheers_on_video,Cheers on Video!,Top::Power +10|Skill points +15||Bot::Fighter hint +1,1
nice-nature-run-win,costume,cheers_at_the_game,Cheers at the Game!,Mood +1|Stamina +20|Skill points +20|Fearless hint +1,2
nice-nature-run-win,costume,your_cheers,Your Cheers,Guts +10|(random) Get Practice Perfect ○ status,3
nice-nature-run-win,choices,rainy_day_fun,Rainy-Day Fun,Top::Wit +10||Bot::Energy -10|Stamina +10|Guts +10,1
nice-nature-run-win,choices,not_my_style,Not My Style,Top::Energy +5|Mood +1||Bot::Speed +5|Power +5,2
nice-nature-run-win,choices,whirlwind_advice,Whirlwind Advice,Top::Studious hint +1||Bot::Speed +5|Stamina +5|Power +5,3
nice-nature-run-win,choices,a_little_can_t_hurt,A Little Can't Hurt,Top::Energy +10|Skill points +5||Bot::!Randomly either (~90%)|Energy +30|Skill points +10|!Randomly either (~10%)|Energy +30|Skill points +10|Speed -5|Power +5|Get Slow Metabolism status,4
nice-nature-run-win,date,a_phone_call_from_mom,A Phone Call from Mom,Top::Stamina +10||Bot::Speed +10,1
nice-nature-run-win,date,once_in_a_while,Once in a While,Top::Stamina +5|Guts +5||Bot::Stamina +5|Power +5,2
nice-nature-run-win,date,bittersweet_twilight,Bittersweet Twilight,Top::Speed +10||Bot::Guts +10||Mid::Wit +10,3
nice-nature-run-win,date,snapshot_of_emotions,Snapshot of Emotions,Top::Speed +10||Bot::Power +10,4
nice-nature-run-win,date,let_s_watch_the_fish,Let's Watch the Fish,Top::Guts +10||Bot::Speed +10,5
nice-nature-run-win,secret,choosing_to_do_my_best,Choosing to Do My Best,conditions::Win the Kyoto Shimbun Hai|Win the Naruo Kinen (Classic)|Win the Kokura Kinen (Classic)||reward::Speed +25|Stamina +25|Skill points +20|Homestretch Haste hint +1,1
nice-nature-run-win,secret,very_me_results,"Very ""Me"" Results",conditions::third_any_non_objective||reward::1 random stat +3|Skill points +65,2
nice-nature-run-win,secret,after_the_satsuki_sho_an_unsatisfying_victory,After the Satsuki Sho: An Unsatisfying Victory,conditions::beat_rival: 100501|1003||reward::1 random stat +9|Skill points +45,3
nice-nature-run-win,secret,after_the_satsuki_sho_still_can_t_catch_up,After the Satsuki Sho: Still Can't Catch Up,conditions::lose_to_rival: 100501|1003||reward::1 random stat +5|Skill points +35,4
nice-nature-run-win,secret,after_the_japanese_derby_no_matter_what,After the Japanese Derby: No Matter What,conditions::beat_rival: 101001|1003||reward::1 random stat +9|Skill points +45,5
nice-nature-run-win,secret,after_the_japanese_derby_the_spotlight,After the Japanese Derby: The Spotlight,conditions::lose_to_rival: 101001|1003||reward::1 random stat +5|Skill points +35,6
nice-nature-run-win,no_choices,doting_family,Doting Family,Wit +5,1
nice-nature-run-win,no_choices,what_cheers_me_up,What Cheers Me Up,Guts +5,2
nice-nature-run-win,no_choices,behind_the_throne,Behind the Throne,Wit +5,3
nice-nature-run-win,no_choices,nature_at_the_mejiro_s,Nature at the Mejiro's,Stamina +5|Guts +5,4
nice-nature-run-win,no_choices,flash_of_light,Flash of Light,Guts +5,5
nice-nature-run-win,no_choices,experience_leads_to_strength,Experience Leads to Strength,NO,6
nice-nature-run-win,no_choices,farewell_my_greatest_comfort,Farewell... My Greatest Comfort,Mood -1|Guts -5,7
nice-nature-run-win,no_choices,care_for_some_squid,Care for Some Squid?,Energy +5/+10/+20/+30/+40|1 random stat +5/+10/+15/+20/+25,8
nice-nature-run-win,no_choices,master_trainer,Master Trainer,Wit +10|(random) Get Practice Perfect ○ status,9
nice-nature-run-win,no_choices,first_place,First Place,All stats +5|Skill points +5,10
nice-nature-run-win,no_choices,it_s_always_three,It's Always Three!,Mood -1,11
nice-nature-run-win,no_choices,nature_s_defeat,Nature's Defeat!,Energy -10|Mood -1,12
nice-nature-run-win,no_choices,the_star_s_name_is,The Star's Name Is...,All stats +5|Skill points +30|Mood +2|(random) Get Fast Learner status,13
nice-nature-run-win,no_choices,the_bronze_collector_s_target,The Bronze Collector's Target,Energy +15|Mood -1|Guts -5|!Randomly either|Energy +15|Guts -5|Get Slacker status|!Randomly either|Energy +15|Mood -1|Guts -5|Get Slacker status,14
nice-nature-run-win,special,dance_lesson,Dance Lesson,Top::Speed +10||Bot::Guts +10,9
nice-nature-run-win,special,bonus_at_start,Bonus at start,Skill points +120,1
nice-nature-run-win,special,failed_training_get_well_soon,Failed training (Get Well Soon!),Top::Mood -1|Last trained stat -5|(random) Get Practice Poor status||Bot::!Randomly either|Mood -1|Last trained stat -10|(random) Get Practice Poor status|!or|Get Practice Perfect ○ status,2
nice-nature-run-win,special,failed_training_don_t_overdo_it,Failed training (Don't Overdo It!),Top::Energy +10|Mood -2|Last trained stat -10|2 random stats -10|(random) Get Practice Poor status||Bot::!Randomly either|Mood -3|Last trained stat -10|2 random stats -10|Get Practice Poor status|!or|Energy +10|Get Practice Perfect ○ status,3
nice-nature-run-win,special,extra_training,Extra Training,Top::Energy -5|Last trained stat +5|(random) Heal a negative status effect||Bot::Energy +5,4
nice-nature-run-win,special,at_summer_camp_year_2,At Summer Camp (Year 2),Top::Power +10||Bot::Guts +10,5
nice-nature-run-win,special,fan_letter,Fan Letter,Mood +1|Skill points +30,6
nice-nature-run-win,special,new_year_s_resolutions,New Year's Resolutions,Top::Energy +20||Mid::Skill points +20||Bot::All stats +5,7
nice-nature-run-win,special,new_year_s_shrine_visit,New Year's Shrine Visit,Top::Energy +30||Mid::All stats +5||Bot::Skill points +35,8
nice-nature-run-win,after_race,victory_1st,Victory! (1st),Top::Energy -15|1 random stat +10 / +8 / +5|Skill points +45 / +35 / +30|(random) Hint for a skill related to the race||Bot::!Randomly either|Energy -5|1 random stat +10 / +8 / +5|Skill points +45 / +35 / +30|(random) Hint for a skill related to the race|!or|Energy -20|1 random stat +10 / +8 / +5|Skill points +45 / +35 / +30|(random) Hint for a skill related to the race,1
nice-nature-run-win,after_race,solid_showing_2nd_5th,Solid Showing (2nd-5th),Top::Energy -20|1 random stat +8 / +5 / +3|Skill points +45 / +35 / +30|(random) Hint for a skill related to the race||Bot::!Randomly either|Energy -10|1 random stat +8 / +5 / +3|Skill points +45 / +35 / +30|(random) Hint for a skill related to the race|!or|Energy -30|1 random stat +8 / +5 / +3|Skill points +45 / +35 / +30|(random) Hint for a skill related to the race,2
nice-nature-run-win,after_race,defeat_6th_or_worse,Defeat (6th or worse),Top::Energy -25|1 random stat +4 / +3 / +0|Skill points +25 / +20 / +10|(random) Hint for a skill related to the race||Bot::!Randomly either|Energy -15|1 random stat +4 / +3 / +0|Skill points +25 / +20 / +10|(random) Hint for a skill related to the race|!or|Energy -35|1 random stat +4 / +3 / +0|Skill points +25 / +20 / +10|(random) Hint for a skill related to the race,3
nice-nature-run-win,after_race,etsuko_s_elated_coverage,Etsuko's Elated Coverage,Energy -15|Mood +1|1 random stat +10 / +8 / +5|Skill points +45 / +35 / +30|Fans +500|(random) Hint for a skill related to the race|Etsuko Otonashi bond +15,4
nice-nature-run-win,after_race,etsuko_s_exhaustive_coverage,Etsuko's Exhaustive Coverage,Top::!Randomly either|Energy -25|Mood -1|1 random stat +4 / +3 / +0|Skill points +25 / +20 / +10|Etsuko Otonashi bond -10|!or|Energy -15|Mood +1|1 random stat +4 / +3 / +0|Skill points +25 / +20 / +10|Etsuko Otonashi bond +15||Bot::Energy -20|1 random stat +4 / +3 / +0|Skill points +25 / +20 / +10|Etsuko Otonashi bond +10,5
king-halo-noble-white-cheer-attire,costume,encouragement_on_demand,Encouragement on Demand,Mood +2/+1|Power +15/+20|Skill points +15/+20|Pumped hint +1,1
king-halo-noble-white-cheer-attire,costume,to_be_continued,To Be Continued?,Top::Unyielding Spirit hint +1||Bot::Energy +15,2
king-halo-noble-white-cheer-attire,costume,urara_returns_the_favor,Urara Returns the Favor,Speed +10|(random) Get Practice Perfect ○ status,3
king-halo-noble-white-cheer-attire,choices,movies_are_full_of_learning_opportunities,Movies Are Full of Learning Opportunities,Top::Speed +5|Guts +5||Bot::Stamina +10,1
king-halo-noble-white-cheer-attire,choices,the_king_knows_no_exhaustion,The King Knows No Exhaustion,Top::Energy +5|Mood +1||Bot::Power +10,2
king-halo-noble-white-cheer-attire,choices,first_rate_in_studies_too,First-Rate in Studies Too,Top::Wit +10|Skill points +15||Bot::Outer Swell hint +1,3
king-halo-noble-white-cheer-attire,choices,after_school_soda,After-School Soda,Top::Guts +10|Studious hint +1||Bot::Speed +20,4
king-halo-noble-white-cheer-attire,choices,three_heads_are_better_than_one,Three Heads Are Better than One,Top::Wit +20||Bot::Stamina +10|Skill points +15,5
king-halo-noble-white-cheer-attire,choices,sweet_tooth_temptation,Sweet Tooth Temptation,Top::Energy +10|Skill points +5||Bot::!Randomly either (~90%)|Energy +30|Skill points +10|!Randomly either (~10%)|Energy +30|Skill points +10|Speed -5|Power +5|Get Slow Metabolism status,6
king-halo-noble-white-cheer-attire,date,first_rate_spot,First-Rate Spot,Top::Guts +10||Bot::Speed +10,1
king-halo-noble-white-cheer-attire,date,first_rate_harvest,First-Rate Harvest,Top::Power +5|Guts +5||Bot::Speed +5|Stamina +5,2
king-halo-noble-white-cheer-attire,date,first_rate_terms,First-Rate Terms,Top::Power +10||Bot::Wit +10||Mid::Guts +10,3
king-halo-noble-white-cheer-attire,date,crowds_are_no_problem,Crowds Are No Problem,Top::Speed +10||Bot::Power +10,4
king-halo-noble-white-cheer-attire,date,breaking_curfew_is_second_rate,Breaking Curfew is Second-Rate,Top::Guts +5|Wit +5||Bot::Speed +5|Power +5,5
king-halo-noble-white-cheer-attire,secret,a_kingly_smile,A Kingly Smile,conditions::win_or: 101101|2|101101|3|win_or: 100501|101001|win_or: 101501|102301|Triggers during Late December Senior Year||reward::All stats +10|Skill points +20,1
king-halo-noble-white-cheer-attire,secret,after_the_arima_kinen_royal_inheritance,After the Arima Kinen: Royal Inheritance,conditions::Win the Arima Kinen (Senior)||reward::Energy -15|1 random stat +10|Skill points +45|Yayoi Akikawa bond +4,2
king-halo-noble-white-cheer-attire,no_choices,to_pursue_and_be_pursued,To Pursue and Be Pursued,Guts +5,1
king-halo-noble-white-cheer-attire,no_choices,we_made_our_debut,We Made Our Debut,Guts +5,2
king-halo-noble-white-cheer-attire,no_choices,my_legs,My Legs,Guts +5,3
king-halo-noble-white-cheer-attire,no_choices,first_rate_resolve,First-Rate Resolve,Speed +5,4
king-halo-noble-white-cheer-attire,no_choices,beyond_the_limelight,Beyond the Limelight,Speed +10,5
king-halo-noble-white-cheer-attire,no_choices,the_king_s_worries,The King's Worries,Guts -5|Mood -1,6
king-halo-noble-white-cheer-attire,no_choices,master_trainer,Master Trainer,Guts +10|(random) Get Practice Perfect ○ status,7
king-halo-noble-white-cheer-attire,no_choices,first_rate_umamusume,First-Rate Umamusume,All stats +5|Skill points +5,8
king-halo-noble-white-cheer-attire,no_choices,just_can_t_stand_it,Just Can't Stand It,Mood -1,9
king-halo-noble-white-cheer-attire,no_choices,a_first_rate_laugh,A First-Rate Laugh,Energy -10|Mood -1,10
king-halo-noble-white-cheer-attire,no_choices,phantom_dance_festival,Phantom Dance Festival,All stats +5|Skill points +30|Mood +2|(random) Get Fast Learner status,11
king-halo-noble-white-cheer-attire,no_choices,first_rate_predictions,First-Rate... Predictions?,Energy +15|Mood -1|Guts -5|!Randomly either|Energy +15|Guts -5|Get Slacker status|!Randomly either|Energy +15|Mood -1|Guts -5|Get Slacker status,12
king-halo-noble-white-cheer-attire,special,dance_lesson,Dance Lesson,Top::Guts +10||Bot::Speed +10,9
king-halo-noble-white-cheer-attire,special,bonus_at_start,Bonus at start,Skill points +120,1
king-halo-noble-white-cheer-attire,special,failed_training_get_well_soon,Failed training (Get Well Soon!),Top::Mood -1|Last trained stat -5|(random) Get Practice Poor status||Bot::!Randomly either|Mood -1|Last trained stat -10|(random) Get Practice Poor status|!or|Get Practice Perfect ○ status,2
king-halo-noble-white-cheer-attire,special,failed_training_don_t_overdo_it,Failed training (Don't Overdo It!),Top::Energy +10|Mood -2|Last trained stat -10|2 random stats -10|(random) Get Practice Poor status||Bot::!Randomly either|Mood -3|Last trained stat -10|2 random stats -10|Get Practice Poor status|!or|Energy +10|Get Practice Perfect ○ status,3
king-halo-noble-white-cheer-attire,special,extra_training,Extra Training,Top::Energy -5|Last trained stat +5|(random) Heal a negative status effect||Bot::Energy +5,4
king-halo-noble-white-cheer-attire,special,at_summer_camp_year_2,At Summer Camp (Year 2),Top::Power +10||Bot::Guts +10,5
king-halo-noble-white-cheer-attire,special,fan_letter,Fan Letter,Mood +1|Skill points +30,6
king-halo-noble-white-cheer-attire,special,new_year_s_resolutions,New Year's Resolutions,Top::Energy +20||Mid::Skill points +20||Bot::All stats +5,7
king-halo-noble-white-cheer-attire,special,new_year_s_shrine_visit,New Year's Shrine Visit,Top::Energy +30||Mid::All stats +5||Bot::Skill points +35,8
king-halo-noble-white-cheer-attire,after_race,victory_1st,Victory! (1st),Top::Energy -15|1 random stat +10 / +8 / +5|Skill points +45 / +35 / +30|(random) Hint for a skill related to the race||Bot::!Randomly either|Energy -5|1 random stat +10 / +8 / +5|Skill points +45 / +35 / +30|(random) Hint for a skill related to the race|!or|Energy -20|1 random stat +10 / +8 / +5|Skill points +45 / +35 / +30|(random) Hint for a skill related to the race,1
king-halo-noble-white-cheer-attire,after_race,solid_showing_2nd_5th,Solid Showing (2nd-5th),Top::Energy -20|1 random stat +8 / +5 / +3|Skill points +45 / +35 / +30|(random) Hint for a skill related to the race||Bot::!Randomly either|Energy -10|1 random stat +8 / +5 / +3|Skill points +45 / +35 / +30|(random) Hint for a skill related to the race|!or|Energy -30|1 random stat +8 / +5 / +3|Skill points +45 / +35 / +30|(random) Hint for a skill related to the race,2
king-halo-noble-white-cheer-attire,after_race,defeat_6th_or_worse,Defeat (6th or worse),Top::Energy -25|1 random stat +4 / +3 / +0|Skill points +25 / +20 / +10|(random) Hint for a skill related to the race||Bot::!Randomly either|Energy -15|1 random stat +4 / +3 / +0|Skill points +25 / +20 / +10|(random) Hint for a skill related to the race|!or|Energy -35|1 random stat +4 / +3 / +0|Skill points +25 / +20 / +10|(random) Hint for a skill related to the race,3
king-halo-noble-white-cheer-attire,after_race,etsuko_s_elated_coverage,Etsuko's Elated Coverage,Energy -15|Mood +1|1 random stat +10 / +8 / +5|Skill points +45 / +35 / +30|Fans +500|(random) Hint for a skill related to the race|Etsuko Otonashi bond +15,4
king-halo-noble-white-cheer-attire,after_race,etsuko_s_exhaustive_coverage,Etsuko's Exhaustive Coverage,Top::!Randomly either|Energy -25|Mood -1|1 random stat +4 / +3 / +0|Skill points +25 / +20 / +10|Etsuko Otonashi bond -10|!or|Energy -15|Mood +1|1 random stat +4 / +3 / +0|Skill points +25 / +20 / +10|Etsuko Otonashi bond +15||Bot::Energy -20|1 random stat +4 / +3 / +0|Skill points +25 / +20 / +10|Etsuko Otonashi bond +10,5
ines-fujin-all-time-fever,costume,hanging_out_with_big_sis,Hanging Out with Big Sis!,Top::Speed +20||Bot::Wit +20,1
ines-fujin-all-time-fever,costume,the_me_i_want_them_to_see,The Me I Want Them to See,Top::Stamina +10|Skill points +15||Bot::Guts +20,2
ines-fujin-all-time-fever,costume,part_time_pro,Part-Time Pro!,Top::All stats +4|(random) Get Hot Topic status||Bot::Power +20|(random) Get Hot Topic status,3
ines-fujin-all-time-fever,choices,in_need_of_ines,In Need of Ines!,Top::Stamina +10||Bot::Wit +10,1
ines-fujin-all-time-fever,choices,the_battle_of_the_big_sisters,The Battle of the Big Sisters!,Top::Energy +10||Bot::Guts +5|Skill points +15,2
ines-fujin-all-time-fever,choices,it_s_not_enough_to_be_nice,It's Not Enough to Be Nice!,Top::Speed +10|Wit +5||Bot::Playtime's Over! hint +1,3
ines-fujin-all-time-fever,choices,one_too_many_toughness_bars,One Too Many Toughness Bars!,Top::Energy +30|Stamina +10|Skill points +10|!Randomly either|Energy +30|Speed -5|Stamina +5|Get Slow Metabolism status||Bot::Energy +10|Stamina +5|Skill points +5||Mid::Speed +10|Dodging Danger hint +1,4
ines-fujin-all-time-fever,choices,taiyaki_party,Taiyaki Party!,Top::Energy +10|Skill points +5||Bot::!Randomly either (~90%)|Energy +30|Skill points +10|!Randomly either (~10%)|Energy +30|Skill points +10|Speed -5|Power +5|Get Slow Metabolism status,5
ines-fujin-all-time-fever,date,part_time_fair,Part-Time Fair!,Top::Stamina +10||Bot::Wit +10,1
ines-fujin-all-time-fever,date,part_time_practice,Part-Time Practice!,Top::Power +10||Bot::Speed +10,2
ines-fujin-all-time-fever,date,full_time_gratitude,Full-Time Gratitude!,Top::Guts +10||Bot::Power +10||Mid::Speed +10,3
ines-fujin-all-time-fever,date,not_even_big_sisters_are_perfect,Not Even Big Sisters Are Perfect,Top::Guts +10||Bot::Power +10,4
ines-fujin-all-time-fever,date,against_the_norm,Against the Norm,Top::Stamina +10||Bot::Speed +10,5
ines-fujin-all-time-fever,secret,you_are_the_wind,You Are the Wind,conditions::Triggers during Late December Senior Year||reward::SC|Speed +15|Guts +15|Early Lead hint +1|Front Runner Straightaways ○ hint +1|SC|Speed +10|Guts +10|Front Runner Straightaways ○ hint +1|SC|Speed +10,1
ines-fujin-all-time-fever,no_choices,it_s_like_this_every_day_for_her,It's Like This Every Day for Her,Stamina +5,1
ines-fujin-all-time-fever,no_choices,cheering_you_on,Cheering You On,Stamina +5|Power +5,2
ines-fujin-all-time-fever,no_choices,the_sound_of_spring_on_the_breeze,The Sound of Spring on the Breeze,Guts +5,3
ines-fujin-all-time-fever,no_choices,taking_the_next_step,Taking the Next Step,Stamina +10,4
ines-fujin-all-time-fever,no_choices,master_trainer,Master Trainer,Guts +10|(random) Get Practice Perfect ○ status,5
ines-fujin-all-time-fever,no_choices,i_m_gonna_keep_being_me,I'm Gonna Keep Being Me,All stats +5|Skill points +5,6
ines-fujin-all-time-fever,no_choices,any_savings_will_do,Any Savings Will Do,Mood -1,7
ines-fujin-all-time-fever,no_choices,front_tire_trouble,Front Tire Trouble,Energy -10|Mood -1,8
ines-fujin-all-time-fever,no_choices,a_new_challenge,A New Challenge!,All stats +5|Skill points +30|Mood +2|(random) Get Fast Learner status,9
ines-fujin-all-time-fever,no_choices,ines_fujin_s_in_your_corner,Ines Fujin's in Your Corner!,Energy +15|Mood -1|Guts -5|!Randomly either|Energy +15|Guts -5|Get Slacker status|!Randomly either|Energy +15|Mood -1|Guts -5|Get Slacker status,10
ines-fujin-all-time-fever,special,dance_lesson,Dance Lesson,Top::Power +10||Bot::Wit +10,9
ines-fujin-all-time-fever,special,bonus_at_start,Bonus at start,Skill points +120,1
ines-fujin-all-time-fever,special,failed_training_get_well_soon,Failed training (Get Well Soon!),Top::Mood -1|Last trained stat -5|(random) Get Practice Poor status||Bot::!Randomly either|Mood -1|Last trained stat -10|(random) Get Practice Poor status|!or|Get Practice Perfect ○ status,2
ines-fujin-all-time-fever,special,failed_training_don_t_overdo_it,Failed training (Don't Overdo It!),Top::Energy +10|Mood -2|Last trained stat -10|2 random stats -10|(random) Get Practice Poor status||Bot::!Randomly either|Mood -3|Last trained stat -10|2 random stats -10|Get Practice Poor status|!or|Energy +10|Get Practice Perfect ○ status,3
ines-fujin-all-time-fever,special,extra_training,Extra Training,Top::Energy -5|Last trained stat +5|(random) Heal a negative status effect||Bot::Energy +5,4
ines-fujin-all-time-fever,special,at_summer_camp_year_2,At Summer Camp (Year 2),Top::Power +10||Bot::Guts +10,5
ines-fujin-all-time-fever,special,fan_letter,Fan Letter,Mood +1|Skill points +30,6
ines-fujin-all-time-fever,special,new_year_s_resolutions,New Year's Resolutions,Top::Energy +20||Mid::Skill points +20||Bot::All stats +5,7
ines-fujin-all-time-fever,special,new_year_s_shrine_visit,New Year's Shrine Visit,Top::Energy +30||Mid::All stats +5||Bot::Skill points +35,8
ines-fujin-all-time-fever,after_race,victory_1st,Victory! (1st),Top::Energy -15|1 random stat +10 / +8 / +5|Skill points +45 / +35 / +30|(random) Hint for a skill related to the race||Bot::!Randomly either|Energy -5|1 random stat +10 / +8 / +5|Skill points +45 / +35 / +30|(random) Hint for a skill related to the race|!or|Energy -20|1 random stat +10 / +8 / +5|Skill points +45 / +35 / +30|(random) Hint for a skill related to the race,1
ines-fujin-all-time-fever,after_race,solid_showing_2nd_5th,Solid Showing (2nd-5th),Top::Energy -20|1 random stat +8 / +5 / +3|Skill points +45 / +35 / +30|(random) Hint for a skill related to the race||Bot::!Randomly either|Energy -10|1 random stat +8 / +5 / +3|Skill points +45 / +35 / +30|(random) Hint for a skill related to the race|!or|Energy -30|1 random stat +8 / +5 / +3|Skill points +45 / +35 / +30|(random) Hint for a skill related to the race,2
ines-fujin-all-time-fever,after_race,defeat_6th_or_worse,Defeat (6th or worse),Top::Energy -25|1 random stat +4 / +3 / +0|Skill points +25 / +20 / +10|(random) Hint for a skill related to the race||Bot::!Randomly either|Energy -15|1 random stat +4 / +3 / +0|Skill points +25 / +20 / +10|(random) Hint for a skill related to the race|!or|Energy -35|1 random stat +4 / +3 / +0|Skill points +25 / +20 / +10|(random) Hint for a skill related to the race,3
ines-fujin-all-time-fever,after_race,etsuko_s_elated_coverage,Etsuko's Elated Coverage,Energy -15|Mood +1|1 random stat +10 / +8 / +5|Skill points +45 / +35 / +30|Fans +500|(random) Hint for a skill related to the race|Etsuko Otonashi bond +15,4
ines-fujin-all-time-fever,after_race,etsuko_s_exhaustive_coverage,Etsuko's Exhaustive Coverage,Top::!Randomly either|Energy -25|Mood -1|1 random stat +4 / +3 / +0|Skill points +25 / +20 / +10|Etsuko Otonashi bond -10|!or|Energy -15|Mood +1|1 random stat +4 / +3 / +0|Skill points +25 / +20 / +10|Etsuko Otonashi bond +15||Bot::Energy -20|1 random stat +4 / +3 / +0|Skill points +25 / +20 / +10|Etsuko Otonashi bond +10,5
mejiro-palmer-line-breakthrough,costume,a_precious_place,A Precious Place,Top::Speed +20||Bot::Wit +20,1
mejiro-palmer-line-breakthrough,costume,rain_schmain,Rain Schmain,Top::Stamina +20||Bot::Power +10|Guts +10,2
mejiro-palmer-line-breakthrough,costume,breakaway_bakushin_turbo_booost,Breakaway! Bakushin! Turbo Booost!,Top::Stamina +20|(random) Get Charming ○ status||Bot::Wit +20|(random) Get Charming ○ status,3
mejiro-palmer-line-breakthrough,choices,hands_on_fan_meeting,Hands-on Fan Meeting,Top::Stamina +10||Bot::Guts +10,1
mejiro-palmer-line-breakthrough,choices,the_everyday_advisor_s_every_day,The Everyday Advisor's Every Day,Top::Speed +5|Power +5||Bot::Stamina +5|Wit +5,2
mejiro-palmer-line-breakthrough,choices,for_palmer,For Palmer!,Top::Energy +10|Guts +5||Bot::Front Runner Savvy ○ hint +1,3
mejiro-palmer-line-breakthrough,choices,the_biggest_decision,The Biggest Decision,Top::Mood +1|Speed +25|Skill points +15|!Randomly either|Speed +15|Skill points +10||Bot::Mood +1|Speed +25|Skill points +15|!Randomly either|Speed +15|Skill points +10,4
mejiro-palmer-line-breakthrough,choices,angel_vs_devil,Angel vs. Devil,Top::Energy +10|Skill points +5||Bot::!Randomly either (~90%)|Energy +30|Skill points +10|!Randomly either (~10%)|Energy +30|Skill points +10|Speed -5|Power +5|Get Slow Metabolism status,5
mejiro-palmer-line-breakthrough,date,the_dietary_benefits_of_drinking_milk,The Dietary Benefits of Drinking Milk,Top::Stamina +10||Bot::Power +5|Skill points +15,1
mejiro-palmer-line-breakthrough,date,the_emotional_hazards_of_being_considerate,The Emotional Hazards of Being Considerate,Top::Guts +10||Bot::Speed +10,2
mejiro-palmer-line-breakthrough,date,the_heartwarming_experience_of_watching_fireworks,The Heartwarming Experience of Watching Fireworks,Top::Power +10||Bot::Stamina +10||Mid::Wit +10,3
mejiro-palmer-line-breakthrough,date,illustrating_a_future_from_a_picture_book,Illustrating a Future from a Picture Book,Top::Power +10||Bot::Speed +10,4
mejiro-palmer-line-breakthrough,date,a_master_mediator,A Master Mediator,Top::Guts +10||Bot::Wit +10,5
mejiro-palmer-line-breakthrough,secret,head_held_hiiiiigh,Head Held Hiiiiigh!,conditions::Win the Arima Kinen (Classic)|Win the Takarazuka Kinen (Senior)|Win the Arima Kinen (Senior)||reward::Speed +10|Guts +10|Runaway hint +1,1
mejiro-palmer-line-breakthrough,no_choices,partyers_for_life,Partyers for Life ☆,Speed +5,1
mejiro-palmer-line-breakthrough,no_choices,should_i_run_the_triple_crown,Should I Run the Triple Crown?!,Wit +5,2
mejiro-palmer-line-breakthrough,no_choices,leap_for_the_moon,Leap for the Moon!,Guts +10,3
mejiro-palmer-line-breakthrough,no_choices,spread_my_wings,Spread ☆ My Wings!,Sympathy hint +1,4
mejiro-palmer-line-breakthrough,no_choices,a_bestie_in_need,A Bestie in Need,Speed +5|Stamina +5,5
mejiro-palmer-line-breakthrough,no_choices,no_way_around_extra_classes,No Way Around Extra Classes,Mood -1|Wit -5,6
mejiro-palmer-line-breakthrough,no_choices,master_trainer,Master Trainer,Stamina +10|(random) Get Practice Perfect ○ status,7
mejiro-palmer-line-breakthrough,no_choices,a_runaway_with_a_late_start,A Runaway with a Late Start,All stats +5|Skill points +5,8
mejiro-palmer-line-breakthrough,no_choices,the_break_that_got_away,The Break That Got Away,Mood -1,9
mejiro-palmer-line-breakthrough,no_choices,unintended_obstacle_course,Unintended Obstacle Course,Energy -10|Mood -1,10
mejiro-palmer-line-breakthrough,no_choices,the_best_study_plan_for_besties,The Best Study Plan for Besties,All stats +5|Skill points +30|Mood +2|(random) Get Fast Learner status,11
mejiro-palmer-line-breakthrough,no_choices,time_to_roll_up_my_sleeves,Time to Roll Up My Sleeves...,Energy +15|Mood -1|Guts -5|!Randomly either|Energy +15|Guts -5|Get Slacker status|!Randomly either|Energy +15|Mood -1|Guts -5|Get Slacker status,12
mejiro-palmer-line-breakthrough,special,dance_lesson,Dance Lesson,Top::Speed +10||Bot::Wit +10,9
mejiro-palmer-line-breakthrough,special,bonus_at_start,Bonus at start,Skill points +120,1
mejiro-palmer-line-breakthrough,special,failed_training_get_well_soon,Failed training (Get Well Soon!),Top::Mood -1|Last trained stat -5|(random) Get Practice Poor status||Bot::!Randomly either|Mood -1|Last trained stat -10|(random) Get Practice Poor status|!or|Get Practice Perfect ○ status,2
mejiro-palmer-line-breakthrough,special,failed_training_don_t_overdo_it,Failed training (Don't Overdo It!),Top::Energy +10|Mood -2|Last trained stat -10|2 random stats -10|(random) Get Practice Poor status||Bot::!Randomly either|Mood -3|Last trained stat -10|2 random stats -10|Get Practice Poor status|!or|Energy +10|Get Practice Perfect ○ status,3
mejiro-palmer-line-breakthrough,special,extra_training,Extra Training,Top::Energy -5|Last trained stat +5|(random) Heal a negative status effect||Bot::Energy +5,4
mejiro-palmer-line-breakthrough,special,at_summer_camp_year_2,At Summer Camp (Year 2),Top::Power +10||Bot::Guts +10,5
mejiro-palmer-line-breakthrough,special,fan_letter,Fan Letter,Mood +1|Skill points +30,6
mejiro-palmer-line-breakthrough,special,new_year_s_resolutions,New Year's Resolutions,Top::Energy +20||Mid::Skill points +20||Bot::All stats +5,7
mejiro-palmer-line-breakthrough,special,new_year_s_shrine_visit,New Year's Shrine Visit,Top::Energy +30||Mid::All stats +5||Bot::Skill points +35,8
mejiro-palmer-line-breakthrough,after_race,victory_1st,Victory! (1st),Top::Energy -15|1 random stat +10 / +8 / +5|Skill points +45 / +35 / +30|(random) Hint for a skill related to the race||Bot::!Randomly either|Energy -5|1 random stat +10 / +8 / +5|Skill points +45 / +35 / +30|(random) Hint for a skill related to the race|!or|Energy -20|1 random stat +10 / +8 / +5|Skill points +45 / +35 / +30|(random) Hint for a skill related to the race,1
mejiro-palmer-line-breakthrough,after_race,solid_showing_2nd_5th,Solid Showing (2nd-5th),Top::Energy -20|1 random stat +8 / +5 / +3|Skill points +45 / +35 / +30|(random) Hint for a skill related to the race||Bot::!Randomly either|Energy -10|1 random stat +8 / +5 / +3|Skill points +45 / +35 / +30|(random) Hint for a skill related to the race|!or|Energy -30|1 random stat +8 / +5 / +3|Skill points +45 / +35 / +30|(random) Hint for a skill related to the race,2
mejiro-palmer-line-breakthrough,after_race,defeat_6th_or_worse,Defeat (6th or worse),Top::Energy -25|1 random stat +4 / +3 / +0|Skill points +25 / +20 / +10|(random) Hint for a skill related to the race||Bot::!Randomly either|Energy -15|1 random stat +4 / +3 / +0|Skill points +25 / +20 / +10|(random) Hint for a skill related to the race|!or|Energy -35|1 random stat +4 / +3 / +0|Skill points +25 / +20 / +10|(random) Hint for a skill related to the race,3
mejiro-palmer-line-breakthrough,after_race,etsuko_s_elated_coverage,Etsuko's Elated Coverage,Energy -15|Mood +1|1 random stat +10 / +8 / +5|Skill points +45 / +35 / +30|Fans +500|(random) Hint for a skill related to the race|Etsuko Otonashi bond +15,4
mejiro-palmer-line-breakthrough,after_race,etsuko_s_exhaustive_coverage,Etsuko's Exhaustive Coverage,Top::!Randomly either|Energy -25|Mood -1|1 random stat +4 / +3 / +0|Skill points +25 / +20 / +10|Etsuko Otonashi bond -10|!or|Energy -15|Mood +1|1 random stat +4 / +3 / +0|Skill points +25 / +20 / +10|Etsuko Otonashi bond +15||Bot::Energy -20|1 random stat +4 / +3 / +0|Skill points +25 / +20 / +10|Etsuko Otonashi bond +10,5
fine-motion-titania,costume,a_forest_of_fairies,A Forest of Fairies?,Energy +10|Wit +10|Mile Straightaways ○ hint +1|!Randomly either|Energy +5|Mile Straightaways ○ hint +1,1
fine-motion-titania,costume,can_you_solve_my_riddle,Can You Solve My Riddle? ♪,Top::Prepared to Pass hint +1||Bot::Power +15,2
fine-motion-titania,costume,even_though_we_re_apart,Even Though We're Apart,Speed +20|Skill points +15|(random) Get Fast Learner status|!Randomly either|Speed +5|Skill points +10,3
fine-motion-titania,choices,who_shall_be_my_escort,Who Shall Be My Escort?,Top::Speed +10|RC||Bot::Wit +10|RC||Mid::Guts +10|RC||4::Stamina +10|RC,1
fine-motion-titania,choices,a_noble_pastime,A Noble Pastime,Top::Power +10||Bot::Wit +10,2
fine-motion-titania,choices,an_invigorating_tea_party,An Invigorating Tea Party,Top::Speed +5|Guts +5||Bot::Stamina +5|Power +5,3
fine-motion-titania,choices,flowers_from_a_distant_land,Flowers from a Distant Land,Top::Stamina +10|Skill points +15||Bot::Pace Chaser Corners ○ hint +1,4
fine-motion-titania,choices,i_love_ramen,I Love Ramen,Top::Energy +30|Skill points +15|!Randomly either|Energy +30|Speed -10|Skill points +5|Get Slow Metabolism status||Bot::Stamina +20|Power +10||Mid::All I've Got hint +1,5
fine-motion-titania,choices,nostalgic_irish_cuisine,Nostalgic Irish Cuisine,Top::Energy +10|Skill points +5||Bot::!Randomly either (~90%)|Energy +30|Skill points +10|!Randomly either (~10%)|Energy +30|Skill points +10|Speed -5|Power +5|Get Slow Metabolism status,6
fine-motion-titania,date,nothing_like_a_good_mystery,Nothing Like a Good Mystery!,Top::Wit +10||Bot::Power +10,1
fine-motion-titania,date,no_such_thing_as_a_bad_time_abroad,No Such Thing as a Bad Time Abroad,Top::Guts +10||Bot::Speed +10,2
fine-motion-titania,date,official_duties,Official Duties,Top::Stamina +10||Bot::Wit +10||Mid::Power +10,3
fine-motion-titania,date,a_bazaar_afternoon,"A ""Bazaar"" Afternoon",Top::Wit +10||Bot::Power +10,4
fine-motion-titania,date,learning_the_local_oshi_culture,"Learning the Local ""Oshi"" Culture",Top::Speed +10||Bot::Guts +10,5
fine-motion-titania,secret,after_the_shuka_sho_beautiful_sky,After the Shuka Sho: Beautiful Sky,conditions::Win the Shuka Sho||reward::All stats +3|Skill points +45|Ramp Up hint +1|Yayoi Akikawa bond +4,1
fine-motion-titania,secret,after_the_sapporo_kinen_home_straight,After the Sapporo Kinen: Home Straight,conditions::win_as_strat: 202001|3|4||reward::1 random stat +3|Speed +5|Power +5|Guts +5|Skill points +35|Standing By hint +1|Yayoi Akikawa bond +4,2
fine-motion-titania,secret,after_the_sapporo_kinen_home_straight,After the Sapporo Kinen: Home Straight,conditions::win_as_not_strat: 202001|3|4||reward::1 random stat +3|Skill points +35|Yayoi Akikawa bond +4,3
fine-motion-titania,secret,after_the_tenno_sho_autumn_ever_after,After the Tenno Sho (Autumn): Ever After,conditions::pick_and_win: 101601|3||reward::All stats +3|Skill points +45|Up-Tempo hint +1|Yayoi Akikawa bond +4,4
fine-motion-titania,secret,after_the_queen_elizabeth_ii_cup_respect,After the Queen Elizabeth II Cup: Respect,conditions::pick_and_win: 101701|3||reward::All stats +3|Skill points +45|Straight Descent hint +1|Yayoi Akikawa bond +4,5
fine-motion-titania,secret,after_the_mile_ch_rival,After the Mile Ch.: Rival,conditions::pick_and_win: 101801|3||reward::All stats +3|Skill points +45|Updrafters hint +1|Yayoi Akikawa bond +4,6
fine-motion-titania,secret,after_the_arima_kinen_sweet_memories,After the Arima Kinen: Sweet Memories,conditions::pick_and_win: 102301|3||reward::All stats +3|Skill points +45|Preferred Position hint +1|Head-On hint +1|Yayoi Akikawa bond +4,7
fine-motion-titania,secret,after_the_arima_kinen_still_with_you,After the Arima Kinen: Still with You,conditions::dont_pick_and_win: 102301|3||reward::Energy -15|1 random stat +10|Skill points +45|Preferred Position hint +1,8
fine-motion-titania,no_choices,this_is_who_i_am,This Is Who I Am,Wit +5,1
fine-motion-titania,no_choices,my_dear,My Dear...,NO,2
fine-motion-titania,no_choices,something_special,Something Special,Stamina +5,3
fine-motion-titania,no_choices,fellow_students,Fellow Students,Wit +5,4
fine-motion-titania,no_choices,destiny,Destiny,Guts +5,5
fine-motion-titania,no_choices,such_sweet_sorrow,Such Sweet Sorrow...,NO,6
fine-motion-titania,no_choices,a_matter_of_high_priority,A Matter of High Priority,Stamina -5|Mood -1,7
fine-motion-titania,no_choices,it_ll_be_more_fun,It'll Be More Fun!,Energy +15|1 random stat +10|FD,8
fine-motion-titania,no_choices,master_trainer,Master Trainer,Wit +10|(random) Get Practice Perfect ○ status,9
fine-motion-titania,no_choices,rain_or_shine_i_m_fine,"Rain or Shine, I'm Fine!",All stats +5|Skill points +5,10
fine-motion-titania,no_choices,i_ll_remember_you_in_my_heart,I'll Remember You in My Heart...,Mood -1,11
fine-motion-titania,no_choices,old_customs_die_hard,Old Customs Die Hard,Energy -10|Mood -1,12
fine-motion-titania,no_choices,perhaps_i_can_help,Perhaps I Can Help?,All stats +5|Skill points +30|Mood +2|(random) Get Fast Learner status,13
fine-motion-titania,no_choices,tell_me_more,Tell Me More ♪,Energy +15|Mood -1|Guts -5|!Randomly either|Energy +15|Guts -5|Get Slacker status|!Randomly either|Energy +15|Mood -1|Guts -5|Get Slacker status,14
fine-motion-titania,special,dance_lesson,Dance Lesson,Top::Power +10||Bot::Wit +10,9
fine-motion-titania,special,bonus_at_start,Bonus at start,Skill points +120,1
fine-motion-titania,special,failed_training_get_well_soon,Failed training (Get Well Soon!),Top::Mood -1|Last trained stat -5|(random) Get Practice Poor status||Bot::!Randomly either|Mood -1|Last trained stat -10|(random) Get Practice Poor status|!or|Get Practice Perfect ○ status,2
fine-motion-titania,special,failed_training_don_t_overdo_it,Failed training (Don't Overdo It!),Top::Energy +10|Mood -2|Last trained stat -10|2 random stats -10|(random) Get Practice Poor status||Bot::!Randomly either|Mood -3|Last trained stat -10|2 random stats -10|Get Practice Poor status|!or|Energy +10|Get Practice Perfect ○ status,3
fine-motion-titania,special,extra_training,Extra Training,Top::Energy -5|Last trained stat +5|(random) Heal a negative status effect||Bot::Energy +5,4
fine-motion-titania,special,at_summer_camp_year_2,At Summer Camp (Year 2),Top::Power +10||Bot::Guts +10,5
fine-motion-titania,special,fan_letter,Fan Letter,Mood +1|Skill points +30,6
fine-motion-titania,special,new_year_s_resolutions,New Year's Resolutions,Top::Energy +20||Mid::Skill points +20||Bot::All stats +5,7
fine-motion-titania,special,new_year_s_shrine_visit,New Year's Shrine Visit,Top::Energy +30||Mid::All stats +5||Bot::Skill points +35,8
fine-motion-titania,after_race,victory_1st,Victory! (1st),Top::Energy -15|1 random stat +10 / +8 / +5|Skill points +45 / +35 / +30|(random) Hint for a skill related to the race||Bot::!Randomly either|Energy -5|1 random stat +10 / +8 / +5|Skill points +45 / +35 / +30|(random) Hint for a skill related to the race|!or|Energy -20|1 random stat +10 / +8 / +5|Skill points +45 / +35 / +30|(random) Hint for a skill related to the race,1
fine-motion-titania,after_race,solid_showing_2nd_5th,Solid Showing (2nd-5th),Top::Energy -20|1 random stat +8 / +5 / +3|Skill points +45 / +35 / +30|(random) Hint for a skill related to the race||Bot::!Randomly either|Energy -10|1 random stat +8 / +5 / +3|Skill points +45 / +35 / +30|(random) Hint for a skill related to the race|!or|Energy -30|1 random stat +8 / +5 / +3|Skill points +45 / +35 / +30|(random) Hint for a skill related to the race,2
fine-motion-titania,after_race,defeat_6th_or_worse,Defeat (6th or worse),Top::Energy -25|1 random stat +4 / +3 / +0|Skill points +25 / +20 / +10|(random) Hint for a skill related to the race||Bot::!Randomly either|Energy -15|1 random stat +4 / +3 / +0|Skill points +25 / +20 / +10|(random) Hint for a skill related to the race|!or|Energy -35|1 random stat +4 / +3 / +0|Skill points +25 / +20 / +10|(random) Hint for a skill related to the race,3
fine-motion-titania,after_race,etsuko_s_elated_coverage,Etsuko's Elated Coverage,Energy -15|Mood +1|1 random stat +10 / +8 / +5|Skill points +45 / +35 / +30|Fans +500|(random) Hint for a skill related to the race|Etsuko Otonashi bond +15,4
fine-motion-titania,after_race,etsuko_s_exhaustive_coverage,Etsuko's Exhaustive Coverage,Top::!Randomly either|Energy -25|Mood -1|1 random stat +4 / +3 / +0|Skill points +25 / +20 / +10|Etsuko Otonashi bond -10|!or|Energy -15|Mood +1|1 random stat +4 / +3 / +0|Skill points +25 / +20 / +10|Etsuko Otonashi bond +15||Bot::Energy -20|1 random stat +4 / +3 / +0|Skill points +25 / +20 / +10|Etsuko Otonashi bond +10,5
curren-chan-ma-cherie,costume,where_could_curren_be,Where Could Curren Be?,Power +5|Sprint Corners ○ hint +1|!Randomly either|Power +20|Sprint Corners ○ hint +1,1
curren-chan-ma-cherie,costume,curren_in_black,Curren in Black,Top::Speed +15||Bot::Disorient hint +1,2
curren-chan-ma-cherie,costume,cutebakushin,#CuteBakushin,Guts +30|Get Fast Learner status|!Randomly either|Guts +30|!Randomly either|Guts +15,3
curren-chan-ma-cherie,choices,one_two_three_curren_chan,"One, Two, Three, Curren Chan!",Top::Speed +10||Bot::Wit +10,1
curren-chan-ma-cherie,choices,ms_worldwide,Ms. Worldwide,Top::Power +10||Bot::Speed +10,2
curren-chan-ma-cherie,choices,thanks_for_the_lesson,Thanks for the Lesson ♪,Top::Energy -10|Speed +20||Bot::Frenzied Late Surgers hint +1,3
curren-chan-ma-cherie,choices,wanna_eat_together,Wanna Eat Together?,Top::Energy +10|Skill points +5||Bot::!Randomly either (~90%)|Energy +30|Skill points +10|!Randomly either (~10%)|Energy +30|Skill points +10|Speed -5|Power +5|Get Slow Metabolism status,4
curren-chan-ma-cherie,date,making_friends,Making Friends,Top::Power +10||Bot::Wit +10,1
curren-chan-ma-cherie,date,making_connections,Making Connections,Top::Guts +10||Bot::Power +10,2
curren-chan-ma-cherie,date,universal_cutie,Universal Cutie,Top::Speed +5|Power +5||Bot::Speed +10||Mid::Speed +5|Wit +5,3
curren-chan-ma-cherie,date,a_nostalgic_flavor,A Nostalgic Flavor,Top::Stamina +10||Bot::Power +10,4
curren-chan-ma-cherie,date,rattle_rattle_clunk,"Rattle, Rattle, Clunk",Top::Wit +10||Bot::Stamina +10,5
curren-chan-ma-cherie,secret,the_essence_of_cuteness,The Essence of Cuteness,conditions::Triggers during Late May Classic Year||reward::Mood +1,1
curren-chan-ma-cherie,secret,summer_sprint_series_conquered,Summer Sprint Series Conquered!,conditions::Win the Hakodate Sprint Stakes (Senior)|Win the Keeneland Cup (Senior)|Win the Centaur Stakes (Senior)||reward::Energy +25|Mood +1|Speed +15|Power +15|Guts +15|Sprinting Gear hint +1,2
curren-chan-ma-cherie,no_choices,my_cute_ambitions,My Cute Ambitions,Speed +10,1
curren-chan-ma-cherie,no_choices,cute_posts,Cute Posts,Power +5,2
curren-chan-ma-cherie,no_choices,a_cute_plan,A Cute Plan?,Wit +5,3
curren-chan-ma-cherie,no_choices,the_truth_regarding_cuteness,The Truth Regarding Cuteness,Speed +5|Guts +5,4
curren-chan-ma-cherie,no_choices,oh_so_lonely,Oh So Lonely!,Mood -1|Wit -5,5
curren-chan-ma-cherie,no_choices,after_my_cute_concert,After My Cute Concert... ♪,Mood +1|(random) Get Charming ○ status,6
curren-chan-ma-cherie,no_choices,mynamescurren_neverforget,#MyNamesCurren #NeverForget,1 random stat +10|FA +999,7
curren-chan-ma-cherie,no_choices,master_trainer,Master Trainer,Speed +10|(random) Get Practice Perfect ○ status,8
curren-chan-ma-cherie,no_choices,beyond_cuteness,Beyond Cuteness,All stats +5|Skill points +5,9
curren-chan-ma-cherie,no_choices,lounging_around,Lounging Around,Mood -1,10
curren-chan-ma-cherie,no_choices,the_downside_of_umastagram,The Downside of Umastagram,Energy -10|Mood -1,11
curren-chan-ma-cherie,no_choices,totally_tubular_cuteness,Totally Tubular Cuteness!,All stats +5|Skill points +30|Mood +2|(random) Get Fast Learner status,12
curren-chan-ma-cherie,no_choices,conveying_cuteness,Conveying Cuteness,Energy +15|Mood -1|Guts -5|!Randomly either|Energy +15|Guts -5|Get Slacker status|!Randomly either|Energy +15|Mood -1|Guts -5|Get Slacker status,13
curren-chan-ma-cherie,special,dance_lesson,Dance Lesson,Top::Speed +10||Bot::Guts +10,9
curren-chan-ma-cherie,special,bonus_at_start,Bonus at start,Skill points +120,1
curren-chan-ma-cherie,special,failed_training_get_well_soon,Failed training (Get Well Soon!),Top::Mood -1|Last trained stat -5|(random) Get Practice Poor status||Bot::!Randomly either|Mood -1|Last trained stat -10|(random) Get Practice Poor status|!or|Get Practice Perfect ○ status,2
curren-chan-ma-cherie,special,failed_training_don_t_overdo_it,Failed training (Don't Overdo It!),Top::Energy +10|Mood -2|Last trained stat -10|2 random stats -10|(random) Get Practice Poor status||Bot::!Randomly either|Mood -3|Last trained stat -10|2 random stats -10|Get Practice Poor status|!or|Energy +10|Get Practice Perfect ○ status,3
curren-chan-ma-cherie,special,extra_training,Extra Training,Top::Energy -5|Last trained stat +5|(random) Heal a negative status effect||Bot::Energy +5,4
curren-chan-ma-cherie,special,at_summer_camp_year_2,At Summer Camp (Year 2),Top::Power +10||Bot::Guts +10,5
curren-chan-ma-cherie,special,fan_letter,Fan Letter,Mood +1|Skill points +30,6
curren-chan-ma-cherie,special,new_year_s_resolutions,New Year's Resolutions,Top::Energy +20||Mid::Skill points +20||Bot::All stats +5,7
curren-chan-ma-cherie,special,new_year_s_shrine_visit,New Year's Shrine Visit,Top::Energy +30||Mid::All stats +5||Bot::Skill points +35,8
curren-chan-ma-cherie,after_race,victory_1st,Victory! (1st),Top::Energy -15|1 random stat +10 / +8 / +5|Skill points +45 / +35 / +30|(random) Hint for a skill related to the race||Bot::!Randomly either|Energy -5|1 random stat +10 / +8 / +5|Skill points +45 / +35 / +30|(random) Hint for a skill related to the race|!or|Energy -20|1 random stat +10 / +8 / +5|Skill points +45 / +35 / +30|(random) Hint for a skill related to the race,1
curren-chan-ma-cherie,after_race,solid_showing_2nd_5th,Solid Showing (2nd-5th),Top::Energy -20|1 random stat +8 / +5 / +3|Skill points +45 / +35 / +30|(random) Hint for a skill related to the race||Bot::!Randomly either|Energy -10|1 random stat +8 / +5 / +3|Skill points +45 / +35 / +30|(random) Hint for a skill related to the race|!or|Energy -30|1 random stat +8 / +5 / +3|Skill points +45 / +35 / +30|(random) Hint for a skill related to the race,2
curren-chan-ma-cherie,after_race,defeat_6th_or_worse,Defeat (6th or worse),Top::Energy -25|1 random stat +4 / +3 / +0|Skill points +25 / +20 / +10|(random) Hint for a skill related to the race||Bot::!Randomly either|Energy -15|1 random stat +4 / +3 / +0|Skill points +25 / +20 / +10|(random) Hint for a skill related to the race|!or|Energy -35|1 random stat +4 / +3 / +0|Skill points +25 / +20 / +10|(random) Hint for a skill related to the race,3
curren-chan-ma-cherie,after_race,etsuko_s_elated_coverage,Etsuko's Elated Coverage,Energy -15|Mood +1|1 random stat +10 / +8 / +5|Skill points +45 / +35 / +30|Fans +500|(random) Hint for a skill related to the race|Etsuko Otonashi bond +15,4
curren-chan-ma-cherie,after_race,etsuko_s_exhaustive_coverage,Etsuko's Exhaustive Coverage,Top::!Randomly either|Energy -25|Mood -1|1 random stat +4 / +3 / +0|Skill points +25 / +20 / +10|Etsuko Otonashi bond -10|!or|Energy -15|Mood +1|1 random stat +4 / +3 / +0|Skill points +25 / +20 / +10|Etsuko Otonashi bond +15||Bot::Energy -20|1 random stat +4 / +3 / +0|Skill points +25 / +20 / +10|Etsuko Otonashi bond +10,5
inari-one-inari-yukari-edomurasaki,costume,the_art_of_class,The Art of Class,Top::Stamina +20||Bot::Power +20,1
inari-one-inari-yukari-edomurasaki,costume,edo_s_pride_festivals_fights,Edo's Pride: Festivals & Fights!,Top::Speed +20||Bot::Power +20,2
inari-one-inari-yukari-edomurasaki,costume,the_scent_of_rush_grass,The Scent of Rush Grass,Top::Wit +20|(random) Get Hot Topic status||Bot::Stamina +10|Guts +10|(random) Get Hot Topic status,3
inari-one-inari-yukari-edomurasaki,choices,pride_of_an_edo_girl,Pride of an Edo Girl,Top::Energy -10|Power +20||Bot::Speed +10,1
inari-one-inari-yukari-edomurasaki,choices,settlin_with_style,Settlin' with Style,Top::Stamina +10||Bot::Mood +1|Speed +5,2
inari-one-inari-yukari-edomurasaki,choices,lying_s_not_my_style,Lying's Not My Style!,"Top::Ramp Up hint +1||Bot::Forward, March! hint +1",3
inari-one-inari-yukari-edomurasaki,choices,a_rush_of_good_karma,A Rush of Good Karma,Top::Energy +30|Speed +10|Skill points +10|!Randomly either|Energy +30|Speed -5|Power +5|Skill points +10|Get Slow Metabolism status||Bot::Energy +10|Speed +5|Skill points +5||Mid::Energy -10|Guts +20|Tail Held High hint +1,4
inari-one-inari-yukari-edomurasaki,choices,irresistible_fried_tofu,Irresistible Fried Tofu,Top::Energy +10|Skill points +5||Bot::!Randomly either (~90%)|Energy +30|Skill points +10|!Randomly either (~10%)|Energy +30|Skill points +10|Speed -5|Power +5|Get Slow Metabolism status,5
inari-one-inari-yukari-edomurasaki,date,with_class_in_your_heart,With Class in Your Heart,Top::Guts +10||Bot::Stamina +10,1
inari-one-inari-yukari-edomurasaki,date,helpers_exit_with_style,Helpers Exit with Style,Top::Speed +10||Bot::Stamina +10,2
inari-one-inari-yukari-edomurasaki,date,a_good_partner,A Good Partner,Top::Guts +10||Bot::Power +10||Mid::Stamina +10,3
inari-one-inari-yukari-edomurasaki,date,i_don_t_mind_takin_care_of_others,I Don't Mind Takin' Care of Others,Top::Speed +10||Bot::Power +10,4
inari-one-inari-yukari-edomurasaki,date,waitin_in_line_isn_t_so_bad,Waitin' in Line Isn't So Bad,Top::Power +10||Bot::Wit +10,5
inari-one-inari-yukari-edomurasaki,secret,come_see_the_never_ending_festival,Come See the Never-Ending Festival!,"conditions::win_all: ['202601|3', '101601|3', '101901|3', '102301|3']||reward::Power +15|Guts +15|Skill points +15|Eager hint +1",1
inari-one-inari-yukari-edomurasaki,secret,behold_the_thunder_wind_and_light,"Behold the Thunder, Wind, and Light","conditions::win_n_of: 2|['101201|2', '101601|2', '101901|2']||reward::Speed +20|Power +20|Skill points +20|All I've Got hint +1|Fighting Spirit hint +1",2
inari-one-inari-yukari-edomurasaki,no_choices,a_festival_needs_prep,A Festival Needs Prep,Guts +5,1
inari-one-inari-yukari-edomurasaki,no_choices,flimsy_words_mean_diddly_squat,Flimsy Words Mean Diddly Squat,NO,2
inari-one-inari-yukari-edomurasaki,no_choices,you_can_t_put_on_a_festival_alone,You Can't Put on a Festival Alone,Speed +10,3
inari-one-inari-yukari-edomurasaki,no_choices,fate_and_inevitability,Fate and Inevitability,Power +5,4
inari-one-inari-yukari-edomurasaki,no_choices,the_soul_behind_a_festival_s_style,The Soul Behind a Festival's Style,Power +10,5
inari-one-inari-yukari-edomurasaki,no_choices,so_much_for_classy,So Much for Classy...,Mood -1|Speed -5,6
inari-one-inari-yukari-edomurasaki,no_choices,master_trainer,Master Trainer,Power +10|(random) Get Practice Perfect ○ status,7
inari-one-inari-yukari-edomurasaki,no_choices,an_end_and_a_beginning,An End and a Beginning,All stats +5|Skill points +5,8
inari-one-inari-yukari-edomurasaki,no_choices,a_bath_with_no_class,A Bath with No Class,Mood -1,9
inari-one-inari-yukari-edomurasaki,no_choices,edo_girl_or_scaredy_cat,Edo Girl or Scaredy-Cat,Energy -10|Mood -1,10
inari-one-inari-yukari-edomurasaki,no_choices,you_can_count_on_inari_one,You Can Count on Inari One,All stats +5|Skill points +30|Mood +2|(random) Get Fast Learner status,11
inari-one-inari-yukari-edomurasaki,no_choices,the_charm_of_traditional_arts,The Charm of Traditional Arts,Energy +15|Mood -1|Guts -5|!Randomly either|Energy +15|Guts -5|Get Slacker status|!Randomly either|Energy +15|Mood -1|Guts -5|Get Slacker status,12
inari-one-inari-yukari-edomurasaki,special,dance_lesson,Dance Lesson,Top::Guts +10||Bot::Power +10,9
inari-one-inari-yukari-edomurasaki,special,bonus_at_start,Bonus at start,Skill points +120,1
inari-one-inari-yukari-edomurasaki,special,failed_training_get_well_soon,Failed training (Get Well Soon!),Top::Mood -1|Last trained stat -5|(random) Get Practice Poor status||Bot::!Randomly either|Mood -1|Last trained stat -10|(random) Get Practice Poor status|!or|Get Practice Perfect ○ status,2
inari-one-inari-yukari-edomurasaki,special,failed_training_don_t_overdo_it,Failed training (Don't Overdo It!),Top::Energy +10|Mood -2|Last trained stat -10|2 random stats -10|(random) Get Practice Poor status||Bot::!Randomly either|Mood -3|Last trained stat -10|2 random stats -10|Get Practice Poor status|!or|Energy +10|Get Practice Perfect ○ status,3
inari-one-inari-yukari-edomurasaki,special,extra_training,Extra Training,Top::Energy -5|Last trained stat +5|(random) Heal a negative status effect||Bot::Energy +5,4
inari-one-inari-yukari-edomurasaki,special,at_summer_camp_year_2,At Summer Camp (Year 2),Top::Power +10||Bot::Guts +10,5
inari-one-inari-yukari-edomurasaki,special,fan_letter,Fan Letter,Mood +1|Skill points +30,6
inari-one-inari-yukari-edomurasaki,special,new_year_s_resolutions,New Year's Resolutions,Top::Energy +20||Mid::Skill points +20||Bot::All stats +5,7
inari-one-inari-yukari-edomurasaki,special,new_year_s_shrine_visit,New Year's Shrine Visit,Top::Energy +30||Mid::All stats +5||Bot::Skill points +35,8
inari-one-inari-yukari-edomurasaki,after_race,victory_1st,Victory! (1st),Top::Energy -15|1 random stat +10 / +8 / +5|Skill points +45 / +35 / +30|(random) Hint for a skill related to the race||Bot::!Randomly either|Energy -5|1 random stat +10 / +8 / +5|Skill points +45 / +35 / +30|(random) Hint for a skill related to the race|!or|Energy -20|1 random stat +10 / +8 / +5|Skill points +45 / +35 / +30|(random) Hint for a skill related to the race,1
inari-one-inari-yukari-edomurasaki,after_race,solid_showing_2nd_5th,Solid Showing (2nd-5th),Top::Energy -20|1 random stat +8 / +5 / +3|Skill points +45 / +35 / +30|(random) Hint for a skill related to the race||Bot::!Randomly either|Energy -10|1 random stat +8 / +5 / +3|Skill points +45 / +35 / +30|(random) Hint for a skill related to the race|!or|Energy -30|1 random stat +8 / +5 / +3|Skill points +45 / +35 / +30|(random) Hint for a skill related to the race,2
inari-one-inari-yukari-edomurasaki,after_race,defeat_6th_or_worse,Defeat (6th or worse),Top::Energy -25|1 random stat +4 / +3 / +0|Skill points +25 / +20 / +10|(random) Hint for a skill related to the race||Bot::!Randomly either|Energy -15|1 random stat +4 / +3 / +0|Skill points +25 / +20 / +10|(random) Hint for a skill related to the race|!or|Energy -35|1 random stat +4 / +3 / +0|Skill points +25 / +20 / +10|(random) Hint for a skill related to the race,3
inari-one-inari-yukari-edomurasaki,after_race,etsuko_s_elated_coverage,Etsuko's Elated Coverage,Energy -15|Mood +1|1 random stat +10 / +8 / +5|Skill points +45 / +35 / +30|Fans +500|(random) Hint for a skill related to the race|Etsuko Otonashi bond +15,4
inari-one-inari-yukari-edomurasaki,after_race,etsuko_s_exhaustive_coverage,Etsuko's Exhaustive Coverage,Top::!Randomly either|Energy -25|Mood -1|1 random stat +4 / +3 / +0|Skill points +25 / +20 / +10|Etsuko Otonashi bond -10|!or|Energy -15|Mood +1|1 random stat +4 / +3 / +0|Skill points +25 / +20 / +10|Etsuko Otonashi bond +15||Bot::Energy -20|1 random stat +4 / +3 / +0|Skill points +25 / +20 / +10|Etsuko Otonashi bond +10,5
sweep-tosho-platanus-witch,costume,by_the_power_of_magic_clang,By the Power of Magic! (Clang!),Top::Power +10|Wit +10||Bot::Power +10|Guts +10,1
sweep-tosho-platanus-witch,costume,i_love_it,I Love It!,Top::Stamina +20||Bot::Speed +20,2
sweep-tosho-platanus-witch,costume,piece_of_cake,Piece of Cake!,Top::Wit +20|(random) Get Fast Learner status||Bot::Speed +20|(random) Get Fast Learner status,3
sweep-tosho-platanus-witch,choices,come_back_when_you_ve_grown_up,Come Back When You've Grown Up!,Top::Power +10||Bot::Energy +5|Guts +5,1
sweep-tosho-platanus-witch,choices,a_great_witch_s_wisdom,A Great Witch's Wisdom,Top::Power +5|Skill points +15||Bot::Wit +10,2
sweep-tosho-platanus-witch,choices,a_spell_passed_down_through_the_academy,A Spell Passed Down Through the Academy?,Top::Mood +1|Speed +10||Bot::Slipstream hint +1,3
sweep-tosho-platanus-witch,choices,a_legendary_magic_item,A Legendary Magic Item?!,Top::Energy +10|Skill points +5||Bot::!Randomly either (~90%)|Energy +30|Skill points +10|!Randomly either (~10%)|Energy +30|Skill points +10|Speed -5|Power +5|Get Slow Metabolism status,4
sweep-tosho-platanus-witch,date,sweepy_and_the_strongest_familiar,Sweepy and the Strongest Familiar,Top::Wit +10||Bot::Stamina +10,1
sweep-tosho-platanus-witch,date,sweepy_and_the_magical_journey,Sweepy and the Magical Journey,Top::Stamina +10||Bot::Power +10,2
sweep-tosho-platanus-witch,date,sweepy_and_the_legendary_teachings,Sweepy and the Legendary Teachings,Top::Wit +10||Bot::Guts +10||Mid::Power +10,3
sweep-tosho-platanus-witch,date,i_m_taking_you_home,I'm Taking You Home!,Top::Power +10||Bot::Wit +10,4
sweep-tosho-platanus-witch,date,i_don_t_wanna_go_home,I Don't Wanna Go Home!,Top::Power +10||Bot::Speed +10,5
sweep-tosho-platanus-witch,secret,the_secret_of_the_hat,The Secret of the Hat,conditions::triple_tiara|use_strategy: 4||reward::Speed +15|End Closer Corners ○ hint +1,1
sweep-tosho-platanus-witch,secret,after_the_debut_bring_the_brat,After the Debut: Bring the Brat,conditions::Participate in the debut||reward::RR|SG,2
sweep-tosho-platanus-witch,secret,after_the_takarazuka_kinen_a_strong_umamusume,After the Takarazuka Kinen: A Strong Umamusume,conditions::Win the Takarazuka Kinen (Senior)||reward::All stats +3|Skill points +45|Restraint hint +1|HP|Yayoi Akikawa bond +4,3
sweep-tosho-platanus-witch,no_choices,household_of_magic,Household of Magic,Wit +5,1
sweep-tosho-platanus-witch,no_choices,twinkle_twinkle,Twinkle Twinkle ☆,Power +5,2
sweep-tosho-platanus-witch,no_choices,laaaaame,Laaaaame!,Speed +5,3
sweep-tosho-platanus-witch,no_choices,the_witch_and_the_hero,The Witch and the Hero,Guts +5,4
sweep-tosho-platanus-witch,no_choices,the_end,The End?,Stamina +5,5
sweep-tosho-platanus-witch,no_choices,hera_s_flame,Hera's Flame,Speed +5,6
sweep-tosho-platanus-witch,no_choices,magic_training_week,Magic Training Week!,Energy +20,7
sweep-tosho-platanus-witch,no_choices,the_moody_magical_girl,The Moody Magical Girl,Mood -1|Wit -5,8
sweep-tosho-platanus-witch,no_choices,doing_things_my_way,Doing Things My Way!,Mood +1|Power +20|FD,9
sweep-tosho-platanus-witch,no_choices,master_trainer,Master Trainer,Speed +10|(random) Get Practice Perfect ○ status,10
sweep-tosho-platanus-witch,no_choices,cultivating_the_future,Cultivating the Future,All stats +5|Skill points +5,11
sweep-tosho-platanus-witch,no_choices,a_super_special_potion_attempt,A Super Special Potion Attempt,Mood -1,12
sweep-tosho-platanus-witch,no_choices,even_witches_fall_off_their_brooms,Even Witches Fall Off Their Brooms!,Energy -10|Mood -1,13
sweep-tosho-platanus-witch,no_choices,riding_the_magical_wind,Riding the Magical Wind,All stats +5|Skill points +30|Mood +2|(random) Get Fast Learner status,14
sweep-tosho-platanus-witch,no_choices,red_light_green_light_genius,"Red Light, Green Light Genius ☆",Energy +15|Mood -1|Guts -5|!Randomly either|Energy +15|Guts -5|Get Slacker status|!Randomly either|Energy +15|Mood -1|Guts -5|Get Slacker status,15
sweep-tosho-platanus-witch,special,dance_lesson,Dance Lesson,Top::Stamina +10||Bot::Wit +10,9
sweep-tosho-platanus-witch,special,bonus_at_start,Bonus at start,Skill points +120,1
sweep-tosho-platanus-witch,special,failed_training_get_well_soon,Failed training (Get Well Soon!),Top::Mood -1|Last trained stat -5|(random) Get Practice Poor status||Bot::!Randomly either|Mood -1|Last trained stat -10|(random) Get Practice Poor status|!or|Get Practice Perfect ○ status,2
sweep-tosho-platanus-witch,special,failed_training_don_t_overdo_it,Failed training (Don't Overdo It!),Top::Energy +10|Mood -2|Last trained stat -10|2 random stats -10|(random) Get Practice Poor status||Bot::!Randomly either|Mood -3|Last trained stat -10|2 random stats -10|Get Practice Poor status|!or|Energy +10|Get Practice Perfect ○ status,3
sweep-tosho-platanus-witch,special,extra_training,Extra Training,Top::Energy -5|Last trained stat +5|(random) Heal a negative status effect||Bot::Energy +5,4
sweep-tosho-platanus-witch,special,at_summer_camp_year_2,At Summer Camp (Year 2),Top::Power +10||Bot::Guts +10,5
sweep-tosho-platanus-witch,special,fan_letter,Fan Letter,Mood +1|Skill points +30,6
sweep-tosho-platanus-witch,special,new_year_s_resolutions,New Year's Resolutions,Top::Energy +20||Mid::Skill points +20||Bot::All stats +5,7
sweep-tosho-platanus-witch,special,new_year_s_shrine_visit,New Year's Shrine Visit,Top::Energy +30||Mid::All stats +5||Bot::Skill points +35,8
sweep-tosho-platanus-witch,after_race,victory_1st,Victory! (1st),Top::Energy -15|1 random stat +10 / +8 / +5|Skill points +45 / +35 / +30|(random) Hint for a skill related to the race||Bot::!Randomly either|Energy -5|1 random stat +10 / +8 / +5|Skill points +45 / +35 / +30|(random) Hint for a skill related to the race|!or|Energy -20|1 random stat +10 / +8 / +5|Skill points +45 / +35 / +30|(random) Hint for a skill related to the race,1
sweep-tosho-platanus-witch,after_race,solid_showing_2nd_5th,Solid Showing (2nd-5th),Top::Energy -20|1 random stat +8 / +5 / +3|Skill points +45 / +35 / +30|(random) Hint for a skill related to the race||Bot::!Randomly either|Energy -10|1 random stat +8 / +5 / +3|Skill points +45 / +35 / +30|(random) Hint for a skill related to the race|!or|Energy -30|1 random stat +8 / +5 / +3|Skill points +45 / +35 / +30|(random) Hint for a skill related to the race,2
sweep-tosho-platanus-witch,after_race,defeat_6th_or_worse,Defeat (6th or worse),Top::Energy -25|1 random stat +4 / +3 / +0|Skill points +25 / +20 / +10|(random) Hint for a skill related to the race||Bot::!Randomly either|Energy -15|1 random stat +4 / +3 / +0|Skill points +25 / +20 / +10|(random) Hint for a skill related to the race|!or|Energy -35|1 random stat +4 / +3 / +0|Skill points +25 / +20 / +10|(random) Hint for a skill related to the race,3
sweep-tosho-platanus-witch,after_race,etsuko_s_elated_coverage,Etsuko's Elated Coverage,Energy -15|Mood +1|1 random stat +10 / +8 / +5|Skill points +45 / +35 / +30|Fans +500|(random) Hint for a skill related to the race|Etsuko Otonashi bond +15,4
sweep-tosho-platanus-witch,after_race,etsuko_s_exhaustive_coverage,Etsuko's Exhaustive Coverage,Top::!Randomly either|Energy -25|Mood -1|1 random stat +4 / +3 / +0|Skill points +25 / +20 / +10|Etsuko Otonashi bond -10|!or|Energy -15|Mood +1|1 random stat +4 / +3 / +0|Skill points +25 / +20 / +10|Etsuko Otonashi bond +15||Bot::Energy -20|1 random stat +4 / +3 / +0|Skill points +25 / +20 / +10|Etsuko Otonashi bond +10,5
taiki-shuttle-bubblegum-memories,costume,heart_to_heart,Heart to Heart,Top::Light as a Feather hint +1|(random) Get Charming ○ status||Bot::Power +20|(random) Get Charming ○ status,1
taiki-shuttle-bubblegum-memories,costume,beat_for_beat,Beat for Beat,Top::Skill points +20||Bot::Wit +20,2
taiki-shuttle-bubblegum-memories,costume,love_and_love,Love and Love,Top::Speed +10|Shifting Gears hint +1||Bot::Wit +30,3
taiki-shuttle-bubblegum-memories,choices,hide_and_seek,Hide-and-Seek,Top::Speed +10||Bot::Stamina +10,1
taiki-shuttle-bubblegum-memories,choices,embracing_guidance,Embracing Guidance,Top::Power +10||Bot::Energy +10,2
taiki-shuttle-bubblegum-memories,choices,harvest_festival,Harvest Festival,Top::Power +10|Skill points +15||Bot::Prepared to Pass hint +1,3
taiki-shuttle-bubblegum-memories,choices,serial_riddler,Serial Riddler,Top::Mood +1|Stamina +5|Power +10|!Randomly either|Mood -1||Bot::Wit +10,4
taiki-shuttle-bubblegum-memories,choices,taste_of_home,Taste of Home,Top::Mood +1|Speed +10|Power +5|!Randomly either|Mood -1||Bot::Wit +10,5
taiki-shuttle-bubblegum-memories,choices,meaty_heaven,Meaty Heaven,Top::Energy +10|Skill points +5||Bot::!Randomly either (~90%)|Energy +30|Skill points +10|!Randomly either (~10%)|Energy +30|Skill points +10|Speed -5|Power +5|Get Slow Metabolism status,6
taiki-shuttle-bubblegum-memories,date,rainy_power,Rainy Power,Top::Power +10||Bot::Skill points +30,1
taiki-shuttle-bubblegum-memories,date,rainy_choice,Rainy Choice,Top::Speed +5|Guts +5||Bot::Stamina +5|Wit +5,2
taiki-shuttle-bubblegum-memories,date,rainy_rescue,Rainy Rescue,Top::Skill points +30||Bot::Power +5|Wit +5||Mid::Speed +5|Guts +5,3
taiki-shuttle-bubblegum-memories,date,let_s_patrol,Let's Patrol!,Top::Power +10||Bot::Energy +10,4
taiki-shuttle-bubblegum-memories,date,going_home_together,Going Home Together,Top::Mood +1|Speed +5||Bot::Mood +1|Stamina +5,5
taiki-shuttle-bubblegum-memories,secret,beyond_the_mile,Beyond the Mile,conditions::Win the Mile Championship (Classic)|Win the Kinko Sho|Win the Takarazuka Kinen (Senior)|Win the Mainichi Okan (Senior)|Win the Tenno Sho (Autumn) (Senior)||reward::Speed +25|Power +25|Guts +25|Skill points +50|All I've Got hint +1|No Looking Back hint +1|Head-On hint +1,1
taiki-shuttle-bubblegum-memories,secret,silence_suzuka_awakening_1,Silence Suzuka: Awakening 1,conditions::do_not_race: 3|3|1||reward::NO,2
taiki-shuttle-bubblegum-memories,secret,silence_suzuka_awakening_2,Silence Suzuka: Awakening 2,conditions::do_not_race: 3|6|2||reward::NO,3
taiki-shuttle-bubblegum-memories,secret,silence_suzuka_awakening_3,Silence Suzuka: Awakening 3,conditions::do_not_race: 3|10|1||reward::NO,4
taiki-shuttle-bubblegum-memories,secret,silence_suzuka_awakening_4,Silence Suzuka: Awakening 4,conditions::do_not_race: 3|10|2||reward::NO,5
taiki-shuttle-bubblegum-memories,no_choices,racing_dreams,Racing Dreams,Speed +5,1
taiki-shuttle-bubblegum-memories,no_choices,frontier_spirit,Frontier Spirit,Power +5,2
taiki-shuttle-bubblegum-memories,no_choices,a_path_forward,A Path Forward,Power +5,3
taiki-shuttle-bubblegum-memories,no_choices,pioneer,Pioneer,Power +5,4
taiki-shuttle-bubblegum-memories,no_choices,chasing_your_shadow,Chasing Your Shadow,Speed +10,5
taiki-shuttle-bubblegum-memories,no_choices,outlaw,Outlaw?,Mood -1|Guts -5|(random) Get Slacker status,6
taiki-shuttle-bubblegum-memories,no_choices,master_trainer,Master Trainer,Speed +10|(random) Get Practice Perfect ○ status,7
taiki-shuttle-bubblegum-memories,no_choices,through_the_wilds_with_a_smile,Through the Wilds with a Smile,All stats +5|Skill points +5,8
taiki-shuttle-bubblegum-memories,no_choices,academic_crisis,Academic Crisis!,Mood -1,9
taiki-shuttle-bubblegum-memories,no_choices,early_to_bed_early_to_shoot,"Early to Bed, Early to Shoot?",Energy -10|Mood -1,10
taiki-shuttle-bubblegum-memories,no_choices,cowgirl_s_got_this,Cowgirl's Got This!,All stats +5|Skill points +30|Mood +2|(random) Get Fast Learner status,11
taiki-shuttle-bubblegum-memories,no_choices,friendly_distraction,Friendly Distraction,Energy +15|Mood -1|Guts -5|!Randomly either|Energy +15|Guts -5|Get Slacker status|!Randomly either|Energy +15|Mood -1|Guts -5|Get Slacker status,12
taiki-shuttle-bubblegum-memories,special,dance_lesson,Dance Lesson,Top::Power +10||Bot::Speed +10,9
taiki-shuttle-bubblegum-memories,special,bonus_at_start,Bonus at start,Skill points +120,1
taiki-shuttle-bubblegum-memories,special,failed_training_get_well_soon,Failed training (Get Well Soon!),Top::Mood -1|Last trained stat -5|(random) Get Practice Poor status||Bot::!Randomly either|Mood -1|Last trained stat -10|(random) Get Practice Poor status|!or|Get Practice Perfect ○ status,2
taiki-shuttle-bubblegum-memories,special,failed_training_don_t_overdo_it,Failed training (Don't Overdo It!),Top::Energy +10|Mood -2|Last trained stat -10|2 random stats -10|(random) Get Practice Poor status||Bot::!Randomly either|Mood -3|Last trained stat -10|2 random stats -10|Get Practice Poor status|!or|Energy +10|Get Practice Perfect ○ status,3
taiki-shuttle-bubblegum-memories,special,extra_training,Extra Training,Top::Energy -5|Last trained stat +5|(random) Heal a negative status effect||Bot::Energy +5,4
taiki-shuttle-bubblegum-memories,special,at_summer_camp_year_2,At Summer Camp (Year 2),Top::Power +10||Bot::Guts +10,5
taiki-shuttle-bubblegum-memories,special,fan_letter,Fan Letter,Mood +1|Skill points +30,6
taiki-shuttle-bubblegum-memories,special,new_year_s_resolutions,New Year's Resolutions,Top::Energy +20||Mid::Skill points +20||Bot::All stats +5,7
taiki-shuttle-bubblegum-memories,special,new_year_s_shrine_visit,New Year's Shrine Visit,Top::Energy +30||Mid::All stats +5||Bot::Skill points +35,8
taiki-shuttle-bubblegum-memories,after_race,victory_1st,Victory! (1st),Top::Energy -15|1 random stat +10 / +8 / +5|Skill points +45 / +35 / +30|(random) Hint for a skill related to the race||Bot::!Randomly either|Energy -5|1 random stat +10 / +8 / +5|Skill points +45 / +35 / +30|(random) Hint for a skill related to the race|!or|Energy -20|1 random stat +10 / +8 / +5|Skill points +45 / +35 / +30|(random) Hint for a skill related to the race,1
taiki-shuttle-bubblegum-memories,after_race,solid_showing_2nd_5th,Solid Showing (2nd-5th),Top::Energy -20|1 random stat +8 / +5 / +3|Skill points +45 / +35 / +30|(random) Hint for a skill related to the race||Bot::!Randomly either|Energy -10|1 random stat +8 / +5 / +3|Skill points +45 / +35 / +30|(random) Hint for a skill related to the race|!or|Energy -30|1 random stat +8 / +5 / +3|Skill points +45 / +35 / +30|(random) Hint for a skill related to the race,2
taiki-shuttle-bubblegum-memories,after_race,defeat_6th_or_worse,Defeat (6th or worse),Top::Energy -25|1 random stat +4 / +3 / +0|Skill points +25 / +20 / +10|(random) Hint for a skill related to the race||Bot::!Randomly either|Energy -15|1 random stat +4 / +3 / +0|Skill points +25 / +20 / +10|(random) Hint for a skill related to the race|!or|Energy -35|1 random stat +4 / +3 / +0|Skill points +25 / +20 / +10|(random) Hint for a skill related to the race,3
taiki-shuttle-bubblegum-memories,after_race,etsuko_s_elated_coverage,Etsuko's Elated Coverage,Energy -15|Mood +1|1 random stat +10 / +8 / +5|Skill points +45 / +35 / +30|Fans +500|(random) Hint for a skill related to the race|Etsuko Otonashi bond +15,4
taiki-shuttle-bubblegum-memories,after_race,etsuko_s_exhaustive_coverage,Etsuko's Exhaustive Coverage,Top::!Randomly either|Energy -25|Mood -1|1 random stat +4 / +3 / +0|Skill points +25 / +20 / +10|Etsuko Otonashi bond -10|!or|Energy -15|Mood +1|1 random stat +4 / +3 / +0|Skill points +25 / +20 / +10|Etsuko Otonashi bond +15||Bot::Energy -20|1 random stat +4 / +3 / +0|Skill points +25 / +20 / +10|Etsuko Otonashi bond +10,5
mejiro-dober-vacances-saphir,costume,nostalgia_with_a_side_of,"Nostalgia, with a Side Of...",Top::Speed +20|(random) Get Hot Topic status||Bot::Updrafters hint +1|(random) Get Hot Topic status,1
mejiro-dober-vacances-saphir,costume,dressed_up_in_emotion,Dressed Up in Emotion,Top::Guts +20||Bot::Energy +20,2
mejiro-dober-vacances-saphir,costume,overlapping_fragrances,Overlapping Fragrances,Top::Power +30||Bot::Stamina +10|Downhill Speedster hint +1,3
mejiro-dober-vacances-saphir,choices,seeking_the_summit,Seeking the Summit,Top::Energy -10|Stamina +20||Bot::Power +10,1
mejiro-dober-vacances-saphir,choices,a_lovely_tea_time,A Lovely Tea Time,Top::Guts +10||Bot::Wit +5|Skill points +15,2
mejiro-dober-vacances-saphir,choices,hot_pot_derby,Hot Pot Derby?!,Top::Speed +15||Bot::Fall Runner ○ hint +1,3
mejiro-dober-vacances-saphir,choices,karaoke_challenge,Karaoke Challenge,Top::Energy +10|All stats +5|!Randomly either|Stamina +5|Guts +10||Bot::Energy +10,4
mejiro-dober-vacances-saphir,choices,it_s_the_thought_that_s_sweetest,It's the Thought That's Sweetest,Top::Energy +10|Skill points +5||Bot::!Randomly either (~90%)|Energy +30|Skill points +10|!Randomly either (~10%)|Energy +30|Skill points +10|Speed -5|Power +5|Get Slow Metabolism status,5
mejiro-dober-vacances-saphir,date,who_i_am_now,Who I Am Now,Top::Power +10||Bot::Wit +10,1
mejiro-dober-vacances-saphir,date,i_ll_give_it_a_shot,I'll Give It a Shot,Top::Stamina +10||Bot::Wit +10,2
mejiro-dober-vacances-saphir,date,a_wish_to_light_up_the_sky,A Wish to Light Up the Sky,Top::Speed +10||Bot::Stamina +10||Mid::Power +10,3
mejiro-dober-vacances-saphir,date,friends_and_fangirls,Friends and Fangirls,Top::Wit +10||Bot::Guts +10,4
mejiro-dober-vacances-saphir,date,fluttering_hearts_at_sunset,Fluttering Hearts at Sunset,Top::Speed +10||Bot::Wit +10,5
mejiro-dober-vacances-saphir,secret,an_ounce_of_courage,An Ounce of Courage,conditions::obj|Win the Hanshin Juvenile Fillies||reward::Wit +10,1
mejiro-dober-vacances-saphir,secret,proof_of_progress,Proof of Progress,conditions::triple_tiara||reward::Mood +1|Speed +5|Stamina +5|Unyielding Spirit hint +1,2
mejiro-dober-vacances-saphir,secret,after_the_tenno_sho_spring_blinding_brilliance,After the Tenno Sho (Spring): Blinding Brilliance,conditions::lose_to_rival: 100601|1074||reward::RR,3
mejiro-dober-vacances-saphir,secret,after_the_tenno_sho_spring_flickering_spring_light,After the Tenno Sho (Spring): Flickering Spring Light,conditions::beat_rival: 100601|1074||reward::RR,4
mejiro-dober-vacances-saphir,secret,from_admiring_to_admired,From Admiring to Admired,conditions::Win the Osaka Hai|Win the Takarazuka Kinen (Senior)|Win the Queen Elizabeth II Cup (Senior)|win_g1_year: 3|5||reward::Speed +20|Power +20|All I've Got hint +1,5
mejiro-dober-vacances-saphir,no_choices,our_promise,Our Promise,Speed +5,1
mejiro-dober-vacances-saphir,no_choices,a_trembling_heart,A Trembling Heart,Guts +5,2
mejiro-dober-vacances-saphir,no_choices,heating_up,Heating Up,Stamina +5,3
mejiro-dober-vacances-saphir,no_choices,dazzled_by_sunlight,Dazzled by Sunlight,Power +5,4
mejiro-dober-vacances-saphir,no_choices,a_yellow_flower_proudly_in_bloom,"A Yellow Flower, Proudly in Bloom",Guts +10,5
mejiro-dober-vacances-saphir,no_choices,unexpected_fragrance,Unexpected Fragrance,Mood -1|Guts -5,6
mejiro-dober-vacances-saphir,no_choices,master_trainer,Master Trainer,Wit +10|(random) Get Practice Perfect ○ status,7
mejiro-dober-vacances-saphir,no_choices,to_the_end_of_the_world_with_you,To the End of the World with You,All stats +5|Skill points +5,8
mejiro-dober-vacances-saphir,no_choices,no_pictures_please,"No Pictures, Please!",Mood -1,9
mejiro-dober-vacances-saphir,no_choices,not_quite_there,Not Quite There,Energy -10|Mood -1,10
mejiro-dober-vacances-saphir,no_choices,world_changing_darjeeling,World-Changing Darjeeling,All stats +5|Skill points +30|Mood +2|(random) Get Fast Learner status,11
mejiro-dober-vacances-saphir,no_choices,no_matter_what,No Matter What!,Energy +15|Mood -1|Guts -5|!Randomly either|Energy +15|Guts -5|Get Slacker status|!Randomly either|Energy +15|Mood -1|Guts -5|Get Slacker status,12
mejiro-dober-vacances-saphir,special,dance_lesson,Dance Lesson,Top::Power +10||Bot::Guts +10,9
mejiro-dober-vacances-saphir,special,bonus_at_start,Bonus at start,Skill points +120,1
mejiro-dober-vacances-saphir,special,failed_training_get_well_soon,Failed training (Get Well Soon!),Top::Mood -1|Last trained stat -5|(random) Get Practice Poor status||Bot::!Randomly either|Mood -1|Last trained stat -10|(random) Get Practice Poor status|!or|Get Practice Perfect ○ status,2
mejiro-dober-vacances-saphir,special,failed_training_don_t_overdo_it,Failed training (Don't Overdo It!),Top::Energy +10|Mood -2|Last trained stat -10|2 random stats -10|(random) Get Practice Poor status||Bot::!Randomly either|Mood -3|Last trained stat -10|2 random stats -10|Get Practice Poor status|!or|Energy +10|Get Practice Perfect ○ status,3
mejiro-dober-vacances-saphir,special,extra_training,Extra Training,Top::Energy -5|Last trained stat +5|(random) Heal a negative status effect||Bot::Energy +5,4
mejiro-dober-vacances-saphir,special,at_summer_camp_year_2,At Summer Camp (Year 2),Top::Power +10||Bot::Guts +10,5
mejiro-dober-vacances-saphir,special,fan_letter,Fan Letter,Mood +1|Skill points +30,6
mejiro-dober-vacances-saphir,special,new_year_s_resolutions,New Year's Resolutions,Top::Energy +20||Mid::Skill points +20||Bot::All stats +5,7
mejiro-dober-vacances-saphir,special,new_year_s_shrine_visit,New Year's Shrine Visit,Top::Energy +30||Mid::All stats +5||Bot::Skill points +35,8
mejiro-dober-vacances-saphir,after_race,victory_1st,Victory! (1st),Top::Energy -15|1 random stat +10 / +8 / +5|Skill points +45 / +35 / +30|(random) Hint for a skill related to the race||Bot::!Randomly either|Energy -5|1 random stat +10 / +8 / +5|Skill points +45 / +35 / +30|(random) Hint for a skill related to the race|!or|Energy -20|1 random stat +10 / +8 / +5|Skill points +45 / +35 / +30|(random) Hint for a skill related to the race,1
mejiro-dober-vacances-saphir,after_race,solid_showing_2nd_5th,Solid Showing (2nd-5th),Top::Energy -20|1 random stat +8 / +5 / +3|Skill points +45 / +35 / +30|(random) Hint for a skill related to the race||Bot::!Randomly either|Energy -10|1 random stat +8 / +5 / +3|Skill points +45 / +35 / +30|(random) Hint for a skill related to the race|!or|Energy -30|1 random stat +8 / +5 / +3|Skill points +45 / +35 / +30|(random) Hint for a skill related to the race,2
mejiro-dober-vacances-saphir,after_race,defeat_6th_or_worse,Defeat (6th or worse),Top::Energy -25|1 random stat +4 / +3 / +0|Skill points +25 / +20 / +10|(random) Hint for a skill related to the race||Bot::!Randomly either|Energy -15|1 random stat +4 / +3 / +0|Skill points +25 / +20 / +10|(random) Hint for a skill related to the race|!or|Energy -35|1 random stat +4 / +3 / +0|Skill points +25 / +20 / +10|(random) Hint for a skill related to the race,3
mejiro-dober-vacances-saphir,after_race,etsuko_s_elated_coverage,Etsuko's Elated Coverage,Energy -15|Mood +1|1 random stat +10 / +8 / +5|Skill points +45 / +35 / +30|Fans +500|(random) Hint for a skill related to the race|Etsuko Otonashi bond +15,4
mejiro-dober-vacances-saphir,after_race,etsuko_s_exhaustive_coverage,Etsuko's Exhaustive Coverage,Top::!Randomly either|Energy -25|Mood -1|1 random stat +4 / +3 / +0|Skill points +25 / +20 / +10|Etsuko Otonashi bond -10|!or|Energy -15|Mood +1|1 random stat +4 / +3 / +0|Skill points +25 / +20 / +10|Etsuko Otonashi bond +15||Bot::Energy -20|1 random stat +4 / +3 / +0|Skill points +25 / +20 / +10|Etsuko Otonashi bond +10,5
air-shakur-unsigned,costume,this_is_the_proof,This Is the Proof,Top::Speed +20||Bot::Wit +20,1
air-shakur-unsigned,costume,this_is_junk_too,This Is Junk Too,Top::Power +10|Guts +10||Bot::Wit +10|Skill points +15,2
air-shakur-unsigned,costume,this_is_the_reason,This Is the Reason,Top::Energy +15|(random) Get Charming ○ status||Bot::Speed +10|Wit +10|(random) Get Charming ○ status,3
air-shakur-unsigned,choices,requisite_specification_quantify_a_miracle,Requisite Specification: Quantify a Miracle,Top::Stamina +10||Bot::Energy -5|Guts +15,1
air-shakur-unsigned,choices,requisite_specification_prove_ghosts_exist,Requisite Specification: Prove Ghosts Exist,Top::Speed +5|Skill points +15||Bot::Power +10,2
air-shakur-unsigned,choices,requisite_specification_construct_the_optimal_route,Requisite Specification: Construct the Optimal Route,Top::Speed +5|Stamina +5|Power +5||Bot::Intense Gaze hint +1,3
air-shakur-unsigned,choices,tell_me_what_specs_you_need,Tell Me What Specs You Need,Top::Speed +10|Wit +10||Bot::Energy +15||Mid::Eager hint +1,4
air-shakur-unsigned,choices,late_night_ramen,Late-Night Ramen,Top::Energy +10|Skill points +5||Bot::!Randomly either (~90%)|Energy +30|Skill points +10|!Randomly either (~10%)|Energy +30|Skill points +10|Speed -5|Power +5|Get Slow Metabolism status,5
air-shakur-unsigned,date,logic_and_technique,Logic and Technique,Top::Wit +10||Bot::Speed +10,1
air-shakur-unsigned,date,two_egoists,Two Egoists,Top::Power +10||Bot::Wit +10,2
air-shakur-unsigned,date,victory_conditions,Victory Conditions,Top::Speed +10||Bot::Guts +10||Mid::Stamina +10,3
air-shakur-unsigned,date,accessories_are_like_parts,Accessories Are like Parts,Top::Wit +10||Bot::Speed +10,4
air-shakur-unsigned,date,insane_consensus,Insane Consensus,Top::Wit +10||Bot::Power +10,5
air-shakur-unsigned,secret,just_as_planned,Just as Planned!,conditions::spring_triple_crown||reward::Stamina +20|Power +20|Spring Runner ○ hint +1,1
air-shakur-unsigned,secret,it_s_a_new_day,It's a New Day,conditions::autumn_triple_crown_senior||reward::Speed +20|Power +20|Fall Runner ○ hint +1,2
air-shakur-unsigned,secret,before_the_japan_cup,Before the Japan Cup,conditions::Triggers during Late November Classic Year||reward::SG,3
air-shakur-unsigned,secret,after_the_kikuka_sho_king_of_the_game,After the Kikuka Sho: King of the Game,conditions::triple_crown||reward::Speed +15|All stats +3|Skill points +45|Corner Adept ○ hint +1|Yayoi Akikawa bond +4,4
air-shakur-unsigned,secret,after_the_japan_c_noise,After the Japan C.: Noise,conditions::Win the Japan Cup (Classic)||reward::All stats +3|Skill points +75|Fighting Spirit hint +1|SRE|BO_CH +4,5
air-shakur-unsigned,no_choices,noizy_dayz,Noizy Dayz,Stamina +5,1
air-shakur-unsigned,no_choices,uncertainty,Uncertainty,Wit +5,2
air-shakur-unsigned,no_choices,the_monster_under_my_bed,The Monster Under My Bed,Guts +10,3
air-shakur-unsigned,no_choices,ffa,FFA,Wit +5,4
air-shakur-unsigned,no_choices,changes,Changes,Guts +5,5
air-shakur-unsigned,no_choices,one_of_those_days,One of Those Days,Mood -1|Power -5,6
air-shakur-unsigned,no_choices,master_trainer,Master Trainer,Wit +10|(random) Get Practice Perfect ○ status,7
air-shakur-unsigned,no_choices,life_goes_on,Life Goes On,All stats +5|Skill points +5,8
air-shakur-unsigned,no_choices,congealed_spaghetti,Congealed Spaghetti,Mood -1,9
air-shakur-unsigned,no_choices,no_seconds,No Seconds,Energy -10|Mood -1,10
air-shakur-unsigned,no_choices,we_don_t_take_kindly_to_cheaters,We Don't Take Kindly to Cheaters,All stats +5|Skill points +30|Mood +2|(random) Get Fast Learner status,11
air-shakur-unsigned,no_choices,make_something_better,Make Something Better!,Energy +15|Mood -1|Guts -5|!Randomly either|Energy +15|Guts -5|Get Slacker status|!Randomly either|Energy +15|Mood -1|Guts -5|Get Slacker status,12
air-shakur-unsigned,special,dance_lesson,Dance Lesson,Top::Speed +10||Bot::Stamina +10,9
air-shakur-unsigned,special,bonus_at_start,Bonus at start,Skill points +120,1
air-shakur-unsigned,special,failed_training_get_well_soon,Failed training (Get Well Soon!),Top::Mood -1|Last trained stat -5|(random) Get Practice Poor status||Bot::!Randomly either|Mood -1|Last trained stat -10|(random) Get Practice Poor status|!or|Get Practice Perfect ○ status,2
air-shakur-unsigned,special,failed_training_don_t_overdo_it,Failed training (Don't Overdo It!),Top::Energy +10|Mood -2|Last trained stat -10|2 random stats -10|(random) Get Practice Poor status||Bot::!Randomly either|Mood -3|Last trained stat -10|2 random stats -10|Get Practice Poor status|!or|Energy +10|Get Practice Perfect ○ status,3
air-shakur-unsigned,special,extra_training,Extra Training,Top::Energy -5|Last trained stat +5|(random) Heal a negative status effect||Bot::Energy +5,4
air-shakur-unsigned,special,at_summer_camp_year_2,At Summer Camp (Year 2),Top::Power +10||Bot::Guts +10,5
air-shakur-unsigned,special,fan_letter,Fan Letter,Mood +1|Skill points +30,6
air-shakur-unsigned,special,new_year_s_resolutions,New Year's Resolutions,Top::Energy +20||Mid::Skill points +20||Bot::All stats +5,7
air-shakur-unsigned,special,new_year_s_shrine_visit,New Year's Shrine Visit,Top::Energy +30||Mid::All stats +5||Bot::Skill points +35,8
air-shakur-unsigned,after_race,victory_1st,Victory! (1st),Top::Energy -15|1 random stat +10 / +8 / +5|Skill points +45 / +35 / +30|(random) Hint for a skill related to the race||Bot::!Randomly either|Energy -5|1 random stat +10 / +8 / +5|Skill points +45 / +35 / +30|(random) Hint for a skill related to the race|!or|Energy -20|1 random stat +10 / +8 / +5|Skill points +45 / +35 / +30|(random) Hint for a skill related to the race,1
air-shakur-unsigned,after_race,solid_showing_2nd_5th,Solid Showing (2nd-5th),Top::Energy -20|1 random stat +8 / +5 / +3|Skill points +45 / +35 / +30|(random) Hint for a skill related to the race||Bot::!Randomly either|Energy -10|1 random stat +8 / +5 / +3|Skill points +45 / +35 / +30|(random) Hint for a skill related to the race|!or|Energy -30|1 random stat +8 / +5 / +3|Skill points +45 / +35 / +30|(random) Hint for a skill related to the race,2
air-shakur-unsigned,after_race,defeat_6th_or_worse,Defeat (6th or worse),Top::Energy -25|1 random stat +4 / +3 / +0|Skill points +25 / +20 / +10|(random) Hint for a skill related to the race||Bot::!Randomly either|Energy -15|1 random stat +4 / +3 / +0|Skill points +25 / +20 / +10|(random) Hint for a skill related to the race|!or|Energy -35|1 random stat +4 / +3 / +0|Skill points +25 / +20 / +10|(random) Hint for a skill related to the race,3
air-shakur-unsigned,after_race,etsuko_s_elated_coverage,Etsuko's Elated Coverage,Energy -15|Mood +1|1 random stat +10 / +8 / +5|Skill points +45 / +35 / +30|Fans +500|(random) Hint for a skill related to the race|Etsuko Otonashi bond +15,4
air-shakur-unsigned,after_race,etsuko_s_exhaustive_coverage,Etsuko's Exhaustive Coverage,Top::!Randomly either|Energy -25|Mood -1|1 random stat +4 / +3 / +0|Skill points +25 / +20 / +10|Etsuko Otonashi bond -10|!or|Energy -15|Mood +1|1 random stat +4 / +3 / +0|Skill points +25 / +20 / +10|Etsuko Otonashi bond +15||Bot::Energy -20|1 random stat +4 / +3 / +0|Skill points +25 / +20 / +10|Etsuko Otonashi bond +10,5
special-week-supreme-commander-of-the-rising-sun,costume,the_days_past_and_the_days_to_come,The Days Past and the Days to Come,Power +5|!Randomly either|Power +10|Winter Runner ○ hint +1|!Randomly either|Power +15|Winter Runner ○ hint +1,1
special-week-supreme-commander-of-the-rising-sun,costume,the_ruler_of_the_stage,The Ruler of the Stage,Speed +10|Homestretch Haste hint +1,2
special-week-supreme-commander-of-the-rising-sun,costume,spe_s_impromptu_guided_tour,Spe's Impromptu Guided Tour,Top::Stamina +15|(random) Get Fast Learner status||Bot::Guts +10|Wit +5|(random) Get Fast Learner status,3
special-week-supreme-commander-of-the-rising-sun,choices,a_beautiful_day_for_tennis,A Beautiful Day for Tennis,Top::Speed +10||Bot::Stamina +10,1
special-week-supreme-commander-of-the-rising-sun,choices,karaoke_connoisseur,Karaoke Connoisseur ♪,Top::Energy +10||Bot::Power +10,2
special-week-supreme-commander-of-the-rising-sun,choices,early_afternoon_payback,Early Afternoon Payback,Top::Energy +5|Wit +5||Bot::Pace Strategy hint +1,3
special-week-supreme-commander-of-the-rising-sun,choices,special_week_s_alter_ego,Special Week's Alter Ego,Top::Energy +30|Power +10|Skill points +10|!Randomly either|Energy +30|Speed -5|Power +15|Skill points +10|Get Slow Metabolism status||Bot::Energy +10|Power +5|Skill points +5||Mid::FE|!Randomly either|FE|Speed -5|Get Slow Metabolism status,4
special-week-supreme-commander-of-the-rising-sun,choices,putting_it_away_at_the_cafeteria,Putting It Away at the Cafeteria,Top::Energy +10|Skill points +5||Bot::!Randomly either (~90%)|Energy +30|Skill points +10|!Randomly either (~10%)|Energy +30|Skill points +10|Speed -5|Power +5|Get Slow Metabolism status,5
special-week-supreme-commander-of-the-rising-sun,date,because_it_s_special,Because It's Special,Top::Stamina +10||Bot::Speed +10,1
special-week-supreme-commander-of-the-rising-sun,date,a_place_i_want_to_take_you,A Place I Want to Take You,Top::Wit +10||Bot::Stamina +10,2
special-week-supreme-commander-of-the-rising-sun,date,someone_i_respect,Someone I Respect,Top::Skill points +30||Bot::Stamina +5|Guts +5||Mid::Speed +5|Power +5,3
special-week-supreme-commander-of-the-rising-sun,date,just_a_little_more,Just a Little More,Top::Homestretch Haste hint +1||Bot::Corner Adept ○ hint +1,4
special-week-supreme-commander-of-the-rising-sun,date,research_fanatic,Research Fanatic,Top::Tokyo Racecourse ○ hint +1||Bot::Nakayama Racecourse ○ hint +1,5
special-week-supreme-commander-of-the-rising-sun,secret,rivals_in_arms,Rivals in Arms,conditions::Win the Satsuki Sho|Win the Kikuka Sho|Win the Japan Cup (Classic)|Win the Takarazuka Kinen (Senior)|Win the Arima Kinen (Senior)||reward::Speed +40|Power +40|Guts +15|Stamina to Spare hint +1|Slick Surge hint +1,1
special-week-supreme-commander-of-the-rising-sun,no_choices,derby_trainer,Derby Trainer,Wit +5,1
special-week-supreme-commander-of-the-rising-sun,no_choices,derby_press_conference,Derby Press Conference!,Guts +5,2
special-week-supreme-commander-of-the-rising-sun,no_choices,a_rival_named,A Rival Named...,Stamina +5,3
special-week-supreme-commander-of-the-rising-sun,no_choices,bird_and_the_beast,Bird and the Beast,Speed +5,4
special-week-supreme-commander-of-the-rising-sun,no_choices,fire_in_your_eyes,Fire in Your Eyes,Stamina +5|Guts +5,5
special-week-supreme-commander-of-the-rising-sun,no_choices,a_dangerous_drink,A Dangerous Drink,Mood -1|Guts -5,6
special-week-supreme-commander-of-the-rising-sun,no_choices,master_trainer,Master Trainer,Stamina +10|(random) Get Practice Perfect ○ status,7
special-week-supreme-commander-of-the-rising-sun,no_choices,i_m_home,I'm Home!,All stats +5|Skill points +5,8
special-week-supreme-commander-of-the-rising-sun,no_choices,forecast_gloomy,Forecast: Gloomy,Mood -1,9
special-week-supreme-commander-of-the-rising-sun,no_choices,invasion_of_the_giant_carrots,Invasion of the Giant Carrots?,Energy -10|Mood -1,10
special-week-supreme-commander-of-the-rising-sun,no_choices,could_i_be_a_genius,Could I Be a Genius?!,All stats +5|Skill points +30|Mood +2|(random) Get Fast Learner status,11
special-week-supreme-commander-of-the-rising-sun,no_choices,a_place_i_miss,A Place I Miss...,Energy +15|Mood -1|Guts -5|!Randomly either|Energy +15|Guts -5|Get Slacker status|!Randomly either|Energy +15|Mood -1|Guts -5|Get Slacker status,12
special-week-supreme-commander-of-the-rising-sun,special,dance_lesson,Dance Lesson,Top::Guts +10||Bot::Stamina +10,9
special-week-supreme-commander-of-the-rising-sun,special,bonus_at_start,Bonus at start,Skill points +120,1
special-week-supreme-commander-of-the-rising-sun,special,failed_training_get_well_soon,Failed training (Get Well Soon!),Top::Mood -1|Last trained stat -5|(random) Get Practice Poor status||Bot::!Randomly either|Mood -1|Last trained stat -10|(random) Get Practice Poor status|!or|Get Practice Perfect ○ status,2
special-week-supreme-commander-of-the-rising-sun,special,failed_training_don_t_overdo_it,Failed training (Don't Overdo It!),Top::Energy +10|Mood -2|Last trained stat -10|2 random stats -10|(random) Get Practice Poor status||Bot::!Randomly either|Mood -3|Last trained stat -10|2 random stats -10|Get Practice Poor status|!or|Energy +10|Get Practice Perfect ○ status,3
special-week-supreme-commander-of-the-rising-sun,special,extra_training,Extra Training,Top::Energy -5|Last trained stat +5|(random) Heal a negative status effect||Bot::Energy +5,4
special-week-supreme-commander-of-the-rising-sun,special,at_summer_camp_year_2,At Summer Camp (Year 2),Top::Power +10||Bot::Guts +10,5
special-week-supreme-commander-of-the-rising-sun,special,fan_letter,Fan Letter,Mood +1|Skill points +30,6
special-week-supreme-commander-of-the-rising-sun,special,new_year_s_resolutions,New Year's Resolutions,Top::Energy +20||Mid::Skill points +20||Bot::All stats +5,7
special-week-supreme-commander-of-the-rising-sun,special,new_year_s_shrine_visit,New Year's Shrine Visit,Top::Energy +30||Mid::All stats +5||Bot::Skill points +35,8
special-week-supreme-commander-of-the-rising-sun,after_race,victory_1st,Victory! (1st),Top::Energy -15|1 random stat +10 / +8 / +5|Skill points +45 / +35 / +30|(random) Hint for a skill related to the race||Bot::!Randomly either|Energy -5|1 random stat +10 / +8 / +5|Skill points +45 / +35 / +30|(random) Hint for a skill related to the race|!or|Energy -20|1 random stat +10 / +8 / +5|Skill points +45 / +35 / +30|(random) Hint for a skill related to the race,1
special-week-supreme-commander-of-the-rising-sun,after_race,solid_showing_2nd_5th,Solid Showing (2nd-5th),Top::Energy -20|1 random stat +8 / +5 / +3|Skill points +45 / +35 / +30|(random) Hint for a skill related to the race||Bot::!Randomly either|Energy -10|1 random stat +8 / +5 / +3|Skill points +45 / +35 / +30|(random) Hint for a skill related to the race|!or|Energy -30|1 random stat +8 / +5 / +3|Skill points +45 / +35 / +30|(random) Hint for a skill related to the race,2
special-week-supreme-commander-of-the-rising-sun,after_race,defeat_6th_or_worse,Defeat (6th or worse),Top::Energy -25|1 random stat +4 / +3 / +0|Skill points +25 / +20 / +10|(random) Hint for a skill related to the race||Bot::!Randomly either|Energy -15|1 random stat +4 / +3 / +0|Skill points +25 / +20 / +10|(random) Hint for a skill related to the race|!or|Energy -35|1 random stat +4 / +3 / +0|Skill points +25 / +20 / +10|(random) Hint for a skill related to the race,3
special-week-supreme-commander-of-the-rising-sun,after_race,etsuko_s_elated_coverage,Etsuko's Elated Coverage,Energy -15|Mood +1|1 random stat +10 / +8 / +5|Skill points +45 / +35 / +30|Fans +500|(random) Hint for a skill related to the race|Etsuko Otonashi bond +15,4
special-week-supreme-commander-of-the-rising-sun,after_race,etsuko_s_exhaustive_coverage,Etsuko's Exhaustive Coverage,Top::!Randomly either|Energy -25|Mood -1|1 random stat +4 / +3 / +0|Skill points +25 / +20 / +10|Etsuko Otonashi bond -10|!or|Energy -15|Mood +1|1 random stat +4 / +3 / +0|Skill points +25 / +20 / +10|Etsuko Otonashi bond +15||Bot::Energy -20|1 random stat +4 / +3 / +0|Skill points +25 / +20 / +10|Etsuko Otonashi bond +10,5
gold-ship-run-fun-watergun,costume,welcome_to_gol_chateau,Welcome to Gol-Chateau,Top::Skill points +15||Bot::Guts +20,1
gold-ship-run-fun-watergun,costume,the_beach_house_family,The Beach House (Family),Speed +10,2
gold-ship-run-fun-watergun,costume,golshi_master_of_marine_creatures,"Golshi, Master of Marine Creatures",Top::Summer Runner ○ hint +1|(random) Get Practice Perfect ○ status||Bot::Power +20|(random) Get Practice Perfect ○ status,3
gold-ship-run-fun-watergun,choices,summer_camp_year_3_ends,Summer Camp (Year 3) Ends,1 random stat +5,1
gold-ship-run-fun-watergun,choices,pair_discount_repeat_offender,Pair Discount Repeat Offender,Top::Guts +10||Bot::Stamina +10,2
gold-ship-run-fun-watergun,choices,which_did_you_lose,Which Did You Lose?,Top::Energy -10|Power +20||Bot::Speed +10,3
gold-ship-run-fun-watergun,choices,my_part_time_job_is_crazy,My Part-Time Job Is... Crazy?,Top::Stamina +10|Skill points +15||Bot::Hanshin Racecourse ○ hint +1,4
gold-ship-run-fun-watergun,choices,the_day_after_voices_hoarse,"The Day After, Voices Hoarse",Top::Stamina +10|Wit +10||Bot::Guts +15|Mood +1,5
gold-ship-run-fun-watergun,choices,this_one_s_for_keeps,This One's For Keeps!,Top::Energy +10||Bot::Skill points +60|Non-Standard Distance ○ hint +1|!Randomly either|Skill points +15|Get Slacker status,6
gold-ship-run-fun-watergun,choices,killer_appetite,Killer Appetite!,Top::Energy +10|Skill points +5||Bot::!Randomly either (~90%)|Energy +30|Skill points +10|!Randomly either (~10%)|Energy +30|Skill points +10|Speed -5|Power +5|Get Slow Metabolism status,7
gold-ship-run-fun-watergun,date,legend_of_the_left_pinky,Legend of the Left Pinky,Top::Stamina +10||Bot::Speed +10,1
gold-ship-run-fun-watergun,date,hello_from_about_1_5_billion_years_ago,Hello From About 1.5 Billion Years Ago,Top::Guts +10||Bot::Wit +10,2
gold-ship-run-fun-watergun,date,and_then_she,And Then She...,Top::Speed +10||Bot::Guts +10||Mid::Power +10,3
gold-ship-run-fun-watergun,date,a_lovely_place,A Lovely Place,Top::Stamina +10||Bot::Wit +10,4
gold-ship-run-fun-watergun,date,nighttime_park_visit,Nighttime Park Visit,Top::Guts +10||Bot::Speed +10,5
gold-ship-run-fun-watergun,secret,after_the_takarazuka_kinen_keyword_2,After the Takarazuka Kinen: Keyword 2,conditions::Win the Takarazuka Kinen (Classic)|Win the Takarazuka Kinen (Senior)||reward::Mood +1|Power +15|All stats +3|Skill points +45|Yayoi Akikawa bond +4|Mood +3|All stats +3|Skill points +45|All stats +5|Skill points +15|(random) Get Charming ○ status|Yayoi Akikawa bond +4|!Randomly either|All stats +3|Skill points +45|SG,1
gold-ship-run-fun-watergun,no_choices,moms_over_gods,Moms Over Gods,Power +5,1
gold-ship-run-fun-watergun,no_choices,aiming_for_paris_fashion_week,Aiming for Paris Fashion Week,Stamina +5,2
gold-ship-run-fun-watergun,no_choices,aiming_for_normiedom,Aiming for Normiedom,Guts +5,3
gold-ship-run-fun-watergun,no_choices,a_serious_battle,A Serious Battle,Guts +5,4
gold-ship-run-fun-watergun,no_choices,road_to_eden,Road to Eden,Stamina +10,5
gold-ship-run-fun-watergun,no_choices,the_seven_wonders_of_golshi_pending,The Seven Wonders of Golshi (Pending),Speed -5|Mood -1,6
gold-ship-run-fun-watergun,no_choices,golshi_the_fickle_maiden,Golshi the Fickle Maiden ☆,Energy +20|Mood +1|FD,7
gold-ship-run-fun-watergun,no_choices,master_trainer,Master Trainer,Stamina +10|(random) Get Practice Perfect ○ status,8
gold-ship-run-fun-watergun,no_choices,the_start_of_a_new_journey,The Start of a New Journey!,All stats +5|Skill points +5,9
gold-ship-run-fun-watergun,no_choices,golshi_in_big_trouble,Golshi in Big Trouble?!,Mood -1,10
gold-ship-run-fun-watergun,no_choices,school_defense_squad,School Defense Squad?,Energy -10|Mood -1,11
gold-ship-run-fun-watergun,no_choices,golshi_the_great_detective,Golshi the Great Detective?,All stats +5|Skill points +30|Mood +2|(random) Get Fast Learner status,12
gold-ship-run-fun-watergun,no_choices,into_the_sky,Into the Sky?,Energy +15|Mood -1|Guts -5|!Randomly either|Energy +15|Guts -5|Get Slacker status|!Randomly either|Energy +15|Mood -1|Guts -5|Get Slacker status,13
gold-ship-run-fun-watergun,special,dance_lesson,Dance Lesson,Top::Power +10||Bot::Guts +10,9
gold-ship-run-fun-watergun,special,bonus_at_start,Bonus at start,Skill points +120,1
gold-ship-run-fun-watergun,special,failed_training_get_well_soon,Failed training (Get Well Soon!),Top::Mood -1|Last trained stat -5|(random) Get Practice Poor status||Bot::!Randomly either|Mood -1|Last trained stat -10|(random) Get Practice Poor status|!or|Get Practice Perfect ○ status,2
gold-ship-run-fun-watergun,special,failed_training_don_t_overdo_it,Failed training (Don't Overdo It!),Top::Energy +10|Mood -2|Last trained stat -10|2 random stats -10|(random) Get Practice Poor status||Bot::!Randomly either|Mood -3|Last trained stat -10|2 random stats -10|Get Practice Poor status|!or|Energy +10|Get Practice Perfect ○ status,3
gold-ship-run-fun-watergun,special,extra_training,Extra Training,Top::Energy -5|Last trained stat +5|(random) Heal a negative status effect||Bot::Energy +5,4
gold-ship-run-fun-watergun,special,at_summer_camp_year_2,At Summer Camp (Year 2),Top::Power +10||Bot::Guts +10,5
gold-ship-run-fun-watergun,special,fan_letter,Fan Letter,Mood +1|Skill points +30,6
gold-ship-run-fun-watergun,special,new_year_s_resolutions,New Year's Resolutions,Top::Energy +20||Mid::Skill points +20||Bot::All stats +5,7
gold-ship-run-fun-watergun,special,new_year_s_shrine_visit,New Year's Shrine Visit,Top::Energy +30||Mid::All stats +5||Bot::Skill points +35,8
gold-ship-run-fun-watergun,after_race,victory_1st,Victory! (1st),Top::Energy -15|1 random stat +10 / +8 / +5|Skill points +45 / +35 / +30|(random) Hint for a skill related to the race||Bot::!Randomly either|Energy -5|1 random stat +10 / +8 / +5|Skill points +45 / +35 / +30|(random) Hint for a skill related to the race|!or|Energy -20|1 random stat +10 / +8 / +5|Skill points +45 / +35 / +30|(random) Hint for a skill related to the race,1
gold-ship-run-fun-watergun,after_race,solid_showing_2nd_5th,Solid Showing (2nd-5th),Top::Energy -20|1 random stat +8 / +5 / +3|Skill points +45 / +35 / +30|(random) Hint for a skill related to the race||Bot::!Randomly either|Energy -10|1 random stat +8 / +5 / +3|Skill points +45 / +35 / +30|(random) Hint for a skill related to the race|!or|Energy -30|1 random stat +8 / +5 / +3|Skill points +45 / +35 / +30|(random) Hint for a skill related to the race,2
gold-ship-run-fun-watergun,after_race,defeat_6th_or_worse,Defeat (6th or worse),Top::Energy -25|1 random stat +4 / +3 / +0|Skill points +25 / +20 / +10|(random) Hint for a skill related to the race||Bot::!Randomly either|Energy -15|1 random stat +4 / +3 / +0|Skill points +25 / +20 / +10|(random) Hint for a skill related to the race|!or|Energy -35|1 random stat +4 / +3 / +0|Skill points +25 / +20 / +10|(random) Hint for a skill related to the race,3
gold-ship-run-fun-watergun,after_race,etsuko_s_elated_coverage,Etsuko's Elated Coverage,Energy -15|Mood +1|1 random stat +10 / +8 / +5|Skill points +45 / +35 / +30|Fans +500|(random) Hint for a skill related to the race|Etsuko Otonashi bond +15,4
gold-ship-run-fun-watergun,after_race,etsuko_s_exhaustive_coverage,Etsuko's Exhaustive Coverage,Top::!Randomly either|Energy -25|Mood -1|1 random stat +4 / +3 / +0|Skill points +25 / +20 / +10|Etsuko Otonashi bond -10|!or|Energy -15|Mood +1|1 random stat +4 / +3 / +0|Skill points +25 / +20 / +10|Etsuko Otonashi bond +15||Bot::Energy -20|1 random stat +4 / +3 / +0|Skill points +25 / +20 / +10|Etsuko Otonashi bond +10,5
mejiro-mcqueen-fair-lady-of-the-waves,costume,more_than_a_photo_a_blueprint,"More than a Photo, a Blueprint",Top::Wit +20||Bot::Energy +10,1
mejiro-mcqueen-fair-lady-of-the-waves,costume,you_re_my_trainer,You're My Trainer,Speed +10|Wit +10|Playtime's Over! hint +1|!Randomly either|Power +20|!Randomly either|Wit +10,2
mejiro-mcqueen-fair-lady-of-the-waves,costume,i_won_t_react_to_troublemakers,I Won't React to Troublemakers!,Top::Stamina +20|(random) Get Charming ○ status||Bot::Summer Runner ○ hint +1|(random) Get Charming ○ status,3
mejiro-mcqueen-fair-lady-of-the-waves,choices,queen_of_the_island,Queen of the Island,Top::Speed +10||Bot::Stamina +10,1
mejiro-mcqueen-fair-lady-of-the-waves,choices,it_s_called_a_sea_pineapple,It's Called a Sea Pineapple!,Top::Skill points +30||Bot::Stamina +10,2
mejiro-mcqueen-fair-lady-of-the-waves,choices,cooking_up_memories,Cooking Up Memories,Top::Energy +15||Bot::Early Lead hint +1,3
mejiro-mcqueen-fair-lady-of-the-waves,choices,the_allure_of_racecourse_food,The Allure of Racecourse Food,Top::Energy +30|Stamina +10|Skill points +10|!Randomly either|Energy +30|Skill points +10|Speed -5|Power +5|Get Slow Metabolism status||Bot::Guts +15|Skill points +5||Mid::Energy +50|Wit +10|!Randomly either|Energy +50|Wit -10|Get Slow Metabolism status,4
mejiro-mcqueen-fair-lady-of-the-waves,choices,attack_of_the_chestnut_feast,Attack of the Chestnut Feast!,Top::Energy +10|Skill points +5||Bot::!Randomly either (~90%)|Energy +30|Skill points +10|!Randomly either (~10%)|Energy +30|Skill points +10|Speed -5|Power +5|Get Slow Metabolism status,5
mejiro-mcqueen-fair-lady-of-the-waves,date,two_tickets_for_the_silver_screen,Two Tickets for the Silver Screen,Top::Stamina +10||Bot::Wit +5|Skill points +15,1
mejiro-mcqueen-fair-lady-of-the-waves,date,an_excited_young_lady,An Excited Young Lady,Top::Guts +10||Bot::Power +10,2
mejiro-mcqueen-fair-lady-of-the-waves,date,endless_kingdom,Endless Kingdom,Top::Stamina +10||Bot::Wit +10||Mid::Speed +5|Power +5,3
mejiro-mcqueen-fair-lady-of-the-waves,date,bargain_find,Bargain Find,Top::Speed +10||Bot::Guts +10,4
mejiro-mcqueen-fair-lady-of-the-waves,date,three_ramen_bowls_worth_of_temptation,Three Ramen Bowls' Worth of Temptation,Top::Skill points +30||Bot::Speed +5|Stamina +5,5
mejiro-mcqueen-fair-lady-of-the-waves,secret,autumn_congratulations,Autumn Congratulations,conditions::autumn_triple_crown_senior||reward::Speed +15|Stamina +15|Guts +15|Skill points +15,1
mejiro-mcqueen-fair-lady-of-the-waves,no_choices,blame_game,Blame Game,Wit +5,1
mejiro-mcqueen-fair-lady-of-the-waves,no_choices,ever_since,Ever Since,Stamina +5,2
mejiro-mcqueen-fair-lady-of-the-waves,no_choices,versus_ryan,Versus Ryan,Guts +5,3
mejiro-mcqueen-fair-lady-of-the-waves,no_choices,hopes_for_the_tenno_sho,Hopes for the Tenno Sho,Stamina +5,4
mejiro-mcqueen-fair-lady-of-the-waves,no_choices,heir_to_the_mejiro_family,Heir to the Mejiro Family,Stamina +10,5
mejiro-mcqueen-fair-lady-of-the-waves,no_choices,calm_and_collected,Calm and Collected?,Mood -1|Power -5,6
mejiro-mcqueen-fair-lady-of-the-waves,no_choices,master_trainer,Master Trainer,Stamina +10|(random) Get Practice Perfect ○ status,7
mejiro-mcqueen-fair-lady-of-the-waves,no_choices,getting_boring,Getting Boring,All stats +5|Skill points +5,8
mejiro-mcqueen-fair-lady-of-the-waves,no_choices,slipped_through_the_cracks,Slipped Through the Cracks,Mood -1,9
mejiro-mcqueen-fair-lady-of-the-waves,no_choices,early_morning_run,Early-Morning Run,Energy -10|Mood -1,10
mejiro-mcqueen-fair-lady-of-the-waves,no_choices,limit_testing,Limit Testing,All stats +5|Skill points +30|Mood +2|(random) Get Fast Learner status,11
mejiro-mcqueen-fair-lady-of-the-waves,no_choices,attack_of_the_space_baseball_zombies,Attack of the Space Baseball Zombies!,Energy +15|Mood -1|Guts -5|!Randomly either|Energy +15|Guts -5|Get Slacker status|!Randomly either|Energy +15|Mood -1|Guts -5|Get Slacker status,12
mejiro-mcqueen-fair-lady-of-the-waves,special,dance_lesson,Dance Lesson,Top::Stamina +10||Bot::Wit +10,9
mejiro-mcqueen-fair-lady-of-the-waves,special,bonus_at_start,Bonus at start,Skill points +120,1
mejiro-mcqueen-fair-lady-of-the-waves,special,failed_training_get_well_soon,Failed training (Get Well Soon!),Top::Mood -1|Last trained stat -5|(random) Get Practice Poor status||Bot::!Randomly either|Mood -1|Last trained stat -10|(random) Get Practice Poor status|!or|Get Practice Perfect ○ status,2
mejiro-mcqueen-fair-lady-of-the-waves,special,failed_training_don_t_overdo_it,Failed training (Don't Overdo It!),Top::Energy +10|Mood -2|Last trained stat -10|2 random stats -10|(random) Get Practice Poor status||Bot::!Randomly either|Mood -3|Last trained stat -10|2 random stats -10|Get Practice Poor status|!or|Energy +10|Get Practice Perfect ○ status,3
mejiro-mcqueen-fair-lady-of-the-waves,special,extra_training,Extra Training,Top::Energy -5|Last trained stat +5|(random) Heal a negative status effect||Bot::Energy +5,4
mejiro-mcqueen-fair-lady-of-the-waves,special,at_summer_camp_year_2,At Summer Camp (Year 2),Top::Power +10||Bot::Guts +10,5
mejiro-mcqueen-fair-lady-of-the-waves,special,fan_letter,Fan Letter,Mood +1|Skill points +30,6
mejiro-mcqueen-fair-lady-of-the-waves,special,new_year_s_resolutions,New Year's Resolutions,Top::Energy +20||Mid::Skill points +20||Bot::All stats +5,7
mejiro-mcqueen-fair-lady-of-the-waves,special,new_year_s_shrine_visit,New Year's Shrine Visit,Top::Energy +30||Mid::All stats +5||Bot::Skill points +35,8
mejiro-mcqueen-fair-lady-of-the-waves,after_race,victory_1st,Victory! (1st),Top::Energy -15|1 random stat +10 / +8 / +5|Skill points +45 / +35 / +30|(random) Hint for a skill related to the race||Bot::!Randomly either|Energy -5|1 random stat +10 / +8 / +5|Skill points +45 / +35 / +30|(random) Hint for a skill related to the race|!or|Energy -20|1 random stat +10 / +8 / +5|Skill points +45 / +35 / +30|(random) Hint for a skill related to the race,1
mejiro-mcqueen-fair-lady-of-the-waves,after_race,solid_showing_2nd_5th,Solid Showing (2nd-5th),Top::Energy -20|1 random stat +8 / +5 / +3|Skill points +45 / +35 / +30|(random) Hint for a skill related to the race||Bot::!Randomly either|Energy -10|1 random stat +8 / +5 / +3|Skill points +45 / +35 / +30|(random) Hint for a skill related to the race|!or|Energy -30|1 random stat +8 / +5 / +3|Skill points +45 / +35 / +30|(random) Hint for a skill related to the race,2
mejiro-mcqueen-fair-lady-of-the-waves,after_race,defeat_6th_or_worse,Defeat (6th or worse),Top::Energy -25|1 random stat +4 / +3 / +0|Skill points +25 / +20 / +10|(random) Hint for a skill related to the race||Bot::!Randomly either|Energy -15|1 random stat +4 / +3 / +0|Skill points +25 / +20 / +10|(random) Hint for a skill related to the race|!or|Energy -35|1 random stat +4 / +3 / +0|Skill points +25 / +20 / +10|(random) Hint for a skill related to the race,3
mejiro-mcqueen-fair-lady-of-the-waves,after_race,etsuko_s_elated_coverage,Etsuko's Elated Coverage,Energy -15|Mood +1|1 random stat +10 / +8 / +5|Skill points +45 / +35 / +30|Fans +500|(random) Hint for a skill related to the race|Etsuko Otonashi bond +15,4
mejiro-mcqueen-fair-lady-of-the-waves,after_race,etsuko_s_exhaustive_coverage,Etsuko's Exhaustive Coverage,Top::!Randomly either|Energy -25|Mood -1|1 random stat +4 / +3 / +0|Skill points +25 / +20 / +10|Etsuko Otonashi bond -10|!or|Energy -15|Mood +1|1 random stat +4 / +3 / +0|Skill points +25 / +20 / +10|Etsuko Otonashi bond +15||Bot::Energy -20|1 random stat +4 / +3 / +0|Skill points +25 / +20 / +10|Etsuko Otonashi bond +10,5
bamboo-memory-ambition-of-the-black-iron,costume,dreaming_big_with_my_rivals,Dreaming Big With My Rivals!,Top::Power +20||Bot::Speed +20,1
bamboo-memory-ambition-of-the-black-iron,costume,behind_the_dream,Behind the Dream,Top::Wit +10|Skill points +15||Bot::Guts +20,2
bamboo-memory-ambition-of-the-black-iron,costume,vibing,Vibing?,Top::Stamina +20|(random) Get Practice Perfect ○ status||Bot::Power +20|(random) Get Practice Perfect ○ status,3
bamboo-memory-ambition-of-the-black-iron,choices,good_deed_week,Good Deed Week,Top::Mood +1|Power +5||Bot::Speed +5|Stamina +5,1
bamboo-memory-ambition-of-the-black-iron,choices,kindred_spirits,Kindred Spirits,Top::Guts +10||Bot::Energy +5|Speed +5,2
bamboo-memory-ambition-of-the-black-iron,choices,the_end_of_the_disciplinary_committee,The End of the Disciplinary Committee?!,Top::Speed +5|Power +10||Bot::Target in Sight ○ hint +1,3
bamboo-memory-ambition-of-the-black-iron,choices,beyond_fiction,Beyond Fiction!,Top::Power +20|Guts +20|!Randomly either|Energy -5|Power +20|Guts +10|!Randomly either|Energy -10|Power +10|Guts +5||Bot::Energy +10,4
bamboo-memory-ambition-of-the-black-iron,choices,red_hot_ramen_rumble,Red-Hot Ramen Rumble!,Top::Energy +10|Skill points +5||Bot::!Randomly either (~90%)|Energy +30|Skill points +10|!Randomly either (~10%)|Energy +30|Skill points +10|Speed -5|Power +5|Get Slow Metabolism status,5
bamboo-memory-ambition-of-the-black-iron,date,hanging_with_the_girls,Hanging with the Girls!,Top::Power +10||Bot::Guts +10,1
bamboo-memory-ambition-of-the-black-iron,date,bamboo_s_dilemma,Bamboo's Dilemma,Top::Stamina +5|Guts +5||Bot::Stamina +5|Power +5,2
bamboo-memory-ambition-of-the-black-iron,date,run_into_the_sunset,Run into the Sunset!,Top::Guts +10||Bot::Power +10||Mid::Speed +10,3
bamboo-memory-ambition-of-the-black-iron,date,bamboo_and_the_troubled_student,Bamboo and the Troubled Student,Top::Wit +10||Bot::Stamina +10,4
bamboo-memory-ambition-of-the-black-iron,date,swords_and_racing,Swords and Racing,Top::Speed +10||Bot::Guts +10,5
bamboo-memory-ambition-of-the-black-iron,secret,i_m_the_best_of_the_best,I'm the BEST OF THE BEST!,conditions::Win the Sprinters Stakes|Win the Takamatsunomiya Kinen|y_dt_gn_race_no_w: 3|dist|0|g|2||reward::Power +30|Guts +30|Sprint Straightaways ○ hint +1|Homestretch Haste hint +1,1
bamboo-memory-ambition-of-the-black-iron,no_choices,a_dream_like_a_fierce_blaze,A Dream like a Fierce Blaze!,Guts +5,1
bamboo-memory-ambition-of-the-black-iron,no_choices,a_dream_of_cherry_blossoms_in_full_bloom,A Dream of Cherry Blossoms in Full Bloom!,Stamina +5,2
bamboo-memory-ambition-of-the-black-iron,no_choices,till_we_race_again,Till We Race Again!,Speed +5,3
bamboo-memory-ambition-of-the-black-iron,no_choices,let_your_dreams_shine,Let Your Dreams Shine!,Guts +5,4
bamboo-memory-ambition-of-the-black-iron,no_choices,for_friendship,For FRIENDSHIP!,Speed +5|Power +5,5
bamboo-memory-ambition-of-the-black-iron,no_choices,who_s_the_best_of_the_best,Who's the Best of the Best?!,NO,6
bamboo-memory-ambition-of-the-black-iron,no_choices,negligence_in_care_is_negligence_in_mind,Negligence in Care Is Negligence in Mind,Mood -1|Wit -5,7
bamboo-memory-ambition-of-the-black-iron,no_choices,master_trainer,Master Trainer,Guts +10|(random) Get Practice Perfect ○ status,8
bamboo-memory-ambition-of-the-black-iron,no_choices,tell_me_your_dream,Tell Me Your Dream!,All stats +5|Skill points +5,9
bamboo-memory-ambition-of-the-black-iron,no_choices,unfit_to_discipline,Unfit to Discipline?,Mood -1,10
bamboo-memory-ambition-of-the-black-iron,no_choices,guts_alone_won_t_cut_it,Guts Alone Won't Cut It,Energy -10|Mood -1,11
bamboo-memory-ambition-of-the-black-iron,no_choices,secret_technique_training,Secret Technique Training!,All stats +5|Skill points +30|Mood +2|(random) Get Fast Learner status,12
bamboo-memory-ambition-of-the-black-iron,no_choices,sincerity_pays_off,Sincerity Pays Off!,Energy +15|Mood -1|Guts -5|!Randomly either|Energy +15|Guts -5|Get Slacker status|!Randomly either|Energy +15|Mood -1|Guts -5|Get Slacker status,13
bamboo-memory-ambition-of-the-black-iron,special,dance_lesson,Dance Lesson,Top::Wit +10||Bot::Power +10,9
bamboo-memory-ambition-of-the-black-iron,special,bonus_at_start,Bonus at start,Skill points +120,1
bamboo-memory-ambition-of-the-black-iron,special,failed_training_get_well_soon,Failed training (Get Well Soon!),Top::Mood -1|Last trained stat -5|(random) Get Practice Poor status||Bot::!Randomly either|Mood -1|Last trained stat -10|(random) Get Practice Poor status|!or|Get Practice Perfect ○ status,2
bamboo-memory-ambition-of-the-black-iron,special,failed_training_don_t_overdo_it,Failed training (Don't Overdo It!),Top::Energy +10|Mood -2|Last trained stat -10|2 random stats -10|(random) Get Practice Poor status||Bot::!Randomly either|Mood -3|Last trained stat -10|2 random stats -10|Get Practice Poor status|!or|Energy +10|Get Practice Perfect ○ status,3
bamboo-memory-ambition-of-the-black-iron,special,extra_training,Extra Training,Top::Energy -5|Last trained stat +5|(random) Heal a negative status effect||Bot::Energy +5,4
bamboo-memory-ambition-of-the-black-iron,special,at_summer_camp_year_2,At Summer Camp (Year 2),Top::Power +10||Bot::Guts +10,5
bamboo-memory-ambition-of-the-black-iron,special,fan_letter,Fan Letter,Mood +1|Skill points +30,6
bamboo-memory-ambition-of-the-black-iron,special,new_year_s_resolutions,New Year's Resolutions,Top::Energy +20||Mid::Skill points +20||Bot::All stats +5,7
bamboo-memory-ambition-of-the-black-iron,special,new_year_s_shrine_visit,New Year's Shrine Visit,Top::Energy +30||Mid::All stats +5||Bot::Skill points +35,8
bamboo-memory-ambition-of-the-black-iron,after_race,victory_1st,Victory! (1st),Top::Energy -15|1 random stat +10 / +8 / +5|Skill points +45 / +35 / +30|(random) Hint for a skill related to the race||Bot::!Randomly either|Energy -5|1 random stat +10 / +8 / +5|Skill points +45 / +35 / +30|(random) Hint for a skill related to the race|!or|Energy -20|1 random stat +10 / +8 / +5|Skill points +45 / +35 / +30|(random) Hint for a skill related to the race,1
bamboo-memory-ambition-of-the-black-iron,after_race,solid_showing_2nd_5th,Solid Showing (2nd-5th),Top::Energy -20|1 random stat +8 / +5 / +3|Skill points +45 / +35 / +30|(random) Hint for a skill related to the race||Bot::!Randomly either|Energy -10|1 random stat +8 / +5 / +3|Skill points +45 / +35 / +30|(random) Hint for a skill related to the race|!or|Energy -30|1 random stat +8 / +5 / +3|Skill points +45 / +35 / +30|(random) Hint for a skill related to the race,2
bamboo-memory-ambition-of-the-black-iron,after_race,defeat_6th_or_worse,Defeat (6th or worse),Top::Energy -25|1 random stat +4 / +3 / +0|Skill points +25 / +20 / +10|(random) Hint for a skill related to the race||Bot::!Randomly either|Energy -15|1 random stat +4 / +3 / +0|Skill points +25 / +20 / +10|(random) Hint for a skill related to the race|!or|Energy -35|1 random stat +4 / +3 / +0|Skill points +25 / +20 / +10|(random) Hint for a skill related to the race,3
bamboo-memory-ambition-of-the-black-iron,after_race,etsuko_s_elated_coverage,Etsuko's Elated Coverage,Energy -15|Mood +1|1 random stat +10 / +8 / +5|Skill points +45 / +35 / +30|Fans +500|(random) Hint for a skill related to the race|Etsuko Otonashi bond +15,4
bamboo-memory-ambition-of-the-black-iron,after_race,etsuko_s_exhaustive_coverage,Etsuko's Exhaustive Coverage,Top::!Randomly either|Energy -25|Mood -1|1 random stat +4 / +3 / +0|Skill points +25 / +20 / +10|Etsuko Otonashi bond -10|!or|Energy -15|Mood +1|1 random stat +4 / +3 / +0|Skill points +25 / +20 / +10|Etsuko Otonashi bond +15||Bot::Energy -20|1 random stat +4 / +3 / +0|Skill points +25 / +20 / +10|Etsuko Otonashi bond +10,5
copano-rickey-yin-yang-bagua-lucky-costume,costume,the_signature_racewear_that_attracts_happiness,The Signature Racewear That Attracts Happiness ☆,Top::Power +20||Bot::Speed +20,1
copano-rickey-yin-yang-bagua-lucky-costume,costume,feng_shui_can_catch_ghosts,Feng Shui Can Catch Ghosts?!,Top::Speed +20||Bot::Stamina +10|Guts +10,2
copano-rickey-yin-yang-bagua-lucky-costume,costume,happy_on_tv,Happy on TV ☆,Top::Power +20|(random) Get Charming ○ status||Bot::Wit +20|(random) Get Charming ○ status,3
copano-rickey-yin-yang-bagua-lucky-costume,choices,spreading_the_word_of_feng_shui,Spreading the Word of Feng Shui,Top::Wit +10||Bot::Guts +10,1
copano-rickey-yin-yang-bagua-lucky-costume,choices,a_sudden_feng_shui_battle,A Sudden Feng Shui Battle?!,Top::Energy +5|Mood +1||Bot::Speed +5|Wit +5,2
copano-rickey-yin-yang-bagua-lucky-costume,choices,the_bond_between_classmates,The Bond Between Classmates,Top::Speed +5|Stamina +5|Guts +5||Bot::Solid Steps hint +1,3
copano-rickey-yin-yang-bagua-lucky-costume,choices,happy_lucky_sumo_stew,Happy! Lucky! Sumo Stew! ♪,Top::Energy +10|Skill points +5||Bot::!Randomly either (~90%)|Energy +30|Skill points +10|!Randomly either (~10%)|Energy +30|Skill points +10|Speed -5|Power +5|Get Slow Metabolism status,4
copano-rickey-yin-yang-bagua-lucky-costume,date,a_dramatic_feng_shui_renovation,A Dramatic Feng Shui Renovation!,Top::Speed +10||Bot::Stamina +10,1
copano-rickey-yin-yang-bagua-lucky-costume,date,let_s_make_some_good_memories,Let's Make Some Good Memories!,Top::Power +10||Bot::Guts +10,2
copano-rickey-yin-yang-bagua-lucky-costume,date,a_customized_and_special_day,A Customized and Special Day,Top::Speed +10||Bot::Power +10||Mid::Wit +10,3
copano-rickey-yin-yang-bagua-lucky-costume,date,happiness_luck_come_forth,Happiness! ☆ Luck! ☆ Come Forth!,Top::Wit +10||Bot::Guts +10,4
copano-rickey-yin-yang-bagua-lucky-costume,date,a_happy_barbecue_for_one_and_all,A Happy Barbecue for One and All ☆,Top::Power +10||Bot::Speed +10,5
copano-rickey-yin-yang-bagua-lucky-costume,secret,in_the_circle_of_light,In the Circle of Light,conditions::Triggers during Late June Classic Year||reward::Speed +5|Get Ominous Portent status,1
copano-rickey-yin-yang-bagua-lucky-costume,secret,eleven_stars_in_the_sky,Eleven Stars in the Sky,"conditions::win_g1_length: 4|11||reward::Speed +25|Power +25|Wit +25|Skill points +30|Top Pick hint +1|Forward, March! hint +1",2
copano-rickey-yin-yang-bagua-lucky-costume,secret,after_the_japanese_derby_the_spreading_dew,After the Japanese Derby: The Spreading Dew,conditions::Win the Tokyo Yushun (Japanese Derby)||reward::RR,3
copano-rickey-yin-yang-bagua-lucky-costume,secret,after_the_jbc_classic_the_mark_of_a_winner,After the JBC Classic: The Mark of a Winner,conditions::Win the JBC Classic (Classic)||reward::RR,4
copano-rickey-yin-yang-bagua-lucky-costume,secret,after_the_tokyo_daishoten_an_irresistible_vortex,After the Tokyo Daishoten: An Irresistible Vortex,conditions::Win the Tokyo Daishoten (Classic)||reward::RR,5
copano-rickey-yin-yang-bagua-lucky-costume,secret,after_the_february_s_soaring_dragon,After the February S.: Soaring Dragon,conditions::Win the February Stakes (Senior)|never_won_g1_before||reward::Mood +1|All stats +8|Skill points +65|HE|BO_CH +4,6
copano-rickey-yin-yang-bagua-lucky-costume,secret,after_the_february_s_proof_of_the_dragon_s_ascension,After the February S.: Proof of the Dragon's Ascension,conditions::Win the February Stakes (Senior)|won_g1_before||reward::Mood +2|All stats +8|Skill points +65|HE|BO_CH +4,7
copano-rickey-yin-yang-bagua-lucky-costume,secret,after_the_february_s_win_or_lose_take_to_the_sky,"After the February S.: Win or Lose, Take to the Sky",conditions::lose: 100101|3||reward::Mood +2|All stats +7|Skill points +65|HE|BO_CH +4|Mood +2|All stats +6|Skill points +65|HE|BO_CH +4,8
copano-rickey-yin-yang-bagua-lucky-costume,secret,after_the_kashiwa_kinen_but_i_won_t_sing,After the Kashiwa Kinen: But I Won't Sing,conditions::Win the Kashiwa Kinen (Senior)||reward::All stats +3|Skill points +45|Sunny Sign hint +1|BO_CH +4,9
copano-rickey-yin-yang-bagua-lucky-costume,no_choices,let_long_held_relationships_flow_like_rivers,Let Long-Held Relationships Flow like Rivers,Wit +5,1
copano-rickey-yin-yang-bagua-lucky-costume,no_choices,which_path_should_i_take,Which Path Should I Take?,Guts +5,2
copano-rickey-yin-yang-bagua-lucky-costume,no_choices,it_s_your_song,It's Your Song!,Power +10,3
copano-rickey-yin-yang-bagua-lucky-costume,no_choices,a_challenge_on_the_hot_sand,A Challenge on the Hot Sand,Guts +5,4
copano-rickey-yin-yang-bagua-lucky-costume,no_choices,technically_correct_advice,Technically Correct (?) Advice,Mood -1|Stamina -5,5
copano-rickey-yin-yang-bagua-lucky-costume,no_choices,lucky_lucky,"Lucky, Lucky ♪",Energy +10|Mood +1|1 random stat +5,6
copano-rickey-yin-yang-bagua-lucky-costume,no_choices,master_trainer,Master Trainer,Speed +10|(random) Get Practice Perfect ○ status,7
copano-rickey-yin-yang-bagua-lucky-costume,no_choices,go_rickey,Go Rickey!,All stats +5|Skill points +5,8
copano-rickey-yin-yang-bagua-lucky-costume,no_choices,shrimpy_tempy_crisis,Shrimpy! Tempy! Crisis?!,Mood -1,9
copano-rickey-yin-yang-bagua-lucky-costume,no_choices,i_thought_it_d_help,I Thought It'd Help...,Energy -10|Mood -1,10
copano-rickey-yin-yang-bagua-lucky-costume,no_choices,enlightened_feng_shui_master,Enlightened Feng Shui Master ☆,All stats +5|Skill points +30|Mood +2|(random) Get Fast Learner status,11
copano-rickey-yin-yang-bagua-lucky-costume,no_choices,rickey_s_unsolicited_advice,Rickey's Unsolicited Advice ☆,Energy +15|Mood -1|Guts -5|!Randomly either|Energy +15|Guts -5|Get Slacker status|!Randomly either|Energy +15|Mood -1|Guts -5|Get Slacker status,12
copano-rickey-yin-yang-bagua-lucky-costume,special,dance_lesson,Dance Lesson,Top::Wit +10||Bot::Power +10,9
copano-rickey-yin-yang-bagua-lucky-costume,special,bonus_at_start,Bonus at start,Skill points +120,1
copano-rickey-yin-yang-bagua-lucky-costume,special,failed_training_get_well_soon,Failed training (Get Well Soon!),Top::Mood -1|Last trained stat -5|(random) Get Practice Poor status||Bot::!Randomly either|Mood -1|Last trained stat -10|(random) Get Practice Poor status|!or|Get Practice Perfect ○ status,2
copano-rickey-yin-yang-bagua-lucky-costume,special,failed_training_don_t_overdo_it,Failed training (Don't Overdo It!),Top::Energy +10|Mood -2|Last trained stat -10|2 random stats -10|(random) Get Practice Poor status||Bot::!Randomly either|Mood -3|Last trained stat -10|2 random stats -10|Get Practice Poor status|!or|Energy +10|Get Practice Perfect ○ status,3
copano-rickey-yin-yang-bagua-lucky-costume,special,extra_training,Extra Training,Top::Energy -5|Last trained stat +5|(random) Heal a negative status effect||Bot::Energy +5,4
copano-rickey-yin-yang-bagua-lucky-costume,special,at_summer_camp_year_2,At Summer Camp (Year 2),Top::Power +10||Bot::Guts +10,5
copano-rickey-yin-yang-bagua-lucky-costume,special,fan_letter,Fan Letter,Mood +1|Skill points +30,6
copano-rickey-yin-yang-bagua-lucky-costume,special,new_year_s_resolutions,New Year's Resolutions,Top::Energy +20||Mid::Skill points +20||Bot::All stats +5,7
copano-rickey-yin-yang-bagua-lucky-costume,special,new_year_s_shrine_visit,New Year's Shrine Visit,Top::Energy +30||Mid::All stats +5||Bot::Skill points +35,8
copano-rickey-yin-yang-bagua-lucky-costume,after_race,victory_1st,Victory! (1st),Top::Energy -15|1 random stat +10 / +8 / +5|Skill points +45 / +35 / +30|(random) Hint for a skill related to the race||Bot::!Randomly either|Energy -5|1 random stat +10 / +8 / +5|Skill points +45 / +35 / +30|(random) Hint for a skill related to the race|!or|Energy -20|1 random stat +10 / +8 / +5|Skill points +45 / +35 / +30|(random) Hint for a skill related to the race,1
copano-rickey-yin-yang-bagua-lucky-costume,after_race,solid_showing_2nd_5th,Solid Showing (2nd-5th),Top::Energy -20|1 random stat +8 / +5 / +3|Skill points +45 / +35 / +30|(random) Hint for a skill related to the race||Bot::!Randomly either|Energy -10|1 random stat +8 / +5 / +3|Skill points +45 / +35 / +30|(random) Hint for a skill related to the race|!or|Energy -30|1 random stat +8 / +5 / +3|Skill points +45 / +35 / +30|(random) Hint for a skill related to the race,2
copano-rickey-yin-yang-bagua-lucky-costume,after_race,defeat_6th_or_worse,Defeat (6th or worse),Top::Energy -25|1 random stat +4 / +3 / +0|Skill points +25 / +20 / +10|(random) Hint for a skill related to the race||Bot::!Randomly either|Energy -15|1 random stat +4 / +3 / +0|Skill points +25 / +20 / +10|(random) Hint for a skill related to the race|!or|Energy -35|1 random stat +4 / +3 / +0|Skill points +25 / +20 / +10|(random) Hint for a skill related to the race,3
copano-rickey-yin-yang-bagua-lucky-costume,after_race,etsuko_s_elated_coverage,Etsuko's Elated Coverage,Energy -15|Mood +1|1 random stat +10 / +8 / +5|Skill points +45 / +35 / +30|Fans +500|(random) Hint for a skill related to the race|Etsuko Otonashi bond +15,4
copano-rickey-yin-yang-bagua-lucky-costume,after_race,etsuko_s_exhaustive_coverage,Etsuko's Exhaustive Coverage,Top::!Randomly either|Energy -25|Mood -1|1 random stat +4 / +3 / +0|Skill points +25 / +20 / +10|Etsuko Otonashi bond -10|!or|Energy -15|Mood +1|1 random stat +4 / +3 / +0|Skill points +25 / +20 / +10|Etsuko Otonashi bond +15||Bot::Energy -20|1 random stat +4 / +3 / +0|Skill points +25 / +20 / +10|Etsuko Otonashi bond +10,5
smart-falcon-twilight-triumph,costume,my_first_concert,My First Concert,Speed +10|Wit +10|Full Tilt hint +1|!Randomly either|Speed +5|Full Tilt hint +1,1
smart-falcon-twilight-triumph,costume,one_hot_stage_coming_right_up,"One Hot Stage, Coming Right Up!",Top::Energy +20|Mood +1||Bot::Skill points +30,2
smart-falcon-twilight-triumph,costume,the_umadol_road_far_far_away,"The Umadol Road, Far, Far Away",Top::Stamina +20|(random) Get Hot Topic status||Bot::Prudent Positioning hint +1|(random) Get Hot Topic status,3
smart-falcon-twilight-triumph,choices,studying_umadols,Studying Umadols?,Top::Power +10||Bot::Wit +10,1
smart-falcon-twilight-triumph,choices,heart_pounding_situation,Heart-Pounding ☆ Situation,Top::Power +10||Bot::Stamina +10,2
smart-falcon-twilight-triumph,choices,umadol_spirit_ignited,Umadol Spirit ☆ Ignited,Top::Stamina +10|Guts +10||Bot::Leader's Pride hint +1,3
smart-falcon-twilight-triumph,choices,cuteness_research,Cuteness ☆ Research,Top::Energy +10|Skill points +5||Bot::!Randomly either (~90%)|Energy +30|Skill points +10|!Randomly either (~10%)|Energy +30|Skill points +10|Speed -5|Power +5|Get Slow Metabolism status,4
smart-falcon-twilight-triumph,date,test_recovery,Test Recovery ☆,Top::Wit +10||Bot::Power +10,1
smart-falcon-twilight-triumph,date,a_thank_you_gift_for_you,A Thank-You Gift for You ♪,Top::Speed +10||Bot::Power +10,2
smart-falcon-twilight-triumph,date,memory_lane,Memory ☆ Lane,Top::Power +10||Bot::Guts +10||Mid::Speed +10,3
smart-falcon-twilight-triumph,date,sharing_memories,Sharing ☆ Memories,Top::Stamina +10||Bot::Guts +10,4
smart-falcon-twilight-triumph,date,location_scouting,Location ☆ Scouting,Top::Wit +10||Bot::Power +10,5
smart-falcon-twilight-triumph,secret,coming_to_a_city_near_you,Coming to a City Near You ☆,Get Fan Promise (Hokkaido) status|!Randomly either|Get Fan Promise (Hokuto) status|!Randomly either|Get Fan Promise (Nakayama) status|!Randomly either|Get Fan Promise (Kansai) status|!Randomly either|Get Fan Promise (Kokura) status|!Randomly either|Get Idol's Promise (Kawasaki) status,1
smart-falcon-twilight-triumph,secret,connecting_inspiration,Connecting ☆ Inspiration,conditions::win_connect_live||reward::Mood +1|UNSPECIFIED_STATS +10|Skill points +10|TRACK_HINT +5,2
smart-falcon-twilight-triumph,secret,center_of_everyone_s_heart,Center of Everyone's Heart ☆,conditions::fans_before_finals: 120000||reward::Mood +1|Guts +20|Top Pick hint +1,3
smart-falcon-twilight-triumph,secret,after_the_kawasaki_kinen_hearts_aflutter,After the Kawasaki Kinen: Hearts Aflutter!,conditions::Win the Kawasaki Kinen||reward::Energy -15|Power +20|1 random stat +10|Skill points +45|Kawasaki Racecourse ○ hint +1|Sunny Sign hint +1,4
smart-falcon-twilight-triumph,no_choices,looking_to_the_otherworldly,Looking to the Otherworldly ☆,Speed +10,1
smart-falcon-twilight-triumph,no_choices,the_next_grand_prix_girl,The Next Grand Prix ☆ Girl!,Power +5,2
smart-falcon-twilight-triumph,no_choices,fighting_declaration,Fighting Declaration,Guts +5,3
smart-falcon-twilight-triumph,no_choices,falco_s_dream,Falco's Dream,Speed +5|Guts +5,4
smart-falcon-twilight-triumph,no_choices,failing_grade_frustration,Failing Grade Frustration,Wit -5|Mood -1,5
smart-falcon-twilight-triumph,no_choices,master_trainer,Master Trainer,Power +10|(random) Get Practice Perfect ○ status,6
smart-falcon-twilight-triumph,no_choices,umadol_world,Umadol World ♪,All stats +5|Skill points +5,7
smart-falcon-twilight-triumph,no_choices,canceled_concert_blues,Canceled Concert Blues,Mood -1,8
smart-falcon-twilight-triumph,no_choices,lost_item_dejection,Lost Item Dejection,Energy -10|Mood -1,9
smart-falcon-twilight-triumph,no_choices,cute_universe,Cute ☆ Universe,All stats +5|Skill points +30|Mood +2|(random) Get Fast Learner status,10
smart-falcon-twilight-triumph,no_choices,full_of_cuteness,Full of Cuteness ☆,Energy +15|Mood -1|Guts -5|!Randomly either|Energy +15|Guts -5|Get Slacker status|!Randomly either|Energy +15|Mood -1|Guts -5|Get Slacker status,11
smart-falcon-twilight-triumph,special,dance_lesson,Dance Lesson,Top::Guts +10||Bot::Wit +10,9
smart-falcon-twilight-triumph,special,bonus_at_start,Bonus at start,Skill points +120,1
smart-falcon-twilight-triumph,special,failed_training_get_well_soon,Failed training (Get Well Soon!),Top::Mood -1|Last trained stat -5|(random) Get Practice Poor status||Bot::!Randomly either|Mood -1|Last trained stat -10|(random) Get Practice Poor status|!or|Get Practice Perfect ○ status,2
smart-falcon-twilight-triumph,special,failed_training_don_t_overdo_it,Failed training (Don't Overdo It!),Top::Energy +10|Mood -2|Last trained stat -10|2 random stats -10|(random) Get Practice Poor status||Bot::!Randomly either|Mood -3|Last trained stat -10|2 random stats -10|Get Practice Poor status|!or|Energy +10|Get Practice Perfect ○ status,3
smart-falcon-twilight-triumph,special,extra_training,Extra Training,Top::Energy -5|Last trained stat +5|(random) Heal a negative status effect||Bot::Energy +5,4
smart-falcon-twilight-triumph,special,at_summer_camp_year_2,At Summer Camp (Year 2),Top::Power +10||Bot::Guts +10,5
smart-falcon-twilight-triumph,special,fan_letter,Fan Letter,Mood +1|Skill points +30,6
smart-falcon-twilight-triumph,special,new_year_s_resolutions,New Year's Resolutions,Top::Energy +20||Mid::Skill points +20||Bot::All stats +5,7
smart-falcon-twilight-triumph,special,new_year_s_shrine_visit,New Year's Shrine Visit,Top::Energy +30||Mid::All stats +5||Bot::Skill points +35,8
smart-falcon-twilight-triumph,after_race,victory_1st,Victory! (1st),Top::Energy -15|1 random stat +10 / +8 / +5|Skill points +45 / +35 / +30|(random) Hint for a skill related to the race||Bot::!Randomly either|Energy -5|1 random stat +10 / +8 / +5|Skill points +45 / +35 / +30|(random) Hint for a skill related to the race|!or|Energy -20|1 random stat +10 / +8 / +5|Skill points +45 / +35 / +30|(random) Hint for a skill related to the race,1
smart-falcon-twilight-triumph,after_race,solid_showing_2nd_5th,Solid Showing (2nd-5th),Top::Energy -20|1 random stat +8 / +5 / +3|Skill points +45 / +35 / +30|(random) Hint for a skill related to the race||Bot::!Randomly either|Energy -10|1 random stat +8 / +5 / +3|Skill points +45 / +35 / +30|(random) Hint for a skill related to the race|!or|Energy -30|1 random stat +8 / +5 / +3|Skill points +45 / +35 / +30|(random) Hint for a skill related to the race,2
smart-falcon-twilight-triumph,after_race,defeat_6th_or_worse,Defeat (6th or worse),Top::Energy -25|1 random stat +4 / +3 / +0|Skill points +25 / +20 / +10|(random) Hint for a skill related to the race||Bot::!Randomly either|Energy -15|1 random stat +4 / +3 / +0|Skill points +25 / +20 / +10|(random) Hint for a skill related to the race|!or|Energy -35|1 random stat +4 / +3 / +0|Skill points +25 / +20 / +10|(random) Hint for a skill related to the race,3
smart-falcon-twilight-triumph,after_race,etsuko_s_elated_coverage,Etsuko's Elated Coverage,Energy -15|Mood +1|1 random stat +10 / +8 / +5|Skill points +45 / +35 / +30|Fans +500|(random) Hint for a skill related to the race|Etsuko Otonashi bond +15,4
smart-falcon-twilight-triumph,after_race,etsuko_s_exhaustive_coverage,Etsuko's Exhaustive Coverage,Top::!Randomly either|Energy -25|Mood -1|1 random stat +4 / +3 / +0|Skill points +25 / +20 / +10|Etsuko Otonashi bond -10|!or|Energy -15|Mood +1|1 random stat +4 / +3 / +0|Skill points +25 / +20 / +10|Etsuko Otonashi bond +15||Bot::Energy -20|1 random stat +4 / +3 / +0|Skill points +25 / +20 / +10|Etsuko Otonashi bond +10,5
winning-ticket-dream-deliverer,costume,tickezo_s_delivery_service_the_outset,Tickezo's Delivery Service: The Outset,Top::Guts +10|(random) Get Charming ○ status|BRF||Bot::Power +10|(random) Get Charming ○ status|BRF,1
winning-ticket-dream-deliverer,costume,tickezo_s_delivery_service_academy_antics,Tickezo's Delivery Service: Academy Antics,Top::Wit +20|BRF||Bot::Stamina +20|BRF,2
winning-ticket-dream-deliverer,costume,tickezo_s_delivery_service_from_the_heart,Tickezo's Delivery Service: From the Heart,BP2 1|Medium Corners ○ hint +1|Take the Chance hint +1|BP2 2|Long Straightaways ○ hint +1|Passing Pro hint +1|OTHER_CASES|Speed +30|Guts +10,3
winning-ticket-dream-deliverer,choices,rain_or_shine,Rain or Shine,Top::Energy -10|Stamina +10|Skill points +15||Bot::Power +10,1
winning-ticket-dream-deliverer,choices,overcome_the_towering_obstacle,Overcome the Towering Obstacle!,Top::Mood +1|Guts +5||Bot::Mood +1|Power +5,2
winning-ticket-dream-deliverer,choices,a_fresh_perspective,A Fresh Perspective,Top::Speed +10|Skill points +15||Bot::Nimble Navigator hint +1,3
winning-ticket-dream-deliverer,choices,path_to_pastries,Path to Pastries!,Top::Energy -15|Late Surger Straightaways ○ hint +1|Late Surger Corners ○ hint +1||Bot::Energy -15|Position Pilfer hint +1|Slick Surge hint +1||Mid::Wit +15,4
winning-ticket-dream-deliverer,choices,full_power_eating,Full-Power Eating!,Top::Energy +10|Skill points +5||Bot::!Randomly either (~90%)|Energy +30|Skill points +10|!Randomly either (~10%)|Energy +30|Skill points +10|Speed -5|Power +5|Get Slow Metabolism status,5
winning-ticket-dream-deliverer,date,play_of_the_three_kingdoms,Play of the Three Kingdoms,Top::Stamina +5|Skill points +15||Bot::Power +5|Skill points +15,1
winning-ticket-dream-deliverer,date,futsal_now,"Futsal, Now?!",Top::Guts +10||Bot::Speed +10,2
winning-ticket-dream-deliverer,date,the_last_ticket,The Last Ticket,Top::Guts +10||Bot::Speed +10||Mid::Power +10,3
winning-ticket-dream-deliverer,date,shake_off_your_blues,Shake Off Your Blues!,Top::Mood +1|Power +5||Bot::Speed +5|Skill points +15,4
winning-ticket-dream-deliverer,date,big_girls_cry_too,Big Girls Cry Too,Top::Guts +5|Skill points +15||Bot::Mood +1|Power +5,5
winning-ticket-dream-deliverer,secret,temporary_truce,Temporary Truce,"conditions::win_n_of: 1|['102201|1', '100501|2', '101001|2', '101501|2', '102301|2', '100301|3', '100601|3', '101201|3', '102301|3']|Triggers during Late December Senior Year||reward::W_E|Speed +15|Power +15|Skill points +15|Outer Swell hint +1|W_E|Speed +10|Power +10|W_E|Speed +10",1
winning-ticket-dream-deliverer,no_choices,rivals,Rivals,Stamina +5,1
winning-ticket-dream-deliverer,no_choices,i_wanna_win,I Wanna Win!,Guts +5,2
winning-ticket-dream-deliverer,no_choices,what_makes_a_good_race,What Makes a Good Race,Guts +5,3
winning-ticket-dream-deliverer,no_choices,waiting_for_progress,Waiting for Progress,Stamina +5|Guts +5,4
winning-ticket-dream-deliverer,no_choices,bnw_is_back,BNW Is Back,Speed +5,5
winning-ticket-dream-deliverer,no_choices,lost_umamusume,Lost Umamusume,Wit -5|Mood -1,6
winning-ticket-dream-deliverer,no_choices,master_trainer,Master Trainer,Guts +10|(random) Get Practice Perfect ○ status,7
winning-ticket-dream-deliverer,no_choices,we_re_the_best,We're the Best,All stats +5|Skill points +5,8
winning-ticket-dream-deliverer,no_choices,mr_chalk_s_misfortune,Mr. Chalk's Misfortune,Mood -1,9
winning-ticket-dream-deliverer,no_choices,the_long_road_to_dessert,The Long Road to Dessert,Energy -10|Mood -1,10
winning-ticket-dream-deliverer,no_choices,higher_and_higher,Higher and Higher,All stats +5|Skill points +30|Mood +2|(random) Get Fast Learner status,11
winning-ticket-dream-deliverer,no_choices,perfect_weather_for_tinkering,Perfect Weather for Tinkering?,Energy +15|Mood -1|Guts -5|!Randomly either|Energy +15|Guts -5|Get Slacker status|!Randomly either|Energy +15|Mood -1|Guts -5|Get Slacker status,12
winning-ticket-dream-deliverer,special,dance_lesson,Dance Lesson,Top::Guts +10||Bot::Wit +10,9
winning-ticket-dream-deliverer,special,bonus_at_start,Bonus at start,Skill points +120,1
winning-ticket-dream-deliverer,special,failed_training_get_well_soon,Failed training (Get Well Soon!),Top::Mood -1|Last trained stat -5|(random) Get Practice Poor status||Bot::!Randomly either|Mood -1|Last trained stat -10|(random) Get Practice Poor status|!or|Get Practice Perfect ○ status,2
winning-ticket-dream-deliverer,special,failed_training_don_t_overdo_it,Failed training (Don't Overdo It!),Top::Energy +10|Mood -2|Last trained stat -10|2 random stats -10|(random) Get Practice Poor status||Bot::!Randomly either|Mood -3|Last trained stat -10|2 random stats -10|Get Practice Poor status|!or|Energy +10|Get Practice Perfect ○ status,3
winning-ticket-dream-deliverer,special,extra_training,Extra Training,Top::Energy -5|Last trained stat +5|(random) Heal a negative status effect||Bot::Energy +5,4
winning-ticket-dream-deliverer,special,at_summer_camp_year_2,At Summer Camp (Year 2),Top::Power +10||Bot::Guts +10,5
winning-ticket-dream-deliverer,special,fan_letter,Fan Letter,Mood +1|Skill points +30,6
winning-ticket-dream-deliverer,special,new_year_s_resolutions,New Year's Resolutions,Top::Energy +20||Mid::Skill points +20||Bot::All stats +5,7
winning-ticket-dream-deliverer,special,new_year_s_shrine_visit,New Year's Shrine Visit,Top::Energy +30||Mid::All stats +5||Bot::Skill points +35,8
winning-ticket-dream-deliverer,after_race,victory_1st,Victory! (1st),Top::Energy -15|1 random stat +10 / +8 / +5|Skill points +45 / +35 / +30|(random) Hint for a skill related to the race||Bot::!Randomly either|Energy -5|1 random stat +10 / +8 / +5|Skill points +45 / +35 / +30|(random) Hint for a skill related to the race|!or|Energy -20|1 random stat +10 / +8 / +5|Skill points +45 / +35 / +30|(random) Hint for a skill related to the race,1
winning-ticket-dream-deliverer,after_race,solid_showing_2nd_5th,Solid Showing (2nd-5th),Top::Energy -20|1 random stat +8 / +5 / +3|Skill points +45 / +35 / +30|(random) Hint for a skill related to the race||Bot::!Randomly either|Energy -10|1 random stat +8 / +5 / +3|Skill points +45 / +35 / +30|(random) Hint for a skill related to the race|!or|Energy -30|1 random stat +8 / +5 / +3|Skill points +45 / +35 / +30|(random) Hint for a skill related to the race,2
winning-ticket-dream-deliverer,after_race,defeat_6th_or_worse,Defeat (6th or worse),Top::Energy -25|1 random stat +4 / +3 / +0|Skill points +25 / +20 / +10|(random) Hint for a skill related to the race||Bot::!Randomly either|Energy -15|1 random stat +4 / +3 / +0|Skill points +25 / +20 / +10|(random) Hint for a skill related to the race|!or|Energy -35|1 random stat +4 / +3 / +0|Skill points +25 / +20 / +10|(random) Hint for a skill related to the race,3
winning-ticket-dream-deliverer,after_race,etsuko_s_elated_coverage,Etsuko's Elated Coverage,Energy -15|Mood +1|1 random stat +10 / +8 / +5|Skill points +45 / +35 / +30|Fans +500|(random) Hint for a skill related to the race|Etsuko Otonashi bond +15,4
winning-ticket-dream-deliverer,after_race,etsuko_s_exhaustive_coverage,Etsuko's Exhaustive Coverage,Top::!Randomly either|Energy -25|Mood -1|1 random stat +4 / +3 / +0|Skill points +25 / +20 / +10|Etsuko Otonashi bond -10|!or|Energy -15|Mood +1|1 random stat +4 / +3 / +0|Skill points +25 / +20 / +10|Etsuko Otonashi bond +15||Bot::Energy -20|1 random stat +4 / +3 / +0|Skill points +25 / +20 / +10|Etsuko Otonashi bond +10,5
narita-taishin-difference-engineer,costume,quest_help_dismantle_the_set,Quest: Help Dismantle the Set!,Top::Stamina +10|(random) Get Hot Topic status|BRF||Bot::Speed +10|(random) Get Hot Topic status|BRF,1
narita-taishin-difference-engineer,costume,quest_help_the_theater_club,Quest: Help the Theater Club!,Top::Guts +20|BRF||Bot::Power +10|Wit +10|BRF,2
narita-taishin-difference-engineer,costume,quest_help_the_boy,Quest: Help the Boy!,BP2 1|Long Corners ○ hint +1|Pressure hint +1|BP2 2|Medium Corners ○ hint +1|Eager hint +1|OTHER_CASES|All stats +3|Skill points +25,3
narita-taishin-difference-engineer,choices,report_submitted,Report Submitted,Top::Speed +10||Bot::Stamina +5|Power +5,1
narita-taishin-difference-engineer,choices,unknown_music,Unknown Music,Top::Power +10||Bot::Wit +10,2
narita-taishin-difference-engineer,choices,distance,Distance,Top::Mood +1|Guts +10||Bot::Standing By hint +1,3
narita-taishin-difference-engineer,choices,extra_training_to_blow_off_steam,Extra Training to Blow Off Steam,Top::Energy +10||Bot::Energy -5|Skill points +30||Mid::Energy -15|1 random stat +15|!Randomly either|Energy -10|Mood +1|1 random stat +20,4
narita-taishin-difference-engineer,choices,extra_training_to_de_stress,Extra Training to De-stress?,Top::Energy +10||Bot::Energy -5|Skill points +30||Mid::Energy -15|1 random stat +15|!Randomly either|Energy -10|Mood +1|1 random stat +20,5
narita-taishin-difference-engineer,choices,nutritional_food_is_the_food_of_hope,Nutritional Food is the Food of Hope?,Top::Energy +10|Skill points +5||Bot::!Randomly either (~90%)|Energy +30|Skill points +10|!Randomly either (~10%)|Energy +30|Skill points +10|Speed -5|Power +5|Get Slow Metabolism status,6
narita-taishin-difference-engineer,date,git_gud_noob,git gud noob,Top::Stamina +10||Bot::Speed +10,1
narita-taishin-difference-engineer,date,ggez,ggez,Top::Power +10||Bot::Guts +10,2
narita-taishin-difference-engineer,date,ggwp,ggwp,Top::Guts +10||Bot::Wit +10||Mid::Stamina +10,3
narita-taishin-difference-engineer,date,the_taciturn_two,The Taciturn Two,Top::Stamina +10||Bot::Speed +10,4
narita-taishin-difference-engineer,date,open_the_cage_door_with_your_own_hands,Open the Cage Door with Your Own Hands,Top::Stamina +5|Guts +5||Bot::Speed +5|Power +5,5
narita-taishin-difference-engineer,secret,forever_fervent,Forever Fervent,conditions::Win the Asahi Hai Futurity Stakes|Win the Satsuki Sho|Win the Tokyo Yushun (Japanese Derby)|Win the Kikuka Sho|Win the Japan Cup (Classic)|Win the Arima Kinen (Classic)|Win the Tenno Sho (Spring)|Win the Takarazuka Kinen (Senior)|Win the Tenno Sho (Autumn) (Senior)|Win the Arima Kinen (Senior)||reward::CT|Power +20|Skill points +15|Early Start hint +1|CT|Power +20|CT|Power +10,1
narita-taishin-difference-engineer,secret,after_the_nikkei_sho_here_is_fine,After the Nikkei Sho: Here Is Fine,conditions::Win the Nikkei Sho||reward::SE_H|Mood +4|All stats +20|Skill points +70|Get Practice Perfect ◎ status|SE_NH|Mood +4|All stats +15|Skill points +70|HE,2
narita-taishin-difference-engineer,no_choices,b_w,B&W,Stamina +5|Guts +5,1
narita-taishin-difference-engineer,no_choices,w_inner,[W]inner,Speed +5,2
narita-taishin-difference-engineer,no_choices,don_t_say_it,Don't Say It,Mood -2|Get Practice Poor status,3
narita-taishin-difference-engineer,no_choices,i_believe,I Believe,Stamina +5,4
narita-taishin-difference-engineer,no_choices,i_said_i_m_fine,I Said I'm Fine,Stamina +10,5
narita-taishin-difference-engineer,no_choices,evaluation_meeting,Evaluation Meeting,Speed -5|Mood -1,6
narita-taishin-difference-engineer,no_choices,master_trainer,Master Trainer,Speed +10|(random) Get Practice Perfect ○ status,7
narita-taishin-difference-engineer,no_choices,no_regrets,No Regrets,All stats +5|Skill points +5,8
narita-taishin-difference-engineer,no_choices,undying_echo,Undying Echo,Mood -1,9
narita-taishin-difference-engineer,no_choices,plate_finished_with_gusto,Plate Finished with Gusto,Energy -10|Mood -1,10
narita-taishin-difference-engineer,no_choices,boot_camp,Boot Camp,All stats +5|Skill points +30|Mood +2|(random) Get Fast Learner status,11
narita-taishin-difference-engineer,no_choices,tranquil_time_with_taishin,Tranquil Time with Taishin,Energy +15|Mood -1|Guts -5|!Randomly either|Energy +15|Guts -5|Get Slacker status|!Randomly either|Energy +15|Mood -1|Guts -5|Get Slacker status,12
narita-taishin-difference-engineer,special,dance_lesson,Dance Lesson,Top::Guts +10||Bot::Wit +10,9
narita-taishin-difference-engineer,special,bonus_at_start,Bonus at start,Skill points +120,1
narita-taishin-difference-engineer,special,failed_training_get_well_soon,Failed training (Get Well Soon!),Top::Mood -1|Last trained stat -5|(random) Get Practice Poor status||Bot::!Randomly either|Mood -1|Last trained stat -10|(random) Get Practice Poor status|!or|Get Practice Perfect ○ status,2
narita-taishin-difference-engineer,special,failed_training_don_t_overdo_it,Failed training (Don't Overdo It!),Top::Energy +10|Mood -2|Last trained stat -10|2 random stats -10|(random) Get Practice Poor status||Bot::!Randomly either|Mood -3|Last trained stat -10|2 random stats -10|Get Practice Poor status|!or|Energy +10|Get Practice Perfect ○ status,3
narita-taishin-difference-engineer,special,extra_training,Extra Training,Top::Energy -5|Last trained stat +5|(random) Heal a negative status effect||Bot::Energy +5,4
narita-taishin-difference-engineer,special,at_summer_camp_year_2,At Summer Camp (Year 2),Top::Power +10||Bot::Guts +10,5
narita-taishin-difference-engineer,special,fan_letter,Fan Letter,Mood +1|Skill points +30,6
narita-taishin-difference-engineer,special,new_year_s_resolutions,New Year's Resolutions,Top::Energy +20||Mid::Skill points +20||Bot::All stats +5,7
narita-taishin-difference-engineer,special,new_year_s_shrine_visit,New Year's Shrine Visit,Top::Energy +30||Mid::All stats +5||Bot::Skill points +35,8
narita-taishin-difference-engineer,after_race,victory_1st,Victory! (1st),Top::Energy -15|1 random stat +10 / +8 / +5|Skill points +45 / +35 / +30|(random) Hint for a skill related to the race||Bot::!Randomly either|Energy -5|1 random stat +10 / +8 / +5|Skill points +45 / +35 / +30|(random) Hint for a skill related to the race|!or|Energy -20|1 random stat +10 / +8 / +5|Skill points +45 / +35 / +30|(random) Hint for a skill related to the race,1
narita-taishin-difference-engineer,after_race,solid_showing_2nd_5th,Solid Showing (2nd-5th),Top::Energy -20|1 random stat +8 / +5 / +3|Skill points +45 / +35 / +30|(random) Hint for a skill related to the race||Bot::!Randomly either|Energy -10|1 random stat +8 / +5 / +3|Skill points +45 / +35 / +30|(random) Hint for a skill related to the race|!or|Energy -30|1 random stat +8 / +5 / +3|Skill points +45 / +35 / +30|(random) Hint for a skill related to the race,2
narita-taishin-difference-engineer,after_race,defeat_6th_or_worse,Defeat (6th or worse),Top::Energy -25|1 random stat +4 / +3 / +0|Skill points +25 / +20 / +10|(random) Hint for a skill related to the race||Bot::!Randomly either|Energy -15|1 random stat +4 / +3 / +0|Skill points +25 / +20 / +10|(random) Hint for a skill related to the race|!or|Energy -35|1 random stat +4 / +3 / +0|Skill points +25 / +20 / +10|(random) Hint for a skill related to the race,3
narita-taishin-difference-engineer,after_race,etsuko_s_elated_coverage,Etsuko's Elated Coverage,Energy -15|Mood +1|1 random stat +10 / +8 / +5|Skill points +45 / +35 / +30|Fans +500|(random) Hint for a skill related to the race|Etsuko Otonashi bond +15,4
narita-taishin-difference-engineer,after_race,etsuko_s_exhaustive_coverage,Etsuko's Exhaustive Coverage,Top::!Randomly either|Energy -25|Mood -1|1 random stat +4 / +3 / +0|Skill points +25 / +20 / +10|Etsuko Otonashi bond -10|!or|Energy -15|Mood +1|1 random stat +4 / +3 / +0|Skill points +25 / +20 / +10|Etsuko Otonashi bond +15||Bot::Energy -20|1 random stat +4 / +3 / +0|Skill points +25 / +20 / +10|Etsuko Otonashi bond +10,5
yukino-bijin-cute-sweet-flower-of-mutsu,costume,no_place_like_home,No Place Like Home,Top::Guts +20||Bot::Speed +20,1
yukino-bijin-cute-sweet-flower-of-mutsu,costume,a_trendy_day_out,A Trendy Day Out ♪,Top::Power +20||Bot::Wit +20,2
yukino-bijin-cute-sweet-flower-of-mutsu,costume,mountain_folks_are_tough,Mountain Folks Are Tough,Top::Speed +20|(random) Get Practice Perfect ○ status||Bot::Power +20|(random) Get Practice Perfect ○ status,3
yukino-bijin-cute-sweet-flower-of-mutsu,choices,what_a_cutie_patootie,What a Cutie-Patootie!,Top::Stamina +10||Bot::Mood +1|Guts +5,1
yukino-bijin-cute-sweet-flower-of-mutsu,choices,welcome_to_the_miho_market,Welcome to the Miho Market!,Top::Energy -5|Speed +15||Bot::Power +10,2
yukino-bijin-cute-sweet-flower-of-mutsu,choices,noth_n_like_work_n_in_the_fields,Noth'n Like Work'n in the Fields!,Top::Wit +10|Skill points +15||Bot::Winter Runner ○ hint +1,3
yukino-bijin-cute-sweet-flower-of-mutsu,choices,to_be_a_city_girl,To Be a City Girl,Top::Downhill Speedster hint +1||Bot::Speed +10|Guts +10||Mid::Energy +15|Mood +1,4
yukino-bijin-cute-sweet-flower-of-mutsu,choices,round_temptation,Round Temptation,Top::Energy +10|Skill points +5||Bot::!Randomly either (~90%)|Energy +30|Skill points +10|!Randomly either (~10%)|Energy +30|Skill points +10|Speed -5|Power +5|Get Slow Metabolism status,5
yukino-bijin-cute-sweet-flower-of-mutsu,date,a_new_challenge,A New Challenge!,Top::Guts +10||Bot::Wit +10,1
yukino-bijin-cute-sweet-flower-of-mutsu,date,hardcore_train_n_with_city,Hardcore Train'n with City!,Top::Power +10||Bot::Speed +10,2
yukino-bijin-cute-sweet-flower-of-mutsu,date,lights_camera_action,"Lights, Camera, Action!",Top::Speed +10||Bot::Guts +10||Mid::Stamina +10,3
yukino-bijin-cute-sweet-flower-of-mutsu,date,journey_through_the_stars,Journey Through the Stars,Top::Wit +10||Bot::Stamina +10,4
yukino-bijin-cute-sweet-flower-of-mutsu,date,gotta_stay_quiet,Gotta Stay Quiet,Top::Speed +10||Bot::Guts +10,5
yukino-bijin-cute-sweet-flower-of-mutsu,secret,the_path_beyond_the_tiara,The Path Beyond the Tiara,conditions::triple_tiara|Win the Hanshin Juvenile Fillies||reward::Guts +10|Wit +10|Skill points +10|Corner Acceleration ○ hint +1|Head-On hint +1|SC|Guts +10|Wit +10|Skill points +10|RESULT_BAD|Guts +5|Wit +5,1
yukino-bijin-cute-sweet-flower-of-mutsu,secret,after_the_mile_ch_nambu_hai_dazzl_n_ties,After the Mile Ch. Nambu Hai: Dazzl'n Ties,conditions::Win the M.C. Nambu Hai (Classic)||reward::Energy -15|1 random stat +10|Power +20|Guts +10|Skill points +45|Morioka Racecourse ○ hint +1|Full Tilt hint +1,2
yukino-bijin-cute-sweet-flower-of-mutsu,secret,after_the_mile_ch_nambu_hai_dazzl_n_ties,After the Mile Ch. Nambu Hai: Dazzl'n Ties,conditions::do_not_win: 111001|2|Win the M.C. Nambu Hai (Senior)||reward::Energy -15|1 random stat +10|Power +20|Guts +10|Skill points +45|Morioka Racecourse ○ hint +1|Full Tilt hint +1,3
yukino-bijin-cute-sweet-flower-of-mutsu,no_choices,dazzl_n_admiration,Dazzl'n Admiration,Power +5,1
yukino-bijin-cute-sweet-flower-of-mutsu,no_choices,blow_n_up,Blow'n Up!,Guts +5,2
yukino-bijin-cute-sweet-flower-of-mutsu,no_choices,shining_in_the_night,Shining in the Night,Speed +5,3
yukino-bijin-cute-sweet-flower-of-mutsu,no_choices,dazzl_n_tears,Dazzl'n Tears,Guts +10,4
yukino-bijin-cute-sweet-flower-of-mutsu,no_choices,dazzl_n_gold,Dazzl'n Gold,Stamina +5,5
yukino-bijin-cute-sweet-flower-of-mutsu,no_choices,snow_that_doesn_t_melt,Snow That Doesn't Melt?,Mood -1|Guts -5,6
yukino-bijin-cute-sweet-flower-of-mutsu,no_choices,master_trainer,Master Trainer,Wit +10|(random) Get Practice Perfect ○ status,7
yukino-bijin-cute-sweet-flower-of-mutsu,no_choices,yukino_bijin,Yukino Bijin,All stats +5|Skill points +5,8
yukino-bijin-cute-sweet-flower-of-mutsu,no_choices,staying_on_trend_or_not,Staying On Trend! ...Or Not!,Mood -1,9
yukino-bijin-cute-sweet-flower-of-mutsu,no_choices,beauty_is_pain,Beauty Is Pain...,Energy -10|Mood -1,10
yukino-bijin-cute-sweet-flower-of-mutsu,no_choices,teach_an_uma_to_fish,Teach an Uma to Fish,All stats +5|Skill points +30|Mood +2|(random) Get Fast Learner status,11
yukino-bijin-cute-sweet-flower-of-mutsu,no_choices,the_call_of_the_city,The Call of the City...,Energy +15|Mood -1|Guts -5|!Randomly either|Energy +15|Guts -5|Get Slacker status|!Randomly either|Energy +15|Mood -1|Guts -5|Get Slacker status,12
yukino-bijin-cute-sweet-flower-of-mutsu,special,dance_lesson,Dance Lesson,Top::Speed +10||Bot::Wit +10,9
yukino-bijin-cute-sweet-flower-of-mutsu,special,bonus_at_start,Bonus at start,Skill points +120,1
yukino-bijin-cute-sweet-flower-of-mutsu,special,failed_training_get_well_soon,Failed training (Get Well Soon!),Top::Mood -1|Last trained stat -5|(random) Get Practice Poor status||Bot::!Randomly either|Mood -1|Last trained stat -10|(random) Get Practice Poor status|!or|Get Practice Perfect ○ status,2
yukino-bijin-cute-sweet-flower-of-mutsu,special,failed_training_don_t_overdo_it,Failed training (Don't Overdo It!),Top::Energy +10|Mood -2|Last trained stat -10|2 random stats -10|(random) Get Practice Poor status||Bot::!Randomly either|Mood -3|Last trained stat -10|2 random stats -10|Get Practice Poor status|!or|Energy +10|Get Practice Perfect ○ status,3
yukino-bijin-cute-sweet-flower-of-mutsu,special,extra_training,Extra Training,Top::Energy -5|Last trained stat +5|(random) Heal a negative status effect||Bot::Energy +5,4
yukino-bijin-cute-sweet-flower-of-mutsu,special,at_summer_camp_year_2,At Summer Camp (Year 2),Top::Power +10||Bot::Guts +10,5
yukino-bijin-cute-sweet-flower-of-mutsu,special,fan_letter,Fan Letter,Mood +1|Skill points +30,6
yukino-bijin-cute-sweet-flower-of-mutsu,special,new_year_s_resolutions,New Year's Resolutions,Top::Energy +20||Mid::Skill points +20||Bot::All stats +5,7
yukino-bijin-cute-sweet-flower-of-mutsu,special,new_year_s_shrine_visit,New Year's Shrine Visit,Top::Energy +30||Mid::All stats +5||Bot::Skill points +35,8
yukino-bijin-cute-sweet-flower-of-mutsu,after_race,victory_1st,Victory! (1st),Top::Energy -15|1 random stat +10 / +8 / +5|Skill points +45 / +35 / +30|(random) Hint for a skill related to the race||Bot::!Randomly either|Energy -5|1 random stat +10 / +8 / +5|Skill points +45 / +35 / +30|(random) Hint for a skill related to the race|!or|Energy -20|1 random stat +10 / +8 / +5|Skill points +45 / +35 / +30|(random) Hint for a skill related to the race,1
yukino-bijin-cute-sweet-flower-of-mutsu,after_race,solid_showing_2nd_5th,Solid Showing (2nd-5th),Top::Energy -20|1 random stat +8 / +5 / +3|Skill points +45 / +35 / +30|(random) Hint for a skill related to the race||Bot::!Randomly either|Energy -10|1 random stat +8 / +5 / +3|Skill points +45 / +35 / +30|(random) Hint for a skill related to the race|!or|Energy -30|1 random stat +8 / +5 / +3|Skill points +45 / +35 / +30|(random) Hint for a skill related to the race,2
yukino-bijin-cute-sweet-flower-of-mutsu,after_race,defeat_6th_or_worse,Defeat (6th or worse),Top::Energy -25|1 random stat +4 / +3 / +0|Skill points +25 / +20 / +10|(random) Hint for a skill related to the race||Bot::!Randomly either|Energy -15|1 random stat +4 / +3 / +0|Skill points +25 / +20 / +10|(random) Hint for a skill related to the race|!or|Energy -35|1 random stat +4 / +3 / +0|Skill points +25 / +20 / +10|(random) Hint for a skill related to the race,3
yukino-bijin-cute-sweet-flower-of-mutsu,after_race,etsuko_s_elated_coverage,Etsuko's Elated Coverage,Energy -15|Mood +1|1 random stat +10 / +8 / +5|Skill points +45 / +35 / +30|Fans +500|(random) Hint for a skill related to the race|Etsuko Otonashi bond +15,4
yukino-bijin-cute-sweet-flower-of-mutsu,after_race,etsuko_s_exhaustive_coverage,Etsuko's Exhaustive Coverage,Top::!Randomly either|Energy -25|Mood -1|1 random stat +4 / +3 / +0|Skill points +25 / +20 / +10|Etsuko Otonashi bond -10|!or|Energy -15|Mood +1|1 random stat +4 / +3 / +0|Skill points +25 / +20 / +10|Etsuko Otonashi bond +15||Bot::Energy -20|1 random stat +4 / +3 / +0|Skill points +25 / +20 / +10|Etsuko Otonashi bond +10,5
seeking-the-pearl-rocket-star,costume,unprecedented_challenge,Unprecedented Challenge,Top::Guts +20||Bot::Speed +10|Power +10,1
seeking-the-pearl-rocket-star,costume,steadfast_spirit_and_prevailing_power,Steadfast Spirit and Prevailing Power,Top::Wit +20||Bot::Power +20,2
seeking-the-pearl-rocket-star,costume,a_fantastic_tea_party,A Fantastic Tea Party,Top::Power +10|Skill points +15|(random) Get Charming ○ status||Bot::Speed +20|(random) Get Charming ○ status,3
seeking-the-pearl-rocket-star,choices,sweeping_away_fears,Sweeping Away Fears,Top::Wit +5|Skill points +15||Bot::Power +10,1
seeking-the-pearl-rocket-star,choices,windy_bites,Windy Bites,Top::Speed +10||Bot::Guts +10,2
seeking-the-pearl-rocket-star,choices,infectious_vacance,Infectious Vacance,Top::Energy +10|Stamina +5||Bot::Uma Stan hint +1,3
seeking-the-pearl-rocket-star,choices,cheers_to_the_season_we_spent_together,Cheers to the Season We Spent Together,Top::Energy +10|Skill points +5||Bot::!Randomly either (~90%)|Energy +30|Skill points +10|!Randomly either (~10%)|Energy +30|Skill points +10|Speed -5|Power +5|Get Slow Metabolism status,4
seeking-the-pearl-rocket-star,date,a_soup_of_possibilities,A Soup of Possibilities,Top::Power +10||Bot::Guts +10,1
seeking-the-pearl-rocket-star,date,sudden_inspiration,Sudden Inspiration,Top::Guts +10||Bot::Stamina +5|Wit +5,2
seeking-the-pearl-rocket-star,date,a_blank_canvas_for_two,A Blank Canvas for Two,Top::Speed +10||Bot::Power +10||Mid::Wit +10,3
seeking-the-pearl-rocket-star,date,riveting_rockets,Riveting ☆ Rockets,Top::Stamina +10||Bot::Power +10,4
seeking-the-pearl-rocket-star,date,an_honest_salesman,An Honest Salesman!,Top::Speed +10||Bot::Wit +10,5
seeking-the-pearl-rocket-star,secret,a_flower_crown_for_the_world,A Flower Crown for the World,conditions::triple_tiara||reward::Speed +10|Stamina +10|Power +10|Guts +10|Wit +10|Medium Corners ○ hint +1|Up-Tempo hint +1|Eager hint +1,1
seeking-the-pearl-rocket-star,secret,the_mile_is_all_mine,The Mile is All Mine,conditions::Win the Hanshin Juvenile Fillies|Win the Oka Sho|Win the NHK Mile Cup|Win the Mile Championship (Classic)|Win the Victoria Mile|Win the Yasuda Kinen (Senior)|Win the Mile Championship (Senior)||reward::Power +15|Guts +15|Skill points +15|Mile Straightaways ○ hint +1|Mile Corners ○ hint +1,2
seeking-the-pearl-rocket-star,no_choices,the_secretive_family,The Secretive Family,Power +5,1
seeking-the-pearl-rocket-star,no_choices,sudden_entrapment,Sudden Entrapment!,Guts +5,2
seeking-the-pearl-rocket-star,no_choices,to_know_pain_is_to_know_struggle,To Know Pain is to Know Struggle,Speed +5,3
seeking-the-pearl-rocket-star,no_choices,discovery_of_the_destined_g1,Discovery of the Destined G1!,Wit +5,4
seeking-the-pearl-rocket-star,no_choices,clear_skies_and_new_plans,Clear Skies and New Plans,Power +10,5
seeking-the-pearl-rocket-star,no_choices,permanent_regrets,Permanent Regrets,Mood -1|Wit +5,6
seeking-the-pearl-rocket-star,no_choices,drawing_out_the_greatest_potential,Drawing Out the Greatest Potential!,1 random stat +25|FD,7
seeking-the-pearl-rocket-star,no_choices,master_trainer,Master Trainer,Power +10|(random) Get Practice Perfect ○ status,8
seeking-the-pearl-rocket-star,no_choices,the_tale_from_number_102,The Tale from Number 102,All stats +5|Skill points +5,9
seeking-the-pearl-rocket-star,no_choices,airport_anguish,Airport Anguish,Mood -1,10
seeking-the-pearl-rocket-star,no_choices,a_guide_for_the_long_run,A Guide for the Long Run,Energy -10|Mood -1,11
seeking-the-pearl-rocket-star,no_choices,meditation_workshop,Meditation Workshop,All stats +5|Skill points +30|Mood +2|(random) Get Fast Learner status,12
seeking-the-pearl-rocket-star,no_choices,words_from_the_world_s_best,Words from the World's Best,Energy +15|Mood -1|Guts -5|!Randomly either|Energy +15|Guts -5|Get Slacker status|!Randomly either|Energy +15|Mood -1|Guts -5|Get Slacker status,13
seeking-the-pearl-rocket-star,special,dance_lesson,Dance Lesson,Top::Stamina +10||Bot::Wit +10,9
seeking-the-pearl-rocket-star,special,bonus_at_start,Bonus at start,Skill points +120,1
seeking-the-pearl-rocket-star,special,failed_training_get_well_soon,Failed training (Get Well Soon!),Top::Mood -1|Last trained stat -5|(random) Get Practice Poor status||Bot::!Randomly either|Mood -1|Last trained stat -10|(random) Get Practice Poor status|!or|Get Practice Perfect ○ status,2
seeking-the-pearl-rocket-star,special,failed_training_don_t_overdo_it,Failed training (Don't Overdo It!),Top::Energy +10|Mood -2|Last trained stat -10|2 random stats -10|(random) Get Practice Poor status||Bot::!Randomly either|Mood -3|Last trained stat -10|2 random stats -10|Get Practice Poor status|!or|Energy +10|Get Practice Perfect ○ status,3
seeking-the-pearl-rocket-star,special,extra_training,Extra Training,Top::Energy -5|Last trained stat +5|(random) Heal a negative status effect||Bot::Energy +5,4
seeking-the-pearl-rocket-star,special,at_summer_camp_year_2,At Summer Camp (Year 2),Top::Power +10||Bot::Guts +10,5
seeking-the-pearl-rocket-star,special,fan_letter,Fan Letter,Mood +1|Skill points +30,6
seeking-the-pearl-rocket-star,special,new_year_s_resolutions,New Year's Resolutions,Top::Energy +20||Mid::Skill points +20||Bot::All stats +5,7
seeking-the-pearl-rocket-star,special,new_year_s_shrine_visit,New Year's Shrine Visit,Top::Energy +30||Mid::All stats +5||Bot::Skill points +35,8
seeking-the-pearl-rocket-star,after_race,victory_1st,Victory! (1st),Top::Energy -15|1 random stat +10 / +8 / +5|Skill points +45 / +35 / +30|(random) Hint for a skill related to the race||Bot::!Randomly either|Energy -5|1 random stat +10 / +8 / +5|Skill points +45 / +35 / +30|(random) Hint for a skill related to the race|!or|Energy -20|1 random stat +10 / +8 / +5|Skill points +45 / +35 / +30|(random) Hint for a skill related to the race,1
seeking-the-pearl-rocket-star,after_race,solid_showing_2nd_5th,Solid Showing (2nd-5th),Top::Energy -20|1 random stat +8 / +5 / +3|Skill points +45 / +35 / +30|(random) Hint for a skill related to the race||Bot::!Randomly either|Energy -10|1 random stat +8 / +5 / +3|Skill points +45 / +35 / +30|(random) Hint for a skill related to the race|!or|Energy -30|1 random stat +8 / +5 / +3|Skill points +45 / +35 / +30|(random) Hint for a skill related to the race,2
seeking-the-pearl-rocket-star,after_race,defeat_6th_or_worse,Defeat (6th or worse),Top::Energy -25|1 random stat +4 / +3 / +0|Skill points +25 / +20 / +10|(random) Hint for a skill related to the race||Bot::!Randomly either|Energy -15|1 random stat +4 / +3 / +0|Skill points +25 / +20 / +10|(random) Hint for a skill related to the race|!or|Energy -35|1 random stat +4 / +3 / +0|Skill points +25 / +20 / +10|(random) Hint for a skill related to the race,3
seeking-the-pearl-rocket-star,after_race,etsuko_s_elated_coverage,Etsuko's Elated Coverage,Energy -15|Mood +1|1 random stat +10 / +8 / +5|Skill points +45 / +35 / +30|Fans +500|(random) Hint for a skill related to the race|Etsuko Otonashi bond +15,4
seeking-the-pearl-rocket-star,after_race,etsuko_s_exhaustive_coverage,Etsuko's Exhaustive Coverage,Top::!Randomly either|Energy -25|Mood -1|1 random stat +4 / +3 / +0|Skill points +25 / +20 / +10|Etsuko Otonashi bond -10|!or|Energy -15|Mood +1|1 random stat +4 / +3 / +0|Skill points +25 / +20 / +10|Etsuko Otonashi bond +15||Bot::Energy -20|1 random stat +4 / +3 / +0|Skill points +25 / +20 / +10|Etsuko Otonashi bond +10,5
agnes-digital-agnesjiangshi,costume,halloween_karaoke_party,Halloween Karaoke Party,Top::Down in the Dirt ○ hint +1|(random) Get Charming ○ status||Bot::Power +20|(random) Get Charming ○ status,1
agnes-digital-agnesjiangshi,costume,the_tragic_tale_of_the_otaku_jiangshi,The Tragic Tale of the Otaku Jiangshi,Power +10|Mile Straightaways ○ hint +1|!Randomly either|Power +10|Wit +10|Mile Straightaways ○ hint +1|!Randomly either|Power +20|Wit +20|Mile Straightaways ○ hint +1,2
agnes-digital-agnesjiangshi,costume,love_makes_you_stronger,Love Makes You Stronger,Top::Mood +1|Guts +15||Bot::Stamina +10|Power +10,3
agnes-digital-agnesjiangshi,choices,the_endless_possibilities_of_moe,The Endless Possibilities of Moe,Top::Speed +10||Bot::Stamina +10,1
agnes-digital-agnesjiangshi,choices,when_fantasy_becomes_real,When Fantasy Becomes Real,Top::Power +5|Guts +5||Bot::Energy +5|Wit +5,2
agnes-digital-agnesjiangshi,choices,the_cafeteria_is_basically_a_collab_cafe_ngl,The Cafeteria is Basically a Collab Cafe NGL,Top::Top Pick hint +1||Bot::Acceleration hint +1,3
agnes-digital-agnesjiangshi,choices,umamusume_quiz_relationships_arc,Umamusume Quiz ☆ –Relationships Arc–,Top::Speed +15|Homestretch Haste hint +1||Bot::Speed +5,4
agnes-digital-agnesjiangshi,choices,umamusume_quiz_preferences_arc,Umamusume Quiz ☆ –Preferences Arc–,Top::Stamina +5||Bot::Stamina +15|Kyoto Racecourse ○ hint +1,5
agnes-digital-agnesjiangshi,choices,umamusume_quiz_roots_arc,Umamusume Quiz ☆ –Roots Arc–,Top::Power +15|Mile Corners ○ hint +1||Bot::Power +5,6
agnes-digital-agnesjiangshi,choices,i_d_be_honored_to_trade,I'd Be Honored to Trade!,Top::Energy +10|Skill points +5||Bot::!Randomly either (~90%)|Energy +30|Skill points +10|!Randomly either (~10%)|Energy +30|Skill points +10|Speed -5|Power +5|Get Slow Metabolism status,7
agnes-digital-agnesjiangshi,date,the_oshi_report_induction_arc,The Oshi Report –Induction Arc–,Top::Stamina +10||Bot::Speed +10,1
agnes-digital-agnesjiangshi,date,the_oshi_report_peak_arc,The Oshi Report –Peak Arc–,Top::Stamina +10||Bot::Wit +10,2
agnes-digital-agnesjiangshi,date,the_oshi_report_recognition_arc,The Oshi Report –Recognition Arc–,Top::Guts +10||Bot::Speed +10||Mid::Skill points +30,3
agnes-digital-agnesjiangshi,date,the_best_life_is_the_simp_life,The Best Life Is the Simp Life,Top::Speed +10||Bot::Guts +10,4
agnes-digital-agnesjiangshi,date,oshi_proximity_alert,Oshi Proximity Alert?!,Top::Power +10||Bot::Energy +10,5
agnes-digital-agnesjiangshi,secret,all_round_ruler,All-Round Ruler,conditions::win_or: 102101|102201|Win the Oka Sho|Win the NHK Mile Cup|win_or: 101801|2|101801|3|Win the February Stakes|Win the Victoria Mile|win_or: 101101|2|101101|3||reward::Speed +20|Power +20|Skill points +30|Updrafters hint +1|Unyielding Spirit hint +1,1
agnes-digital-agnesjiangshi,secret,after_the_takarazuka_kinen_on_fire_like_no_one_s_ever_seen,After the Takarazuka Kinen: On Fire Like No One's Ever Seen,conditions::Participate in the Takarazuka Kinen (Classic)||reward::1 random stat +4/+5/+10|Skill points +25/+40/+45,2
agnes-digital-agnesjiangshi,secret,after_the_mile_ch_nambu_hai_this_is_heaven,After the Mile Ch. Nambu Hai: This Is Heaven,conditions::Win the M.C. Nambu Hai||reward::Energy -15|Speed +5|Stamina +5|Power +10|1 random stat +10|Skill points +45|Morioka Racecourse ○ hint +1|Rapid Gain hint +1,3
agnes-digital-agnesjiangshi,no_choices,no_backseating,No Backseating!,Wit +5,1
agnes-digital-agnesjiangshi,no_choices,what_comes_of_connecting,What Comes of Connecting,Power +5,2
agnes-digital-agnesjiangshi,no_choices,takarazuka_showdown,Takarazuka Showdown!,NO,3
agnes-digital-agnesjiangshi,no_choices,first_rate_terms,First-Rate Terms,Guts +5,4
agnes-digital-agnesjiangshi,no_choices,i_m_rooting_for_you,I'm Rooting For You!,Speed +5,5
agnes-digital-agnesjiangshi,no_choices,this_time_whatever_it_takes,"This Time, Whatever It Takes",Power +10,6
agnes-digital-agnesjiangshi,no_choices,repost_to_apply,Repost to Apply,Wit -5|Mood -1,7
agnes-digital-agnesjiangshi,no_choices,master_trainer,Master Trainer,Power +10|(random) Get Practice Perfect ○ status,8
agnes-digital-agnesjiangshi,no_choices,world_class_all_rounder,World-Class All-Rounder,All stats +5|Skill points +5,9
agnes-digital-agnesjiangshi,no_choices,a_raffle_is_a_raffle,A Raffle Is a Raffle,Mood -1,10
agnes-digital-agnesjiangshi,no_choices,i_smell_moe,I Smell Moe,Energy -10|Mood -1,11
agnes-digital-agnesjiangshi,no_choices,lucid_daydreaming,Lucid Daydreaming!,All stats +5|Skill points +30|Mood +2|(random) Get Fast Learner status,12
agnes-digital-agnesjiangshi,no_choices,one_more_song_just_one_more,One More Song! Just One More!,Energy +15|Mood -1|Guts -5|!Randomly either|Energy +15|Guts -5|Get Slacker status|!Randomly either|Energy +15|Mood -1|Guts -5|Get Slacker status,13
agnes-digital-agnesjiangshi,special,dance_lesson,Dance Lesson,Top::Power +10||Bot::Wit +10,9
agnes-digital-agnesjiangshi,special,bonus_at_start,Bonus at start,Skill points +120,1
agnes-digital-agnesjiangshi,special,failed_training_get_well_soon,Failed training (Get Well Soon!),Top::Mood -1|Last trained stat -5|(random) Get Practice Poor status||Bot::!Randomly either|Mood -1|Last trained stat -10|(random) Get Practice Poor status|!or|Get Practice Perfect ○ status,2
agnes-digital-agnesjiangshi,special,failed_training_don_t_overdo_it,Failed training (Don't Overdo It!),Top::Energy +10|Mood -2|Last trained stat -10|2 random stats -10|(random) Get Practice Poor status||Bot::!Randomly either|Mood -3|Last trained stat -10|2 random stats -10|Get Practice Poor status|!or|Energy +10|Get Practice Perfect ○ status,3
agnes-digital-agnesjiangshi,special,extra_training,Extra Training,Top::Energy -5|Last trained stat +5|(random) Heal a negative status effect||Bot::Energy +5,4
agnes-digital-agnesjiangshi,special,at_summer_camp_year_2,At Summer Camp (Year 2),Top::Power +10||Bot::Guts +10,5
agnes-digital-agnesjiangshi,special,fan_letter,Fan Letter,Mood +1|Skill points +30,6
agnes-digital-agnesjiangshi,special,new_year_s_resolutions,New Year's Resolutions,Top::Energy +20||Mid::Skill points +20||Bot::All stats +5,7
agnes-digital-agnesjiangshi,special,new_year_s_shrine_visit,New Year's Shrine Visit,Top::Energy +30||Mid::All stats +5||Bot::Skill points +35,8
agnes-digital-agnesjiangshi,after_race,victory_1st,Victory! (1st),Top::Energy -15|1 random stat +10 / +8 / +5|Skill points +45 / +35 / +30|(random) Hint for a skill related to the race||Bot::!Randomly either|Energy -5|1 random stat +10 / +8 / +5|Skill points +45 / +35 / +30|(random) Hint for a skill related to the race|!or|Energy -20|1 random stat +10 / +8 / +5|Skill points +45 / +35 / +30|(random) Hint for a skill related to the race,1
agnes-digital-agnesjiangshi,after_race,solid_showing_2nd_5th,Solid Showing (2nd-5th),Top::Energy -20|1 random stat +8 / +5 / +3|Skill points +45 / +35 / +30|(random) Hint for a skill related to the race||Bot::!Randomly either|Energy -10|1 random stat +8 / +5 / +3|Skill points +45 / +35 / +30|(random) Hint for a skill related to the race|!or|Energy -30|1 random stat +8 / +5 / +3|Skill points +45 / +35 / +30|(random) Hint for a skill related to the race,2
agnes-digital-agnesjiangshi,after_race,defeat_6th_or_worse,Defeat (6th or worse),Top::Energy -25|1 random stat +4 / +3 / +0|Skill points +25 / +20 / +10|(random) Hint for a skill related to the race||Bot::!Randomly either|Energy -15|1 random stat +4 / +3 / +0|Skill points +25 / +20 / +10|(random) Hint for a skill related to the race|!or|Energy -35|1 random stat +4 / +3 / +0|Skill points +25 / +20 / +10|(random) Hint for a skill related to the race,3
agnes-digital-agnesjiangshi,after_race,etsuko_s_elated_coverage,Etsuko's Elated Coverage,Energy -15|Mood +1|1 random stat +10 / +8 / +5|Skill points +45 / +35 / +30|Fans +500|(random) Hint for a skill related to the race|Etsuko Otonashi bond +15,4
agnes-digital-agnesjiangshi,after_race,etsuko_s_exhaustive_coverage,Etsuko's Exhaustive Coverage,Top::!Randomly either|Energy -25|Mood -1|1 random stat +4 / +3 / +0|Skill points +25 / +20 / +10|Etsuko Otonashi bond -10|!or|Energy -15|Mood +1|1 random stat +4 / +3 / +0|Skill points +25 / +20 / +10|Etsuko Otonashi bond +15||Bot::Energy -20|1 random stat +4 / +3 / +0|Skill points +25 / +20 / +10|Etsuko Otonashi bond +10,5
meisho-doto-dot-o-lantern,costume,a_friendly_halloween_parade,A Friendly Halloween Parade,Top::Speed +10|Power +10|(random) Get Charming ○ status||Bot::All I've Got hint +1|(random) Get Charming ○ status,1
meisho-doto-dot-o-lantern,costume,doto_s_party_palace,Doto's Party Palace?!,Stamina +10|Medium Corners ○ hint +1|!Randomly either|Stamina +10|Guts +10|Medium Corners ○ hint +1|!Randomly either|Stamina +20|Guts +20|Medium Corners ○ hint +1,2
meisho-doto-dot-o-lantern,costume,friends_cry_together,Friends Cry Together,Top::Stamina +10|Guts +10||Bot::Energy +10|Wit +10,3
meisho-doto-dot-o-lantern,choices,best_shot,Best Shot,Top::Wit +10||Bot::Stamina +10,1
meisho-doto-dot-o-lantern,choices,first_step_to_flawlessness,First Step to Flawlessness,Top::Guts +10||Bot::Energy +10,2
meisho-doto-dot-o-lantern,choices,words_of_aid,Words of Aid,Top::Power +10|Skill points +15||Bot::Tactical Tweak hint +1,3
meisho-doto-dot-o-lantern,choices,positively_tickled,Positively Tickled!,Top::Energy -5|Mood +1|1 random stat +10|!Randomly either|Energy -10|Guts +10||Bot::Energy +10,4
meisho-doto-dot-o-lantern,choices,monumental_calories,Monumental Calories,Top::Energy +10|Skill points +5||Bot::!Randomly either (~90%)|Energy +30|Skill points +10|!Randomly either (~10%)|Energy +30|Skill points +10|Speed -5|Power +5|Get Slow Metabolism status,5
meisho-doto-dot-o-lantern,date,pack_a_punch,Pack a Punch,Top::Power +10||Bot::Stamina +10,1
meisho-doto-dot-o-lantern,date,lost_and_alone,Lost and Alone,Top::Stamina +10||Bot::Guts +10,2
meisho-doto-dot-o-lantern,date,are_my_feelings_reaching_you,Are My Feelings Reaching You?,Top::Power +10||Bot::Speed +10||Mid::Guts +10,3
meisho-doto-dot-o-lantern,date,twilight_ice_cream,Twilight Ice Cream,Top::Wit +10||Bot::Speed +5|Stamina +5,4
meisho-doto-dot-o-lantern,date,equivalent_exchange,Equivalent Exchange?,Top::Speed +10||Bot::Wit +10,5
meisho-doto-dot-o-lantern,secret,after_the_debut_feeling_dizzy,After the Debut: Feeling... Dizzy...,conditions::Participate in the debut||reward::All stats +3|Skill points +20|Get Not Ready status|Yayoi Akikawa bond +4,1
meisho-doto-dot-o-lantern,secret,goal_achieved_a_fallen_star,Goal Achieved: A Fallen Star,conditions::fan: 15000|Triggers during Late October Classic Year||reward::All stats +3|Skill points +20|HE +1|Yayoi Akikawa bond +4,2
meisho-doto-dot-o-lantern,secret,triumph_i_m_the_overlord,Triumph! I'm the Overlord?!,conditions::Win the Satsuki Sho|Win the Tenno Sho (Spring)|Win the Takarazuka Kinen (Senior)|Win the Tenno Sho (Autumn) (Senior)|Win the Japan Cup (Senior)|Win the Arima Kinen (Senior)||reward::All stats +10|Skill points +20|Prepared to Pass hint +1|Up-Tempo hint +1,3
meisho-doto-dot-o-lantern,no_choices,the_derby_already,The Derby?! Already?!,Power +5,1
meisho-doto-dot-o-lantern,no_choices,arrival_of_the_lone_star,Arrival of the Lone Star,Stamina +5,2
meisho-doto-dot-o-lantern,no_choices,how_the_river_runs,How the River Runs...,Wit +5,3
meisho-doto-dot-o-lantern,no_choices,air_shakur_s_derby,Air Shakur's Derby,Guts +5,4
meisho-doto-dot-o-lantern,no_choices,steadfast_steps,Steadfast Steps,Speed +10,5
meisho-doto-dot-o-lantern,no_choices,huh_that_s_strange,Huh? That's Strange,Wit -5|Mood -1,6
meisho-doto-dot-o-lantern,no_choices,sleepy_stumble,Sleepy Stumble,Energy -5,7
meisho-doto-dot-o-lantern,no_choices,eyes_wide_open,Eyes Wide Open,Stamina +10|Power +10|Guts +10,8
meisho-doto-dot-o-lantern,no_choices,master_trainer,Master Trainer,Guts +10|(random) Get Practice Perfect ○ status,9
meisho-doto-dot-o-lantern,no_choices,their_era,Their Era,All stats +5|Skill points +5,10
meisho-doto-dot-o-lantern,no_choices,and_then_and_theeen,"And Then, And Theeen?!",Mood -1,11
meisho-doto-dot-o-lantern,no_choices,how_could_this_happen,How Could This Happen?,Energy -10|Mood -1,12
meisho-doto-dot-o-lantern,no_choices,move_like_the_wind,Move Like the Wind!,All stats +5|Skill points +30|Mood +2|(random) Get Fast Learner status,13
meisho-doto-dot-o-lantern,no_choices,lucky_item,Lucky Item,Energy +15|Mood -1|Guts -5|!Randomly either|Energy +15|Guts -5|Get Slacker status|!Randomly either|Energy +15|Mood -1|Guts -5|Get Slacker status,14
meisho-doto-dot-o-lantern,special,dance_lesson,Dance Lesson,Top::Guts +10||Bot::Power +10,9
meisho-doto-dot-o-lantern,special,bonus_at_start,Bonus at start,Skill points +120,1
meisho-doto-dot-o-lantern,special,failed_training_get_well_soon,Failed training (Get Well Soon!),Top::Mood -1|Last trained stat -5|(random) Get Practice Poor status||Bot::!Randomly either|Mood -1|Last trained stat -10|(random) Get Practice Poor status|!or|Get Practice Perfect ○ status,2
meisho-doto-dot-o-lantern,special,failed_training_don_t_overdo_it,Failed training (Don't Overdo It!),Top::Energy +10|Mood -2|Last trained stat -10|2 random stats -10|(random) Get Practice Poor status||Bot::!Randomly either|Mood -3|Last trained stat -10|2 random stats -10|Get Practice Poor status|!or|Energy +10|Get Practice Perfect ○ status,3
meisho-doto-dot-o-lantern,special,extra_training,Extra Training,Top::Energy -5|Last trained stat +5|(random) Heal a negative status effect||Bot::Energy +5,4
meisho-doto-dot-o-lantern,special,at_summer_camp_year_2,At Summer Camp (Year 2),Top::Power +10||Bot::Guts +10,5
meisho-doto-dot-o-lantern,special,fan_letter,Fan Letter,Mood +1|Skill points +30,6
meisho-doto-dot-o-lantern,special,new_year_s_resolutions,New Year's Resolutions,Top::Energy +20||Mid::Skill points +20||Bot::All stats +5,7
meisho-doto-dot-o-lantern,special,new_year_s_shrine_visit,New Year's Shrine Visit,Top::Energy +30||Mid::All stats +5||Bot::Skill points +35,8
meisho-doto-dot-o-lantern,after_race,victory_1st,Victory! (1st),Top::Energy -15|1 random stat +10 / +8 / +5|Skill points +45 / +35 / +30|(random) Hint for a skill related to the race||Bot::!Randomly either|Energy -5|1 random stat +10 / +8 / +5|Skill points +45 / +35 / +30|(random) Hint for a skill related to the race|!or|Energy -20|1 random stat +10 / +8 / +5|Skill points +45 / +35 / +30|(random) Hint for a skill related to the race,1
meisho-doto-dot-o-lantern,after_race,solid_showing_2nd_5th,Solid Showing (2nd-5th),Top::Energy -20|1 random stat +8 / +5 / +3|Skill points +45 / +35 / +30|(random) Hint for a skill related to the race||Bot::!Randomly either|Energy -10|1 random stat +8 / +5 / +3|Skill points +45 / +35 / +30|(random) Hint for a skill related to the race|!or|Energy -30|1 random stat +8 / +5 / +3|Skill points +45 / +35 / +30|(random) Hint for a skill related to the race,2
meisho-doto-dot-o-lantern,after_race,defeat_6th_or_worse,Defeat (6th or worse),Top::Energy -25|1 random stat +4 / +3 / +0|Skill points +25 / +20 / +10|(random) Hint for a skill related to the race||Bot::!Randomly either|Energy -15|1 random stat +4 / +3 / +0|Skill points +25 / +20 / +10|(random) Hint for a skill related to the race|!or|Energy -35|1 random stat +4 / +3 / +0|Skill points +25 / +20 / +10|(random) Hint for a skill related to the race,3
meisho-doto-dot-o-lantern,after_race,etsuko_s_elated_coverage,Etsuko's Elated Coverage,Energy -15|Mood +1|1 random stat +10 / +8 / +5|Skill points +45 / +35 / +30|Fans +500|(random) Hint for a skill related to the race|Etsuko Otonashi bond +15,4
meisho-doto-dot-o-lantern,after_race,etsuko_s_exhaustive_coverage,Etsuko's Exhaustive Coverage,Top::!Randomly either|Energy -25|Mood -1|1 random stat +4 / +3 / +0|Skill points +25 / +20 / +10|Etsuko Otonashi bond -10|!or|Energy -15|Mood +1|1 random stat +4 / +3 / +0|Skill points +25 / +20 / +10|Etsuko Otonashi bond +15||Bot::Energy -20|1 random stat +4 / +3 / +0|Skill points +25 / +20 / +10|Etsuko Otonashi bond +10,5
aston-machan-flare,costume,wrapped_and_remembered,Wrapped and Remembered,Top::Power +20||Bot::Speed +20,1
aston-machan-flare,costume,call_me_machan,Call Me Machan,Top::Stamina +10|Wit +10||Bot::Guts +20,2
aston-machan-flare,costume,cooking_up_memories,Cooking up Memories,Top::Stamina +20|(random) Get Charming ○ status||Bot::Power +20|(random) Get Charming ○ status,3
aston-machan-flare,choices,an_urban_legend,An Urban Legend?,Top::Speed +5|Power +5||Bot::Wit +10,1
aston-machan-flare,choices,let_s_make_the_most_of_every_moment,Let's Make the Most of Every Moment,Top::Power +10||Bot::Wit +10,2
aston-machan-flare,choices,unraveling_the_mystery_of_the_ssb,Unraveling the Mystery of the SSB!,Top::Speed +5|Wit +10||Bot::Light as a Feather hint +1,3
aston-machan-flare,choices,all_sorts_of_yumminess,All Sorts of Yumminess,Top::Energy -10|Speed +10|Front Runner Savvy ○ hint +1|!Randomly either|Mood +1|Speed +25|Front Runner Savvy ○ hint +1||Bot::Energy +10|Wit +10,4
aston-machan-flare,choices,speaking_of_crowns,Speaking of Crowns…,Top::Energy +10|Skill points +5||Bot::!Randomly either (~90%)|Energy +30|Skill points +10|!Randomly either (~10%)|Energy +30|Skill points +10|Speed -5|Power +5|Get Slow Metabolism status,5
aston-machan-flare,date,a_lesson_from_the_sea_mascots,A Lesson from the Sea Mascots,Top::Power +10||Bot::Speed +10,1
aston-machan-flare,date,where_s_your_lens_pointing,Where's Your Lens Pointing?,Top::Stamina +5|Wit +5||Bot::Guts +10,2
aston-machan-flare,date,even_when_i_make_it_big_someday,Even When I Make It Big Someday,Top::Stamina +10||Bot::Speed +10||Mid::Wit +10,3
aston-machan-flare,date,toby_the_kid_and_the_stolen_ham_cutlet,Toby the Kid and the Stolen Ham Cutlet,Top::Wit +10||Bot::Power +10,4
aston-machan-flare,date,machan_wants_to_forget,Machan Wants to Forget,Top::Guts +10||Bot::Wit +10,5
aston-machan-flare,secret,tell_machan,Tell Machan,"conditions::win_n_of: 4|[102101, 401401, 100401, 100801, '101101|3', '202601|3']|Triggers during Late December Senior Year||reward::Speed +20|Guts +20|Skill points +30|Shifting Gears hint +1",1
aston-machan-flare,secret,say_it_to_machan_too,"Say It to Machan, Too","conditions::win_n_of: 3|[406801, 300301, 100401, 202201]|Triggers during Late December Classic Year||reward::Power +20|Wit +20|Skill points +30|Productive Plan hint +1",2
aston-machan-flare,secret,after_the_shuka_sho_machan_s_here_too,After the Shuka Sho: Machan's Here Too,conditions::Win the Shuka Sho||reward::RR|Rosy Outlook hint +1,3
aston-machan-flare,secret,after_the_tenno_sho_autumn_a_legendary_clash,After the Tenno Sho (Autumn): A Legendary Clash,conditions::Win the Tenno Sho (Autumn) (Senior)||reward::RR|Up-Tempo hint +1,4
aston-machan-flare,no_choices,the_cherry_blossoms_must_be_in_full_bloom,The Cherry Blossoms Must Be in Full Bloom,Guts +5,1
aston-machan-flare,no_choices,i_wish_i_got_along_with_spring,I Wish I Got Along with Spring,Wit +5,2
aston-machan-flare,no_choices,somewhere_i_can_be_the_sun,Somewhere I Can Be the Sun,Speed +5,3
aston-machan-flare,no_choices,am_i_still_shining_in_your_eyes,Am I Still Shining in Your Eyes?,Power +10,4
aston-machan-flare,no_choices,around_the_world_always_and_forever,"Around the World, Always and Forever",Stamina +5,5
aston-machan-flare,no_choices,i_was_so_proud_of_this_story,I Was So Proud of This Story…,Mood -1|Wit -5,6
aston-machan-flare,no_choices,master_trainer,Master Trainer,Speed +10|(random) Get Practice Perfect ○ status,7
aston-machan-flare,no_choices,out_of_the_drawer_into_the_past,"Out of the Drawer, Into the Past",All stats +5|Skill points +5,8
aston-machan-flare,no_choices,cameos_dont_always_go_to_plan,Cameos Don’t Always Go to Plan,Mood -1,9
aston-machan-flare,no_choices,i_ll_make_sure_you_remember_it,I'll Make Sure You Remember It,Energy -10|Mood -1,10
aston-machan-flare,no_choices,machan_the_spy_goes_on_recon,Machan the Spy Goes on Recon,All stats +5|Skill points +30|Mood +2|(random) Get Fast Learner status,11
aston-machan-flare,no_choices,fan_service_matters_too,Fan Service Matters Too,Energy +15|Mood -1|Guts -5|!Randomly either|Energy +15|Guts -5|Get Slacker status|!Randomly either|Energy +15|Mood -1|Guts -5|Get Slacker status,12
aston-machan-flare,special,dance_lesson,Dance Lesson,Top::Speed +10||Bot::Wit +10,9
aston-machan-flare,special,bonus_at_start,Bonus at start,Skill points +120,1
aston-machan-flare,special,failed_training_get_well_soon,Failed training (Get Well Soon!),Top::Mood -1|Last trained stat -5|(random) Get Practice Poor status||Bot::!Randomly either|Mood -1|Last trained stat -10|(random) Get Practice Poor status|!or|Get Practice Perfect ○ status,2
aston-machan-flare,special,failed_training_don_t_overdo_it,Failed training (Don't Overdo It!),Top::Energy +10|Mood -2|Last trained stat -10|2 random stats -10|(random) Get Practice Poor status||Bot::!Randomly either|Mood -3|Last trained stat -10|2 random stats -10|Get Practice Poor status|!or|Energy +10|Get Practice Perfect ○ status,3
aston-machan-flare,special,extra_training,Extra Training,Top::Energy -5|Last trained stat +5|(random) Heal a negative status effect||Bot::Energy +5,4
aston-machan-flare,special,at_summer_camp_year_2,At Summer Camp (Year 2),Top::Power +10||Bot::Guts +10,5
aston-machan-flare,special,fan_letter,Fan Letter,Mood +1|Skill points +30,6
aston-machan-flare,special,new_year_s_resolutions,New Year's Resolutions,Top::Energy +20||Mid::Skill points +20||Bot::All stats +5,7
aston-machan-flare,special,new_year_s_shrine_visit,New Year's Shrine Visit,Top::Energy +30||Mid::All stats +5||Bot::Skill points +35,8
aston-machan-flare,after_race,victory_1st,Victory! (1st),Top::Energy -15|1 random stat +10 / +8 / +5|Skill points +45 / +35 / +30|(random) Hint for a skill related to the race||Bot::!Randomly either|Energy -5|1 random stat +10 / +8 / +5|Skill points +45 / +35 / +30|(random) Hint for a skill related to the race|!or|Energy -20|1 random stat +10 / +8 / +5|Skill points +45 / +35 / +30|(random) Hint for a skill related to the race,1
aston-machan-flare,after_race,solid_showing_2nd_5th,Solid Showing (2nd-5th),Top::Energy -20|1 random stat +8 / +5 / +3|Skill points +45 / +35 / +30|(random) Hint for a skill related to the race||Bot::!Randomly either|Energy -10|1 random stat +8 / +5 / +3|Skill points +45 / +35 / +30|(random) Hint for a skill related to the race|!or|Energy -30|1 random stat +8 / +5 / +3|Skill points +45 / +35 / +30|(random) Hint for a skill related to the race,2
aston-machan-flare,after_race,defeat_6th_or_worse,Defeat (6th or worse),Top::Energy -25|1 random stat +4 / +3 / +0|Skill points +25 / +20 / +10|(random) Hint for a skill related to the race||Bot::!Randomly either|Energy -15|1 random stat +4 / +3 / +0|Skill points +25 / +20 / +10|(random) Hint for a skill related to the race|!or|Energy -35|1 random stat +4 / +3 / +0|Skill points +25 / +20 / +10|(random) Hint for a skill related to the race,3
aston-machan-flare,after_race,etsuko_s_elated_coverage,Etsuko's Elated Coverage,Energy -15|Mood +1|1 random stat +10 / +8 / +5|Skill points +45 / +35 / +30|Fans +500|(random) Hint for a skill related to the race|Etsuko Otonashi bond +15,4
aston-machan-flare,after_race,etsuko_s_exhaustive_coverage,Etsuko's Exhaustive Coverage,Top::!Randomly either|Energy -25|Mood -1|1 random stat +4 / +3 / +0|Skill points +25 / +20 / +10|Etsuko Otonashi bond -10|!or|Energy -15|Mood +1|1 random stat +4 / +3 / +0|Skill points +25 / +20 / +10|Etsuko Otonashi bond +15||Bot::Energy -20|1 random stat +4 / +3 / +0|Skill points +25 / +20 / +10|Etsuko Otonashi bond +10,5
yamanin-zephyr-fluttertail-spirit,costume,more_than_a_gentle_breeze,More than a Gentle Breeze,Top::Guts +20||Bot::Power +20,1
yamanin-zephyr-fluttertail-spirit,costume,chasing_the_ruby_wind,Chasing the Ruby Wind,Top::Wit +20||Bot::Speed +20,2
yamanin-zephyr-fluttertail-spirit,costume,that_s_nature,That's Nature,Top::Wit +20|(random) Get Charming ○ status||Bot::Guts +20|(random) Get Charming ○ status,3
yamanin-zephyr-fluttertail-spirit,choices,innocent_breeze_alert,Innocent Breeze Alert,Top::Speed +5|Power +5||Bot::Guts +10,1
yamanin-zephyr-fluttertail-spirit,choices,blossoming_winds,Blossoming Winds,Top::Speed +10||Bot::Power +10,2
yamanin-zephyr-fluttertail-spirit,choices,the_secret_of_the_whirling_vortex,The Secret of the Whirling Vortex,Top::Speed +10|Guts +5||Bot::Unyielding Spirit hint +1,3
yamanin-zephyr-fluttertail-spirit,choices,the_morning_breeze_beckons,The Morning Breeze Beckons,Top::Energy +10|Skill points +5||Bot::!Randomly either (~90%)|Energy +30|Skill points +10|!Randomly either (~10%)|Energy +30|Skill points +10|Speed -5|Power +5|Get Slow Metabolism status,4
yamanin-zephyr-fluttertail-spirit,date,a_gentle_gust,A Gentle Gust,Top::Speed +10||Bot::Power +10,1
yamanin-zephyr-fluttertail-spirit,date,a_breath_of_fresh_air,A Breath of Fresh Air,Top::Stamina +10||Bot::Wit +10,2
yamanin-zephyr-fluttertail-spirit,date,wind_in_the_woods,Wind in the Woods,Top::Guts +10||Bot::Wit +10||Mid::Power +10,3
yamanin-zephyr-fluttertail-spirit,date,more_fantastical_than_fiction,More Fantastical than Fiction,Top::Speed +10||Bot::Guts +10,4
yamanin-zephyr-fluttertail-spirit,date,playing_in_the_wind,Playing in the Wind,Top::Power +10||Bot::Wit +10,5
yamanin-zephyr-fluttertail-spirit,no_choices,gathering_winds_blowing_in_tandem,"Gathering Winds, Blowing in Tandem",Guts +5,1
yamanin-zephyr-fluttertail-spirit,no_choices,the_wind_that_shakes_the_buds,The Wind That Shakes the Buds,Speed +5,2
yamanin-zephyr-fluttertail-spirit,no_choices,clouds_bring_storms,Clouds Bring Storms,Power +5,3
yamanin-zephyr-fluttertail-spirit,no_choices,beyond_words,Beyond Words,Speed +10,4
yamanin-zephyr-fluttertail-spirit,no_choices,gallant_gales_with_boundless_resolve,Gallant Gales with Boundless Resolve,Stamina +5,5
yamanin-zephyr-fluttertail-spirit,no_choices,eyes_on_the_promise,Eyes on the Promise,Energy +20,6
yamanin-zephyr-fluttertail-spirit,no_choices,the_wind_within_you,The Wind Within You,Speed +10|Guts +10|Skill points +10,7
yamanin-zephyr-fluttertail-spirit,no_choices,beyond_the_wind_s_reach,Beyond the Wind's Reach,Mood -1|Stamina -5,8
yamanin-zephyr-fluttertail-spirit,no_choices,a_shining_place,A Shining Place,CO|Guts +10|Spring Runner ○ hint +1|CO|Wit +10|Summer Runner ○ hint +1|CO|Speed +10|Fall Runner ○ hint +1|CO|Power +10|Winter Runner ○ hint +1,9
yamanin-zephyr-fluttertail-spirit,no_choices,master_trainer,Master Trainer,Speed +10|(random) Get Practice Perfect ○ status,10
yamanin-zephyr-fluttertail-spirit,no_choices,in_the_wind_stream_with_you,In the Wind Stream with You,All stats +5|Skill points +5,11
yamanin-zephyr-fluttertail-spirit,no_choices,morning_bird,Morning Bird,Mood -1,12
yamanin-zephyr-fluttertail-spirit,no_choices,the_laws_of_nature,The Laws of Nature,Energy -10|Mood -1,13
yamanin-zephyr-fluttertail-spirit,no_choices,in_pursuit_of_the_welkin_wind,In Pursuit of the Welkin Wind,All stats +5|Skill points +30|Mood +2|(random) Get Fast Learner status,14
yamanin-zephyr-fluttertail-spirit,no_choices,where_the_wind_takes_me,Where the Wind Takes Me,Energy +15|Mood -1|Guts -5|!Randomly either|Energy +15|Guts -5|Get Slacker status|!Randomly either|Energy +15|Mood -1|Guts -5|Get Slacker status,15
yamanin-zephyr-fluttertail-spirit,special,dance_lesson,Dance Lesson,Top::Stamina +10||Bot::Wit +10,9
yamanin-zephyr-fluttertail-spirit,special,bonus_at_start,Bonus at start,Skill points +120,1
yamanin-zephyr-fluttertail-spirit,special,failed_training_get_well_soon,Failed training (Get Well Soon!),Top::Mood -1|Last trained stat -5|(random) Get Practice Poor status||Bot::!Randomly either|Mood -1|Last trained stat -10|(random) Get Practice Poor status|!or|Get Practice Perfect ○ status,2
yamanin-zephyr-fluttertail-spirit,special,failed_training_don_t_overdo_it,Failed training (Don't Overdo It!),Top::Energy +10|Mood -2|Last trained stat -10|2 random stats -10|(random) Get Practice Poor status||Bot::!Randomly either|Mood -3|Last trained stat -10|2 random stats -10|Get Practice Poor status|!or|Energy +10|Get Practice Perfect ○ status,3
yamanin-zephyr-fluttertail-spirit,special,extra_training,Extra Training,Top::Energy -5|Last trained stat +5|(random) Heal a negative status effect||Bot::Energy +5,4
yamanin-zephyr-fluttertail-spirit,special,at_summer_camp_year_2,At Summer Camp (Year 2),Top::Power +10||Bot::Guts +10,5
yamanin-zephyr-fluttertail-spirit,special,fan_letter,Fan Letter,Mood +1|Skill points +30,6
yamanin-zephyr-fluttertail-spirit,special,new_year_s_resolutions,New Year's Resolutions,Top::Energy +20||Mid::Skill points +20||Bot::All stats +5,7
yamanin-zephyr-fluttertail-spirit,special,new_year_s_shrine_visit,New Year's Shrine Visit,Top::Energy +30||Mid::All stats +5||Bot::Skill points +35,8
yamanin-zephyr-fluttertail-spirit,after_race,victory_1st,Victory! (1st),Top::Energy -15|1 random stat +10 / +8 / +5|Skill points +45 / +35 / +30|(random) Hint for a skill related to the race||Bot::!Randomly either|Energy -5|1 random stat +10 / +8 / +5|Skill points +45 / +35 / +30|(random) Hint for a skill related to the race|!or|Energy -20|1 random stat +10 / +8 / +5|Skill points +45 / +35 / +30|(random) Hint for a skill related to the race,1
yamanin-zephyr-fluttertail-spirit,after_race,solid_showing_2nd_5th,Solid Showing (2nd-5th),Top::Energy -20|1 random stat +8 / +5 / +3|Skill points +45 / +35 / +30|(random) Hint for a skill related to the race||Bot::!Randomly either|Energy -10|1 random stat +8 / +5 / +3|Skill points +45 / +35 / +30|(random) Hint for a skill related to the race|!or|Energy -30|1 random stat +8 / +5 / +3|Skill points +45 / +35 / +30|(random) Hint for a skill related to the race,2
yamanin-zephyr-fluttertail-spirit,after_race,defeat_6th_or_worse,Defeat (6th or worse),Top::Energy -25|1 random stat +4 / +3 / +0|Skill points +25 / +20 / +10|(random) Hint for a skill related to the race||Bot::!Randomly either|Energy -15|1 random stat +4 / +3 / +0|Skill points +25 / +20 / +10|(random) Hint for a skill related to the race|!or|Energy -35|1 random stat +4 / +3 / +0|Skill points +25 / +20 / +10|(random) Hint for a skill related to the race,3
yamanin-zephyr-fluttertail-spirit,after_race,etsuko_s_elated_coverage,Etsuko's Elated Coverage,Energy -15|Mood +1|1 random stat +10 / +8 / +5|Skill points +45 / +35 / +30|Fans +500|(random) Hint for a skill related to the race|Etsuko Otonashi bond +15,4
yamanin-zephyr-fluttertail-spirit,after_race,etsuko_s_exhaustive_coverage,Etsuko's Exhaustive Coverage,Top::!Randomly either|Energy -25|Mood -1|1 random stat +4 / +3 / +0|Skill points +25 / +20 / +10|Etsuko Otonashi bond -10|!or|Energy -15|Mood +1|1 random stat +4 / +3 / +0|Skill points +25 / +20 / +10|Etsuko Otonashi bond +15||Bot::Energy -20|1 random stat +4 / +3 / +0|Skill points +25 / +20 / +10|Etsuko Otonashi bond +10,5
tamamo-cross-ferocious-thunder,costume,a_mighty_mikoshi_procession,A Mighty Mikoshi Procession,Top::Energy +20|Wit +20||Bot::Power +10|Skill points +10|Fall Runner ○ hint +1,1
tamamo-cross-ferocious-thunder,costume,mystery_on_the_mountain,Mystery on the Mountain,Top::Speed +15||Bot::Straight Descent hint +1,2
tamamo-cross-ferocious-thunder,costume,the_quick_witted_pretty_priest,The Quick-Witted Pretty Priest,Stamina +10|Power +10|Guts +10|(random) Get Hot Topic status|!Randomly either|Stamina +10|Power +10|(random) Get Hot Topic status|!Randomly either|Stamina +5|Power +5|(random) Get Hot Topic status,3
tamamo-cross-ferocious-thunder,choices,real_naniwa_spirit,Real Naniwa Spirit!,Top::Speed +5|Power +5||Bot::Stamina +10,1
tamamo-cross-ferocious-thunder,choices,take_a_guess,Take a Guess!,Top::Power +10||Bot::Stamina +10,2
tamamo-cross-ferocious-thunder,choices,how_to_be_an_adult,How to Be an Adult,Top::Speed +5|Power +10||Bot::Hanshin Racecourse ○ hint +1,3
tamamo-cross-ferocious-thunder,choices,the_lure_of_grilled_squid,The Lure of Grilled Squid,Top::Energy +10|Skill points +5||Bot::!Randomly either (~90%)|Energy +30|Skill points +10|!Randomly either (~10%)|Energy +30|Skill points +10|Speed -5|Power +5|Get Slow Metabolism status,4
tamamo-cross-ferocious-thunder,date,leave_it_to_tama,Leave it to Tama!,Top::Power +10||Bot::Stamina +10,1
tamamo-cross-ferocious-thunder,date,fun_times_at_the_farm,Fun Times at the Farm!,Top::Energy +10||Bot::Stamina +10,2
tamamo-cross-ferocious-thunder,date,be_there_for_each_other,Be There for Each Other,Top::Guts +10||Bot::Wit +10||Mid::Speed +10,3
tamamo-cross-ferocious-thunder,date,visit_from_a_vixen,Visit from a Vixen,Top::Speed +10||Bot::Guts +10,4
tamamo-cross-ferocious-thunder,date,a_sticky_scary_situation,"A Sticky, Scary Situation",Top::Wit +10||Bot::Power +10,5
tamamo-cross-ferocious-thunder,secret,a_special_souvenir,A Special Souvenir,conditions::autumn_triple_crown_senior|Win the Takarazuka Kinen (Senior)||reward::Speed +25|Guts +15|Tail Held High hint +1,1
tamamo-cross-ferocious-thunder,secret,after_the_kyoto_kimpai_luck_s_on_our_side,After the Kyoto Kimpai: Luck's on Our Side!,conditions::Win the Kyoto Kimpai||reward::Energy -15|1 random stat +8|Skill points +35|FA +500|Kyoto Racecourse ○ hint +1|Updrafters hint +1,2
tamamo-cross-ferocious-thunder,secret,after_the_nakayama_kimpai_luck_s_on_our_side,After the Nakayama Kimpai: Luck's on Our Side!,conditions::Win the Nakayama Kimpai||reward::Energy -15|1 random stat +8|Skill points +35|FA +500|Nakayama Racecourse ○ hint +1|Up-Tempo hint +1,3
tamamo-cross-ferocious-thunder,no_choices,operation_eat_till_ya_drop,Operation: Eat Till Ya Drop!,Stamina +5,1
tamamo-cross-ferocious-thunder,no_choices,tragedy_on_the_green,Tragedy on the Green,EXPENSIVE_RACES,2
tamamo-cross-ferocious-thunder,no_choices,our_hope_from_the_day_you_were_born,Our Hope from the Day You Were Born,Guts +10,3
tamamo-cross-ferocious-thunder,no_choices,those_chosen_by_dreams,Those Chosen by Dreams,Power +5,4
tamamo-cross-ferocious-thunder,no_choices,betting_the_future_on_a_flash,Betting the Future on a Flash,Speed +10,5
tamamo-cross-ferocious-thunder,no_choices,an_insurmountable_wall,An Insurmountable Wall,Mood -1|Wit -5,6
tamamo-cross-ferocious-thunder,no_choices,merchandisin_mojo,Merchandisin' Mojo!,Wit +15|Get Fast Learner status|!Randomly either|Speed +20|Wit +10|!Randomly either|Speed +10|Wit +5,7
tamamo-cross-ferocious-thunder,no_choices,master_trainer,Master Trainer,Power +10|(random) Get Practice Perfect ○ status,8
tamamo-cross-ferocious-thunder,no_choices,the_lightning_that_led_the_way,The Lightning That Led the Way,All stats +5|Skill points +5,9
tamamo-cross-ferocious-thunder,no_choices,instrumentally_sentimental,Instrumentally Sentimental,Mood -1,10
tamamo-cross-ferocious-thunder,no_choices,race_against_time,Race Against Time!,Energy -10|Mood -1,11
tamamo-cross-ferocious-thunder,no_choices,inching_ahead,Inching Ahead,All stats +5|Skill points +30|Mood +2|(random) Get Fast Learner status,12
tamamo-cross-ferocious-thunder,no_choices,better_use_that_batter,Better Use That Batter!,Energy +15|Mood -1|Guts -5|!Randomly either|Energy +15|Guts -5|Get Slacker status|!Randomly either|Energy +15|Mood -1|Guts -5|Get Slacker status,13
tamamo-cross-ferocious-thunder,special,dance_lesson,Dance Lesson,Top::Power +10||Bot::Wit +10,9
tamamo-cross-ferocious-thunder,special,bonus_at_start,Bonus at start,Skill points +120,1
tamamo-cross-ferocious-thunder,special,failed_training_get_well_soon,Failed training (Get Well Soon!),Top::Mood -1|Last trained stat -5|(random) Get Practice Poor status||Bot::!Randomly either|Mood -1|Last trained stat -10|(random) Get Practice Poor status|!or|Get Practice Perfect ○ status,2
tamamo-cross-ferocious-thunder,special,failed_training_don_t_overdo_it,Failed training (Don't Overdo It!),Top::Energy +10|Mood -2|Last trained stat -10|2 random stats -10|(random) Get Practice Poor status||Bot::!Randomly either|Mood -3|Last trained stat -10|2 random stats -10|Get Practice Poor status|!or|Energy +10|Get Practice Perfect ○ status,3
tamamo-cross-ferocious-thunder,special,extra_training,Extra Training,Top::Energy -5|Last trained stat +5|(random) Heal a negative status effect||Bot::Energy +5,4
tamamo-cross-ferocious-thunder,special,at_summer_camp_year_2,At Summer Camp (Year 2),Top::Power +10||Bot::Guts +10,5
tamamo-cross-ferocious-thunder,special,fan_letter,Fan Letter,Mood +1|Skill points +30,6
tamamo-cross-ferocious-thunder,special,new_year_s_resolutions,New Year's Resolutions,Top::Energy +20||Mid::Skill points +20||Bot::All stats +5,7
tamamo-cross-ferocious-thunder,special,new_year_s_shrine_visit,New Year's Shrine Visit,Top::Energy +30||Mid::All stats +5||Bot::Skill points +35,8
tamamo-cross-ferocious-thunder,after_race,victory_1st,Victory! (1st),Top::Energy -15|1 random stat +10 / +8 / +5|Skill points +45 / +35 / +30|(random) Hint for a skill related to the race||Bot::!Randomly either|Energy -5|1 random stat +10 / +8 / +5|Skill points +45 / +35 / +30|(random) Hint for a skill related to the race|!or|Energy -20|1 random stat +10 / +8 / +5|Skill points +45 / +35 / +30|(random) Hint for a skill related to the race,1
tamamo-cross-ferocious-thunder,after_race,solid_showing_2nd_5th,Solid Showing (2nd-5th),Top::Energy -20|1 random stat +8 / +5 / +3|Skill points +45 / +35 / +30|(random) Hint for a skill related to the race||Bot::!Randomly either|Energy -10|1 random stat +8 / +5 / +3|Skill points +45 / +35 / +30|(random) Hint for a skill related to the race|!or|Energy -30|1 random stat +8 / +5 / +3|Skill points +45 / +35 / +30|(random) Hint for a skill related to the race,2
tamamo-cross-ferocious-thunder,after_race,defeat_6th_or_worse,Defeat (6th or worse),Top::Energy -25|1 random stat +4 / +3 / +0|Skill points +25 / +20 / +10|(random) Hint for a skill related to the race||Bot::!Randomly either|Energy -15|1 random stat +4 / +3 / +0|Skill points +25 / +20 / +10|(random) Hint for a skill related to the race|!or|Energy -35|1 random stat +4 / +3 / +0|Skill points +25 / +20 / +10|(random) Hint for a skill related to the race,3
tamamo-cross-ferocious-thunder,after_race,etsuko_s_elated_coverage,Etsuko's Elated Coverage,Energy -15|Mood +1|1 random stat +10 / +8 / +5|Skill points +45 / +35 / +30|Fans +500|(random) Hint for a skill related to the race|Etsuko Otonashi bond +15,4
tamamo-cross-ferocious-thunder,after_race,etsuko_s_exhaustive_coverage,Etsuko's Exhaustive Coverage,Top::!Randomly either|Energy -25|Mood -1|1 random stat +4 / +3 / +0|Skill points +25 / +20 / +10|Etsuko Otonashi bond -10|!or|Energy -15|Mood +1|1 random stat +4 / +3 / +0|Skill points +25 / +20 / +10|Etsuko Otonashi bond +15||Bot::Energy -20|1 random stat +4 / +3 / +0|Skill points +25 / +20 / +10|Etsuko Otonashi bond +10,5
inari-one-fields-of-gold,costume,old_tales_edo_style,"Old Tales, Edo Style!",Top::Energy +20|Power +20||Bot::Speed +10|Stamina +10|Fall Runner ○ hint +1,1
inari-one-fields-of-gold,costume,sweat_it_off_at_the_bathhouse,Sweat It Off at the Bathhouse!,Top::After-School Stroll hint +1|(random) Get Practice Perfect ○ status||Bot::Mood +1|Speed +10|(random) Get Practice Perfect ○ status,2
inari-one-fields-of-gold,costume,inarigod_of_class,Inari—God of Class!,Stamina +5|Power +15,3
inari-one-fields-of-gold,choices,pride_of_an_edo_girl,Pride of an Edo Girl,Top::Energy -10|Power +20||Bot::Speed +10,1
inari-one-fields-of-gold,choices,settlin_with_style,Settlin' with Style,Top::Stamina +10||Bot::Mood +1|Speed +5,2
inari-one-fields-of-gold,choices,lying_s_not_my_style,Lying's Not My Style!,"Top::Ramp Up hint +1||Bot::Forward, March! hint +1",3
inari-one-fields-of-gold,choices,a_rush_of_good_karma,A Rush of Good Karma,Top::Energy +30|Speed +10|Skill points +10|!Randomly either|Energy +30|Speed -5|Power +5|Skill points +10|Get Slow Metabolism status||Bot::Energy +10|Speed +5|Skill points +5||Mid::Energy -10|Guts +20|Tail Held High hint +1,4
inari-one-fields-of-gold,choices,irresistible_fried_tofu,Irresistible Fried Tofu,Top::Energy +10|Skill points +5||Bot::!Randomly either (~90%)|Energy +30|Skill points +10|!Randomly either (~10%)|Energy +30|Skill points +10|Speed -5|Power +5|Get Slow Metabolism status,5
inari-one-fields-of-gold,date,with_class_in_your_heart,With Class in Your Heart,Top::Guts +10||Bot::Stamina +10,1
inari-one-fields-of-gold,date,helpers_exit_with_style,Helpers Exit with Style,Top::Speed +10||Bot::Stamina +10,2
inari-one-fields-of-gold,date,a_good_partner,A Good Partner,Top::Guts +10||Bot::Power +10||Mid::Stamina +10,3
inari-one-fields-of-gold,date,i_don_t_mind_takin_care_of_others,I Don't Mind Takin' Care of Others,Top::Speed +10||Bot::Power +10,4
inari-one-fields-of-gold,date,waitin_in_line_isn_t_so_bad,Waitin' in Line Isn't So Bad,Top::Power +10||Bot::Wit +10,5
inari-one-fields-of-gold,secret,come_see_the_never_ending_festival,Come See the Never-Ending Festival!,"conditions::win_all: ['202601|3', '101601|3', '101901|3', '102301|3']||reward::Power +15|Guts +15|Skill points +15|Eager hint +1",1
inari-one-fields-of-gold,secret,behold_the_thunder_wind_and_light,"Behold the Thunder, Wind, and Light","conditions::win_n_of: 2|['101201|2', '101601|2', '101901|2']||reward::Speed +20|Power +20|Skill points +20|All I've Got hint +1|Fighting Spirit hint +1",2
inari-one-fields-of-gold,no_choices,a_festival_needs_prep,A Festival Needs Prep,Guts +5,1
inari-one-fields-of-gold,no_choices,flimsy_words_mean_diddly_squat,Flimsy Words Mean Diddly Squat,NO,2
inari-one-fields-of-gold,no_choices,you_can_t_put_on_a_festival_alone,You Can't Put on a Festival Alone,Speed +10,3
inari-one-fields-of-gold,no_choices,fate_and_inevitability,Fate and Inevitability,Power +5,4
inari-one-fields-of-gold,no_choices,the_soul_behind_a_festival_s_style,The Soul Behind a Festival's Style,Power +10,5
inari-one-fields-of-gold,no_choices,so_much_for_classy,So Much for Classy...,Mood -1|Speed -5,6
inari-one-fields-of-gold,no_choices,master_trainer,Master Trainer,Power +10|(random) Get Practice Perfect ○ status,7
inari-one-fields-of-gold,no_choices,an_end_and_a_beginning,An End and a Beginning,All stats +5|Skill points +5,8
inari-one-fields-of-gold,no_choices,a_bath_with_no_class,A Bath with No Class,Mood -1,9
inari-one-fields-of-gold,no_choices,edo_girl_or_scaredy_cat,Edo Girl or Scaredy-Cat,Energy -10|Mood -1,10
inari-one-fields-of-gold,no_choices,you_can_count_on_inari_one,You Can Count on Inari One,All stats +5|Skill points +30|Mood +2|(random) Get Fast Learner status,11
inari-one-fields-of-gold,no_choices,the_charm_of_traditional_arts,The Charm of Traditional Arts,Energy +15|Mood -1|Guts -5|!Randomly either|Energy +15|Guts -5|Get Slacker status|!Randomly either|Energy +15|Mood -1|Guts -5|Get Slacker status,12
inari-one-fields-of-gold,special,dance_lesson,Dance Lesson,Top::Guts +10||Bot::Power +10,9
inari-one-fields-of-gold,special,bonus_at_start,Bonus at start,Skill points +120,1
inari-one-fields-of-gold,special,failed_training_get_well_soon,Failed training (Get Well Soon!),Top::Mood -1|Last trained stat -5|(random) Get Practice Poor status||Bot::!Randomly either|Mood -1|Last trained stat -10|(random) Get Practice Poor status|!or|Get Practice Perfect ○ status,2
inari-one-fields-of-gold,special,failed_training_don_t_overdo_it,Failed training (Don't Overdo It!),Top::Energy +10|Mood -2|Last trained stat -10|2 random stats -10|(random) Get Practice Poor status||Bot::!Randomly either|Mood -3|Last trained stat -10|2 random stats -10|Get Practice Poor status|!or|Energy +10|Get Practice Perfect ○ status,3
inari-one-fields-of-gold,special,extra_training,Extra Training,Top::Energy -5|Last trained stat +5|(random) Heal a negative status effect||Bot::Energy +5,4
inari-one-fields-of-gold,special,at_summer_camp_year_2,At Summer Camp (Year 2),Top::Power +10||Bot::Guts +10,5
inari-one-fields-of-gold,special,fan_letter,Fan Letter,Mood +1|Skill points +30,6
inari-one-fields-of-gold,special,new_year_s_resolutions,New Year's Resolutions,Top::Energy +20||Mid::Skill points +20||Bot::All stats +5,7
inari-one-fields-of-gold,special,new_year_s_shrine_visit,New Year's Shrine Visit,Top::Energy +30||Mid::All stats +5||Bot::Skill points +35,8
inari-one-fields-of-gold,after_race,victory_1st,Victory! (1st),Top::Energy -15|1 random stat +10 / +8 / +5|Skill points +45 / +35 / +30|(random) Hint for a skill related to the race||Bot::!Randomly either|Energy -5|1 random stat +10 / +8 / +5|Skill points +45 / +35 / +30|(random) Hint for a skill related to the race|!or|Energy -20|1 random stat +10 / +8 / +5|Skill points +45 / +35 / +30|(random) Hint for a skill related to the race,1
inari-one-fields-of-gold,after_race,solid_showing_2nd_5th,Solid Showing (2nd-5th),Top::Energy -20|1 random stat +8 / +5 / +3|Skill points +45 / +35 / +30|(random) Hint for a skill related to the race||Bot::!Randomly either|Energy -10|1 random stat +8 / +5 / +3|Skill points +45 / +35 / +30|(random) Hint for a skill related to the race|!or|Energy -30|1 random stat +8 / +5 / +3|Skill points +45 / +35 / +30|(random) Hint for a skill related to the race,2
inari-one-fields-of-gold,after_race,defeat_6th_or_worse,Defeat (6th or worse),Top::Energy -25|1 random stat +4 / +3 / +0|Skill points +25 / +20 / +10|(random) Hint for a skill related to the race||Bot::!Randomly either|Energy -15|1 random stat +4 / +3 / +0|Skill points +25 / +20 / +10|(random) Hint for a skill related to the race|!or|Energy -35|1 random stat +4 / +3 / +0|Skill points +25 / +20 / +10|(random) Hint for a skill related to the race,3
inari-one-fields-of-gold,after_race,etsuko_s_elated_coverage,Etsuko's Elated Coverage,Energy -15|Mood +1|1 random stat +10 / +8 / +5|Skill points +45 / +35 / +30|Fans +500|(random) Hint for a skill related to the race|Etsuko Otonashi bond +15,4
inari-one-fields-of-gold,after_race,etsuko_s_exhaustive_coverage,Etsuko's Exhaustive Coverage,Top::!Randomly either|Energy -25|Mood -1|1 random stat +4 / +3 / +0|Skill points +25 / +20 / +10|Etsuko Otonashi bond -10|!or|Energy -15|Mood +1|1 random stat +4 / +3 / +0|Skill points +25 / +20 / +10|Etsuko Otonashi bond +15||Bot::Energy -20|1 random stat +4 / +3 / +0|Skill points +25 / +20 / +10|Etsuko Otonashi bond +10,5
nakayama-festa-dramatic-turnabout,costume,five_minute_thrill,Five-Minute Thrill,Top::Speed +10|Power +10||Bot::Wit +20,1
nakayama-festa-dramatic-turnabout,costume,from_storyland_to_reality,From Storyland to Reality,Top::Guts +20||Bot::Power +20,2
nakayama-festa-dramatic-turnabout,costume,rolling_the_dice,Rolling the Dice,Top::Speed +20|(random) Get Fast Learner status||Bot::Guts +20|(random) Get Fast Learner status,3
nakayama-festa-dramatic-turnabout,choices,surefire_victory_plan_nakayama_style,"Surefire Victory Plan, Nakayama-Style",Top::Guts +10||Bot::Energy +5|Power +5,1
nakayama-festa-dramatic-turnabout,choices,peers_beyond_the_rail,Peers Beyond the Rail,Top::Power +10||Bot::Wit +5|Skill points +15,2
nakayama-festa-dramatic-turnabout,choices,my_dear_violet,My Dear Violet,Top::Speed +5|Guts +5|Wit +5||Bot::Long Shot ○ hint +1,3
nakayama-festa-dramatic-turnabout,choices,a_silly_game,A Silly Game,Top::Mood +1|Power +20|Guts +20|!Randomly either|Energy -10|Power +10|Guts +10||Bot::Energy +5|Wit +5,4
nakayama-festa-dramatic-turnabout,choices,one_serving_only_the_fleeting_dish,One Serving Only! The Fleeting Dish,Top::Energy +10|Skill points +5||Bot::!Randomly either (~90%)|Energy +30|Skill points +10|!Randomly either (~10%)|Energy +30|Skill points +10|Speed -5|Power +5|Get Slow Metabolism status,5
nakayama-festa-dramatic-turnabout,date,dangerous_back_alley,Dangerous Back Alley,Top::Wit +10||Bot::Power +10,1
nakayama-festa-dramatic-turnabout,date,shaking_catwalk,Shaking Catwalk,Top::Power +10||Bot::Stamina +10,2
nakayama-festa-dramatic-turnabout,date,the_awakened_risk_junkie,The Awakened Risk-Junkie,Top::Guts +10||Bot::Power +10||Mid::Stamina +10,3
nakayama-festa-dramatic-turnabout,date,too_young_for_the_thrill,Too Young for the Thrill,Top::Guts +10||Bot::Speed +10,4
nakayama-festa-dramatic-turnabout,date,seeking_excitement,Seeking Excitement,Top::Stamina +10||Bot::Wit +10,5
nakayama-festa-dramatic-turnabout,secret,the_gold_beyond_the_ship,The Gold Beyond the Ship,conditions::Win the Kikuka Sho (Classic)|Win the Tenno Sho (Spring) (Senior)|Win the Takarazuka Kinen (Senior)|Win the Tenno Sho (Autumn) (Senior)|Win the Japan Cup (Senior)|Win the Arima Kinen (Senior)|Triggers during Late December Senior Year||reward::Speed +30|Stamina +30|Skill points +35|Nimble Navigator hint +1|Be Still hint +1,1
nakayama-festa-dramatic-turnabout,secret,after_the_takarazuka_kinen_loud_and_proud,After the Takarazuka Kinen: Loud and Proud,conditions::Win the Takarazuka Kinen (Senior)||reward::RR|Slick Surge hint +1,2
nakayama-festa-dramatic-turnabout,no_choices,the_howl_from_outside_the_pack,The Howl from Outside the Pack,Wit +5,1
nakayama-festa-dramatic-turnabout,no_choices,the_taste_of_dust_clouds,The Taste of Dust Clouds,Power +5,2
nakayama-festa-dramatic-turnabout,no_choices,if_dawn_doesn_t_come_let_s_go_and_meet_it,"If Dawn Doesn't Come, Let's Go and Meet It",Guts +5,3
nakayama-festa-dramatic-turnabout,no_choices,one_way_hourglass,One-Way Hourglass,Speed +5,4
nakayama-festa-dramatic-turnabout,no_choices,so_very_far_away,So Very Far Away,Stamina +10,5
nakayama-festa-dramatic-turnabout,no_choices,finishing_touches,Finishing Touches,Mood -1|Speed -5,6
nakayama-festa-dramatic-turnabout,no_choices,master_trainer,Master Trainer,Stamina +10|(random) Get Practice Perfect ○ status,7
nakayama-festa-dramatic-turnabout,no_choices,the_endless_road,The Endless Road,All stats +5|Skill points +5,8
nakayama-festa-dramatic-turnabout,no_choices,the_heat_subsides,The Heat Subsides,Mood -1,9
nakayama-festa-dramatic-turnabout,no_choices,the_path_of_destiny,The Path of Destiny,Energy -10|Mood -1,10
nakayama-festa-dramatic-turnabout,no_choices,youth_is_a_spring,Youth Is a Spring,All stats +5|Skill points +30|Mood +2|(random) Get Fast Learner status,11
nakayama-festa-dramatic-turnabout,no_choices,delight_after_disembarking,Delight After Disembarking,Energy +15|Mood -1|Guts -5|!Randomly either|Energy +15|Guts -5|Get Slacker status|!Randomly either|Energy +15|Mood -1|Guts -5|Get Slacker status,12
nakayama-festa-dramatic-turnabout,special,dance_lesson,Dance Lesson,Top::Speed +10||Bot::Power +10,9
nakayama-festa-dramatic-turnabout,special,bonus_at_start,Bonus at start,Skill points +120,1
nakayama-festa-dramatic-turnabout,special,failed_training_get_well_soon,Failed training (Get Well Soon!),Top::Mood -1|Last trained stat -5|(random) Get Practice Poor status||Bot::!Randomly either|Mood -1|Last trained stat -10|(random) Get Practice Poor status|!or|Get Practice Perfect ○ status,2
nakayama-festa-dramatic-turnabout,special,failed_training_don_t_overdo_it,Failed training (Don't Overdo It!),Top::Energy +10|Mood -2|Last trained stat -10|2 random stats -10|(random) Get Practice Poor status||Bot::!Randomly either|Mood -3|Last trained stat -10|2 random stats -10|Get Practice Poor status|!or|Energy +10|Get Practice Perfect ○ status,3
nakayama-festa-dramatic-turnabout,special,extra_training,Extra Training,Top::Energy -5|Last trained stat +5|(random) Heal a negative status effect||Bot::Energy +5,4
nakayama-festa-dramatic-turnabout,special,at_summer_camp_year_2,At Summer Camp (Year 2),Top::Power +10||Bot::Guts +10,5
nakayama-festa-dramatic-turnabout,special,fan_letter,Fan Letter,Mood +1|Skill points +30,6
nakayama-festa-dramatic-turnabout,special,new_year_s_resolutions,New Year's Resolutions,Top::Energy +20||Mid::Skill points +20||Bot::All stats +5,7
nakayama-festa-dramatic-turnabout,special,new_year_s_shrine_visit,New Year's Shrine Visit,Top::Energy +30||Mid::All stats +5||Bot::Skill points +35,8
nakayama-festa-dramatic-turnabout,after_race,victory_1st,Victory! (1st),Top::Energy -15|1 random stat +10 / +8 / +5|Skill points +45 / +35 / +30|(random) Hint for a skill related to the race||Bot::!Randomly either|Energy -5|1 random stat +10 / +8 / +5|Skill points +45 / +35 / +30|(random) Hint for a skill related to the race|!or|Energy -20|1 random stat +10 / +8 / +5|Skill points +45 / +35 / +30|(random) Hint for a skill related to the race,1
nakayama-festa-dramatic-turnabout,after_race,solid_showing_2nd_5th,Solid Showing (2nd-5th),Top::Energy -20|1 random stat +8 / +5 / +3|Skill points +45 / +35 / +30|(random) Hint for a skill related to the race||Bot::!Randomly either|Energy -10|1 random stat +8 / +5 / +3|Skill points +45 / +35 / +30|(random) Hint for a skill related to the race|!or|Energy -30|1 random stat +8 / +5 / +3|Skill points +45 / +35 / +30|(random) Hint for a skill related to the race,2
nakayama-festa-dramatic-turnabout,after_race,defeat_6th_or_worse,Defeat (6th or worse),Top::Energy -25|1 random stat +4 / +3 / +0|Skill points +25 / +20 / +10|(random) Hint for a skill related to the race||Bot::!Randomly either|Energy -15|1 random stat +4 / +3 / +0|Skill points +25 / +20 / +10|(random) Hint for a skill related to the race|!or|Energy -35|1 random stat +4 / +3 / +0|Skill points +25 / +20 / +10|(random) Hint for a skill related to the race,3
nakayama-festa-dramatic-turnabout,after_race,etsuko_s_elated_coverage,Etsuko's Elated Coverage,Energy -15|Mood +1|1 random stat +10 / +8 / +5|Skill points +45 / +35 / +30|Fans +500|(random) Hint for a skill related to the race|Etsuko Otonashi bond +15,4
nakayama-festa-dramatic-turnabout,after_race,etsuko_s_exhaustive_coverage,Etsuko's Exhaustive Coverage,Top::!Randomly either|Energy -25|Mood -1|1 random stat +4 / +3 / +0|Skill points +25 / +20 / +10|Etsuko Otonashi bond -10|!or|Energy -15|Mood +1|1 random stat +4 / +3 / +0|Skill points +25 / +20 / +10|Etsuko Otonashi bond +15||Bot::Energy -20|1 random stat +4 / +3 / +0|Skill points +25 / +20 / +10|Etsuko Otonashi bond +10,5
